20200727141425,OFFICE,0089,MWASHABANI,SWALEHE,IN
20200727141617,FACTORY,0003,ABDUL,KAPERA,IN
20200727141722,FACTORY,0071,LEONARD,NZIGE,IN
20200727142202,FACTORY,0110,SAAD,MGULE,IN
20200727142208,FACTORY,0017,ATHUMANI,MOHAMED,IN
20200727142231,FACTORY,0059,JOSEPH,SHENKOME,IN
20200727142345,FACTORY,0098,PATRICK,ALFRED,OUT
20200727142349,FACTORY,0098,PATRICK,ALFRED,IN
20200727142418,FACTORY,0056,JACOB,BELLA,IN
20200727142516,FACTORY,0112,SALUM,LIKONJOGO,IN
20200727142629,FACTORY,0082,MOHAMED,MSAKA,IN
20200727142646,FACTORY,0010,AGNESS,OCHOLA,IN
20200727142712,OFFICE,0132,ELIWAZA,KONGA,IN
20200727142853,OFFICE,0114,SALUM,SALUM,IN
20200727142909,FACTORY,0067,KULUTHUM,LUSONZO,OUT
20200727142913,FACTORY,0067,KULUTHUM,LUSONZO,IN
20200727143004,FACTORY,0039,FLORA,CHANG'AMIKE,OUT
20200727143009,FACTORY,0031,ELIZABETH,SIBHOT,OUT
20200727143019,FACTORY,0073,MAIMUNA,CHAMWITI,OUT
20200727143025,FACTORY,0067,KULUTHUM,LUSONZO,IN
20200727143035,FACTORY,0035,EVALISTA,MAKUWA,OUT
20200727143041,FACTORY,0065,HADIJA,KAWAMBWA,OUT
20200727143048,FACTORY,0046,HAMNE,MAHANYU,OUT
20200727143054,FACTORY,0090,MWAZANI,MKINDE,IN
20200727143107,FACTORY,0024,DAUDI,ISMAIL,OUT
20200727143114,FACTORY,0106,REHEMA,SIGE,OUT
20200727143121,FACTORY,0036,FATUMA,SULTAN,OUT
20200727143126,FACTORY,0086,MWANAHAMISI,MKALIPA,OUT
20200727143132,FACTORY,0051,HASSAN,SULEIMAN,IN
20200727143138,FACTORY,0041,FRED,MBUNDA,OUT
20200727143144,FACTORY,0063,JUMA,HAMISI,OUT
20200727143150,FACTORY,0022,CHARLES,KIBAVU,OUT
20200727143156,FACTORY,0068,LAMBART,ABELI,OUT
20200727143206,FACTORY,0018,BAKARI,MAULID,IN
20200727143214,FACTORY,0060,JOYCE,MASHELI,OUT
20200727143224,FACTORY,0129,ZAINABU,RIVAVODI,OUT
20200727143232,FACTORY,0001,ABDALLAH,ZAYUMBA,OUT
20200727143239,,0123,VICENT,MBUNGANI,IN
20200727143255,FACTORY,0117,SHOMARI,SONG'E,OUT
20200727143306,,0016,ASHURA,MWENE,IN
20200727143307,FACTORY,0049,HASHIM,JONGO,OUT
20200727143321,FACTORY,0119,SIKUDHANI,MOHAMED,IN
20200727143404,FACTORY,0069,LATIFA,MINTANGA,IN
20200727143429,FACTORY,0015,ASHA,DIKUNGURUMA,IN
20200727143446,FACTORY,0091,MWINYI,KIHAGA,OUT
20200727143507,FACTORY,0127,WINIFRIDA,KIBWANA,OUT
20200727143523,FACTORY,0005,ABDULLATIF,KAWAMBWA,OUT
20200727143538,,094,NEWTON,KULUBI,IN
20200727143626,FACTORY,0055,IMAMU,KIBINDO,OUT
20200727143652,FACTORY,0013,ALLY,SHAWEJI,IN
20200727143717,,0087,MWANAMVUA,JUMAA,OUT
20200727143746,FACTORY,0080,MIRAJI,JANGALU,IN
20200727143823,,0011,AISHA,MBONDE,OUT
20200727143839,FACTORY,0128,YUSUPH,MTAMBO,IN
20200727143846,FACTORY,0025,DAUDI,KIPENGELE,IN
20200727143927,FACTORY,0126,WATENDE,ALLY,IN
20200727144033,OFFICE,0044,HADIJA,KIVINA,OUT
20200727144115,,0053,HERIETH,KAIMKILWA,OUT
20200727144130,OFFICE,0028,DIANA,MASIJA,IN
20200727144140,FACTORY,0084,MRISHO,HAUYESHI,OUT
20200727144250,,0064,KHADIJA,MAKEYA,OUT
20200727144304,,0030,ELIZABETH,HIZZA,OUT
20200727144338,FACTORY,0081,MOHAMED,MOLLI,OUT
20200727144455,,0107,REHEMA,KIZONGO,IN
20200727144632,FACTORY,0100,RAJAB,MMBAGA,OUT
20200727144636,,0096,OCTAVIAN,LUCIAN,IN
20200727144653,FACTORY,0042,GABRIEL,MBEYE,IN
20200727144912,FACTORY,0054,IBRAHIM,BABONYE,OUT
20200727145153,FACTORY,0072,MAGRETH,BANDA,IN
20200727145224,FACTORY,0105,REHEMA,ALMAS,IN
20200727145457,FACTORY,0083,MOSES,ELIAS,OUT
20200727145546,,109,RUDOLF,TAIRO,OUT
20200727150252,,136,PETER,MALLYA,OUT
20200727151220,FACTORY,0021,BETRAM,NTILLA,OUT
20200727152517,OFFICE,0121,UPENDO,ZANI,OUT
20200727153438,OFFICE,0076,ANNA, IRENGO,OUT
20200727160155,,0012,AKIDA,NSEKELA,OUT
20200727161833,OFFICE,0104,RAMADHANI,KASSIM,OUT
20200727162844,OFFICE,0092,NEEMA,LUBAVA,OUT
20200727170031,OFFICE,0124,VICTOR,NGUJI,OUT
20200727170036,OFFICE,0124,VICTOR,NGUJI,OUT
20200727170202,,0088,MWARAMI,KANIKI,OUT
20200727170342,OFFICE,0130,SUDI,UKONDWA,OUT
20200727170602,,111,SAID,RWAMBO,OUT
20200727170654,OFFICE,0048,HAPPY,AKARO,OUT
20200727170814,OFFICE,V001,FLORA,LISANGA,OUT
20200727170945,OFFICE,0142,WILLIAM,USANGA,OUT
20200727171105,OFFICE,0040,FRANK,MARIKI,OUT
20200727171213,OFFICE,0047,HAMZA ,SULTAN,OUT
20200727171220,OFFICE,,PATRICK,ODAWA,OUT
20200727171642,OFFICE,0134,ALFRED,CHISAWILLO,OUT
20200727171821,OFFICE,0099,PRISCA,ALPHONCE,OUT
20200727171840,OFFICE,0020,BENSON,BIMBONA,OUT
20200727171901,FACTORY,0116,SHABANI,NGOGOMI,OUT
20200727172209,,0058,JANETH,SIRIWA,OUT
20200727172305,,0079,MIRAJI,MNGAZIJA,OUT
20200727172611,OFFICE,0074,MARIAM,M'BWAMBO,OUT
20200727173727,OFFICE,00140,MOHAMED,NYANGALIO,OUT
20200727173741,OFFICE,V003,ALLY,ALLY,OUT
20200727173915,OFFICE,0113,SALUM,MALENDA,OUT
20200727174558,,0008,AGNES,MUHINGA,OUT
20200727174936,FACTORY,0045,HAIDARY,KIPUKA,OUT
20200727180235,OFFICE,0133,FIZZA,NJOVU,OUT
20200727180250,OFFICE,0142,WILLIAM,USANGA,OUT
20200727191455,,0016,ASHURA,MWENE,OUT
20200727211132,,0077,MATTO,MSANGI,IN
20200727213942,FACTORY,0029,DUNIA,BOGOZO,IN
20200727213950,FACTORY,0026,DAVID,KINDOLE,IN
20200727215219,FACTORY,0004,ABDULKADIR,JUMA,IN
20200727215403,,0107,REHEMA,KIZONGO,OUT
20200727215442,,094,NEWTON,KULUBI,OUT
20200727215612,FACTORY,0023,CLINTON,MKUDE,IN
20200727215721,OFFICE,0120,THERESIA,MLAWA,IN
20200727215807,FACTORY,0067,KULUTHUM,LUSONZO,OUT
20200727215808,,0137,JANETH,TENDEGA,IN
20200727215808,,0137,JANETH,TENDEGA,IN
20200727215815,FACTORY,0037,FATUMA,MTILILA,OUT
20200727215845,FACTORY,0034,ERICK,TIBALILA,IN
20200727215851,FACTORY,0025,DAUDI,KIPENGELE,OUT
20200727215901,FACTORY,0098,PATRICK,ALFRED,OUT
20200727215907,FACTORY,0089,MWASHABANI,SWALEHE,OUT
20200727215915,FACTORY,0090,MWAZANI,MKINDE,OUT
20200727215921,FACTORY,0061,JUDITH ,PANGRAS,OUT
20200727220004,FACTORY,0114,SALUM,SALUM,OUT
20200727220007,FACTORY,0082,MOHAMED,MSAKA,OUT
20200727220013,FACTORY,0126,WATENDE,ALLY,OUT
20200727220019,FACTORY,0017,ATHUMANI,MOHAMED,OUT
20200727220107,FACTORY,0071,LEONARD,NZIGE,OUT
20200727220114,FACTORY,0080,MIRAJI,JANGALU,OUT
20200727220114,,0122,VERONICA,MZIA,IN
20200727220121,FACTORY,0069,LATIFA,MINTANGA,OUT
20200727220127,FACTORY,0051,HASSAN,SULEIMAN,OUT
20200727220139,FACTORY,0015,ASHA,DIKUNGURUMA,OUT
20200727220145,FACTORY,0119,SIKUDHANI,MOHAMED,OUT
20200727220150,FACTORY,0105,REHEMA,ALMAS,OUT
20200727220157,FACTORY,0115,SHABANI,KIGA,IN
20200727220202,FACTORY,0066,KITAMBALA,KITAMBALA,IN
20200727220209,FACTORY,0056,JACOB,BELLA,OUT
20200727220216,FACTORY,0066,KITAMBALA,KITAMBALA,IN
20200727220244,FACTORY,0112,SALUM,LIKONJOGO,OUT
20200727220249,FACTORY,0059,JOSEPH,SHENKOME,OUT
20200727220257,FACTORY,0018,BAKARI,MAULID,OUT
20200727220305,FACTORY,0110,SAAD,MGULE,OUT
20200727220311,FACTORY,0010,AGNESS,OCHOLA,OUT
20200727220404,,108,ROSE,GRIGORY,IN
20200727220543,,0014,ALLY ,CHANDE,IN
20200727220604,FACTORY,0072,MAGRETH,BANDA,OUT
20200727220612,FACTORY,0057,JACKSON,MDEMU,OUT
20200727220629,,0043,GEORGINA,MILLINGA,OUT
20200727220634,,0096,OCTAVIAN,LUCIAN,OUT
20200727220729,FACTORY,0003,ABDUL,KAPERA,OUT
20200727220806,,0123,VICENT,MBUNGANI,OUT
20200727220809,FACTORY,0013,ALLY,SHAWEJI,OUT
20200727220915,,0118,SIKUDHANI,MGENI,IN
20200727220936,FACTORY,0032,EMMANUEL,MILYANGO,OUT
20200727221147,FACTORY,0128,YUSUPH,MTAMBO,OUT
20200727221253,FACTORY,0042,GABRIEL,MBEYE,OUT
20200727221732,OFFICE,0132,ELIWAZA,KONGA,OUT
20200727221916,OFFICE,0028,DIANA,MASIJA,OUT
20200728061404,,0077,MATTO,MSANGI,OUT
20200728063516,,0087,MWANAMVUA,JUMAA,IN
20200728063714,,0011,AISHA,MBONDE,IN
20200728064258,FACTORY,0129,ZAINABU,RIVAVODI,IN
20200728064306,FACTORY,0041,FRED,MBUNDA,IN
20200728064654,,0030,ELIZABETH,HIZZA,IN
20200728064750,FACTORY,0001,ABDALLAH,ZAYUMBA,IN
20200728064940,,0053,HERIETH,KAIMKILWA,IN
20200728065101,,109,RUDOLF,TAIRO,IN
20200728065515,FACTORY,0065,HADIJA,KAWAMBWA,IN
20200728065521,FACTORY,0036,FATUMA,SULTAN,IN
20200728065628,,136,PETER,MALLYA,IN
20200728065637,,0118,SIKUDHANI,MGENI,OUT
20200728065722,FACTORY,0081,MOHAMED,MOLLI,IN
20200728065740,FACTORY,0117,SHOMARI,SONG'E,IN
20200728065804,FACTORY,0073,MAIMUNA,CHAMWITI,IN
20200728065822,FACTORY,0046,HAMNE,MAHANYU,IN
20200728065823,,108,ROSE,GRIGORY,OUT
20200728065830,FACTORY,085,MWAMINI,OMARY,IN
20200728065851,FACTORY,0055,IMAMU,KIBINDO,IN
20200728065857,FACTORY,0084,MRISHO,HAUYESHI,IN
20200728065911,FACTORY,0022,CHARLES,KIBAVU,IN
20200728065917,,0122,VERONICA,MZIA,OUT
20200728065941,FACTORY,0106,REHEMA,SIGE,IN
20200728065954,,0137,JANETH,TENDEGA,OUT
20200728065954,,0137,JANETH,TENDEGA,OUT
20200728070004,FACTORY,0115,SHABANI,KIGA,OUT
20200728070029,FACTORY,0004,ABDULKADIR,JUMA,OUT
20200728070107,FACTORY,0005,ABDULLATIF,KAWAMBWA,IN
20200728070125,FACTORY,0023,CLINTON,MKUDE,OUT
20200728070337,FACTORY,0029,DUNIA,BOGOZO,OUT
20200728070339,OFFICE,0120,THERESIA,MLAWA,OUT
20200728070343,FACTORY,0116,SHABANI,NGOGOMI,IN
20200728070350,FACTORY,0034,ERICK,TIBALILA,IN
20200728070507,FACTORY,0039,FLORA,CHANG'AMIKE,IN
20200728070526,FACTORY,0091,MWINYI,KIHAGA,IN
20200728070707,FACTORY,0066,KITAMBALA,KITAMBALA,OUT
20200728070729,FACTORY,0068,LAMBART,ABELI,IN
20200728070741,FACTORY,0024,DAUDI,ISMAIL,IN
20200728070938,FACTORY,0031,ELIZABETH,SIBHOT,IN
20200728070951,FACTORY,0026,DAVID,KINDOLE,OUT
20200728071336,OFFICE,0044,HADIJA,KIVINA,IN
20200728071339,FACTORY,0086,MWANAHAMISI,MKALIPA,IN
20200728071354,FACTORY,0083,MOSES,ELIAS,IN
20200728071410,FACTORY,0063,JUMA,HAMISI,IN
20200728071416,,0014,ALLY ,CHANDE,OUT
20200728071653,FACTORY,0100,RAJAB,MMBAGA,IN
20200728072220,OFFICE,0121,UPENDO,ZANI,IN
20200728072322,,0064,KHADIJA,MAKEYA,IN
20200728072327,FACTORY,0021,BETRAM,NTILLA,IN
20200728072911,,0088,MWARAMI,KANIKI,IN
20200728072943,FACTORY,0049,HASHIM,JONGO,IN
20200728073352,FACTORY,0054,IBRAHIM,BABONYE,IN
20200728073944,FACTORY,0127,WINIFRIDA,KIBWANA,IN
20200728074045,,0079,MIRAJI,MNGAZIJA,IN
20200728074539,,111,SAID,RWAMBO,IN
20200728074600,OFFICE,0047,HAMZA ,SULTAN,IN
20200728074605,OFFICE,,PATRICK,ODAWA,IN
20200728074611,OFFICE,0040,FRANK,MARIKI,IN
20200728075025,OFFICE,0050,HASSANI,KUNGURUMA,IN
20200728075649,OFFICE,V003,ALLY,ALLY,IN
20200728075904,OFFICE,0142,WILLIAM,USANGA,IN
20200728080316,OFFICE,0113,SALUM,MALENDA,IN
20200728080355,,0008,AGNES,MUHINGA,IN
20200728080454,,0012,AKIDA,NSEKELA,IN
20200728080556,OFFICE,0099,PRISCA,ALPHONCE,IN
20200728080947,OFFICE,0020,BENSON,BIMBONA,IN
20200728081007,,0058,JANETH,SIRIWA,IN
20200728081025,FACTORY,0045,HAIDARY,KIPUKA,IN
20200728081541,OFFICE,0133,FIZZA,NJOVU,IN
20200728081622,FACTORY,0045,HAIDARY,KIPUKA,IN
20200728081623,OFFICE,00140,MOHAMED,NYANGALIO,IN
20200728081850,OFFICE,0134,ALFRED,CHISAWILLO,IN
20200728082520,OFFICE,0048,HAPPY,AKARO,IN
20200728083207,OFFICE,0124,VICTOR,NGUJI,IN
20200728083213,OFFICE,0124,VICTOR,NGUJI,IN
20200728083243,OFFICE,0092,NEEMA,LUBAVA,IN
20200728090439,OFFICE,0074,MARIAM,M'BWAMBO,IN
20200728091254,OFFICE,0130,SUDI,UKONDWA,IN
20200728102739,OFFICE,0076,ANNA, IRENGO,IN
20200728134612,,0043,GEORGINA,MILLINGA,IN
20200728134612,,0043,GEORGINA,MILLINGA,IN
20200728134920,,0096,OCTAVIAN,LUCIAN,IN
20200728140209,FACTORY,0032,EMMANUEL,MILYANGO,IN
20200728140229,OFFICE,0089,MWASHABANI,SWALEHE,IN
20200728140555,FACTORY,0061,JUDITH ,PANGRAS,IN
20200728140648,,094,NEWTON,KULUBI,IN
20200728140742,FACTORY,0037,FATUMA,MTILILA,IN
20200728141008,FACTORY,0035,EVALISTA,MAKUWA,IN
20200728141215,FACTORY,0126,WATENDE,ALLY,IN
20200728141330,FACTORY,0003,ABDUL,KAPERA,IN
20200728141943,FACTORY,0071,LEONARD,NZIGE,IN
20200728141949,FACTORY,0059,JOSEPH,SHENKOME,IN
20200728141951,,0123,VICENT,MBUNGANI,IN
20200728142513,FACTORY,0015,ASHA,DIKUNGURUMA,IN
20200728142551,FACTORY,0067,KULUTHUM,LUSONZO,IN
20200728142904,OFFICE,0028,DIANA,MASIJA,IN
20200728142910,OFFICE,0132,ELIWAZA,KONGA,IN
20200728143007,FACTORY,0057,JACKSON,MDEMU,IN
20200728143013,FACTORY,0112,SALUM,LIKONJOGO,IN
20200728143018,FACTORY,0039,FLORA,CHANG'AMIKE,OUT
20200728143021,,0016,ASHURA,MWENE,IN
20200728143024,FACTORY,0084,MRISHO,HAUYESHI,OUT
20200728143031,FACTORY,0051,HASSAN,SULEIMAN,IN
20200728143039,FACTORY,0036,FATUMA,SULTAN,OUT
20200728143044,FACTORY,0031,ELIZABETH,SIBHOT,OUT
20200728143052,FACTORY,0068,LAMBART,ABELI,OUT
20200728143059,FACTORY,0110,SAAD,MGULE,IN
20200728143105,FACTORY,0073,MAIMUNA,CHAMWITI,OUT
20200728143111,FACTORY,0046,HAMNE,MAHANYU,OUT
20200728143117,FACTORY,0065,HADIJA,KAWAMBWA,OUT
20200728143127,FACTORY,0041,FRED,MBUNDA,OUT
20200728143132,FACTORY,0090,MWAZANI,MKINDE,IN
20200728143142,FACTORY,0025,DAUDI,KIPENGELE,IN
20200728143205,FACTORY,0106,REHEMA,SIGE,OUT
20200728143217,,0087,MWANAMVUA,JUMAA,OUT
20200728143237,FACTORY,0005,ABDULLATIF,KAWAMBWA,OUT
20200728143257,FACTORY,0022,CHARLES,KIBAVU,OUT
20200728143303,FACTORY,0117,SHOMARI,SONG'E,OUT
20200728143312,,0064,KHADIJA,MAKEYA,OUT
20200728143328,FACTORY,0129,ZAINABU,RIVAVODI,OUT
20200728143337,FACTORY,0086,MWANAHAMISI,MKALIPA,OUT
20200728143351,FACTORY,0098,PATRICK,ALFRED,IN
20200728143402,FACTORY,0024,DAUDI,ISMAIL,OUT
20200728143408,FACTORY,0049,HASHIM,JONGO,OUT
20200728143413,FACTORY,0017,ATHUMANI,MOHAMED,IN
20200728143419,,0053,HERIETH,KAIMKILWA,OUT
20200728143424,FACTORY,0018,BAKARI,MAULID,IN
20200728143432,FACTORY,0063,JUMA,HAMISI,OUT
20200728143507,FACTORY,085,MWAMINI,OMARY,OUT
20200728143522,FACTORY,0127,WINIFRIDA,KIBWANA,OUT
20200728143551,FACTORY,0010,AGNESS,OCHOLA,IN
20200728143654,FACTORY,0069,LATIFA,MINTANGA,IN
20200728143734,FACTORY,0114,SALUM,SALUM,IN
20200728143840,FACTORY,0119,SIKUDHANI,MOHAMED,IN
20200728143851,FACTORY,0105,REHEMA,ALMAS,IN
20200728143919,FACTORY,0081,MOHAMED,MOLLI,OUT
20200728143957,FACTORY,0055,IMAMU,KIBINDO,OUT
20200728144025,FACTORY,0128,YUSUPH,MTAMBO,IN
20200728144132,FACTORY,0001,ABDALLAH,ZAYUMBA,OUT
20200728144139,FACTORY,0091,MWINYI,KIHAGA,OUT
20200728144144,FACTORY,0080,MIRAJI,JANGALU,IN
20200728144200,FACTORY,0056,JACOB,BELLA,IN
20200728144338,,136,PETER,MALLYA,OUT
20200728144400,FACTORY,0054,IBRAHIM,BABONYE,OUT
20200728144554,FACTORY,0013,ALLY,SHAWEJI,IN
20200728144602,,0030,ELIZABETH,HIZZA,OUT
20200728144614,OFFICE,0042,GABRIEL,MBEYE,IN
20200728144821,FACTORY,0083,MOSES,ELIAS,OUT
20200728144850,FACTORY,0082,MOHAMED,MSAKA,IN
20200728144947,FACTORY,0072,MAGRETH,BANDA,IN
20200728145358,FACTORY,0100,RAJAB,MMBAGA,OUT
20200728150103,,0012,AKIDA,NSEKELA,OUT
20200728150213,,0107,REHEMA,KIZONGO,IN
20200728151405,FACTORY,0021,BETRAM,NTILLA,OUT
20200728151946,OFFICE,0121,UPENDO,ZANI,OUT
20200728160655,OFFICE,0076,ANNA, IRENGO,OUT
20200728170129,OFFICE,0044,HADIJA,KIVINA,OUT
20200728170139,,111,SAID,RWAMBO,OUT
20200728170210,,0088,MWARAMI,KANIKI,OUT
20200728170420,OFFICE,,PATRICK,ODAWA,OUT
20200728170519,OFFICE,0040,FRANK,MARIKI,OUT
20200728170741,OFFICE,0092,NEEMA,LUBAVA,OUT
20200728170910,OFFICE,00140,MOHAMED,NYANGALIO,OUT
20200728170953,OFFICE,V001,FLORA,LISANGA,OUT
20200728171044,,0008,AGNES,MUHINGA,OUT
20200728171138,OFFICE,0048,HAPPY,AKARO,OUT
20200728171148,OFFICE,0130,SUDI,UKONDWA,OUT
20200728171154,OFFICE,0099,PRISCA,ALPHONCE,OUT
20200728171228,OFFICE,0047,HAMZA ,SULTAN,OUT
20200728171242,OFFICE,0142,WILLIAM,USANGA,OUT
20200728171250,OFFICE,0113,SALUM,MALENDA,OUT
20200728171332,OFFICE,0133,FIZZA,NJOVU,OUT
20200728171337,FACTORY,0116,SHABANI,NGOGOMI,OUT
20200728171352,FACTORY,0045,HAIDARY,KIPUKA,OUT
20200728172223,OFFICE,0074,MARIAM,M'BWAMBO,OUT
20200728172655,OFFICE,0020,BENSON,BIMBONA,OUT
20200728174017,OFFICE,0134,ALFRED,CHISAWILLO,OUT
20200728181136,,0058,JANETH,SIRIWA,OUT
20200728181209,,0079,MIRAJI,MNGAZIJA,OUT
20200728185012,OFFICE,0050,HASSANI,KUNGURUMA,OUT
20200728201426,FACTORY,0035,EVALISTA,MAKUWA,OUT
20200728211545,,108,ROSE,GRIGORY,IN
20200728214127,,0077,MATTO,MSANGI,IN
20200728214433,FACTORY,0026,DAVID,KINDOLE,IN
20200728214657,FACTORY,0029,DUNIA,BOGOZO,IN
20200728215104,FACTORY,0023,CLINTON,MKUDE,IN
20200728215151,,0107,REHEMA,KIZONGO,OUT
20200728215456,,0118,SIKUDHANI,MGENI,IN
20200728215506,,0122,VERONICA,MZIA,IN
20200728215509,FACTORY,0110,SAAD,MGULE,OUT
20200728215515,FACTORY,0010,AGNESS,OCHOLA,OUT
20200728215522,FACTORY,0067,KULUTHUM,LUSONZO,OUT
20200728215538,FACTORY,0114,SALUM,SALUM,OUT
20200728215632,FACTORY,0037,FATUMA,MTILILA,OUT
20200728215652,FACTORY,0061,JUDITH ,PANGRAS,OUT
20200728215659,,0016,ASHURA,MWENE,OUT
20200728215707,FACTORY,0018,BAKARI,MAULID,OUT
20200728215713,FACTORY,0056,JACOB,BELLA,OUT
20200728215719,FACTORY,0025,DAUDI,KIPENGELE,OUT
20200728215725,FACTORY,0089,MWASHABANI,SWALEHE,OUT
20200728215733,FACTORY,0098,PATRICK,ALFRED,OUT
20200728215806,FACTORY,0066,KITAMBALA,KITAMBALA,IN
20200728215815,FACTORY,0015,ASHA,DIKUNGURUMA,OUT
20200728215825,FACTORY,0126,WATENDE,ALLY,OUT
20200728215833,FACTORY,0090,MWAZANI,MKINDE,OUT
20200728215838,FACTORY,0004,ABDULKADIR,JUMA,IN
20200728215938,OFFICE,0120,THERESIA,MLAWA,IN
20200728215944,,0137,JANETH,TENDEGA,IN
20200728215944,,0137,JANETH,TENDEGA,IN
20200728220003,FACTORY,0082,MOHAMED,MSAKA,OUT
20200728220011,FACTORY,0105,REHEMA,ALMAS,OUT
20200728220019,FACTORY,0119,SIKUDHANI,MOHAMED,OUT
20200728220029,FACTORY,0069,LATIFA,MINTANGA,OUT
20200728220035,FACTORY,0115,SHABANI,KIGA,IN
20200728220044,FACTORY,0132,ELIWAZA,KONGA,OUT
20200728220052,FACTORY,0071,LEONARD,NZIGE,OUT
20200728220059,FACTORY,0013,ALLY,SHAWEJI,OUT
20200728220105,FACTORY,0080,MIRAJI,JANGALU,OUT
20200728220106,,0096,OCTAVIAN,LUCIAN,OUT
20200728220115,FACTORY,0051,HASSAN,SULEIMAN,OUT
20200728220118,,094,NEWTON,KULUBI,OUT
20200728220125,,0123,VICENT,MBUNGANI,OUT
20200728220126,FACTORY,0072,MAGRETH,BANDA,OUT
20200728220144,,0043,GEORGINA,MILLINGA,OUT
20200728220234,FACTORY,0017,ATHUMANI,MOHAMED,OUT
20200728220240,FACTORY,0059,JOSEPH,SHENKOME,OUT
20200728220303,FACTORY,0032,EMMANUEL,MILYANGO,OUT
20200728220315,FACTORY,0112,SALUM,LIKONJOGO,OUT
20200728220330,FACTORY,0128,YUSUPH,MTAMBO,OUT
20200728220352,FACTORY,0034,ERICK,TIBALILA,IN
20200728220424,FACTORY,0057,JACKSON,MDEMU,OUT
20200728220430,FACTORY,0003,ABDUL,KAPERA,OUT
20200728220541,,0014,ALLY ,CHANDE,IN
20200728220857,OFFICE,0028,DIANA,MASIJA,OUT
20200728221729,FACTORY,0042,GABRIEL,MBEYE,OUT
20200729062503,,0077,MATTO,MSANGI,OUT
20200729062623,OFFICE,0044,HADIJA,KIVINA,IN
20200729062658,,0030,ELIZABETH,HIZZA,IN
20200729062900,,0087,MWANAMVUA,JUMAA,IN
20200729064103,FACTORY,0129,ZAINABU,RIVAVODI,IN
20200729064238,FACTORY,0035,EVALISTA,MAKUWA,IN
20200729064257,FACTORY,0065,HADIJA,KAWAMBWA,IN
20200729064409,FACTORY,0065,HADIJA,KAWAMBWA,IN
20200729064418,FACTORY,0041,FRED,MBUNDA,IN
20200729064525,FACTORY,0001,ABDALLAH,ZAYUMBA,IN
20200729064708,FACTORY,0060,JOYCE,MASHELI,IN
20200729065130,,109,RUDOLF,TAIRO,IN
20200729065147,FACTORY,0046,HAMNE,MAHANYU,IN
20200729065251,FACTORY,0100,RAJAB,MMBAGA,IN
20200729065352,FACTORY,0081,MOHAMED,MOLLI,IN
20200729065620,,0011,AISHA,MBONDE,IN
20200729065626,FACTORY,0117,SHOMARI,SONG'E,IN
20200729065716,FACTORY,0022,CHARLES,KIBAVU,IN
20200729065722,FACTORY,0073,MAIMUNA,CHAMWITI,IN
20200729065828,FACTORY,085,MWAMINI,OMARY,IN
20200729065840,FACTORY,0055,IMAMU,KIBINDO,IN
20200729065853,,136,PETER,MALLYA,IN
20200729070058,FACTORY,0036,FATUMA,SULTAN,IN
20200729070131,,0064,KHADIJA,MAKEYA,IN
20200729070235,OFFICE,0120,THERESIA,MLAWA,OUT
20200729070255,FACTORY,0023,CLINTON,MKUDE,OUT
20200729070257,,0053,HERIETH,KAIMKILWA,IN
20200729070316,FACTORY,0083,MOSES,ELIAS,IN
20200729070326,FACTORY,0084,MRISHO,HAUYESHI,IN
20200729070339,,0118,SIKUDHANI,MGENI,OUT
20200729070407,,0122,VERONICA,MZIA,OUT
20200729070730,FACTORY,0091,MWINYI,KIHAGA,IN
20200729070736,FACTORY,0039,FLORA,CHANG'AMIKE,IN
20200729070750,FACTORY,0115,SHABANI,KIGA,OUT
20200729070800,FACTORY,0034,ERICK,TIBALILA,OUT
20200729070841,,108,ROSE,GRIGORY,OUT
20200729071026,,0137,JANETH,TENDEGA,OUT
20200729071026,,0137,JANETH,TENDEGA,OUT
20200729071033,FACTORY,0024,DAUDI,ISMAIL,IN
20200729071038,FACTORY,0116,SHABANI,NGOGOMI,IN
20200729071044,FACTORY,0086,MWANAHAMISI,MKALIPA,IN
20200729071249,FACTORY,0005,ABDULLATIF,KAWAMBWA,IN
20200729071338,OFFICE,0121,UPENDO,ZANI,IN
20200729071341,FACTORY,0063,JUMA,HAMISI,IN
20200729071419,FACTORY,0029,DUNIA,BOGOZO,OUT
20200729071441,FACTORY,0104,RAMADHANI,KASSIM,OUT
20200729071446,FACTORY,0104,RAMADHANI,KASSIM,IN
20200729071540,FACTORY,0031,ELIZABETH,SIBHOT,IN
20200729071605,FACTORY,0054,IBRAHIM,BABONYE,IN
20200729071615,FACTORY,0026,DAVID,KINDOLE,IN
20200729071637,FACTORY,0026,DAVID,KINDOLE,OUT
20200729071738,FACTORY,0021,BETRAM,NTILLA,IN
20200729072211,FACTORY,0066,KITAMBALA,KITAMBALA,OUT
20200729072224,FACTORY,0055,IMAMU,KIBINDO,IN
20200729072304,,0014,ALLY ,CHANDE,OUT
20200729072357,FACTORY,0068,LAMBART,ABELI,IN
20200729074419,OFFICE,V001,FLORA,LISANGA,IN
20200729074656,FACTORY,0099,PRISCA,ALPHONCE,IN
20200729074811,FACTORY,0045,HAIDARY,KIPUKA,IN
20200729075156,,0088,MWARAMI,KANIKI,IN
20200729075238,,111,SAID,RWAMBO,IN
20200729075318,FACTORY,0047,HAMZA ,SULTAN,IN
20200729075441,OFFICE,0142,WILLIAM,USANGA,IN
20200729075518,OFFICE,0049,HASHIM,JONGO,IN
20200729075548,,0058,JANETH,SIRIWA,IN
20200729075832,,0079,MIRAJI,MNGAZIJA,IN
20200729075907,OFFICE,V003,ALLY,ALLY,IN
20200729075914,OFFICE,0113,SALUM,MALENDA,IN
20200729080253,,0008,AGNES,MUHINGA,IN
20200729080554,OFFICE,0133,FIZZA,NJOVU,IN
20200729081016,OFFICE,0020,BENSON,BIMBONA,IN
20200729081028,OFFICE,0048,HAPPY,AKARO,IN
20200729081059,OFFICE,0040,FRANK,MARIKI,IN
20200729081113,OFFICE,,PATRICK,ODAWA,IN
20200729081508,OFFICE,V002,ZAITUNI,SIMBA,IN
20200729082300,OFFICE,0092,NEEMA,LUBAVA,IN
20200729082704,OFFICE,0134,ALFRED,CHISAWILLO,IN
20200729082715,OFFICE,0074,MARIAM,M'BWAMBO,IN
20200729082819,,0012,AKIDA,NSEKELA,IN
20200729083557,OFFICE,0124,VICTOR,NGUJI,IN
20200729083737,OFFICE,0130,SUDI,UKONDWA,IN
20200729092117,OFFICE,00140,MOHAMED,NYANGALIO,IN
20200729092347,OFFICE,0076,ANNA, IRENGO,IN
20200729121731,FACTORY,0054,IBRAHIM,BABONYE,OUT
20200729123809,FACTORY,0091,MWINYI,KIHAGA,OUT
20200729135216,FACTORY,0037,FATUMA,MTILILA,IN
20200729141330,OFFICE,0089,MWASHABANI,SWALEHE,IN
20200729141344,,094,NEWTON,KULUBI,IN
20200729141442,FACTORY,0061,JUDITH ,PANGRAS,IN
20200729141541,,0043,GEORGINA,MILLINGA,IN
20200729141851,FACTORY,0032,EMMANUEL,MILYANGO,IN
20200729141908,FACTORY,0017,ATHUMANI,MOHAMED,IN
20200729141916,FACTORY,0059,JOSEPH,SHENKOME,IN
20200729141941,FACTORY,0003,ABDUL,KAPERA,IN
20200729142026,FACTORY,0057,JACKSON,MDEMU,IN
20200729142108,FACTORY,0025,DAUDI,KIPENGELE,IN
20200729142247,FACTORY,0051,HASSAN,SULEIMAN,IN
20200729142305,OFFICE,0028,DIANA,MASIJA,IN
20200729142316,FACTORY,0126,WATENDE,ALLY,IN
20200729142320,OFFICE,0132,ELIWAZA,KONGA,IN
20200729142325,FACTORY,0119,SIKUDHANI,MOHAMED,IN
20200729142700,FACTORY,0013,ALLY,SHAWEJI,IN
20200729142713,FACTORY,0069,LATIFA,MINTANGA,IN
20200729142726,FACTORY,0112,SALUM,LIKONJOGO,IN
20200729142740,FACTORY,0105,REHEMA,ALMAS,IN
20200729142826,OFFICE,0062,JUMA,MSHAURI,IN
20200729142900,FACTORY,0071,LEONARD,NZIGE,IN
20200729142925,FACTORY,0098,PATRICK,ALFRED,IN
20200729143002,FACTORY,0031,ELIZABETH,SIBHOT,OUT
20200729143009,FACTORY,085,MWAMINI,OMARY,OUT
20200729143016,FACTORY,0041,FRED,MBUNDA,OUT
20200729143021,FACTORY,0060,JOYCE,MASHELI,OUT
20200729143027,FACTORY,0068,LAMBART,ABELI,OUT
20200729143034,FACTORY,0055,IMAMU,KIBINDO,OUT
20200729143039,FACTORY,0039,FLORA,CHANG'AMIKE,OUT
20200729143045,FACTORY,0022,CHARLES,KIBAVU,OUT
20200729143050,FACTORY,0063,JUMA,HAMISI,OUT
20200729143057,FACTORY,0090,MWAZANI,MKINDE,IN
20200729143106,FACTORY,0046,HAMNE,MAHANYU,OUT
20200729143129,FACTORY,0042,GABRIEL,MBEYE,IN
20200729143146,FACTORY,0073,MAIMUNA,CHAMWITI,OUT
20200729143214,FACTORY,0117,SHOMARI,SONG'E,OUT
20200729143220,FACTORY,0015,ASHA,DIKUNGURUMA,IN
20200729143226,FACTORY,0035,EVALISTA,MAKUWA,OUT
20200729143237,,0123,VICENT,MBUNGANI,IN
20200729143240,FACTORY,0065,HADIJA,KAWAMBWA,OUT
20200729143254,FACTORY,0049,HASHIM,JONGO,OUT
20200729143316,FACTORY,0072,MAGRETH,BANDA,IN
20200729143353,FACTORY,0056,JACOB,BELLA,IN
20200729143408,FACTORY,0080,MIRAJI,JANGALU,IN
20200729143414,FACTORY,0001,ABDALLAH,ZAYUMBA,OUT
20200729143430,FACTORY,0129,ZAINABU,RIVAVODI,OUT
20200729143435,FACTORY,0067,KULUTHUM,LUSONZO,IN
20200729143442,FACTORY,0024,DAUDI,ISMAIL,OUT
20200729143501,FACTORY,0036,FATUMA,SULTAN,OUT
20200729143531,FACTORY,0036,FATUMA,SULTAN,OUT
20200729143543,,0087,MWANAMVUA,JUMAA,OUT
20200729143606,FACTORY,0086,MWANAHAMISI,MKALIPA,OUT
20200729143609,,0011,AISHA,MBONDE,OUT
20200729143858,FACTORY,0018,BAKARI,MAULID,IN
20200729143917,FACTORY,0110,SAAD,MGULE,IN
20200729143919,,0030,ELIZABETH,HIZZA,OUT
20200729143932,,0064,KHADIJA,MAKEYA,OUT
20200729143938,,0053,HERIETH,KAIMKILWA,OUT
20200729143954,FACTORY,0128,YUSUPH,MTAMBO,IN
20200729144115,FACTORY,0005,ABDULLATIF,KAWAMBWA,OUT
20200729144138,FACTORY,0083,MOSES,ELIAS,OUT
20200729144144,FACTORY,0010,AGNESS,OCHOLA,IN
20200729144150,FACTORY,0106,REHEMA,SIGE,IN
20200729144341,FACTORY,0081,MOHAMED,MOLLI,OUT
20200729144410,FACTORY,0082,MOHAMED,MSAKA,IN
20200729144449,FACTORY,0084,MRISHO,HAUYESHI,OUT
20200729144549,,0107,REHEMA,KIZONGO,IN
20200729144849,,109,RUDOLF,TAIRO,OUT
20200729144935,FACTORY,0100,RAJAB,MMBAGA,OUT
20200729145646,,0096,OCTAVIAN,LUCIAN,IN
20200729151220,FACTORY,0021,BETRAM,NTILLA,OUT
20200729151820,OFFICE,0121,UPENDO,ZANI,OUT
20200729153157,OFFICE,0092,NEEMA,LUBAVA,OUT
20200729153847,,0012,AKIDA,NSEKELA,OUT
20200729164132,OFFICE,0076,ANNA, IRENGO,OUT
20200729165930,OFFICE,0124,VICTOR,NGUJI,OUT
20200729165938,OFFICE,0124,VICTOR,NGUJI,OUT
20200729170211,OFFICE,0040,FRANK,MARIKI,OUT
20200729170222,OFFICE,,PATRICK,ODAWA,OUT
20200729170422,,0079,MIRAJI,MNGAZIJA,OUT
20200729170431,OFFICE,0047,HAMZA ,SULTAN,OUT
20200729170636,OFFICE,0048,HAPPY,AKARO,OUT
20200729171040,FACTORY,0116,SHABANI,NGOGOMI,OUT
20200729171521,,136,PETER,MALLYA,OUT
20200729171743,,0058,JANETH,SIRIWA,OUT
20200729171936,,0058,JANETH,SIRIWA,OUT
20200729172539,OFFICE,0134,ALFRED,CHISAWILLO,OUT
20200729172945,,136,PETER,MALLYA,OUT
20200729173337,OFFICE,0044,HADIJA,KIVINA,OUT
20200729173924,,0008,AGNES,MUHINGA,OUT
20200729175003,OFFICE,0130,SUDI,UKONDWA,OUT
20200729175022,OFFICE,0020,BENSON,BIMBONA,OUT
20200729180811,OFFICE,0074,MARIAM,M'BWAMBO,OUT
20200729182233,,111,SAID,RWAMBO,OUT
20200729182331,,0088,MWARAMI,KANIKI,OUT
20200729182712,OFFICE,0133,FIZZA,NJOVU,OUT
20200729185542,OFFICE,V002,ZAITUNI,SIMBA,OUT
20200729185625,FACTORY,0099,PRISCA,ALPHONCE,OUT
20200729190005,OFFICE,0050,HASSANI,KUNGURUMA,OUT
20200729193636,OFFICE,00140,MOHAMED,NYANGALIO,OUT
20200729193935,FACTORY,0045,HAIDARY,KIPUKA,OUT
20200729194110,OFFICE,0113,SALUM,MALENDA,OUT
20200729194307,OFFICE,0142,WILLIAM,USANGA,OUT
20200729210029,FACTORY,0106,REHEMA,SIGE,OUT
20200729214100,,0077,MATTO,MSANGI,IN
20200729214951,FACTORY,0115,SHABANI,KIGA,IN
20200729215025,FACTORY,0037,FATUMA,MTILILA,OUT
20200729215219,,094,NEWTON,KULUBI,OUT
20200729215347,FACTORY,0029,DUNIA,BOGOZO,IN
20200729215458,FACTORY,0089,MWASHABANI,SWALEHE,OUT
20200729215501,,0122,VERONICA,MZIA,IN
20200729215506,FACTORY,0004,ABDULKADIR,JUMA,IN
20200729215530,FACTORY,0026,DAVID,KINDOLE,IN
20200729215625,,108,ROSE,GRIGORY,IN
20200729215635,FACTORY,0067,KULUTHUM,LUSONZO,OUT
20200729215652,FACTORY,0061,JUDITH ,PANGRAS,OUT
20200729215657,FACTORY,0023,CLINTON,MKUDE,IN
20200729215704,FACTORY,0062,JUMA,MSHAURI,OUT
20200729215712,FACTORY,0110,SAAD,MGULE,OUT
20200729215717,FACTORY,0025,DAUDI,KIPENGELE,OUT
20200729215729,,0107,REHEMA,KIZONGO,OUT
20200729215739,FACTORY,0056,JACOB,BELLA,OUT
20200729215745,FACTORY,0018,BAKARI,MAULID,OUT
20200729215751,FACTORY,0010,AGNESS,OCHOLA,OUT
20200729215803,FACTORY,0017,ATHUMANI,MOHAMED,OUT
20200729215810,FACTORY,0098,PATRICK,ALFRED,OUT
20200729215816,FACTORY,0105,REHEMA,ALMAS,OUT
20200729215818,OFFICE,0120,THERESIA,MLAWA,IN
20200729215824,FACTORY,0059,JOSEPH,SHENKOME,OUT
20200729215922,FACTORY,0034,ERICK,TIBALILA,IN
20200729220002,FACTORY,0119,SIKUDHANI,MOHAMED,OUT
20200729220010,FACTORY,0015,ASHA,DIKUNGURUMA,OUT
20200729220031,FACTORY,0069,LATIFA,MINTANGA,OUT
20200729220039,FACTORY,0071,LEONARD,NZIGE,OUT
20200729220057,FACTORY,0128,YUSUPH,MTAMBO,OUT
20200729220107,FACTORY,0082,MOHAMED,MSAKA,OUT
20200729220125,FACTORY,0090,MWAZANI,MKINDE,OUT
20200729220132,,0137,JANETH,TENDEGA,IN
20200729220132,,0137,JANETH,TENDEGA,IN
20200729220143,,0096,OCTAVIAN,LUCIAN,OUT
20200729220153,FACTORY,0080,MIRAJI,JANGALU,OUT
20200729220209,FACTORY,0126,WATENDE,ALLY,OUT
20200729220216,FACTORY,0132,ELIWAZA,KONGA,OUT
20200729220225,FACTORY,0003,ABDUL,KAPERA,OUT
20200729220239,FACTORY,0051,HASSAN,SULEIMAN,OUT
20200729220340,,0123,VICENT,MBUNGANI,OUT
20200729220358,,0043,GEORGINA,MILLINGA,OUT
20200729220409,FACTORY,0057,JACKSON,MDEMU,OUT
20200729220415,FACTORY,0013,ALLY,SHAWEJI,OUT
20200729220506,,0118,SIKUDHANI,MGENI,IN
20200729220523,FACTORY,0112,SALUM,LIKONJOGO,OUT
20200729220602,FACTORY,0072,MAGRETH,BANDA,OUT
20200729220620,FACTORY,0066,KITAMBALA,KITAMBALA,IN
20200729220639,FACTORY,0032,EMMANUEL,MILYANGO,OUT
20200729221258,FACTORY,0042,GABRIEL,MBEYE,OUT
20200729222102,,0014,ALLY ,CHANDE,IN
20200729223519,OFFICE,0028,DIANA,MASIJA,OUT
20200730061240,,0077,MATTO,MSANGI,OUT
20200730062514,FACTORY,0065,HADIJA,KAWAMBWA,IN
20200730063159,FACTORY,0001,ABDALLAH,ZAYUMBA,IN
20200730063625,OFFICE,0044,HADIJA,KIVINA,IN
20200730064012,FACTORY,0046,HAMNE,MAHANYU,IN
20200730064250,FACTORY,0041,FRED,MBUNDA,IN
20200730064314,FACTORY,0129,ZAINABU,RIVAVODI,IN
20200730064401,FACTORY,0035,EVALISTA,MAKUWA,IN
20200730064407,FACTORY,0106,REHEMA,SIGE,IN
20200730064524,FACTORY,0116,SHABANI,NGOGOMI,IN
20200730064824,FACTORY,0060,JOYCE,MASHELI,IN
20200730065001,FACTORY,0089,MWASHABANI,SWALEHE,IN
20200730065312,,0011,AISHA,MBONDE,IN
20200730065323,,109,RUDOLF,TAIRO,IN
20200730065414,,0118,SIKUDHANI,MGENI,OUT
20200730065432,,0053,HERIETH,KAIMKILWA,IN
20200730065524,,136,PETER,MALLYA,IN
20200730065627,FACTORY,0117,SHOMARI,SONG'E,IN
20200730065643,FACTORY,0041,FRED,MBUNDA,IN
20200730065654,FACTORY,0101,RAJABU,RAJABU,IN
20200730065725,FACTORY,0073,MAIMUNA,CHAMWITI,IN
20200730065809,FACTORY,0004,ABDULKADIR,JUMA,OUT
20200730065835,FACTORY,085,MWAMINI,OMARY,IN
20200730070006,FACTORY,0115,SHABANI,KIGA,OUT
20200730070015,FACTORY,0055,IMAMU,KIBINDO,IN
20200730070016,,108,ROSE,GRIGORY,OUT
20200730070023,,0137,JANETH,TENDEGA,OUT
20200730070023,,0137,JANETH,TENDEGA,OUT
20200730070052,FACTORY,0034,ERICK,TIBALILA,IN
20200730070204,OFFICE,0120,THERESIA,MLAWA,OUT
20200730070246,FACTORY,0091,MWINYI,KIHAGA,IN
20200730070350,,0122,VERONICA,MZIA,OUT
20200730070436,FACTORY,0039,FLORA,CHANG'AMIKE,IN
20200730070531,FACTORY,0005,ABDULLATIF,KAWAMBWA,IN
20200730070538,,0064,KHADIJA,MAKEYA,IN
20200730070550,FACTORY,0023,CLINTON,MKUDE,OUT
20200730070603,,0014,ALLY ,CHANDE,OUT
20200730070625,FACTORY,0022,CHARLES,KIBAVU,IN
20200730070658,OFFICE,0063,JUMA,HAMISI,IN
20200730070719,FACTORY,0086,MWANAHAMISI,MKALIPA,IN
20200730070732,OFFICE,0031,ELIZABETH,SIBHOT,IN
20200730070754,FACTORY,0029,DUNIA,BOGOZO,OUT
20200730070833,OFFICE,0092,NEEMA,LUBAVA,IN
20200730070839,OFFICE,0103,RAMADHANI,MNGAZIJA,IN
20200730070935,FACTORY,0026,DAVID,KINDOLE,OUT
20200730071056,FACTORY,0036,FATUMA,SULTAN,IN
20200730071243,FACTORY,0066,KITAMBALA,KITAMBALA,OUT
20200730071452,FACTORY,0084,MRISHO,HAUYESHI,IN
20200730071507,FACTORY,0068,LAMBART,ABELI,IN
20200730071519,FACTORY,0083,MOSES,ELIAS,IN
20200730071618,OFFICE,0121,UPENDO,ZANI,IN
20200730071710,FACTORY,0081,MOHAMED,MOLLI,IN
20200730072119,OFFICE,0104,RAMADHANI,KASSIM,IN
20200730072249,OFFICE,0021,BETRAM,NTILLA,IN
20200730072250,FACTORY,0127,WINIFRIDA,KIBWANA,IN
20200730072628,FACTORY,0024,DAUDI,ISMAIL,IN
20200730073328,FACTORY,0100,RAJAB,MMBAGA,IN
20200730073445,FACTORY,0045,HAIDARY,KIPUKA,IN
20200730073542,OFFICE,0054,IBRAHIM,BABONYE,IN
20200730074333,,0058,JANETH,SIRIWA,IN
20200730074344,,111,SAID,RWAMBO,IN
20200730074600,,0088,MWARAMI,KANIKI,IN
20200730074929,,0079,MIRAJI,MNGAZIJA,IN
20200730075317,,0087,MWANAMVUA,JUMAA,IN
20200730075427,OFFICE,0049,HASHIM,JONGO,IN
20200730075549,OFFICE,0142,WILLIAM,USANGA,IN
20200730075911,OFFICE,0050,HASSANI,KUNGURUMA,IN
20200730075918,OFFICE,V003,ALLY,ALLY,IN
20200730080149,OFFICE,V002,ZAITUNI,SIMBA,IN
20200730080434,OFFICE,0113,SALUM,MALENDA,IN
20200730080505,OFFICE,00140,MOHAMED,NYANGALIO,IN
20200730080600,OFFICE,0020,BENSON,BIMBONA,IN
20200730080656,,0008,AGNES,MUHINGA,IN
20200730080955,OFFICE,0134,ALFRED,CHISAWILLO,IN
20200730081049,OFFICE,0099,PRISCA,ALPHONCE,IN
20200730081146,,0012,AKIDA,NSEKELA,IN
20200730081225,OFFICE,0048,HAPPY,AKARO,IN
20200730081242,OFFICE,0133,FIZZA,NJOVU,IN
20200730081514,OFFICE,0019,BEATRICE,MALLE,IN
20200730081837,OFFICE,0040,FRANK,MARIKI,IN
20200730081846,OFFICE,,PATRICK,ODAWA,IN
20200730082150,OFFICE,0130,SUDI,UKONDWA,IN
20200730082554,OFFICE,0074,MARIAM,M'BWAMBO,IN
20200730083927,OFFICE,0047,HAMZA ,SULTAN,IN
20200730133725,,0076,ANNA, IRENGO,IN
20200730134559,,0096,OCTAVIAN,LUCIAN,IN
20200730140154,FACTORY,0003,ABDUL,KAPERA,IN
20200730140335,,0076,ANNA, IRENGO,OUT
20200730140647,FACTORY,0032,EMMANUEL,MILYANGO,IN
20200730140951,FACTORY,0067,KULUTHUM,LUSONZO,IN
20200730141731,FACTORY,0059,JOSEPH,SHENKOME,IN
20200730141901,,094,NEWTON,KULUBI,IN
20200730141924,FACTORY,0056,JACOB,BELLA,IN
20200730142005,FACTORY,0017,ATHUMANI,MOHAMED,IN
20200730142208,FACTORY,0119,SIKUDHANI,MOHAMED,IN
20200730142243,,0043,GEORGINA,MILLINGA,IN
20200730142245,FACTORY,0061,JUDITH ,PANGRAS,IN
20200730142253,FACTORY,0071,LEONARD,NZIGE,IN
20200730142424,FACTORY,0069,LATIFA,MINTANGA,IN
20200730142437,OFFICE,0010,AGNESS,OCHOLA,IN
20200730142654,FACTORY,0128,YUSUPH,MTAMBO,IN
20200730142742,FACTORY,0098,PATRICK,ALFRED,IN
20200730142908,FACTORY,0112,SALUM,LIKONJOGO,IN
20200730142959,FACTORY,0090,MWAZANI,MKINDE,IN
20200730143006,FACTORY,0031,ELIZABETH,SIBHOT,OUT
20200730143012,FACTORY,0089,MWASHABANI,SWALEHE,OUT
20200730143019,FACTORY,0051,HASSAN,SULEIMAN,IN
20200730143055,FACTORY,0110,SAAD,MGULE,IN
20200730143102,FACTORY,0039,FLORA,CHANG'AMIKE,OUT
20200730143109,FACTORY,0041,FRED,MBUNDA,OUT
20200730143127,FACTORY,0065,HADIJA,KAWAMBWA,OUT
20200730143133,FACTORY,0073,MAIMUNA,CHAMWITI,OUT
20200730143140,FACTORY,0046,HAMNE,MAHANYU,OUT
20200730143147,FACTORY,0106,REHEMA,SIGE,OUT
20200730143153,FACTORY,0035,EVALISTA,MAKUWA,OUT
20200730143200,FACTORY,0129,ZAINABU,RIVAVODI,OUT
20200730143209,FACTORY,0060,JOYCE,MASHELI,OUT
20200730143215,FACTORY,0086,MWANAHAMISI,MKALIPA,OUT
20200730143220,FACTORY,0063,JUMA,HAMISI,OUT
20200730143229,FACTORY,0036,FATUMA,SULTAN,OUT
20200730143234,FACTORY,0022,CHARLES,KIBAVU,OUT
20200730143242,,0087,MWANAMVUA,JUMAA,OUT
20200730143256,FACTORY,0049,HASHIM,JONGO,OUT
20200730143302,FACTORY,0068,LAMBART,ABELI,OUT
20200730143312,OFFICE,0114,SALUM,SALUM,IN
20200730143313,FACTORY,0127,WINIFRIDA,KIBWANA,OUT
20200730143320,FACTORY,085,MWAMINI,OMARY,OUT
20200730143329,FACTORY,0001,ABDALLAH,ZAYUMBA,OUT
20200730143330,OFFICE,0062,JUMA,MSHAURI,IN
20200730143336,FACTORY,0024,DAUDI,ISMAIL,OUT
20200730143402,,0053,HERIETH,KAIMKILWA,OUT
20200730143413,FACTORY,0015,ASHA,DIKUNGURUMA,IN
20200730143437,,0011,AISHA,MBONDE,OUT
20200730143451,FACTORY,0082,MOHAMED,MSAKA,IN
20200730143633,FACTORY,0105,REHEMA,ALMAS,IN
20200730143641,FACTORY,0025,DAUDI,KIPENGELE,IN
20200730143709,FACTORY,0117,SHOMARI,SONG'E,OUT
20200730143728,FACTORY,0005,ABDULLATIF,KAWAMBWA,OUT
20200730143745,FACTORY,0126,WATENDE,ALLY,IN
20200730143824,,0064,KHADIJA,MAKEYA,OUT
20200730143842,FACTORY,0055,IMAMU,KIBINDO,OUT
20200730143850,FACTORY,0013,ALLY,SHAWEJI,IN
20200730143855,FACTORY,0084,MRISHO,HAUYESHI,OUT
20200730143920,FACTORY,0042,GABRIEL,MBEYE,IN
20200730143922,OFFICE,0028,DIANA,MASIJA,IN
20200730143952,FACTORY,0091,MWINYI,KIHAGA,OUT
20200730144308,FACTORY,0101,RAJABU,RAJABU,OUT
20200730144325,FACTORY,0101,RAJABU,RAJABU,OUT
20200730144428,FACTORY,0081,MOHAMED,MOLLI,OUT
20200730144453,OFFICE,0132,ELIWAZA,KONGA,IN
20200730144529,FACTORY,0083,MOSES,ELIAS,OUT
20200730144529,OFFICE,0054,IBRAHIM,BABONYE,OUT
20200730144737,,109,RUDOLF,TAIRO,OUT
20200730144808,,136,PETER,MALLYA,OUT
20200730145258,FACTORY,0100,RAJAB,MMBAGA,OUT
20200730145758,FACTORY,0072,MAGRETH,BANDA,IN
20200730150129,,0107,REHEMA,KIZONGO,IN
20200730150243,FACTORY,0021,BETRAM,NTILLA,OUT
20200730150250,OFFICE,0018,BAKARI,MAULID,IN
20200730150443,FACTORY,0080,MIRAJI,JANGALU,IN
20200730150810,,0016,ASHURA,MWENE,IN
20200730151720,FACTORY,0037,FATUMA,MTILILA,IN
20200730151820,OFFICE,0121,UPENDO,ZANI,OUT
20200730152557,,0012,AKIDA,NSEKELA,OUT
20200730170353,,0079,MIRAJI,MNGAZIJA,OUT
20200730170359,OFFICE,0130,SUDI,UKONDWA,OUT
20200730170404,,111,SAID,RWAMBO,OUT
20200730170457,OFFICE,0134,ALFRED,CHISAWILLO,OUT
20200730170514,,0088,MWARAMI,KANIKI,OUT
20200730170623,OFFICE,0099,PRISCA,ALPHONCE,OUT
20200730170722,OFFICE,0047,HAMZA ,SULTAN,OUT
20200730170802,FACTORY,0116,SHABANI,NGOGOMI,OUT
20200730171039,OFFICE,0044,HADIJA,KIVINA,OUT
20200730171658,OFFICE,V001,FLORA,LISANGA,OUT
20200730171738,OFFICE,00140,MOHAMED,NYANGALIO,OUT
20200730172014,OFFICE,0020,BENSON,BIMBONA,OUT
20200730172206,OFFICE,0048,HAPPY,AKARO,OUT
20200730172354,OFFICE,0040,FRANK,MARIKI,OUT
20200730172413,OFFICE,,PATRICK,ODAWA,OUT
20200730172702,OFFICE,0113,SALUM,MALENDA,OUT
20200730172725,,0058,JANETH,SIRIWA,OUT
20200730173512,,0008,AGNES,MUHINGA,OUT
20200730173925,OFFICE,0142,WILLIAM,USANGA,OUT
20200730173937,OFFICE,0074,MARIAM,M'BWAMBO,OUT
20200730174819,OFFICE,0019,BEATRICE,MALLE,OUT
20200730184207,OFFICE,0092,NEEMA,LUBAVA,OUT
20200730191415,OFFICE,0133,FIZZA,NJOVU,OUT
20200730191814,OFFICE,V002,ZAITUNI,SIMBA,OUT
20200730192918,FACTORY,0045,HAIDARY,KIPUKA,OUT
20200730195931,FACTORY,0013,ALLY,SHAWEJI,OUT
20200730202152,FACTORY,0010,AGNESS,OCHOLA,OUT
20200730203137,FACTORY,0110,SAAD,MGULE,OUT
20200730203806,FACTORY,0119,SIKUDHANI,MOHAMED,OUT
20200730204049,FACTORY,0114,SALUM,SALUM,OUT
20200730210120,FACTORY,0061,JUDITH ,PANGRAS,OUT
20200730210400,,0096,OCTAVIAN,LUCIAN,OUT
20200730210757,FACTORY,0126,WATENDE,ALLY,OUT
20200730211103,FACTORY,0018,BAKARI,MAULID,OUT
20200730212430,FACTORY,0037,FATUMA,MTILILA,OUT
20200730213646,OFFICE,0028,DIANA,MASIJA,OUT
20200730214013,FACTORY,0025,DAUDI,KIPENGELE,OUT
20200730214021,FACTORY,0056,JACOB,BELLA,OUT
20200730214045,FACTORY,0090,MWAZANI,MKINDE,OUT
20200730214105,FACTORY,0017,ATHUMANI,MOHAMED,OUT
20200730214142,,0077,MATTO,MSANGI,OUT
20200730214151,,0077,MATTO,MSANGI,IN
20200730214227,FACTORY,0059,JOSEPH,SHENKOME,OUT
20200730214258,FACTORY,0082,MOHAMED,MSAKA,OUT
20200730214411,FACTORY,0128,YUSUPH,MTAMBO,OUT
20200730214421,FACTORY,0026,DAVID,KINDOLE,IN
20200730214429,FACTORY,0029,DUNIA,BOGOZO,IN
20200730214706,FACTORY,0072,MAGRETH,BANDA,OUT
20200730214746,FACTORY,0067,KULUTHUM,LUSONZO,OUT
20200730214828,FACTORY,0112,SALUM,LIKONJOGO,OUT
20200730214836,FACTORY,0105,REHEMA,ALMAS,OUT
20200730214903,FACTORY,0098,PATRICK,ALFRED,OUT
20200730214912,FACTORY,0080,MIRAJI,JANGALU,OUT
20200730215006,FACTORY,0069,LATIFA,MINTANGA,OUT
20200730215015,,0122,VERONICA,MZIA,IN
20200730215114,,0016,ASHURA,MWENE,OUT
20200730215120,FACTORY,0015,ASHA,DIKUNGURUMA,OUT
20200730215214,FACTORY,0004,ABDULKADIR,JUMA,IN
20200730215313,FACTORY,0051,HASSAN,SULEIMAN,OUT
20200730215419,OFFICE,0120,THERESIA,MLAWA,IN
20200730215531,,108,ROSE,GRIGORY,OUT
20200730215734,,0107,REHEMA,KIZONGO,OUT
20200730215840,FACTORY,0057,JACKSON,MDEMU,OUT
20200730215941,,0014,ALLY ,CHANDE,IN
20200730220005,FACTORY,0071,LEONARD,NZIGE,OUT
20200730220012,FACTORY,0003,ABDUL,KAPERA,OUT
20200730220018,FACTORY,0062,JUMA,MSHAURI,OUT
20200730220111,FACTORY,0032,EMMANUEL,MILYANGO,OUT
20200730220219,FACTORY,0132,ELIWAZA,KONGA,OUT
20200730220248,FACTORY,0042,GABRIEL,MBEYE,OUT
20200730220333,,0043,GEORGINA,MILLINGA,OUT
20200730220602,,094,NEWTON,KULUBI,OUT
20200730220650,FACTORY,0115,SHABANI,KIGA,IN
20200730220734,FACTORY,0034,ERICK,TIBALILA,IN
20200730220831,,0118,SIKUDHANI,MGENI,IN
20200730221027,FACTORY,0066,KITAMBALA,KITAMBALA,IN
20200730222647,FACTORY,0023,CLINTON,MKUDE,IN
20200730223605,,0137,JANETH,TENDEGA,IN
20200730223605,,0137,JANETH,TENDEGA,IN
20200731060910,FACTORY,0004,ABDULKADIR,JUMA,OUT
20200731061851,,0077,MATTO,MSANGI,OUT
20200731061857,,0077,MATTO,MSANGI,IN
20200731064116,FACTORY,0046,HAMNE,MAHANYU,IN
20200731064125,FACTORY,0046,HAMNE,MAHANYU,IN
20200731064136,FACTORY,0041,FRED,MBUNDA,IN
20200731064740,FACTORY,0090,MWAZANI,MKINDE,IN
20200731065003,FACTORY,0115,SHABANI,KIGA,OUT
20200731065010,FACTORY,0034,ERICK,TIBALILA,OUT
20200731065052,FACTORY,0023,CLINTON,MKUDE,OUT
20200731065102,FACTORY,0029,DUNIA,BOGOZO,OUT
20200731065113,FACTORY,0066,KITAMBALA,KITAMBALA,OUT
20200731065123,FACTORY,0026,DAVID,KINDOLE,OUT
20200731065228,FACTORY,0089,MWASHABANI,SWALEHE,IN
20200731065321,FACTORY,0112,SALUM,LIKONJOGO,IN
20200731065400,FACTORY,0035,EVALISTA,MAKUWA,IN
20200731065451,FACTORY,0065,HADIJA,KAWAMBWA,IN
20200731065503,FACTORY,0065,HADIJA,KAWAMBWA,IN
20200731065512,FACTORY,0126,WATENDE,ALLY,IN
20200731065523,FACTORY,0072,MAGRETH,BANDA,IN
20200731065557,FACTORY,0106,REHEMA,SIGE,IN
20200731065650,FACTORY,0073,MAIMUNA,CHAMWITI,IN
20200731065738,FACTORY,0022,CHARLES,KIBAVU,IN
20200731065750,,0118,SIKUDHANI,MGENI,OUT
20200731065905,,108,ROSE,GRIGORY,OUT
20200731065918,FACTORY,0061,JUDITH ,PANGRAS,IN
20200731065925,FACTORY,0060,JOYCE,MASHELI,IN
20200731070158,OFFICE,0120,THERESIA,MLAWA,OUT
20200731070411,,0122,VERONICA,MZIA,OUT
20200731070514,FACTORY,0015,ASHA,DIKUNGURUMA,IN
20200731070754,FACTORY,0005,ABDULLATIF,KAWAMBWA,IN
20200731070946,FACTORY,0117,SHOMARI,SONG'E,IN
20200731071059,FACTORY,0024,DAUDI,ISMAIL,IN
20200731071104,FACTORY,0068,LAMBART,ABELI,IN
20200731071458,FACTORY,0031,ELIZABETH,SIBHOT,IN
20200731071700,,0137,JANETH,TENDEGA,OUT
20200731071700,,0137,JANETH,TENDEGA,OUT
20200731071743,,0014,ALLY ,CHANDE,OUT
20200731071843,FACTORY,0080,MIRAJI,JANGALU,IN
20200731071927,FACTORY,0018,BAKARI,MAULID,IN
20200731072053,FACTORY,0129,ZAINABU,RIVAVODI,IN
20200731072255,FACTORY,0086,MWANAHAMISI,MKALIPA,IN
20200731072544,FACTORY,0063,JUMA,HAMISI,IN
20200731074527,FACTORY,0132,ELIWAZA,KONGA,IN
20200731075652,FACTORY,0110,SAAD,MGULE,IN
20200731082033,FACTORY,0128,YUSUPH,MTAMBO,IN
20200731143006,FACTORY,0073,MAIMUNA,CHAMWITI,OUT
20200731143013,FACTORY,0089,MWASHABANI,SWALEHE,OUT
20200731143020,FACTORY,0090,MWAZANI,MKINDE,OUT
20200731143055,FACTORY,0035,EVALISTA,MAKUWA,OUT
20200731143157,FACTORY,0022,CHARLES,KIBAVU,OUT
20200731143230,FACTORY,0129,ZAINABU,RIVAVODI,OUT
20200731143247,FACTORY,0041,FRED,MBUNDA,OUT
20200731143335,FACTORY,0031,ELIZABETH,SIBHOT,OUT
20200731143400,FACTORY,0018,BAKARI,MAULID,OUT
20200731143413,FACTORY,0024,DAUDI,ISMAIL,OUT
20200731143427,FACTORY,0061,JUDITH ,PANGRAS,OUT
20200731143446,FACTORY,0061,JUDITH ,PANGRAS,OUT
20200731143453,FACTORY,0117,SHOMARI,SONG'E,OUT
20200731143459,FACTORY,0063,JUMA,HAMISI,OUT
20200731143505,FACTORY,0060,JOYCE,MASHELI,OUT
20200731143512,FACTORY,0046,HAMNE,MAHANYU,OUT
20200731143523,FACTORY,0072,MAGRETH,BANDA,OUT
20200731143603,FACTORY,0126,WATENDE,ALLY,OUT
20200731143609,FACTORY,0015,ASHA,DIKUNGURUMA,OUT
20200731143619,FACTORY,0065,HADIJA,KAWAMBWA,OUT
20200731143704,FACTORY,0106,REHEMA,SIGE,OUT
20200731143709,FACTORY,0005,ABDULLATIF,KAWAMBWA,OUT
20200731143719,FACTORY,0080,MIRAJI,JANGALU,OUT
20200731143727,FACTORY,0112,SALUM,LIKONJOGO,OUT
20200731143737,FACTORY,0065,HADIJA,KAWAMBWA,OUT
20200731143746,FACTORY,0128,YUSUPH,MTAMBO,OUT
20200731143813,FACTORY,0068,LAMBART,ABELI,OUT
20200731143934,FACTORY,0086,MWANAHAMISI,MKALIPA,OUT
20200731144725,FACTORY,0132,ELIWAZA,KONGA,OUT
20200801063743,,0087,MWANAMVUA,JUMAA,IN
20200801064800,,0053,HERIETH,KAIMKILWA,IN
20200801065015,FACTORY,0041,FRED,MBUNDA,IN
20200801065104,,0030,ELIZABETH,HIZZA,IN
20200801065112,FACTORY,0065,HADIJA,KAWAMBWA,IN
20200801065122,FACTORY,0090,MWAZANI,MKINDE,IN
20200801065152,FACTORY,0106,REHEMA,SIGE,IN
20200801065213,FACTORY,0001,ABDALLAH,ZAYUMBA,IN
20200801065524,FACTORY,0046,HAMNE,MAHANYU,IN
20200801065551,FACTORY,0084,MRISHO,HAUYESHI,IN
20200801065742,FACTORY,0086,MWANAHAMISI,MKALIPA,IN
20200801065922,FACTORY,085,MWAMINI,OMARY,IN
20200801070014,,136,PETER,MALLYA,IN
20200801070015,FACTORY,0036,FATUMA,SULTAN,IN
20200801070021,,109,RUDOLF,TAIRO,IN
20200801070212,FACTORY,0005,ABDULLATIF,KAWAMBWA,IN
20200801070225,FACTORY,0035,EVALISTA,MAKUWA,IN
20200801070232,FACTORY,0055,IMAMU,KIBINDO,IN
20200801070240,FACTORY,0073,MAIMUNA,CHAMWITI,IN
20200801070333,FACTORY,0100,RAJAB,MMBAGA,IN
20200801070352,FACTORY,0091,MWINYI,KIHAGA,IN
20200801070503,FACTORY,0081,MOHAMED,MOLLI,IN
20200801070542,FACTORY,0054,IBRAHIM,BABONYE,IN
20200801070610,FACTORY,0063,JUMA,HAMISI,IN
20200801070620,,0064,KHADIJA,MAKEYA,IN
20200801070647,FACTORY,0089,MWASHABANI,SWALEHE,IN
20200801070729,FACTORY,0101,RAJABU,RAJABU,IN
20200801070753,FACTORY,0024,DAUDI,ISMAIL,IN
20200801070831,FACTORY,0068,LAMBART,ABELI,IN
20200801070850,FACTORY,0039,FLORA,CHANG'AMIKE,IN
20200801070919,,0088,MWARAMI,KANIKI,IN
20200801070946,FACTORY,0117,SHOMARI,SONG'E,IN
20200801071111,FACTORY,0129,ZAINABU,RIVAVODI,IN
20200801071345,FACTORY,0031,ELIZABETH,SIBHOT,IN
20200801071627,FACTORY,0060,JOYCE,MASHELI,IN
20200801071651,FACTORY,0083,MOSES,ELIAS,IN
20200801071804,FACTORY,0072,MAGRETH,BANDA,IN
20200801071842,OFFICE,0121,UPENDO,ZANI,IN
20200801072101,FACTORY,0022,CHARLES,KIBAVU,IN
20200801072618,FACTORY,0021,BETRAM,NTILLA,IN
20200801073916,,111,SAID,RWAMBO,IN
20200801073945,OFFICE,0044,HADIJA,KIVINA,IN
20200801074036,OFFICE,0049,HASHIM,JONGO,IN
20200801074641,OFFICE,0142,WILLIAM,USANGA,IN
20200801074743,FACTORY,0045,HAIDARY,KIPUKA,IN
20200801075854,OFFICE,0050,HASSANI,KUNGURUMA,IN
20200801075901,OFFICE,0047,HAMZA ,SULTAN,IN
20200801080200,OFFICE,0099,PRISCA,ALPHONCE,IN
20200801080209,OFFICE,00140,MOHAMED,NYANGALIO,IN
20200801080246,OFFICE,0020,BENSON,BIMBONA,IN
20200801080326,,0008,AGNES,MUHINGA,IN
20200801080345,OFFICE,V003,ALLY,ALLY,IN
20200801080433,OFFICE,0113,SALUM,MALENDA,IN
20200801080714,FACTORY,0116,SHABANI,NGOGOMI,IN
20200801081415,OFFICE,0133,FIZZA,NJOVU,IN
20200801081837,OFFICE,,PATRICK,ODAWA,IN
20200801082349,OFFICE,0092,NEEMA,LUBAVA,IN
20200801082812,,0058,JANETH,SIRIWA,IN
20200801083054,,0012,AKIDA,NSEKELA,IN
20200801083645,OFFICE,0019,BEATRICE,MALLE,IN
20200801083807,OFFICE,0048,HAPPY,AKARO,IN
20200801083833,OFFICE,0040,FRANK,MARIKI,IN
20200801084317,OFFICE,0074,MARIAM,M'BWAMBO,IN
20200801091823,OFFICE,0076,ANNA, IRENGO,IN
20200801091834,OFFICE,0130,SUDI,UKONDWA,IN
20200801092651,OFFICE,V002,ZAITUNI,SIMBA,IN
20200801105142,,0079,MIRAJI,MNGAZIJA,IN
20200801130059,,0088,MWARAMI,KANIKI,OUT
20200801130113,,111,SAID,RWAMBO,OUT
20200801130124,OFFICE,0104,RAMADHANI,KASSIM,OUT
20200801130130,FACTORY,0116,SHABANI,NGOGOMI,OUT
20200801130750,,0012,AKIDA,NSEKELA,OUT
20200801131011,,0008,AGNES,MUHINGA,OUT
20200801131445,OFFICE,0047,HAMZA ,SULTAN,OUT
20200801132414,OFFICE,0142,WILLIAM,USANGA,OUT
20200801132816,OFFICE,,PATRICK,ODAWA,OUT
20200801132823,OFFICE,0040,FRANK,MARIKI,OUT
20200801133732,OFFICE,0020,BENSON,BIMBONA,OUT
20200801134438,OFFICE,0074,MARIAM,M'BWAMBO,OUT
20200801135357,FACTORY,0112,SALUM,LIKONJOGO,IN
20200801135711,OFFICE,0048,HAPPY,AKARO,OUT
20200801140152,OFFICE,0099,PRISCA,ALPHONCE,OUT
20200801140357,FACTORY,0057,JACKSON,MDEMU,IN
20200801141239,FACTORY,0059,JOSEPH,SHENKOME,IN
20200801141245,FACTORY,0017,ATHUMANI,MOHAMED,IN
20200801141632,,0058,JANETH,SIRIWA,OUT
20200801141743,FACTORY,0003,ABDUL,KAPERA,IN
20200801141749,FACTORY,0051,HASSAN,SULEIMAN,IN
20200801141845,FACTORY,0032,EMMANUEL,MILYANGO,IN
20200801142121,FACTORY,0082,MOHAMED,MSAKA,IN
20200801142127,FACTORY,0056,JACOB,BELLA,IN
20200801142256,,0125,WALTER,MAPUNDA,IN
20200801142319,FACTORY,0071,LEONARD,NZIGE,IN
20200801142508,OFFICE,V003,ALLY,ALLY,OUT
20200801142509,FACTORY,0061,JUDITH ,PANGRAS,IN
20200801142603,FACTORY,0126,WATENDE,ALLY,IN
20200801142617,FACTORY,0105,REHEMA,ALMAS,IN
20200801142628,OFFICE,00140,MOHAMED,NYANGALIO,OUT
20200801142739,,0123,VICENT,MBUNGANI,IN
20200801142934,OFFICE,0062,JUMA,MSHAURI,IN
20200801142948,FACTORY,0127,WINIFRIDA,KIBWANA,IN
20200801143001,OFFICE,0042,GABRIEL,MBEYE,IN
20200801143002,FACTORY,0031,ELIZABETH,SIBHOT,OUT
20200801143006,,094,NEWTON,KULUBI,IN
20200801143012,FACTORY,0039,FLORA,CHANG'AMIKE,OUT
20200801143018,FACTORY,0065,HADIJA,KAWAMBWA,OUT
20200801143028,FACTORY,0041,FRED,MBUNDA,OUT
20200801143031,OFFICE,0019,BEATRICE,MALLE,OUT
20200801143036,FACTORY,0073,MAIMUNA,CHAMWITI,OUT
20200801143043,FACTORY,0049,HASHIM,JONGO,OUT
20200801143050,FACTORY,0035,EVALISTA,MAKUWA,OUT
20200801143054,OFFICE,0132,ELIWAZA,KONGA,IN
20200801143058,FACTORY,0106,REHEMA,SIGE,OUT
20200801143106,FACTORY,0046,HAMNE,MAHANYU,OUT
20200801143113,FACTORY,0036,FATUMA,SULTAN,OUT
20200801143118,FACTORY,0090,MWAZANI,MKINDE,OUT
20200801143119,,0016,ASHURA,MWENE,IN
20200801143126,,0053,HERIETH,KAIMKILWA,OUT
20200801143130,FACTORY,0089,MWASHABANI,SWALEHE,OUT
20200801143137,FACTORY,0024,DAUDI,ISMAIL,OUT
20200801143143,FACTORY,0091,MWINYI,KIHAGA,OUT
20200801143148,FACTORY,0022,CHARLES,KIBAVU,OUT
20200801143159,FACTORY,0086,MWANAHAMISI,MKALIPA,OUT
20200801143249,FACTORY,0063,JUMA,HAMISI,OUT
20200801143343,FACTORY,0098,PATRICK,ALFRED,IN
20200801143408,FACTORY,085,MWAMINI,OMARY,OUT
20200801143414,FACTORY,0119,SIKUDHANI,MOHAMED,IN
20200801143514,FACTORY,0069,LATIFA,MINTANGA,IN
20200801143521,FACTORY,0068,LAMBART,ABELI,OUT
20200801143527,FACTORY,0054,IBRAHIM,BABONYE,OUT
20200801143559,FACTORY,0083,MOSES,ELIAS,OUT
20200801143606,FACTORY,0084,MRISHO,HAUYESHI,OUT
20200801143627,FACTORY,0129,ZAINABU,RIVAVODI,OUT
20200801143634,FACTORY,0117,SHOMARI,SONG'E,OUT
20200801143741,FACTORY,0128,YUSUPH,MTAMBO,IN
20200801143806,FACTORY,0101,RAJABU,RAJABU,OUT
20200801143814,FACTORY,0067,KULUTHUM,LUSONZO,IN
20200801143834,,0087,MWANAMVUA,JUMAA,OUT
20200801143844,FACTORY,0005,ABDULLATIF,KAWAMBWA,OUT
20200801143851,FACTORY,0100,RAJAB,MMBAGA,OUT
20200801143940,OFFICE,0113,SALUM,MALENDA,OUT
20200801144014,FACTORY,0015,ASHA,DIKUNGURUMA,IN
20200801144020,,136,PETER,MALLYA,OUT
20200801144042,FACTORY,0080,MIRAJI,JANGALU,IN
20200801144142,FACTORY,0081,MOHAMED,MOLLI,OUT
20200801144153,OFFICE,0028,DIANA,MASIJA,IN
20200801144225,FACTORY,0018,BAKARI,MAULID,IN
20200801144247,FACTORY,0060,JOYCE,MASHELI,OUT
20200801144254,,0030,ELIZABETH,HIZZA,OUT
20200801144347,,0043,GEORGINA,MILLINGA,IN
20200801144434,,0064,KHADIJA,MAKEYA,OUT
20200801144617,FACTORY,0001,ABDALLAH,ZAYUMBA,OUT
20200801144838,FACTORY,0055,IMAMU,KIBINDO,OUT
20200801145319,FACTORY,0072,MAGRETH,BANDA,OUT
20200801150244,OFFICE,0133,FIZZA,NJOVU,OUT
20200801150520,,0096,OCTAVIAN,LUCIAN,IN
20200801150739,,109,RUDOLF,TAIRO,OUT
20200801151213,FACTORY,0021,BETRAM,NTILLA,OUT
20200801152004,OFFICE,V001,FLORA,LISANGA,OUT
20200801152027,OFFICE,0121,UPENDO,ZANI,OUT
20200801152438,OFFICE,0076,ANNA, IRENGO,OUT
20200801152445,OFFICE,0130,SUDI,UKONDWA,OUT
20200801155747,,0107,REHEMA,KIZONGO,IN
20200801162938,OFFICE,0092,NEEMA,LUBAVA,OUT
20200801164841,,0079,MIRAJI,MNGAZIJA,OUT
20200801171631,OFFICE,V002,ZAITUNI,SIMBA,OUT
20200801174315,OFFICE,0044,HADIJA,KIVINA,OUT
20200801194334,OFFICE,0103,RAMADHANI,MNGAZIJA,OUT
20200801194925,OFFICE,0062,JUMA,MSHAURI,OUT
20200801195037,FACTORY,0045,HAIDARY,KIPUKA,OUT
20200801195054,OFFICE,0050,HASSANI,KUNGURUMA,OUT
20200801210003,FACTORY,0119,SIKUDHANI,MOHAMED,OUT
20200801211812,,0107,REHEMA,KIZONGO,OUT
20200801212829,FACTORY,0067,KULUTHUM,LUSONZO,OUT
20200801212904,FACTORY,0017,ATHUMANI,MOHAMED,OUT
20200801213004,FACTORY,0127,WINIFRIDA,KIBWANA,OUT
20200801213013,FACTORY,0061,JUDITH ,PANGRAS,OUT
20200801213032,FACTORY,0069,LATIFA,MINTANGA,OUT
20200801213040,FACTORY,0018,BAKARI,MAULID,OUT
20200801213114,FACTORY,0128,YUSUPH,MTAMBO,OUT
20200801213226,FACTORY,0080,MIRAJI,JANGALU,OUT
20200801213235,FACTORY,0105,REHEMA,ALMAS,OUT
20200801213300,FACTORY,0126,WATENDE,ALLY,OUT
20200801213307,FACTORY,0015,ASHA,DIKUNGURUMA,OUT
20200801213325,FACTORY,0082,MOHAMED,MSAKA,OUT
20200801213331,FACTORY,0056,JACOB,BELLA,OUT
20200801213636,FACTORY,0059,JOSEPH,SHENKOME,OUT
20200801213757,FACTORY,0023,CLINTON,MKUDE,IN
20200801213843,FACTORY,0029,DUNIA,BOGOZO,IN
20200801213943,OFFICE,0120,THERESIA,MLAWA,IN
20200801214215,FACTORY,0112,SALUM,LIKONJOGO,OUT
20200801214609,,0118,SIKUDHANI,MGENI,IN
20200801214645,FACTORY,0115,SHABANI,KIGA,IN
20200801215051,,0137,JANETH,TENDEGA,IN
20200801215051,,0137,JANETH,TENDEGA,IN
20200801215139,FACTORY,0004,ABDULKADIR,JUMA,IN
20200801215235,FACTORY,0098,PATRICK,ALFRED,OUT
20200801215241,FACTORY,0051,HASSAN,SULEIMAN,OUT
20200801215247,FACTORY,0071,LEONARD,NZIGE,OUT
20200801215605,,0096,OCTAVIAN,LUCIAN,OUT
20200801215733,,0125,WALTER,MAPUNDA,OUT
20200801215747,,094,NEWTON,KULUBI,OUT
20200801215905,,0043,GEORGINA,MILLINGA,OUT
20200801215952,FACTORY,0057,JACKSON,MDEMU,OUT
20200801220019,FACTORY,0032,EMMANUEL,MILYANGO,OUT
20200801220027,FACTORY,0026,DAVID,KINDOLE,IN
20200801220106,FACTORY,0003,ABDUL,KAPERA,OUT
20200801220125,FACTORY,0132,ELIWAZA,KONGA,OUT
20200801220141,OFFICE,0028,DIANA,MASIJA,OUT
20200801220149,,0016,ASHURA,MWENE,OUT
20200801220209,,0123,VICENT,MBUNGANI,OUT
20200801220334,FACTORY,0034,ERICK,TIBALILA,IN
20200801220446,FACTORY,0042,GABRIEL,MBEYE,OUT
20200801221049,,0014,ALLY ,CHANDE,IN
20200801221059,FACTORY,0066,KITAMBALA,KITAMBALA,IN
20200801222047,,0122,VERONICA,MZIA,IN
20200802064330,FACTORY,0034,ERICK,TIBALILA,OUT
20200802064350,FACTORY,0004,ABDULKADIR,JUMA,OUT
20200802064410,FACTORY,0023,CLINTON,MKUDE,OUT
20200802064411,OFFICE,0120,THERESIA,MLAWA,OUT
20200802064417,FACTORY,0029,DUNIA,BOGOZO,OUT
20200802064453,FACTORY,0115,SHABANI,KIGA,OUT
20200802064509,FACTORY,0066,KITAMBALA,KITAMBALA,OUT
20200802064548,FACTORY,0026,DAVID,KINDOLE,OUT
20200802065955,,0118,SIKUDHANI,MGENI,OUT
20200802070638,,0137,JANETH,TENDEGA,OUT
20200802070638,,0137,JANETH,TENDEGA,OUT
20200802070804,,0122,VERONICA,MZIA,OUT
20200802071124,,0014,ALLY ,CHANDE,OUT
20200803064501,OFFICE,0092,NEEMA,LUBAVA,IN
20200803064530,FACTORY,0037,FATUMA,MTILILA,IN
20200803064725,OFFICE,0120,THERESIA,MLAWA,IN
20200803064805,FACTORY,0114,SALUM,SALUM,IN
20200803064817,FACTORY,0129,ZAINABU,RIVAVODI,IN
20200803064846,FACTORY,0116,SHABANI,NGOGOMI,IN
20200803064914,OFFICE,0103,RAMADHANI,MNGAZIJA,IN
20200803065044,FACTORY,0126,WATENDE,ALLY,IN
20200803065103,FACTORY,0112,SALUM,LIKONJOGO,IN
20200803065117,FACTORY,0056,JACOB,BELLA,IN
20200803065153,FACTORY,0029,DUNIA,BOGOZO,IN
20200803065224,FACTORY,0017,ATHUMANI,MOHAMED,IN
20200803065234,FACTORY,0059,JOSEPH,SHENKOME,IN
20200803065420,FACTORY,0090,MWAZANI,MKINDE,IN
20200803065436,FACTORY,0089,MWASHABANI,SWALEHE,IN
20200803065559,FACTORY,0025,DAUDI,KIPENGELE,IN
20200803065608,FACTORY,0098,PATRICK,ALFRED,IN
20200803065618,FACTORY,0015,ASHA,DIKUNGURUMA,IN
20200803065934,OFFICE,0044,HADIJA,KIVINA,IN
20200803070054,OFFICE,0062,JUMA,MSHAURI,IN
20200803070103,OFFICE,0018,BAKARI,MAULID,IN
20200803070112,FACTORY,0034,ERICK,TIBALILA,IN
20200803070129,FACTORY,0080,MIRAJI,JANGALU,IN
20200803070410,FACTORY,0066,KITAMBALA,KITAMBALA,IN
20200803070539,FACTORY,0115,SHABANI,KIGA,IN
20200803070613,FACTORY,0023,CLINTON,MKUDE,IN
20200803071037,FACTORY,0105,REHEMA,ALMAS,IN
20200803071202,OFFICE,0124,VICTOR,NGUJI,IN
20200803071207,OFFICE,0124,VICTOR,NGUJI,IN
20200803071225,FACTORY,0127,WINIFRIDA,KIBWANA,IN
20200803071340,FACTORY,0067,KULUTHUM,LUSONZO,IN
20200803071420,FACTORY,0119,SIKUDHANI,MOHAMED,IN
20200803071428,FACTORY,0069,LATIFA,MINTANGA,IN
20200803071443,FACTORY,0041,FRED,MBUNDA,IN
20200803071528,FACTORY,0110,SAAD,MGULE,IN
20200803071648,FACTORY,0128,YUSUPH,MTAMBO,IN
20200803071802,FACTORY,0082,MOHAMED,MSAKA,IN
20200803072222,FACTORY,0045,HAIDARY,KIPUKA,IN
20200803072631,FACTORY,0026,DAVID,KINDOLE,IN
20200803074111,OFFICE,0040,FRANK,MARIKI,IN
20200803074303,OFFICE,0104,RAMADHANI,KASSIM,IN
20200803074727,OFFICE,0099,PRISCA,ALPHONCE,IN
20200803074848,OFFICE,0050,HASSANI,KUNGURUMA,IN
20200803075251,OFFICE,0047,HAMZA ,SULTAN,IN
20200803075338,OFFICE,0142,WILLIAM,USANGA,IN
20200803080002,OFFICE,V003,ALLY,ALLY,IN
20200803080026,OFFICE,0113,SALUM,MALENDA,IN
20200803080200,OFFICE,0133,FIZZA,NJOVU,IN
20200803080321,OFFICE,0020,BENSON,BIMBONA,IN
20200803080928,OFFICE,,PATRICK,ODAWA,IN
20200803080956,OFFICE,0134,ALFRED,CHISAWILLO,IN
20200803081014,OFFICE,0074,MARIAM,M'BWAMBO,IN
20200803081240,OFFICE,0048,HAPPY,AKARO,IN
20200803081943,OFFICE,0130,SUDI,UKONDWA,IN
20200803082730,OFFICE,0019,BEATRICE,MALLE,IN
20200803092314,OFFICE,0076,ANNA, IRENGO,IN
