20220109060923,FACTORY,0013,ALLY,SHAWEJI,OUT
20220109062830,FACTORY,0015,ASHA,DIKUNGURUMA,IN
20220109063036,FACTORY,0043,GEORGINA,MILLINGA,IN
20220109063108,FACTORY,0065,HADIJA,KAWAMBWA,IN
20220109063128,FACTORY,0001,ABDALLAH,ZAYUMBA,IN
20220109063528,FACTORY,0087,MWANAMVUA,JUMAA,IN
20220109064100,FACTORY,0118,SIKUDHANI,MGENI,IN
20220109064226,FACTORY,0079,MIRAJI,MNGAZIJA,IN
20220109064729,FACTORY,108,ROSE,GRIGORY,IN
20220109064839,FACTORY,0089,MWASHABANI,SWALEHE,IN
20220109064847,FACTORY,0023,CLINTON,MKUDE,IN
20220109064951,FACTORY,0046,HAMNE,MAHANYU,IN
20220109065000,FACTORY,0029,DUNIA,BOGOZO,IN
20220109065324,FACTORY,128,YUSUPH,MTAMBO,IN
20220109065410,FACTORY,0060,JOYCE,MASHELI,IN
20220109065523,FACTORY,0016,ASHURA,MWENE,IN
20220109065536,FACTORY,0072,MAGRETH,BANDA,IN
20220109065606,OFFICE,0047,HAMZA ,SULTAN,IN
20220109065750,FACTORY,0026,DAVID,KINDOLE,IN
20220109065820,FACTORY,0084,MRISHO,HAUYESHI,OUT
20220109065842,FACTORY,0126,WATENDE,ALLY,IN
20220109065856,FACTORY,0117,SHOMARI,SONG'E,IN
20220109065905,FACTORY,0071,LEONARD,NZIGE,IN
20220109065944,FACTORY,0011,AISHA,MBONDE,IN
20220109070103,FACTORY,0120,THERESIA,MLAWA,OUT
20220109070313,FACTORY,0115,SHABANI,KIGA,OUT
20220109070354,FACTORY,0098,PATRICK,ALFRED,IN
20220109070706,FACTORY,0083,MOSES,ELIAS,OUT
20220109070739,FACTORY,0106,REHEMA,SIGE,IN
20220109070956,FACTORY,0122,VERONICA,MZIA,IN
20220109071259,FACTORY,0064,KHADIJA,MAKEYA,IN
20220109071305,FACTORY,0080,MIRAJI,JANGALU,IN
20220109071349,FACTORY,0129,ZAINABU,RIVAVODI,IN
20220109071419,FACTORY,0051,HASSAN,SULEIMAN,IN
20220109071943,OFFICE,0048,HAPPY,AKARO,IN
20220109072632,FACTORY,0021,BETRAM,NTILLA,OUT
20220109142359,OFFICE,0121,UPENDO,ZANI,IN
20220109143012,FACTORY,0060,JOYCE,MASHELI,OUT
20220109143030,FACTORY,0089,MWASHABANI,SWALEHE,OUT
20220109143045,FACTORY,0098,PATRICK,ALFRED,OUT
20220109143103,FACTORY,0118,SIKUDHANI,MGENI,OUT
20220109143123,FACTORY,0117,SHOMARI,SONG'E,OUT
20220109143129,FACTORY,108,ROSE,GRIGORY,OUT
20220109143136,FACTORY,0043,GEORGINA,MILLINGA,OUT
20220109143144,FACTORY,0087,MWANAMVUA,JUMAA,OUT
20220109143150,FACTORY,0016,ASHURA,MWENE,OUT
20220109143156,FACTORY,0126,WATENDE,ALLY,OUT
20220109143203,FACTORY,0026,DAVID,KINDOLE,OUT
20220109143210,FACTORY,0015,ASHA,DIKUNGURUMA,OUT
20220109143220,FACTORY,0064,KHADIJA,MAKEYA,OUT
20220109143226,FACTORY,0122,VERONICA,MZIA,OUT
20220109143235,FACTORY,0046,HAMNE,MAHANYU,OUT
20220109143243,FACTORY,0011,AISHA,MBONDE,OUT
20220109143249,FACTORY,0065,HADIJA,KAWAMBWA,OUT
20220109143258,FACTORY,0106,REHEMA,SIGE,OUT
20220109143310,FACTORY,0106,REHEMA,SIGE,OUT
20220109143316,FACTORY,0080,MIRAJI,JANGALU,OUT
20220109143353,OFFICE,0048,HAPPY,AKARO,OUT
20220109143428,FACTORY,0142,WILLIAM,USANGA,IN
20220109143434,FACTORY,128,YUSUPH,MTAMBO,OUT
20220109143443,FACTORY,0072,MAGRETH,BANDA,OUT
20220109143451,FACTORY,0129,ZAINABU,RIVAVODI,OUT
20220109143612,OFFICE,0047,HAMZA ,SULTAN,OUT
20220109143729,FACTORY,0001,ABDALLAH,ZAYUMBA,OUT
20220109143848,FACTORY,0003,ABDUL,KAPERA,IN
20220109151132,FACTORY,0133,FIZZA,NJOVU,OUT
20220109160742,FACTORY,0079,MIRAJI,MNGAZIJA,OUT
20220109180940,FACTORY,0054,IBRAHIM,BABONYE,IN
20220109185114,FACTORY,0004,ABDULKADIR,JUMA,IN
20220109185847,FACTORY,0034,ERICK,TIBALILA,IN
20220109185851,FACTORY,0034,ERICK,TIBALILA,IN
20220109190101,FACTORY,0081,MOHAMED,MOLLI,IN
20220109190202,FACTORY,0051,HASSAN,SULEIMAN,OUT
20220109190232,FACTORY,0066,KITAMBALA,KITAMBALA,IN
20220109190357,FACTORY,0071,LEONARD,NZIGE,OUT
20220109190410,FACTORY,0023,CLINTON,MKUDE,OUT
20220109190533,FACTORY,0029,DUNIA,BOGOZO,OUT
20220109213546,FACTORY,0142,WILLIAM,USANGA,OUT
20220109220405,FACTORY,0121,UPENDO,ZANI,OUT
20220109221549,FACTORY,0003,ABDUL,KAPERA,OUT
