20220912060402,FACTORY,0089,MWASHABANI,SWALEHE,IN
20220912061506,FACTORY,0059,JOSEPH,SHENKOME,IN
20220912062409,FACTORY,V007,ANDREW,MASSAWE,IN
20220912062813,FACTORY,0035,EVALISTA,MAKUWA,IN
20220912063203,FACTORY,V008,HAMIS,MFINANGA,IN
20220912064122,FACTORY,0137,JANETH,TENDEGA,IN
20220912064122,FACTORY,0137,JANETH,TENDEGA,IN
20220912064322,FACTORY,0096,OCTAVIAN,LUCIAN,IN
20220912064351,OFFICE,0020,BENSON,BIMBONA,IN
20220912064403,OFFICE,V005,JOHN,LIMBE,IN
20220912064458,FACTORY,0046,HAMNE,MAHANYU,IN
20220912064835,FACTORY,0068,LAMBART,ABELI,IN
20220912064949,FACTORY,0123,VICENT,MBUNGANI,IN
20220912064955,FACTORY,0029,DUNIA,BOGOZO,IN
20220912065037,FACTORY,0116,SHABANI,NGOGOMI,IN
20220912065044,FACTORY,0032,EMMANUEL,MILYANGO,IN
20220912065402,FACTORY,0054,IBRAHIM,BABONYE,IN
20220912065421,FACTORY,0100,RAJAB,MMBAGA,IN
20220912065447,FACTORY,0004,ABDULKADIR,JUMA,IN
20220912065554,FACTORY,0024,DAUDI,ISMAIL,IN
20220912065630,FACTORY,0053,HERIETH,KAIMKILWA,IN
20220912065851,FACTORY,0060,JOYCE,MASHELI,IN
20220912065907,FACTORY,0056,JACOB,BELLA,IN
20220912070151,FACTORY,0065,HADIJA,KAWAMBWA,IN
20220912070157,FACTORY,0117,SHOMARI,SONG'E,IN
20220912070342,FACTORY,0142,WILLIAM,USANGA,IN
20220912070403,FACTORY,0082,MOHAMED,MSAKA,IN
20220912070428,FACTORY,V020,LUKAS,KIMBAWALA,IN
20220912070536,FACTORY,0129,ZAINABU,RIVAVODI,IN
20220912070612,FACTORY,0098,PATRICK,ALFRED,IN
20220912070720,FACTORY,V014,REHEMA,ALLY,IN
20220912071119,FACTORY,V024,AMANI,KINYAGA,IN
20220912071126,FACTORY,0015,ASHA,DIKUNGURUMA,IN
20220912071154,FACTORY,V003,ALLY,ALLY,IN
20220912071202,FACTORY,0062,JUMA,MSHAURI,IN
20220912071251,FACTORY,0064,KHADIJA,MAKEYA,IN
20220912071313,FACTORY,V018,YUSRA,ALLY,IN
20220912071336,FACTORY,0106,REHEMA,SIGE,IN
20220912071439,FACTORY,0088,MWARAMI,KANIKI,IN
20220912071609,FACTORY,0051,HASSAN,SULEIMAN,OUT
20220912071655,FACTORY,V006,JENIPHA,MUSHI,IN
20220912071730,FACTORY,0083,MOSES,ELIAS,OUT
20220912071738,FACTORY,0057,JACKSON,MDEMU,OUT
20220912071745,FACTORY,109,RUDOLF,TAIRO,IN
20220912072058,FACTORY,0011,AISHA,MBONDE,IN
20220912072112,OFFICE,0135,NOAH,MPANGALA,IN
20220912072134,FACTORY,V028,RASHID,MRUMA,IN
20220912072147,OFFICE,V001,FLORA,LISANGA,IN
20220912072521,FACTORY,V004,SAITOTI,SAITOTI,IN
20220912072735,FACTORY,0101,RAJABU,RAJABU,OUT
20220912072807,FACTORY,0101,RAJABU,RAJABU,OUT
20220912072814,OFFICE,0019,BEATRICE,MALLE,IN
20220912072901,OFFICE,0040,FRANK,MARIKI,IN
20220912073624,OFFICE,0008,AGNES,MUHINGA,IN
20220912073857,FACTORY,V013,PENINA,MIKAEL,IN
20220912074535,OFFICE,0048,HAPPY,AKARO,IN
20220912074912,FACTORY,111,SAID,RWAMBO,IN
20220912074941,FACTORY,413988,GEOFREY,MOMBO,IN
20220912075550,OFFICE,413981,VISHAL,KARA,IN
20220912075647,FACTORY,0045,HAIDARY,KIPUKA,IN
20220912075702,FACTORY,V016,NURU,LIANA,IN
20220912075708,FACTORY,V010,MARY,MASAWE,IN
20220912075713,FACTORY,V011,SALHA,MAINGO,IN
20220912075720,FACTORY,0113,SALUM,MALENDA,IN
20220912075725,FACTORY,V009,LIANA,JUMA,IN
20220912075732,FACTORY,V017,JACKLINE,MDEMLE,IN
20220912075737,FACTORY,V019,ANASTAZIA,SWAI,IN
20220912075804,FACTORY,136,PETER,MALLYA,IN
20220912075835,OFFICE,00140,MOHAMED,NYANGALIO,IN
20220912080236,FACTORY,0072,MAGRETH,BANDA,IN
20220912080831,OFFICE,0099,PRISCA,ALPHONCE,IN
20220912080839,FACTORY,0134,ALFRED,CHISAWILLO,IN
20220912080941,FACTORY,0132,ELIWAZA,KONGA,IN
20220912081040,FACTORY,0133,FIZZA,NJOVU,IN
20220912081208,OFFICE,0058,JANETH,SIRIWA,IN
20220912081347,OFFICE,,PATRICK,ODAWA,IN
20220912081900,OFFICE,0076,ANNA, IRENGO,IN
20220912082438,FACTORY,414152,MARTIN,SHILLA,IN
20220912083702,OFFICE,V002,ZAITUNI,SIMBA,IN
20220912084311,OFFICE,0124,VICTOR,NGUJI,IN
20220912084738,OFFICE,0130,SUDI,UKONDWA,IN
20220912091755,OFFICE,0006,ABRAHAM,MCHOME,IN
20220912093330,FACTORY,0069,LATIFA,MINTANGA,IN
20220912094721,FACTORY,0067,KULUTHUM,LUSONZO,IN
20220912095020,FACTORY,0087,MWANAMVUA,JUMAA,IN
20220912111205,FACTORY,0122,VERONICA,MZIA,IN
20220912135651,FACTORY,0001,ABDALLAH,ZAYUMBA,IN
20220912140215,FACTORY,0025,DAUDI,KIPENGELE,IN
20220912140855,FACTORY,0125,WALTER,MAPUNDA,IN
20220912140959,FACTORY,0050,HASSANI,KUNGURUMA,IN
20220912141118,FACTORY,128,YUSUPH,MTAMBO,IN
20220912141216,FACTORY,0073,MAIMUNA,CHAMWITI,IN
20220912141340,FACTORY,0120,THERESIA,MLAWA,IN
20220912141809,FACTORY,0041,FRED,MBUNDA,IN
20220912141815,FACTORY,0022,CHARLES,KIBAVU,IN
20220912142026,FACTORY,0055,IMAMU,KIBINDO,IN
20220912142055,FACTORY,0031,ELIZABETH,SIBHOT,IN
20220912142103,FACTORY,0021,BETRAM,NTILLA,IN
20220912142726,FACTORY,0014,ALLY ,CHANDE,IN
20220912142732,FACTORY,0018,BAKARI,MAULID,IN
20220912142857,FACTORY,V007,MWAMINI,OMARY,IN
20220912142910,FACTORY,0118,SIKUDHANI,MGENI,IN
20220912142954,FACTORY,0080,MIRAJI,JANGALU,IN
20220912143009,FACTORY,0060,JOYCE,MASHELI,OUT
20220912143015,FACTORY,0056,JACOB,BELLA,OUT
20220912143019,FACTORY,0082,MOHAMED,MSAKA,OUT
20220912143027,FACTORY,136,PETER,MALLYA,OUT
20220912143033,FACTORY,0015,ASHA,DIKUNGURUMA,OUT
20220912143040,FACTORY,0137,JANETH,TENDEGA,OUT
20220912143040,FACTORY,0137,JANETH,TENDEGA,OUT
20220912143050,FACTORY,0024,DAUDI,ISMAIL,OUT
20220912143127,FACTORY,0053,HERIETH,KAIMKILWA,OUT
20220912143134,FACTORY,0035,EVALISTA,MAKUWA,OUT
20220912143205,FACTORY,0129,ZAINABU,RIVAVODI,OUT
20220912143244,FACTORY,0116,SHABANI,NGOGOMI,OUT
20220912143249,FACTORY,0059,JOSEPH,SHENKOME,OUT
20220912143346,FACTORY,0117,SHOMARI,SONG'E,OUT
20220912143352,FACTORY,0112,SALUM,LIKONJOGO,IN
20220912143458,FACTORY,109,RUDOLF,TAIRO,OUT
20220912143556,FACTORY,0107,REHEMA,KIZONGO,IN
20220912143627,FACTORY,0123,VICENT,MBUNGANI,OUT
20220912143634,FACTORY,0098,PATRICK,ALFRED,OUT
20220912143705,FACTORY,0110,SAAD,MGULE,IN
20220912143711,FACTORY,0077,MATTO,MSANGI,IN
20220912143811,FACTORY,0096,OCTAVIAN,LUCIAN,OUT
20220912143901,FACTORY,0068,LAMBART,ABELI,OUT
20220912144614,FACTORY,0114,SALUM,SALUM,IN
20220912144639,FACTORY,V007,ANDREW,MASSAWE,OUT
20220912144647,FACTORY,V008,HAMIS,MFINANGA,OUT
20220912145042,FACTORY,V024,AMANI,KINYAGA,OUT
20220912151341,FACTORY,V006,JENIPHA,MUSHI,IN
20220912155944,OFFICE,0040,FRANK,MARIKI,OUT
20220912160124,FACTORY,0088,MWARAMI,KANIKI,OUT
20220912160132,FACTORY,0062,JUMA,MSHAURI,OUT
20220912160137,FACTORY,V028,RASHID,MRUMA,OUT
20220912160137,FACTORY,V028,RASHID,MRUMA,OUT
20220912160144,FACTORY,V003,ALLY,ALLY,OUT
20220912160355,FACTORY,0020,BENSON,BIMBONA,OUT
20220912160816,FACTORY,V004,SAITOTI,SAITOTI,OUT
20220912160904,FACTORY,V020,LUKAS,KIMBAWALA,OUT
20220912160918,FACTORY,0032,EMMANUEL,MILYANGO,OUT
20220912161938,FACTORY,V005,JOHN,LIMBE,OUT
20220912165843,FACTORY,0045,HAIDARY,KIPUKA,OUT
20220912170033,FACTORY,V019,ANASTAZIA,SWAI,OUT
20220912170052,FACTORY,V018,YUSRA,ALLY,OUT
20220912170135,FACTORY,V014,REHEMA,ALLY,OUT
20220912170203,FACTORY,V016,NURU,LIANA,OUT
20220912170209,FACTORY,V011,SALHA,MAINGO,OUT
20220912170217,FACTORY,V009,LIANA,JUMA,OUT
20220912170222,FACTORY,V017,JACKLINE,MDEMLE,OUT
20220912170237,FACTORY,V010,MARY,MASAWE,OUT
20220912170243,FACTORY,V013,PENINA,MIKAEL,OUT
20220912170252,OFFICE,0048,HAPPY,AKARO,OUT
20220912170316,OFFICE,0076,ANNA, IRENGO,OUT
20220912170436,OFFICE,0006,ABRAHAM,MCHOME,OUT
20220912170556,OFFICE,0058,JANETH,SIRIWA,OUT
20220912170837,FACTORY,413988,GEOFREY,MOMBO,OUT
20220912170954,OFFICE,0019,BEATRICE,MALLE,OUT
20220912171343,OFFICE,0099,PRISCA,ALPHONCE,OUT
20220912171520,OFFICE,413981,VISHAL,KARA,OUT
20220912171534,OFFICE,0008,AGNES,MUHINGA,OUT
20220912171845,OFFICE,V002,ZAITUNI,SIMBA,OUT
20220912172053,OFFICE,0124,VICTOR,NGUJI,OUT
20220912175828,OFFICE,0135,NOAH,MPANGALA,OUT
20220912180011,OFFICE,00140,MOHAMED,NYANGALIO,OUT
20220912180051,FACTORY,111,SAID,RWAMBO,OUT
20220912180101,FACTORY,0113,SALUM,MALENDA,OUT
20220912180103,OFFICE,0134,ALFRED,CHISAWILLO,OUT
20220912181012,OFFICE,0130,SUDI,UKONDWA,OUT
20220912184428,FACTORY,0023,CLINTON,MKUDE,IN
20220912185047,FACTORY,0081,MOHAMED,MOLLI,IN
20220912185211,FACTORY,0066,KITAMBALA,KITAMBALA,IN
20220912185328,FACTORY,414152,MARTIN,SHILLA,OUT
20220912185831,FACTORY,0034,ERICK,TIBALILA,IN
20220912185936,FACTORY,0046,HAMNE,MAHANYU,OUT
20220912190007,FACTORY,0004,ABDULKADIR,JUMA,OUT
20220912190015,FACTORY,0089,MWASHABANI,SWALEHE,IN
20220912190024,FACTORY,0011,AISHA,MBONDE,OUT
20220912190030,FACTORY,0089,MWASHABANI,SWALEHE,OUT
20220912190043,FACTORY,0065,HADIJA,KAWAMBWA,OUT
20220912190049,FACTORY,0106,REHEMA,SIGE,OUT
20220912190056,FACTORY,0064,KHADIJA,MAKEYA,OUT
20220912190104,FACTORY,0054,IBRAHIM,BABONYE,OUT
20220912190112,FACTORY,0029,DUNIA,BOGOZO,OUT
20220912190117,FACTORY,0100,RAJAB,MMBAGA,OUT
20220912190536,FACTORY,0072,MAGRETH,BANDA,OUT
20220912191506,FACTORY,0132,ELIWAZA,KONGA,OUT
20220912201852,FACTORY,0133,FIZZA,NJOVU,OUT
20220912210012,FACTORY,0025,DAUDI,KIPENGELE,OUT
20220912214608,FACTORY,0121,UPENDO,ZANI,IN
20220912215741,FACTORY,0026,DAVID,KINDOLE,IN
20220912215903,FACTORY,0067,KULUTHUM,LUSONZO,OUT
20220912215916,FACTORY,0073,MAIMUNA,CHAMWITI,OUT
20220912220003,FACTORY,V007,MWAMINI,OMARY,OUT
20220912220012,FACTORY,0050,HASSANI,KUNGURUMA,OUT
20220912220021,FACTORY,0041,FRED,MBUNDA,OUT
20220912220026,FACTORY,0087,MWANAMVUA,JUMAA,OUT
20220912220034,FACTORY,0018,BAKARI,MAULID,OUT
20220912220039,FACTORY,0118,SIKUDHANI,MGENI,OUT
20220912220042,FACTORY,0080,MIRAJI,JANGALU,OUT
20220912220121,FACTORY,0107,REHEMA,KIZONGO,OUT
20220912220127,FACTORY,0055,IMAMU,KIBINDO,OUT
20220912220138,FACTORY,0069,LATIFA,MINTANGA,OUT
20220912220144,FACTORY,0122,VERONICA,MZIA,OUT
20220912220151,FACTORY,0022,CHARLES,KIBAVU,OUT
20220912220156,FACTORY,0014,ALLY ,CHANDE,OUT
20220912220220,FACTORY,0077,MATTO,MSANGI,OUT
20220912220228,FACTORY,0112,SALUM,LIKONJOGO,OUT
20220912220404,FACTORY,128,YUSUPH,MTAMBO,OUT
20220912220410,FACTORY,0031,ELIZABETH,SIBHOT,OUT
20220912220417,FACTORY,0125,WALTER,MAPUNDA,OUT
20220912220423,FACTORY,0110,SAAD,MGULE,OUT
20220912220636,FACTORY,0114,SALUM,SALUM,OUT
20220912220646,FACTORY,0142,WILLIAM,USANGA,OUT
20220912220742,FACTORY,0001,ABDALLAH,ZAYUMBA,OUT
20220912221139,FACTORY,0120,THERESIA,MLAWA,OUT
20220912221539,FACTORY,0021,BETRAM,NTILLA,OUT
20220913055455,FACTORY,0089,MWASHABANI,SWALEHE,IN
20220913062354,FACTORY,0059,JOSEPH,SHENKOME,IN
20220913062904,FACTORY,0025,DAUDI,KIPENGELE,IN
20220913062927,FACTORY,V008,HAMIS,MFINANGA,IN
20220913064202,OFFICE,V005,JOHN,LIMBE,IN
20220913064515,OFFICE,0020,BENSON,BIMBONA,IN
20220913064720,FACTORY,0056,JACOB,BELLA,IN
20220913064750,FACTORY,0116,SHABANI,NGOGOMI,IN
20220913064806,FACTORY,0011,AISHA,MBONDE,IN
20220913065008,FACTORY,0060,JOYCE,MASHELI,IN
20220913065020,FACTORY,0054,IBRAHIM,BABONYE,IN
20220913065026,FACTORY,0035,EVALISTA,MAKUWA,IN
20220913065139,FACTORY,0032,EMMANUEL,MILYANGO,IN
20220913065148,FACTORY,0004,ABDULKADIR,JUMA,IN
20220913065155,FACTORY,0029,DUNIA,BOGOZO,IN
20220913065222,FACTORY,0100,RAJAB,MMBAGA,IN
20220913065229,FACTORY,0117,SHOMARI,SONG'E,IN
20220913065249,FACTORY,0046,HAMNE,MAHANYU,IN
20220913065355,FACTORY,0068,LAMBART,ABELI,IN
20220913065415,FACTORY,V007,ANDREW,MASSAWE,IN
20220913065557,FACTORY,0096,OCTAVIAN,LUCIAN,IN
20220913065603,FACTORY,0123,VICENT,MBUNGANI,IN
20220913065626,FACTORY,0065,HADIJA,KAWAMBWA,IN
20220913065639,FACTORY,0137,JANETH,TENDEGA,IN
20220913065639,FACTORY,0137,JANETH,TENDEGA,IN
20220913065646,FACTORY,108,ROSE,GRIGORY,IN
20220913065703,FACTORY,0072,MAGRETH,BANDA,IN
20220913065750,FACTORY,0142,WILLIAM,USANGA,IN
20220913065805,FACTORY,0015,ASHA,DIKUNGURUMA,IN
20220913065828,FACTORY,0024,DAUDI,ISMAIL,IN
20220913065834,FACTORY,0098,PATRICK,ALFRED,IN
20220913065840,FACTORY,0082,MOHAMED,MSAKA,IN
20220913065938,FACTORY,0053,HERIETH,KAIMKILWA,IN
20220913070137,FACTORY,0062,JUMA,MSHAURI,IN
20220913070545,FACTORY,V020,LUKAS,KIMBAWALA,IN
20220913070718,FACTORY,0121,UPENDO,ZANI,OUT
20220913070815,FACTORY,V006,JENIPHA,MUSHI,IN
20220913071326,FACTORY,V024,AMANI,KINYAGA,IN
20220913071410,FACTORY,V003,ALLY,ALLY,IN
20220913071546,FACTORY,109,RUDOLF,TAIRO,IN
20220913071659,OFFICE,0040,FRANK,MARIKI,IN
20220913071811,FACTORY,0088,MWARAMI,KANIKI,IN
20220913071845,FACTORY,0064,KHADIJA,MAKEYA,IN
20220913072221,FACTORY,V021,SAID,MTIMBIA,IN
20220913072436,FACTORY,0081,MOHAMED,MOLLI,OUT
20220913072459,FACTORY,0023,CLINTON,MKUDE,IN
20220913072508,FACTORY,0034,ERICK,TIBALILA,OUT
20220913072600,FACTORY,0066,KITAMBALA,KITAMBALA,OUT
20220913072616,FACTORY,0026,DAVID,KINDOLE,OUT
20220913073127,FACTORY,V014,REHEMA,ALLY,IN
20220913073239,OFFICE,0135,NOAH,MPANGALA,IN
20220913074446,OFFICE,00140,MOHAMED,NYANGALIO,IN
20220913074503,FACTORY,0132,ELIWAZA,KONGA,IN
20220913075457,FACTORY,V013,PENINA,MIKAEL,IN
20220913075635,FACTORY,V018,YUSRA,ALLY,IN
20220913075640,FACTORY,V009,LIANA,JUMA,IN
20220913075646,FACTORY,V016,NURU,LIANA,IN
20220913075652,FACTORY,V010,MARY,MASAWE,IN
20220913075659,FACTORY,V019,ANASTAZIA,SWAI,IN
20220913075705,FACTORY,V011,SALHA,MAINGO,IN
20220913075711,FACTORY,V017,JACKLINE,MDEMLE,IN
20220913075751,FACTORY,0045,HAIDARY,KIPUKA,IN
20220913075839,OFFICE,413981,VISHAL,KARA,IN
20220913075950,FACTORY,111,SAID,RWAMBO,IN
20220913080003,OFFICE,0058,JANETH,SIRIWA,IN
20220913080044,FACTORY,413988,GEOFREY,MOMBO,IN
20220913080059,OFFICE,0008,AGNES,MUHINGA,IN
20220913080301,OFFICE,0099,PRISCA,ALPHONCE,IN
20220913080305,FACTORY,V004,SAITOTI,SAITOTI,IN
20220913080528,FACTORY,414152,MARTIN,SHILLA,IN
20220913080612,FACTORY,0048,HAPPY,AKARO,IN
20220913080631,FACTORY,0113,SALUM,MALENDA,IN
20220913080714,FACTORY,0134,ALFRED,CHISAWILLO,IN
20220913080800,OFFICE,0019,BEATRICE,MALLE,IN
20220913080924,FACTORY,,PATRICK,ODAWA,IN
20220913080944,FACTORY,0133,FIZZA,NJOVU,IN
20220913080954,FACTORY,136,PETER,MALLYA,IN
20220913082316,OFFICE,0130,SUDI,UKONDWA,IN
20220913083126,OFFICE,0124,VICTOR,NGUJI,IN
20220913085147,OFFICE,0006,ABRAHAM,MCHOME,IN
20220913090334,OFFICE,V002,ZAITUNI,SIMBA,IN
20220913091030,OFFICE,0076,ANNA, IRENGO,IN
20220913093818,FACTORY,0067,KULUTHUM,LUSONZO,IN
20220913094057,FACTORY,0069,LATIFA,MINTANGA,IN
20220913095925,FACTORY,0122,VERONICA,MZIA,IN
20220913100215,FACTORY,0087,MWANAMVUA,JUMAA,IN
20220913100948,FACTORY,0073,MAIMUNA,CHAMWITI,IN
20220913102522,FACTORY,0106,REHEMA,SIGE,IN
20220913132224,FACTORY,V007,ANDREW,MASSAWE,OUT
20220913134254,FACTORY,V005,JOHN,LIMBE,OUT
20220913135257,FACTORY,0001,ABDALLAH,ZAYUMBA,IN
20220913140221,FACTORY,V008,HAMIS,MFINANGA,OUT
20220913141411,FACTORY,0022,CHARLES,KIBAVU,IN
20220913141426,FACTORY,0120,THERESIA,MLAWA,IN
20220913141655,FACTORY,0041,FRED,MBUNDA,IN
20220913141729,FACTORY,0055,IMAMU,KIBINDO,IN
20220913141833,FACTORY,0021,BETRAM,NTILLA,IN
20220913142013,FACTORY,0018,BAKARI,MAULID,OUT
20220913142226,FACTORY,0031,ELIZABETH,SIBHOT,IN
20220913142444,FACTORY,0050,HASSANI,KUNGURUMA,IN
20220913142449,FACTORY,0125,WALTER,MAPUNDA,IN
20220913142455,FACTORY,0014,ALLY ,CHANDE,IN
20220913142619,FACTORY,0112,SALUM,LIKONJOGO,IN
20220913142828,FACTORY,0080,MIRAJI,JANGALU,IN
20220913142846,FACTORY,0118,SIKUDHANI,MGENI,IN
20220913142942,FACTORY,V007,MWAMINI,OMARY,IN
20220913143000,FACTORY,0114,SALUM,SALUM,IN
20220913143007,FACTORY,108,ROSE,GRIGORY,OUT
20220913143037,FACTORY,0059,JOSEPH,SHENKOME,IN
20220913143043,FACTORY,0059,JOSEPH,SHENKOME,OUT
20220913143053,FACTORY,0060,JOYCE,MASHELI,OUT
20220913143059,FACTORY,0056,JACOB,BELLA,OUT
20220913143106,FACTORY,0117,SHOMARI,SONG'E,OUT
20220913143111,FACTORY,0053,HERIETH,KAIMKILWA,OUT
20220913143117,FACTORY,0035,EVALISTA,MAKUWA,OUT
20220913143121,FACTORY,0137,JANETH,TENDEGA,OUT
20220913143121,FACTORY,0137,JANETH,TENDEGA,OUT
20220913143127,FACTORY,0024,DAUDI,ISMAIL,OUT
20220913143137,FACTORY,0116,SHABANI,NGOGOMI,OUT
20220913143145,FACTORY,0046,HAMNE,MAHANYU,OUT
20220913143159,FACTORY,0098,PATRICK,ALFRED,OUT
20220913143327,FACTORY,0025,DAUDI,KIPENGELE,OUT
20220913143333,FACTORY,V024,AMANI,KINYAGA,OUT
20220913143424,FACTORY,0077,MATTO,MSANGI,IN
20220913143452,FACTORY,0082,MOHAMED,MSAKA,OUT
20220913143619,FACTORY,0068,LAMBART,ABELI,OUT
20220913143626,FACTORY,128,YUSUPH,MTAMBO,IN
20220913143919,FACTORY,109,RUDOLF,TAIRO,OUT
20220913143925,FACTORY,0123,VICENT,MBUNGANI,OUT
20220913143934,FACTORY,0096,OCTAVIAN,LUCIAN,OUT
20220913144052,FACTORY,0107,REHEMA,KIZONGO,IN
20220913145050,FACTORY,0110,SAAD,MGULE,IN
20220913155952,FACTORY,V003,ALLY,ALLY,OUT
20220913160004,FACTORY,V021,SAID,MTIMBIA,OUT
20220913160031,OFFICE,0020,BENSON,BIMBONA,OUT
20220913160056,FACTORY,0088,MWARAMI,KANIKI,OUT
20220913160223,FACTORY,V004,SAITOTI,SAITOTI,OUT
20220913160337,FACTORY,V020,LUKAS,KIMBAWALA,OUT
20220913160656,FACTORY,0032,EMMANUEL,MILYANGO,OUT
20220913160842,FACTORY,V006,JENIPHA,MUSHI,OUT
20220913164700,OFFICE,413981,VISHAL,KARA,OUT
20220913165006,OFFICE,0124,VICTOR,NGUJI,OUT
20220913165041,OFFICE,,PATRICK,ODAWA,OUT
20220913165613,FACTORY,136,PETER,MALLYA,OUT
20220913165817,OFFICE,0058,JANETH,SIRIWA,OUT
20220913165852,FACTORY,V018,YUSRA,ALLY,OUT
20220913165859,FACTORY,V019,ANASTAZIA,SWAI,OUT
20220913165904,FACTORY,V014,REHEMA,ALLY,OUT
20220913165926,FACTORY,V016,NURU,LIANA,OUT
20220913165953,FACTORY,V017,JACKLINE,MDEMLE,OUT
20220913170006,FACTORY,V011,SALHA,MAINGO,OUT
20220913170048,OFFICE,00140,MOHAMED,NYANGALIO,OUT
20220913170051,FACTORY,0045,HAIDARY,KIPUKA,OUT
20220913170059,FACTORY,V010,MARY,MASAWE,OUT
20220913170105,FACTORY,V013,PENINA,MIKAEL,OUT
20220913170208,FACTORY,V009,LIANA,JUMA,OUT
20220913170401,OFFICE,0099,PRISCA,ALPHONCE,OUT
20220913170439,OFFICE,0006,ABRAHAM,MCHOME,OUT
20220913170542,FACTORY,0048,HAPPY,AKARO,OUT
20220913170731,OFFICE,0130,SUDI,UKONDWA,OUT
20220913171111,OFFICE,0019,BEATRICE,MALLE,OUT
20220913171341,OFFICE,0008,AGNES,MUHINGA,OUT
20220913172733,OFFICE,V002,ZAITUNI,SIMBA,OUT
20220913172800,OFFICE,0134,ALFRED,CHISAWILLO,OUT
20220913172831,OFFICE,V001,FLORA,LISANGA,OUT
20220913180440,OFFICE,0135,NOAH,MPANGALA,OUT
20220913184730,FACTORY,0066,KITAMBALA,KITAMBALA,IN
20220913184833,FACTORY,0133,FIZZA,NJOVU,OUT
20220913185158,FACTORY,0132,ELIWAZA,KONGA,OUT
20220913185202,FACTORY,0023,CLINTON,MKUDE,IN
20220913185506,FACTORY,0034,ERICK,TIBALILA,IN
20220913185559,FACTORY,0081,MOHAMED,MOLLI,IN
20220913185914,FACTORY,0011,AISHA,MBONDE,OUT
20220913185950,FACTORY,0089,MWASHABANI,SWALEHE,OUT
20220913190115,FACTORY,0004,ABDULKADIR,JUMA,OUT
20220913190122,FACTORY,0072,MAGRETH,BANDA,OUT
20220913190136,FACTORY,0015,ASHA,DIKUNGURUMA,OUT
20220913190146,FACTORY,0106,REHEMA,SIGE,OUT
20220913190154,FACTORY,0065,HADIJA,KAWAMBWA,OUT
20220913190223,FACTORY,0029,DUNIA,BOGOZO,OUT
20220913190230,FACTORY,0054,IBRAHIM,BABONYE,OUT
20220913190241,FACTORY,0064,KHADIJA,MAKEYA,OUT
20220913190402,FACTORY,0100,RAJAB,MMBAGA,OUT
20220913191520,OFFICE,414152,MARTIN,SHILLA,OUT
20220913195628,FACTORY,413988,GEOFREY,MOMBO,OUT
20220913201421,FACTORY,0142,WILLIAM,USANGA,OUT
20220913203958,FACTORY,0041,FRED,MBUNDA,OUT
20220913213804,FACTORY,0121,UPENDO,ZANI,IN
20220913215715,FACTORY,0014,ALLY ,CHANDE,OUT
20220913215829,FACTORY,0050,HASSANI,KUNGURUMA,OUT
20220913215836,FACTORY,V007,MWAMINI,OMARY,OUT
20220913215843,FACTORY,0080,MIRAJI,JANGALU,OUT
20220913215852,FACTORY,0022,CHARLES,KIBAVU,OUT
20220913215903,FACTORY,0067,KULUTHUM,LUSONZO,OUT
20220913215912,FACTORY,0073,MAIMUNA,CHAMWITI,OUT
20220913215921,FACTORY,0018,BAKARI,MAULID,OUT
20220913215926,FACTORY,0055,IMAMU,KIBINDO,OUT
20220913215933,FACTORY,0077,MATTO,MSANGI,OUT
20220913215938,FACTORY,0110,SAAD,MGULE,OUT
20220913220005,FACTORY,0087,MWANAMVUA,JUMAA,OUT
20220913220014,FACTORY,0107,REHEMA,KIZONGO,OUT
20220913220021,FACTORY,0122,VERONICA,MZIA,OUT
20220913220029,FACTORY,0118,SIKUDHANI,MGENI,OUT
20220913220035,FACTORY,0125,WALTER,MAPUNDA,OUT
20220913220236,FACTORY,0069,LATIFA,MINTANGA,OUT
20220913220258,FACTORY,0112,SALUM,LIKONJOGO,OUT
20220913220513,FACTORY,0031,ELIZABETH,SIBHOT,OUT
20220913220554,FACTORY,128,YUSUPH,MTAMBO,OUT
20220913220613,FACTORY,0001,ABDALLAH,ZAYUMBA,OUT
20220913220734,FACTORY,0021,BETRAM,NTILLA,OUT
20220913221000,FACTORY,0120,THERESIA,MLAWA,OUT
20220913221601,FACTORY,0026,DAVID,KINDOLE,IN
20220914060725,FACTORY,0089,MWASHABANI,SWALEHE,IN
20220914062754,FACTORY,0059,JOSEPH,SHENKOME,IN
20220914062904,FACTORY,0082,MOHAMED,MSAKA,IN
20220914063521,FACTORY,0025,DAUDI,KIPENGELE,IN
20220914063715,FACTORY,0056,JACOB,BELLA,IN
20220914063855,FACTORY,0054,IBRAHIM,BABONYE,IN
20220914063932,OFFICE,V005,JOHN,LIMBE,IN
20220914064002,OFFICE,0020,BENSON,BIMBONA,IN
20220914064107,FACTORY,0032,EMMANUEL,MILYANGO,IN
20220914064342,FACTORY,V008,HAMIS,MFINANGA,IN
20220914064414,FACTORY,0106,REHEMA,SIGE,IN
20220914064747,FACTORY,0015,ASHA,DIKUNGURUMA,IN
20220914064756,FACTORY,0046,HAMNE,MAHANYU,IN
20220914064942,FACTORY,0117,SHOMARI,SONG'E,IN
20220914064948,FACTORY,0035,EVALISTA,MAKUWA,IN
20220914065005,FACTORY,0029,DUNIA,BOGOZO,IN
20220914065026,FACTORY,0060,JOYCE,MASHELI,IN
20220914065032,FACTORY,0053,HERIETH,KAIMKILWA,IN
20220914065038,FACTORY,0100,RAJAB,MMBAGA,IN
20220914065052,FACTORY,V007,ANDREW,MASSAWE,IN
20220914065219,FACTORY,0004,ABDULKADIR,JUMA,IN
20220914065328,FACTORY,0065,HADIJA,KAWAMBWA,IN
20220914065506,FACTORY,0123,VICENT,MBUNGANI,IN
20220914065522,FACTORY,0068,LAMBART,ABELI,IN
20220914065543,FACTORY,108,ROSE,GRIGORY,IN
20220914065825,FACTORY,V024,AMANI,KINYAGA,IN
20220914065947,FACTORY,0072,MAGRETH,BANDA,IN
20220914070124,FACTORY,0116,SHABANI,NGOGOMI,IN
20220914070202,FACTORY,0129,ZAINABU,RIVAVODI,IN
20220914070324,FACTORY,0024,DAUDI,ISMAIL,IN
20220914070409,FACTORY,V006,JENIPHA,MUSHI,IN
20220914070618,FACTORY,0098,PATRICK,ALFRED,IN
20220914070636,FACTORY,0142,WILLIAM,USANGA,IN
20220914070742,FACTORY,0137,JANETH,TENDEGA,IN
20220914070742,FACTORY,0137,JANETH,TENDEGA,IN
20220914070812,FACTORY,0088,MWARAMI,KANIKI,IN
20220914070821,FACTORY,V003,ALLY,ALLY,IN
20220914070840,OFFICE,0040,FRANK,MARIKI,IN
20220914071230,FACTORY,0064,KHADIJA,MAKEYA,IN
20220914071241,FACTORY,V020,LUKAS,KIMBAWALA,IN
20220914071313,FACTORY,0043,GEORGINA,MILLINGA,IN
20220914071518,FACTORY,0096,OCTAVIAN,LUCIAN,IN
20220914071651,FACTORY,0023,CLINTON,MKUDE,OUT
20220914071656,FACTORY,0081,MOHAMED,MOLLI,OUT
20220914071728,FACTORY,0062,JUMA,MSHAURI,IN
20220914071839,FACTORY,0066,KITAMBALA,KITAMBALA,OUT
20220914071846,FACTORY,0034,ERICK,TIBALILA,OUT
20220914072440,OFFICE,0135,NOAH,MPANGALA,IN
20220914072753,OFFICE,V001,FLORA,LISANGA,IN
20220914072947,FACTORY,V004,SAITOTI,SAITOTI,IN
20220914073053,FACTORY,0121,UPENDO,ZANI,OUT
20220914073149,FACTORY,0026,DAVID,KINDOLE,OUT
20220914073258,FACTORY,V021,SAID,MTIMBIA,IN
20220914073303,FACTORY,109,RUDOLF,TAIRO,IN
20220914074058,FACTORY,413988,GEOFREY,MOMBO,IN
20220914074815,OFFICE,V002,ZAITUNI,SIMBA,IN
20220914075007,FACTORY,0045,HAIDARY,KIPUKA,IN
20220914075404,FACTORY,136,PETER,MALLYA,IN
20220914075423,FACTORY,0113,SALUM,MALENDA,IN
20220914075530,FACTORY,V016,NURU,LIANA,IN
20220914075545,FACTORY,V018,YUSRA,ALLY,IN
20220914075551,FACTORY,V013,PENINA,MIKAEL,IN
20220914075559,FACTORY,V014,REHEMA,ALLY,IN
20220914075635,FACTORY,V010,MARY,MASAWE,IN
20220914075641,FACTORY,V017,JACKLINE,MDEMLE,IN
20220914075705,FACTORY,V011,SALHA,MAINGO,IN
20220914075730,OFFICE,00140,MOHAMED,NYANGALIO,IN
20220914075922,FACTORY,V009,LIANA,JUMA,IN
20220914075927,OFFICE,0048,HAPPY,AKARO,IN
20220914080029,FACTORY,111,SAID,RWAMBO,IN
20220914080151,OFFICE,0008,AGNES,MUHINGA,IN
20220914080451,OFFICE,0019,BEATRICE,MALLE,IN
20220914080637,FACTORY,0133,FIZZA,NJOVU,IN
20220914081027,OFFICE,0099,PRISCA,ALPHONCE,IN
20220914081633,OFFICE,0124,VICTOR,NGUJI,IN
20220914081645,FACTORY,0132,ELIWAZA,KONGA,IN
20220914081847,OFFICE,0130,SUDI,UKONDWA,IN
20220914082020,OFFICE,0134,ALFRED,CHISAWILLO,IN
20220914082112,OFFICE,0006,ABRAHAM,MCHOME,IN
20220914082401,FACTORY,414152,MARTIN,SHILLA,IN
20220914091257,FACTORY,0069,LATIFA,MINTANGA,IN
20220914093222,FACTORY,0067,KULUTHUM,LUSONZO,IN
20220914094258,FACTORY,0087,MWANAMVUA,JUMAA,IN
20220914095349,FACTORY,0073,MAIMUNA,CHAMWITI,IN
20220914100552,FACTORY,0122,VERONICA,MZIA,IN
20220914110140,FACTORY,0035,EVALISTA,MAKUWA,OUT
20220914134157,FACTORY,0120,THERESIA,MLAWA,IN
20220914134632,FACTORY,0050,HASSANI,KUNGURUMA,IN
20220914134706,FACTORY,0001,ABDALLAH,ZAYUMBA,IN
20220914135902,FACTORY,V008,HAMIS,MFINANGA,OUT
20220914140003,FACTORY,V007,ANDREW,MASSAWE,OUT
20220914141132,FACTORY,0091,MWINYI,KIHAGA,IN
20220914142343,FACTORY,0055,IMAMU,KIBINDO,IN
20220914142350,FACTORY,0080,MIRAJI,JANGALU,IN
20220914142356,FACTORY,0125,WALTER,MAPUNDA,IN
20220914142407,FACTORY,0014,ALLY ,CHANDE,IN
20220914142602,FACTORY,0021,BETRAM,NTILLA,IN
20220914142650,FACTORY,0018,BAKARI,MAULID,IN
20220914142701,FACTORY,0112,SALUM,LIKONJOGO,IN
20220914142751,FACTORY,0016,ASHURA,MWENE,IN
20220914142950,FACTORY,V007,MWAMINI,OMARY,IN
20220914143027,FACTORY,0116,SHABANI,NGOGOMI,OUT
20220914143032,FACTORY,0059,JOSEPH,SHENKOME,OUT
20220914143055,FACTORY,V024,AMANI,KINYAGA,OUT
20220914143101,FACTORY,0060,JOYCE,MASHELI,OUT
20220914143118,FACTORY,0030,ELIZABETH,HIZZA,IN
20220914143122,FACTORY,0077,MATTO,MSANGI,IN
20220914143127,FACTORY,0118,SIKUDHANI,MGENI,IN
20220914143143,FACTORY,0137,JANETH,TENDEGA,OUT
20220914143143,FACTORY,0137,JANETH,TENDEGA,OUT
20220914143152,FACTORY,108,ROSE,GRIGORY,OUT
20220914143201,FACTORY,0098,PATRICK,ALFRED,OUT
20220914143214,FACTORY,0053,HERIETH,KAIMKILWA,OUT
20220914143220,FACTORY,0024,DAUDI,ISMAIL,OUT
20220914143226,FACTORY,0043,GEORGINA,MILLINGA,OUT
20220914143241,FACTORY,0072,MAGRETH,BANDA,OUT
20220914143304,FACTORY,0056,JACOB,BELLA,OUT
20220914143408,FACTORY,0025,DAUDI,KIPENGELE,OUT
20220914143416,FACTORY,0096,OCTAVIAN,LUCIAN,OUT
20220914143425,FACTORY,0117,SHOMARI,SONG'E,OUT
20220914143549,FACTORY,0129,ZAINABU,RIVAVODI,OUT
20220914143726,FACTORY,0107,REHEMA,KIZONGO,IN
20220914143755,FACTORY,0068,LAMBART,ABELI,OUT
20220914143903,FACTORY,0110,SAAD,MGULE,IN
20220914143908,FACTORY,0114,SALUM,SALUM,IN
20220914144010,FACTORY,0082,MOHAMED,MSAKA,OUT
20220914144135,FACTORY,128,YUSUPH,MTAMBO,IN
20220914144229,FACTORY,0031,ELIZABETH,SIBHOT,IN
20220914152142,FACTORY,109,RUDOLF,TAIRO,OUT
20220914152335,FACTORY,0123,VICENT,MBUNGANI,OUT
20220914155640,FACTORY,V003,ALLY,ALLY,OUT
20220914155855,OFFICE,0040,FRANK,MARIKI,OUT
20220914160022,FACTORY,0088,MWARAMI,KANIKI,OUT
20220914160037,FACTORY,V004,SAITOTI,SAITOTI,OUT
20220914160428,FACTORY,0032,EMMANUEL,MILYANGO,OUT
20220914160553,FACTORY,0020,BENSON,BIMBONA,OUT
20220914160605,FACTORY,V006,JENIPHA,MUSHI,OUT
20220914162912,FACTORY,V005,JOHN,LIMBE,OUT
20220914164610,FACTORY,0062,JUMA,MSHAURI,OUT
20220914164619,FACTORY,V020,LUKAS,KIMBAWALA,OUT
20220914164812,FACTORY,V021,SAID,MTIMBIA,OUT
20220914165650,OFFICE,0019,BEATRICE,MALLE,OUT
20220914165701,FACTORY,136,PETER,MALLYA,OUT
20220914170127,FACTORY,V018,YUSRA,ALLY,OUT
20220914170157,OFFICE,0006,ABRAHAM,MCHOME,OUT
20220914170226,OFFICE,0124,VICTOR,NGUJI,OUT
20220914170231,FACTORY,V014,REHEMA,ALLY,OUT
20220914170240,OFFICE,00140,MOHAMED,NYANGALIO,OUT
20220914170304,OFFICE,0099,PRISCA,ALPHONCE,OUT
20220914170355,FACTORY,V016,NURU,LIANA,OUT
20220914170401,FACTORY,V017,JACKLINE,MDEMLE,OUT
20220914170406,FACTORY,413988,GEOFREY,MOMBO,OUT
20220914170416,FACTORY,V011,SALHA,MAINGO,OUT
20220914170425,FACTORY,V010,MARY,MASAWE,OUT
20220914170538,FACTORY,V009,LIANA,JUMA,OUT
20220914170544,FACTORY,V013,PENINA,MIKAEL,OUT
20220914170858,OFFICE,0135,NOAH,MPANGALA,OUT
20220914170924,FACTORY,0142,WILLIAM,USANGA,OUT
20220914171312,OFFICE,0130,SUDI,UKONDWA,OUT
20220914171601,FACTORY,0133,FIZZA,NJOVU,OUT
20220914171709,OFFICE,0008,AGNES,MUHINGA,OUT
20220914171811,OFFICE,V002,ZAITUNI,SIMBA,OUT
20220914172049,OFFICE,0076,ANNA, IRENGO,OUT
20220914172529,FACTORY,0132,ELIWAZA,KONGA,OUT
20220914173422,FACTORY,0048,HAPPY,AKARO,OUT
20220914174630,FACTORY,0134,ALFRED,CHISAWILLO,OUT
20220914175926,OFFICE,414152,MARTIN,SHILLA,OUT
20220914184742,FACTORY,0023,CLINTON,MKUDE,IN
20220914185317,FACTORY,0081,MOHAMED,MOLLI,IN
20220914185830,FACTORY,0034,ERICK,TIBALILA,IN
20220914185907,FACTORY,0034,ERICK,TIBALILA,IN
20220914190026,FACTORY,0089,MWASHABANI,SWALEHE,OUT
20220914190033,FACTORY,0046,HAMNE,MAHANYU,OUT
20220914190039,FACTORY,0065,HADIJA,KAWAMBWA,OUT
20220914190046,FACTORY,0064,KHADIJA,MAKEYA,OUT
20220914190053,FACTORY,0106,REHEMA,SIGE,OUT
20220914190102,FACTORY,0015,ASHA,DIKUNGURUMA,OUT
20220914190125,FACTORY,0029,DUNIA,BOGOZO,OUT
20220914190311,FACTORY,0054,IBRAHIM,BABONYE,OUT
20220914190318,FACTORY,0004,ABDULKADIR,JUMA,OUT
20220914190623,FACTORY,0100,RAJAB,MMBAGA,OUT
20220914192232,FACTORY,0066,KITAMBALA,KITAMBALA,IN
20220914203006,FACTORY,0125,WALTER,MAPUNDA,OUT
20220914203013,FACTORY,0014,ALLY ,CHANDE,OUT
20220914213939,FACTORY,0121,UPENDO,ZANI,IN
20220914215903,FACTORY,0067,KULUTHUM,LUSONZO,OUT
20220914215910,FACTORY,V007,MWAMINI,OMARY,OUT
20220914220008,FACTORY,0073,MAIMUNA,CHAMWITI,OUT
20220914220014,FACTORY,0107,REHEMA,KIZONGO,OUT
20220914220022,FACTORY,0022,CHARLES,KIBAVU,OUT
20220914220026,FACTORY,0077,MATTO,MSANGI,OUT
20220914220030,FACTORY,0069,LATIFA,MINTANGA,OUT
20220914220038,FACTORY,0050,HASSANI,KUNGURUMA,OUT
20220914220044,FACTORY,0018,BAKARI,MAULID,OUT
20220914220051,FACTORY,0087,MWANAMVUA,JUMAA,OUT
20220914220102,FACTORY,0118,SIKUDHANI,MGENI,OUT
20220914220108,FACTORY,0030,ELIZABETH,HIZZA,OUT
20220914220114,FACTORY,0122,VERONICA,MZIA,OUT
20220914220120,FACTORY,0016,ASHURA,MWENE,OUT
20220914220127,FACTORY,0080,MIRAJI,JANGALU,OUT
20220914220132,FACTORY,0091,MWINYI,KIHAGA,OUT
20220914220138,FACTORY,0110,SAAD,MGULE,OUT
20220914220143,FACTORY,0031,ELIZABETH,SIBHOT,OUT
20220914220208,FACTORY,0120,THERESIA,MLAWA,OUT
20220914220213,FACTORY,0055,IMAMU,KIBINDO,OUT
20220914220233,FACTORY,0112,SALUM,LIKONJOGO,OUT
20220914220625,FACTORY,128,YUSUPH,MTAMBO,OUT
20220914220907,FACTORY,0114,SALUM,SALUM,OUT
20220914220915,FACTORY,0021,BETRAM,NTILLA,OUT
20220914220921,FACTORY,0001,ABDALLAH,ZAYUMBA,OUT
20220914221101,FACTORY,0026,DAVID,KINDOLE,IN
20220915061721,FACTORY,0059,JOSEPH,SHENKOME,IN
20220915062612,FACTORY,V008,HAMIS,MFINANGA,IN
20220915063205,OFFICE,414152,MARTIN,SHILLA,IN
20220915063246,FACTORY,0082,MOHAMED,MSAKA,IN
20220915063701,OFFICE,V005,JOHN,LIMBE,IN
20220915063927,FACTORY,0025,DAUDI,KIPENGELE,IN
20220915064210,FACTORY,V004,SAITOTI,SAITOTI,IN
20220915064708,FACTORY,0032,EMMANUEL,MILYANGO,IN
20220915064852,FACTORY,0064,KHADIJA,MAKEYA,IN
20220915064929,FACTORY,0046,HAMNE,MAHANYU,IN
20220915065042,FACTORY,0060,JOYCE,MASHELI,IN
20220915065049,FACTORY,0035,EVALISTA,MAKUWA,IN
20220915065058,FACTORY,0051,HASSAN,SULEIMAN,IN
20220915065225,FACTORY,0068,LAMBART,ABELI,IN
20220915065310,FACTORY,0083,MOSES,ELIAS,IN
20220915065435,FACTORY,0142,WILLIAM,USANGA,IN
20220915065535,FACTORY,V007,ANDREW,MASSAWE,IN
20220915065610,FACTORY,0057,JACKSON,MDEMU,IN
20220915065710,FACTORY,0024,DAUDI,ISMAIL,IN
20220915065821,FACTORY,0117,SHOMARI,SONG'E,IN
20220915065834,FACTORY,0116,SHABANI,NGOGOMI,IN
20220915065917,FACTORY,0106,REHEMA,SIGE,IN
20220915065929,FACTORY,0065,HADIJA,KAWAMBWA,IN
20220915065935,FACTORY,0072,MAGRETH,BANDA,IN
20220915065941,FACTORY,0101,RAJABU,RAJABU,IN
20220915065948,FACTORY,0015,ASHA,DIKUNGURUMA,IN
20220915070001,FACTORY,0098,PATRICK,ALFRED,IN
20220915070008,FACTORY,0129,ZAINABU,RIVAVODI,IN
20220915070116,FACTORY,0056,JACOB,BELLA,IN
20220915070249,FACTORY,0137,JANETH,TENDEGA,IN
20220915070249,FACTORY,0137,JANETH,TENDEGA,IN
20220915070314,FACTORY,0121,UPENDO,ZANI,OUT
20220915070319,FACTORY,0043,GEORGINA,MILLINGA,IN
20220915070325,FACTORY,0096,OCTAVIAN,LUCIAN,IN
20220915070523,FACTORY,V006,JENIPHA,MUSHI,IN
20220915070547,OFFICE,0040,FRANK,MARIKI,IN
20220915070638,FACTORY,0123,VICENT,MBUNGANI,IN
20220915070845,FACTORY,0053,HERIETH,KAIMKILWA,IN
20220915071036,FACTORY,0088,MWARAMI,KANIKI,IN
20220915071302,FACTORY,V003,ALLY,ALLY,IN
20220915071515,FACTORY,V024,AMANI,KINYAGA,IN
20220915071554,FACTORY,0031,ELIZABETH,SIBHOT,IN
20220915071758,FACTORY,V014,REHEMA,ALLY,IN
20220915071821,FACTORY,109,RUDOLF,TAIRO,IN
20220915072209,FACTORY,0023,CLINTON,MKUDE,OUT
20220915072214,FACTORY,0081,MOHAMED,MOLLI,OUT
20220915072553,FACTORY,0066,KITAMBALA,KITAMBALA,OUT
20220915072816,FACTORY,0066,KITAMBALA,KITAMBALA,OUT
20220915072821,OFFICE,V001,FLORA,LISANGA,IN
20220915072846,OFFICE,0006,ABRAHAM,MCHOME,IN
20220915072903,FACTORY,0034,ERICK,TIBALILA,OUT
20220915073005,FACTORY,0026,DAVID,KINDOLE,OUT
20220915073035,FACTORY,V021,SAID,MTIMBIA,IN
20220915073310,FACTORY,0045,HAIDARY,KIPUKA,IN
20220915073413,FACTORY,0089,MWASHABANI,SWALEHE,IN
20220915074410,OFFICE,00140,MOHAMED,NYANGALIO,IN
20220915074451,OFFICE,0048,HAPPY,AKARO,IN
20220915074659,OFFICE,0135,NOAH,MPANGALA,IN
20220915075058,FACTORY,111,SAID,RWAMBO,IN
20220915075105,FACTORY,0132,ELIWAZA,KONGA,IN
20220915075110,FACTORY,0113,SALUM,MALENDA,IN
20220915075224,FACTORY,136,PETER,MALLYA,IN
20220915075240,FACTORY,V013,PENINA,MIKAEL,IN
20220915075415,FACTORY,413988,GEOFREY,MOMBO,IN
20220915075504,FACTORY,V010,MARY,MASAWE,IN
20220915075525,FACTORY,V009,LIANA,JUMA,IN
20220915075704,FACTORY,0008,AGNES,MUHINGA,IN
20220915075714,FACTORY,V018,YUSRA,ALLY,IN
20220915075829,FACTORY,V019,ANASTAZIA,SWAI,IN
20220915075846,FACTORY,V017,JACKLINE,MDEMLE,IN
20220915075923,FACTORY,V016,NURU,LIANA,IN
20220915075924,OFFICE,413981,VISHAL,KARA,IN
20220915075929,FACTORY,V011,SALHA,MAINGO,IN
20220915080231,OFFICE,0124,VICTOR,NGUJI,IN
20220915080605,OFFICE,0134,ALFRED,CHISAWILLO,IN
20220915080713,OFFICE,0099,PRISCA,ALPHONCE,IN
20220915080918,FACTORY,0133,FIZZA,NJOVU,IN
20220915081053,OFFICE,0019,BEATRICE,MALLE,IN
20220915081934,OFFICE,V002,ZAITUNI,SIMBA,IN
20220915082157,OFFICE,0130,SUDI,UKONDWA,IN
20220915093247,FACTORY,0087,MWANAMVUA,JUMAA,IN
20220915094016,FACTORY,0073,MAIMUNA,CHAMWITI,IN
20220915094118,FACTORY,0069,LATIFA,MINTANGA,IN
20220915095148,FACTORY,0067,KULUTHUM,LUSONZO,IN
20220915100330,FACTORY,0122,VERONICA,MZIA,IN
20220915121736,OFFICE,0076,ANNA, IRENGO,IN
20220915134613,FACTORY,0050,HASSANI,KUNGURUMA,IN
20220915140245,FACTORY,V007,ANDREW,MASSAWE,OUT
20220915140252,FACTORY,V008,HAMIS,MFINANGA,OUT
20220915140614,FACTORY,0001,ABDALLAH,ZAYUMBA,IN
20220915141933,FACTORY,0125,WALTER,MAPUNDA,IN
20220915141940,FACTORY,0022,CHARLES,KIBAVU,IN
20220915142434,FACTORY,0080,MIRAJI,JANGALU,IN
20220915142526,FACTORY,0118,SIKUDHANI,MGENI,IN
20220915142603,FACTORY,0021,BETRAM,NTILLA,IN
20220915142652,FACTORY,0112,SALUM,LIKONJOGO,IN
20220915142710,FACTORY,V007,MWAMINI,OMARY,IN
20220915142752,FACTORY,0018,BAKARI,MAULID,IN
20220915142829,FACTORY,0008,AGNES,MUHINGA,OUT
20220915142922,FACTORY,0091,MWINYI,KIHAGA,IN
20220915143004,FACTORY,0031,ELIZABETH,SIBHOT,OUT
20220915143012,FACTORY,0056,JACOB,BELLA,OUT
20220915143028,FACTORY,0043,GEORGINA,MILLINGA,OUT
20220915143042,FACTORY,0014,ALLY ,CHANDE,IN
20220915143100,FACTORY,0059,JOSEPH,SHENKOME,OUT
20220915143137,FACTORY,128,YUSUPH,MTAMBO,IN
20220915143142,FACTORY,128,YUSUPH,MTAMBO,OUT
20220915143149,FACTORY,128,YUSUPH,MTAMBO,IN
20220915143201,FACTORY,0060,JOYCE,MASHELI,OUT
20220915143206,FACTORY,0035,EVALISTA,MAKUWA,OUT
20220915143212,FACTORY,0053,HERIETH,KAIMKILWA,OUT
20220915143218,FACTORY,0025,DAUDI,KIPENGELE,OUT
20220915143224,FACTORY,0137,JANETH,TENDEGA,OUT
20220915143224,FACTORY,0137,JANETH,TENDEGA,OUT
20220915143235,FACTORY,V024,AMANI,KINYAGA,OUT
20220915143239,FACTORY,0030,ELIZABETH,HIZZA,IN
20220915143245,FACTORY,0024,DAUDI,ISMAIL,OUT
20220915143311,FACTORY,0116,SHABANI,NGOGOMI,OUT
20220915143336,FACTORY,0098,PATRICK,ALFRED,OUT
20220915143345,FACTORY,0117,SHOMARI,SONG'E,OUT
20220915143349,FACTORY,0077,MATTO,MSANGI,IN
20220915143433,FACTORY,0129,ZAINABU,RIVAVODI,OUT
20220915143456,FACTORY,0107,REHEMA,KIZONGO,IN
20220915143532,FACTORY,0016,ASHURA,MWENE,IN
20220915143927,FACTORY,0082,MOHAMED,MSAKA,OUT
20220915144042,FACTORY,109,RUDOLF,TAIRO,OUT
20220915144053,FACTORY,0096,OCTAVIAN,LUCIAN,OUT
20220915144124,FACTORY,0016,ASHURA,MWENE,IN
20220915144214,FACTORY,0068,LAMBART,ABELI,OUT
20220915144658,FACTORY,0110,SAAD,MGULE,IN
20220915145411,FACTORY,0114,SALUM,SALUM,IN
20220915145438,FACTORY,0080,MIRAJI,JANGALU,IN
20220915152400,FACTORY,V004,SAITOTI,SAITOTI,OUT
20220915155736,OFFICE,0040,FRANK,MARIKI,OUT
20220915155911,FACTORY,V021,SAID,MTIMBIA,OUT
20220915160225,FACTORY,V005,JOHN,LIMBE,OUT
20220915160306,FACTORY,V006,JENIPHA,MUSHI,OUT
20220915160436,FACTORY,0032,EMMANUEL,MILYANGO,OUT
20220915164526,OFFICE,0019,BEATRICE,MALLE,OUT
20220915164818,OFFICE,413981,VISHAL,KARA,OUT
20220915165522,OFFICE,0124,VICTOR,NGUJI,OUT
20220915165653,OFFICE,0006,ABRAHAM,MCHOME,OUT
20220915165847,FACTORY,136,PETER,MALLYA,OUT
20220915170048,FACTORY,V018,YUSRA,ALLY,OUT
20220915170054,FACTORY,V019,ANASTAZIA,SWAI,OUT
20220915170100,FACTORY,V017,JACKLINE,MDEMLE,OUT
20220915170123,FACTORY,V010,MARY,MASAWE,OUT
20220915170129,FACTORY,V016,NURU,LIANA,OUT
20220915170149,FACTORY,V011,SALHA,MAINGO,OUT
20220915170156,FACTORY,V013,PENINA,MIKAEL,OUT
20220915170202,FACTORY,V009,LIANA,JUMA,OUT
20220915170207,FACTORY,V014,REHEMA,ALLY,OUT
20220915170207,OFFICE,00140,MOHAMED,NYANGALIO,OUT
20220915170221,FACTORY,0045,HAIDARY,KIPUKA,OUT
20220915170426,OFFICE,0099,PRISCA,ALPHONCE,OUT
20220915170904,OFFICE,V002,ZAITUNI,SIMBA,OUT
20220915171008,OFFICE,0130,SUDI,UKONDWA,OUT
20220915171114,OFFICE,0135,NOAH,MPANGALA,OUT
20220915171409,FACTORY,0048,HAPPY,AKARO,OUT
20220915173715,FACTORY,0134,ALFRED,CHISAWILLO,OUT
20220915174313,OFFICE,0076,ANNA, IRENGO,OUT
20220915181721,OFFICE,V001,FLORA,LISANGA,OUT
20220915184315,FACTORY,0084,MRISHO,HAUYESHI,IN
20220915185528,FACTORY,0121,UPENDO,ZANI,IN
20220915185710,FACTORY,0071,LEONARD,NZIGE,IN
20220915185910,FACTORY,0013,ALLY,SHAWEJI,IN
20220915185950,FACTORY,0089,MWASHABANI,SWALEHE,OUT
20220915190002,FACTORY,0030,ELIZABETH,HIZZA,OUT
20220915190009,FACTORY,0072,MAGRETH,BANDA,OUT
20220915190016,FACTORY,0065,HADIJA,KAWAMBWA,OUT
20220915190029,FACTORY,0046,HAMNE,MAHANYU,OUT
20220915190036,FACTORY,0064,KHADIJA,MAKEYA,OUT
20220915190043,FACTORY,0106,REHEMA,SIGE,OUT
20220915190056,FACTORY,0015,ASHA,DIKUNGURUMA,OUT
20220915190244,FACTORY,0083,MOSES,ELIAS,OUT
20220915190250,FACTORY,0057,JACKSON,MDEMU,OUT
20220915190333,FACTORY,V003,ALLY,ALLY,OUT
20220915190539,FACTORY,0051,HASSAN,SULEIMAN,OUT
20220915190545,FACTORY,0101,RAJABU,RAJABU,OUT
20220915191216,FACTORY,0042,GABRIEL,MBEYE,IN
20220915194203,OFFICE,414152,MARTIN,SHILLA,OUT
20220915215750,FACTORY,0077,MATTO,MSANGI,OUT
20220915215913,FACTORY,0067,KULUTHUM,LUSONZO,OUT
20220915215959,FACTORY,0073,MAIMUNA,CHAMWITI,OUT
20220915220020,FACTORY,0055,IMAMU,KIBINDO,OUT
20220915220048,FACTORY,0107,REHEMA,KIZONGO,OUT
20220915220100,FACTORY,0069,LATIFA,MINTANGA,OUT
20220915220104,FACTORY,0087,MWANAMVUA,JUMAA,OUT
20220915220110,FACTORY,0118,SIKUDHANI,MGENI,OUT
20220915220117,FACTORY,0016,ASHURA,MWENE,OUT
20220915220129,FACTORY,0122,VERONICA,MZIA,OUT
20220915220134,FACTORY,0018,BAKARI,MAULID,OUT
20220915220144,FACTORY,0022,CHARLES,KIBAVU,OUT
20220915220150,FACTORY,V007,MWAMINI,OMARY,OUT
20220915220155,FACTORY,0080,MIRAJI,JANGALU,OUT
20220915220201,FACTORY,0110,SAAD,MGULE,OUT
20220915220207,FACTORY,0050,HASSANI,KUNGURUMA,OUT
20220915220216,FACTORY,0125,WALTER,MAPUNDA,OUT
20220915220337,FACTORY,0112,SALUM,LIKONJOGO,OUT
20220915220618,FACTORY,0014,ALLY ,CHANDE,OUT
20220915220647,FACTORY,0091,MWINYI,KIHAGA,OUT
20220915221007,FACTORY,0001,ABDALLAH,ZAYUMBA,OUT
20220915221016,FACTORY,0114,SALUM,SALUM,OUT
20220915221025,FACTORY,0021,BETRAM,NTILLA,OUT
20220915221109,FACTORY,128,YUSUPH,MTAMBO,OUT
20220915221657,FACTORY,0026,DAVID,KINDOLE,IN
20220915232016,FACTORY,0133,FIZZA,NJOVU,OUT
20220915233039,FACTORY,0132,ELIWAZA,KONGA,OUT
20220916004620,FACTORY,0142,WILLIAM,USANGA,OUT
20220916010250,FACTORY,413988,GEOFREY,MOMBO,OUT
20220916055235,FACTORY,0089,MWASHABANI,SWALEHE,IN
20220916062112,FACTORY,0059,JOSEPH,SHENKOME,IN
20220916062732,FACTORY,0056,JACOB,BELLA,IN
20220916063725,OFFICE,0020,BENSON,BIMBONA,IN
20220916064010,FACTORY,V005,JOHN,LIMBE,IN
20220916064101,FACTORY,V008,HAMIS,MFINANGA,IN
20220916064117,FACTORY,V007,ANDREW,MASSAWE,IN
20220916064639,FACTORY,0068,LAMBART,ABELI,IN
20220916064647,FACTORY,0142,WILLIAM,USANGA,IN
20220916064733,FACTORY,0082,MOHAMED,MSAKA,IN
20220916065205,FACTORY,0030,ELIZABETH,HIZZA,IN
20220916065211,FACTORY,0116,SHABANI,NGOGOMI,IN
20220916065357,FACTORY,0051,HASSAN,SULEIMAN,IN
20220916065516,FACTORY,0137,JANETH,TENDEGA,IN
20220916065516,FACTORY,0137,JANETH,TENDEGA,IN
20220916065523,FACTORY,0024,DAUDI,ISMAIL,IN
20220916065545,FACTORY,0083,MOSES,ELIAS,IN
20220916065614,FACTORY,0046,HAMNE,MAHANYU,IN
20220916065620,FACTORY,0035,EVALISTA,MAKUWA,IN
20220916065626,FACTORY,0060,JOYCE,MASHELI,IN
20220916065638,FACTORY,0025,DAUDI,KIPENGELE,IN
20220916065654,FACTORY,0057,JACKSON,MDEMU,IN
20220916065701,FACTORY,0101,RAJABU,RAJABU,IN
20220916065720,FACTORY,0065,HADIJA,KAWAMBWA,IN
20220916065753,FACTORY,0117,SHOMARI,SONG'E,IN
20220916065759,FACTORY,0053,HERIETH,KAIMKILWA,IN
20220916065857,FACTORY,0129,ZAINABU,RIVAVODI,IN
20220916070014,FACTORY,0098,PATRICK,ALFRED,IN
20220916070027,FACTORY,0072,MAGRETH,BANDA,IN
20220916070201,FACTORY,0032,EMMANUEL,MILYANGO,IN
20220916070541,FACTORY,V020,LUKAS,KIMBAWALA,IN
20220916070831,FACTORY,0031,ELIZABETH,SIBHOT,IN
20220916070942,FACTORY,V006,JENIPHA,MUSHI,IN
20220916071201,OFFICE,0040,FRANK,MARIKI,IN
20220916071233,FACTORY,V004,SAITOTI,SAITOTI,IN
20220916071303,FACTORY,0121,UPENDO,ZANI,OUT
20220916071327,FACTORY,V024,AMANI,KINYAGA,IN
20220916071628,FACTORY,0106,REHEMA,SIGE,IN
20220916071704,FACTORY,0071,LEONARD,NZIGE,OUT
20220916071711,FACTORY,0015,ASHA,DIKUNGURUMA,IN
20220916071717,FACTORY,0013,ALLY,SHAWEJI,OUT
20220916071725,FACTORY,413988,GEOFREY,MOMBO,IN
20220916071931,FACTORY,0062,JUMA,MSHAURI,IN
20220916072126,FACTORY,109,RUDOLF,TAIRO,IN
20220916072151,FACTORY,0042,GABRIEL,MBEYE,OUT
20220916072325,FACTORY,V003,ALLY,ALLY,IN
20220916072408,FACTORY,0084,MRISHO,HAUYESHI,OUT
20220916072631,FACTORY,0026,DAVID,KINDOLE,OUT
20220916072643,FACTORY,,PATRICK,ODAWA,IN
20220916072740,FACTORY,V021,SAID,MTIMBIA,OUT
20220916072947,FACTORY,0064,KHADIJA,MAKEYA,IN
20220916073019,OFFICE,0135,NOAH,MPANGALA,IN
20220916073028,OFFICE,V001,FLORA,LISANGA,IN
20220916073448,FACTORY,0043,GEORGINA,MILLINGA,IN
20220916074828,FACTORY,0045,HAIDARY,KIPUKA,IN
20220916074857,FACTORY,111,SAID,RWAMBO,IN
20220916074937,FACTORY,0113,SALUM,MALENDA,IN
20220916075117,OFFICE,0124,VICTOR,NGUJI,IN
20220916075425,OFFICE,0006,ABRAHAM,MCHOME,IN
20220916075432,OFFICE,00140,MOHAMED,NYANGALIO,IN
20220916075502,FACTORY,0088,MWARAMI,KANIKI,IN
20220916075604,OFFICE,413981,VISHAL,KARA,IN
20220916075652,FACTORY,136,PETER,MALLYA,IN
20220916075738,FACTORY,V014,REHEMA,ALLY,IN
20220916075748,FACTORY,V010,MARY,MASAWE,IN
20220916075814,FACTORY,V019,ANASTAZIA,SWAI,IN
20220916075830,FACTORY,V018,YUSRA,ALLY,IN
20220916075836,FACTORY,V009,LIANA,JUMA,IN
20220916075925,FACTORY,V017,JACKLINE,MDEMLE,IN
20220916075938,OFFICE,0048,HAPPY,AKARO,IN
20220916080034,FACTORY,V011,SALHA,MAINGO,IN
20220916080053,FACTORY,V016,NURU,LIANA,IN
20220916080058,FACTORY,V013,PENINA,MIKAEL,IN
20220916080132,FACTORY,0132,ELIWAZA,KONGA,IN
20220916080150,OFFICE,0099,PRISCA,ALPHONCE,IN
20220916080351,OFFICE,0008,AGNES,MUHINGA,IN
20220916080933,OFFICE,0130,SUDI,UKONDWA,IN
20220916080937,FACTORY,0133,FIZZA,NJOVU,IN
20220916081014,FACTORY,414152,MARTIN,SHILLA,IN
20220916081018,OFFICE,0019,BEATRICE,MALLE,IN
20220916082000,FACTORY,0134,ALFRED,CHISAWILLO,IN
20220916083312,OFFICE,V002,ZAITUNI,SIMBA,IN
20220916091853,FACTORY,0087,MWANAMVUA,JUMAA,IN
20220916095818,FACTORY,0067,KULUTHUM,LUSONZO,IN
20220916100833,FACTORY,0073,MAIMUNA,CHAMWITI,IN
20220916101739,OFFICE,0076,ANNA, IRENGO,IN
20220916102245,FACTORY,0069,LATIFA,MINTANGA,IN
20220916102252,FACTORY,0122,VERONICA,MZIA,IN
20220916135359,FACTORY,0001,ABDALLAH,ZAYUMBA,IN
20220916135749,FACTORY,0050,HASSANI,KUNGURUMA,IN
20220916140102,FACTORY,V008,HAMIS,MFINANGA,OUT
20220916140129,FACTORY,V007,ANDREW,MASSAWE,OUT
20220916141801,FACTORY,0022,CHARLES,KIBAVU,IN
20220916141927,FACTORY,0077,MATTO,MSANGI,IN
20220916142146,FACTORY,0112,SALUM,LIKONJOGO,IN
20220916142156,FACTORY,0021,BETRAM,NTILLA,IN
20220916142644,FACTORY,0080,MIRAJI,JANGALU,IN
20220916142910,FACTORY,0118,SIKUDHANI,MGENI,IN
20220916142932,FACTORY,V007,MWAMINI,OMARY,IN
20220916142937,FACTORY,0091,MWINYI,KIHAGA,IN
20220916142948,FACTORY,0055,IMAMU,KIBINDO,IN
20220916143008,FACTORY,0018,BAKARI,MAULID,IN
20220916143013,FACTORY,0116,SHABANI,NGOGOMI,OUT
20220916143027,FACTORY,0089,MWASHABANI,SWALEHE,OUT
20220916143033,FACTORY,0035,EVALISTA,MAKUWA,OUT
20220916143042,FACTORY,0053,HERIETH,KAIMKILWA,OUT
20220916143046,FACTORY,0030,ELIZABETH,HIZZA,OUT
20220916143115,FACTORY,0059,JOSEPH,SHENKOME,OUT
20220916143121,FACTORY,0123,VICENT,MBUNGANI,IN
20220916143128,FACTORY,0060,JOYCE,MASHELI,OUT
20220916143135,FACTORY,0129,ZAINABU,RIVAVODI,OUT
20220916143146,FACTORY,0056,JACOB,BELLA,OUT
20220916143157,FACTORY,V024,AMANI,KINYAGA,OUT
20220916143208,FACTORY,0043,GEORGINA,MILLINGA,OUT
20220916143232,FACTORY,0137,JANETH,TENDEGA,OUT
20220916143232,FACTORY,0137,JANETH,TENDEGA,OUT
20220916143259,FACTORY,0024,DAUDI,ISMAIL,OUT
20220916143316,FACTORY,0025,DAUDI,KIPENGELE,OUT
20220916143324,FACTORY,0031,ELIZABETH,SIBHOT,OUT
20220916143339,FACTORY,0117,SHOMARI,SONG'E,OUT
20220916143544,FACTORY,109,RUDOLF,TAIRO,OUT
20220916143607,FACTORY,128,YUSUPH,MTAMBO,IN
20220916143610,FACTORY,128,YUSUPH,MTAMBO,IN
20220916143627,FACTORY,0098,PATRICK,ALFRED,OUT
20220916143836,FACTORY,0107,REHEMA,KIZONGO,IN
20220916144110,FACTORY,0082,MOHAMED,MSAKA,OUT
20220916144455,FACTORY,0068,LAMBART,ABELI,OUT
20220916144714,FACTORY,0016,ASHURA,MWENE,IN
20220916150154,FACTORY,0110,SAAD,MGULE,IN
20220916154724,FACTORY,V004,SAITOTI,SAITOTI,OUT
20220916160010,FACTORY,V003,ALLY,ALLY,OUT
20220916160017,FACTORY,413988,GEOFREY,MOMBO,OUT
20220916160033,FACTORY,0088,MWARAMI,KANIKI,OUT
20220916160102,OFFICE,0040,FRANK,MARIKI,OUT
20220916160107,FACTORY,0062,JUMA,MSHAURI,OUT
20220916160504,OFFICE,0020,BENSON,BIMBONA,OUT
20220916160529,FACTORY,V006,JENIPHA,MUSHI,OUT
20220916160617,FACTORY,V021,SAID,MTIMBIA,OUT
20220916160737,FACTORY,0032,EMMANUEL,MILYANGO,OUT
20220916160743,FACTORY,V020,LUKAS,KIMBAWALA,OUT
20220916163649,FACTORY,V005,JOHN,LIMBE,OUT
20220916165153,OFFICE,413981,VISHAL,KARA,OUT
20220916165844,FACTORY,136,PETER,MALLYA,OUT
20220916165954,FACTORY,V018,YUSRA,ALLY,OUT
20220916170004,FACTORY,V019,ANASTAZIA,SWAI,OUT
20220916170010,FACTORY,V017,JACKLINE,MDEMLE,OUT
20220916170022,FACTORY,V016,NURU,LIANA,OUT
20220916170103,FACTORY,V009,LIANA,JUMA,OUT
20220916170129,FACTORY,V010,MARY,MASAWE,OUT
20220916170135,FACTORY,V013,PENINA,MIKAEL,OUT
20220916170145,FACTORY,V011,SALHA,MAINGO,OUT
20220916170224,OFFICE,00140,MOHAMED,NYANGALIO,OUT
20220916170233,FACTORY,0045,HAIDARY,KIPUKA,OUT
20220916170235,OFFICE,0006,ABRAHAM,MCHOME,OUT
20220916170339,OFFICE,0124,VICTOR,NGUJI,OUT
20220916170759,OFFICE,V002,ZAITUNI,SIMBA,OUT
20220916171030,OFFICE,0008,AGNES,MUHINGA,OUT
20220916171107,OFFICE,0076,ANNA, IRENGO,OUT
20220916171121,OFFICE,0130,SUDI,UKONDWA,OUT
20220916171316,OFFICE,V001,FLORA,LISANGA,OUT
20220916171515,OFFICE,0048,HAPPY,AKARO,OUT
20220916171652,OFFICE,0099,PRISCA,ALPHONCE,OUT
20220916172312,OFFICE,0134,ALFRED,CHISAWILLO,OUT
20220916172806,OFFICE,,PATRICK,ODAWA,IN
20220916180344,OFFICE,0135,NOAH,MPANGALA,OUT
20220916182542,FACTORY,0133,FIZZA,NJOVU,OUT
20220916183938,FACTORY,0132,ELIWAZA,KONGA,OUT
20220916185047,FACTORY,0084,MRISHO,HAUYESHI,IN
20220916185134,FACTORY,0121,UPENDO,ZANI,IN
20220916185601,FACTORY,0013,ALLY,SHAWEJI,IN
20220916185608,FACTORY,414152,MARTIN,SHILLA,OUT
20220916190003,FACTORY,0046,HAMNE,MAHANYU,OUT
20220916190009,FACTORY,0065,HADIJA,KAWAMBWA,OUT
20220916190019,FACTORY,0064,KHADIJA,MAKEYA,OUT
20220916190029,FACTORY,0106,REHEMA,SIGE,OUT
20220916190116,FACTORY,0072,MAGRETH,BANDA,OUT
20220916190247,FACTORY,0083,MOSES,ELIAS,OUT
20220916190305,FACTORY,0057,JACKSON,MDEMU,OUT
20220916190621,FACTORY,0051,HASSAN,SULEIMAN,OUT
20220916190647,FACTORY,0101,RAJABU,RAJABU,OUT
20220916190724,FACTORY,0015,ASHA,DIKUNGURUMA,OUT
20220916190802,FACTORY,0071,LEONARD,NZIGE,IN
20220916190909,FACTORY,0042,GABRIEL,MBEYE,IN
20220916210928,FACTORY,0125,WALTER,MAPUNDA,IN
20220916212746,FACTORY,0142,WILLIAM,USANGA,OUT
20220916215530,FACTORY,0026,DAVID,KINDOLE,IN
20220916215737,FACTORY,0067,KULUTHUM,LUSONZO,OUT
20220916215812,FACTORY,0022,CHARLES,KIBAVU,OUT
20220916215822,FACTORY,V007,MWAMINI,OMARY,OUT
20220916215833,FACTORY,128,YUSUPH,MTAMBO,OUT
20220916215844,FACTORY,0055,IMAMU,KIBINDO,OUT
20220916215850,FACTORY,0073,MAIMUNA,CHAMWITI,OUT
20220916215856,FACTORY,0123,VICENT,MBUNGANI,OUT
20220916215903,FACTORY,0050,HASSANI,KUNGURUMA,OUT
20220916215913,FACTORY,0016,ASHURA,MWENE,OUT
20220916215920,FACTORY,0118,SIKUDHANI,MGENI,OUT
20220916215923,FACTORY,0077,MATTO,MSANGI,OUT
20220916215930,FACTORY,0087,MWANAMVUA,JUMAA,OUT
20220916220008,FACTORY,0069,LATIFA,MINTANGA,OUT
20220916220045,FACTORY,0018,BAKARI,MAULID,OUT
20220916220100,FACTORY,0080,MIRAJI,JANGALU,OUT
20220916220106,FACTORY,0122,VERONICA,MZIA,OUT
20220916220417,FACTORY,0112,SALUM,LIKONJOGO,OUT
20220916220439,FACTORY,0110,SAAD,MGULE,OUT
20220916220528,FACTORY,0091,MWINYI,KIHAGA,OUT
20220916220556,FACTORY,0021,BETRAM,NTILLA,OUT
20220916220618,FACTORY,0001,ABDALLAH,ZAYUMBA,OUT
20220916221716,FACTORY,0014,ALLY ,CHANDE,IN
20220916221723,FACTORY,0096,OCTAVIAN,LUCIAN,IN
20220917045827,FACTORY,0125,WALTER,MAPUNDA,OUT
20220917060435,FACTORY,0056,JACOB,BELLA,IN
20220917062735,FACTORY,0059,JOSEPH,SHENKOME,IN
20220917063201,FACTORY,0082,MOHAMED,MSAKA,IN
20220917063314,FACTORY,V008,HAMIS,MFINANGA,IN
20220917063639,FACTORY,0025,DAUDI,KIPENGELE,IN
20220917063708,FACTORY,0015,ASHA,DIKUNGURUMA,IN
20220917063834,FACTORY,0060,JOYCE,MASHELI,IN
20220917064127,FACTORY,V005,JOHN,LIMBE,IN
20220917064242,FACTORY,0089,MWASHABANI,SWALEHE,IN
20220917064322,FACTORY,0106,REHEMA,SIGE,IN
20220917064340,FACTORY,V007,ANDREW,MASSAWE,IN
20220917064516,OFFICE,0020,BENSON,BIMBONA,IN
20220917065013,FACTORY,0035,EVALISTA,MAKUWA,IN
20220917065022,FACTORY,0065,HADIJA,KAWAMBWA,IN
20220917065041,FACTORY,0057,JACKSON,MDEMU,IN
20220917065116,FACTORY,0051,HASSAN,SULEIMAN,IN
20220917065127,FACTORY,0129,ZAINABU,RIVAVODI,IN
20220917065144,FACTORY,0031,ELIZABETH,SIBHOT,IN
20220917065211,FACTORY,0083,MOSES,ELIAS,IN
20220917065339,FACTORY,0117,SHOMARI,SONG'E,IN
20220917065510,FACTORY,0046,HAMNE,MAHANYU,IN
20220917065704,FACTORY,0043,GEORGINA,MILLINGA,IN
20220917065834,FACTORY,0053,HERIETH,KAIMKILWA,IN
20220917065852,FACTORY,0030,ELIZABETH,HIZZA,IN
20220917065922,FACTORY,0024,DAUDI,ISMAIL,IN
20220917065934,FACTORY,0072,MAGRETH,BANDA,IN
20220917070227,FACTORY,0098,PATRICK,ALFRED,IN
20220917070233,FACTORY,V024,AMANI,KINYAGA,IN
20220917070242,FACTORY,0068,LAMBART,ABELI,IN
20220917070412,FACTORY,0137,JANETH,TENDEGA,IN
20220917070412,FACTORY,0137,JANETH,TENDEGA,IN
20220917070450,FACTORY,0071,LEONARD,NZIGE,OUT
20220917070511,FACTORY,0042,GABRIEL,MBEYE,OUT
20220917070519,FACTORY,0084,MRISHO,HAUYESHI,OUT
20220917070524,FACTORY,0013,ALLY,SHAWEJI,OUT
20220917070723,FACTORY,0026,DAVID,KINDOLE,OUT
20220917071049,FACTORY,0142,WILLIAM,USANGA,IN
20220917071121,FACTORY,0116,SHABANI,NGOGOMI,IN
20220917071132,FACTORY,0014,ALLY ,CHANDE,OUT
20220917071146,FACTORY,V020,LUKAS,KIMBAWALA,IN
20220917071301,FACTORY,V003,ALLY,ALLY,IN
20220917071306,FACTORY,0096,OCTAVIAN,LUCIAN,IN
20220917071315,FACTORY,0096,OCTAVIAN,LUCIAN,OUT
20220917071323,FACTORY,0101,RAJABU,RAJABU,IN
20220917071419,FACTORY,0032,EMMANUEL,MILYANGO,IN
20220917071557,FACTORY,V006,JENIPHA,MUSHI,IN
20220917071808,FACTORY,V021,SAID,MTIMBIA,IN
20220917072112,FACTORY,109,RUDOLF,TAIRO,IN
20220917072941,FACTORY,0121,UPENDO,ZANI,OUT
20220917073541,OFFICE,0040,FRANK,MARIKI,IN
20220917073924,OFFICE,V001,FLORA,LISANGA,IN
20220917073931,OFFICE,0135,NOAH,MPANGALA,IN
20220917074707,FACTORY,0113,SALUM,MALENDA,IN
20220917074743,OFFICE,0006,ABRAHAM,MCHOME,IN
20220917075019,FACTORY,0045,HAIDARY,KIPUKA,IN
20220917075204,OFFICE,413981,VISHAL,KARA,IN
20220917075239,OFFICE,00140,MOHAMED,NYANGALIO,IN
20220917075646,FACTORY,V013,PENINA,MIKAEL,IN
20220917075735,FACTORY,V010,MARY,MASAWE,IN
20220917075747,FACTORY,0088,MWARAMI,KANIKI,IN
20220917075753,FACTORY,V017,JACKLINE,MDEMLE,IN
20220917075759,FACTORY,V019,ANASTAZIA,SWAI,IN
20220917075844,FACTORY,V009,LIANA,JUMA,IN
20220917075849,FACTORY,V018,YUSRA,ALLY,IN
20220917075901,FACTORY,V014,REHEMA,ALLY,IN
20220917075945,OFFICE,0124,VICTOR,NGUJI,IN
20220917080012,FACTORY,V016,NURU,LIANA,IN
20220917080020,FACTORY,V011,SALHA,MAINGO,IN
20220917080633,OFFICE,0019,BEATRICE,MALLE,IN
20220917080643,OFFICE,0099,PRISCA,ALPHONCE,IN
20220917080644,FACTORY,413988,GEOFREY,MOMBO,IN
20220917080741,FACTORY,0132,ELIWAZA,KONGA,IN
20220917080810,FACTORY,0048,HAPPY,AKARO,IN
20220917081058,OFFICE,0134,ALFRED,CHISAWILLO,IN
20220917081151,FACTORY,136,PETER,MALLYA,IN
20220917081457,FACTORY,0133,FIZZA,NJOVU,IN
20220917081504,FACTORY,0008,AGNES,MUHINGA,IN
20220917081717,FACTORY,414152,MARTIN,SHILLA,IN
20220917083641,FACTORY,V004,SAITOTI,SAITOTI,IN
20220917090117,OFFICE,V002,ZAITUNI,SIMBA,IN
20220917091332,OFFICE,0130,SUDI,UKONDWA,IN
20220917094031,FACTORY,0067,KULUTHUM,LUSONZO,IN
20220917095213,FACTORY,0069,LATIFA,MINTANGA,IN
20220917095819,FACTORY,0122,VERONICA,MZIA,IN
20220917100438,FACTORY,0087,MWANAMVUA,JUMAA,IN
20220917111012,OFFICE,0124,VICTOR,NGUJI,OUT
20220917120139,OFFICE,0040,FRANK,MARIKI,OUT
20220917120313,FACTORY,0032,EMMANUEL,MILYANGO,OUT
20220917120538,OFFICE,0020,BENSON,BIMBONA,OUT
20220917121427,OFFICE,413981,VISHAL,KARA,OUT
20220917125720,FACTORY,V014,REHEMA,ALLY,OUT
20220917125936,FACTORY,136,PETER,MALLYA,OUT
20220917125945,FACTORY,V018,YUSRA,ALLY,OUT
20220917125953,FACTORY,V016,NURU,LIANA,OUT
20220917130006,FACTORY,V019,ANASTAZIA,SWAI,OUT
20220917130027,FACTORY,V017,JACKLINE,MDEMLE,OUT
20220917130032,FACTORY,V009,LIANA,JUMA,OUT
20220917130052,FACTORY,0088,MWARAMI,KANIKI,OUT
20220917130105,FACTORY,V008,HAMIS,MFINANGA,OUT
20220917130127,FACTORY,V006,JENIPHA,MUSHI,OUT
20220917130228,FACTORY,V010,MARY,MASAWE,OUT
20220917130234,FACTORY,V007,ANDREW,MASSAWE,OUT
20220917130251,FACTORY,V011,SALHA,MAINGO,OUT
20220917130322,FACTORY,V003,ALLY,ALLY,OUT
20220917130456,OFFICE,0099,PRISCA,ALPHONCE,OUT
20220917130604,FACTORY,0045,HAIDARY,KIPUKA,OUT
20220917130750,FACTORY,V013,PENINA,MIKAEL,OUT
20220917130751,OFFICE,0019,BEATRICE,MALLE,OUT
20220917130831,FACTORY,V004,SAITOTI,SAITOTI,OUT
20220917130839,FACTORY,V005,JOHN,LIMBE,OUT
20220917130903,OFFICE,V002,ZAITUNI,SIMBA,OUT
20220917131848,OFFICE,0048,HAPPY,AKARO,OUT
20220917133531,FACTORY,0001,ABDALLAH,ZAYUMBA,IN
20220917133928,OFFICE,0135,NOAH,MPANGALA,OUT
20220917134127,FACTORY,128,YUSUPH,MTAMBO,IN
20220917134356,OFFICE,0008,AGNES,MUHINGA,OUT
20220917135605,OFFICE,0130,SUDI,UKONDWA,OUT
20220917140947,FACTORY,0050,HASSANI,KUNGURUMA,IN
20220917141102,FACTORY,0022,CHARLES,KIBAVU,IN
20220917142245,FACTORY,0091,MWINYI,KIHAGA,IN
20220917142312,FACTORY,0055,IMAMU,KIBINDO,IN
20220917142335,FACTORY,0021,BETRAM,NTILLA,IN
20220917142607,FACTORY,0112,SALUM,LIKONJOGO,IN
20220917142722,FACTORY,0018,BAKARI,MAULID,IN
20220917142859,FACTORY,0118,SIKUDHANI,MGENI,IN
20220917142938,FACTORY,V007,MWAMINI,OMARY,IN
20220917142942,FACTORY,0031,ELIZABETH,SIBHOT,OUT
20220917143002,FACTORY,0056,JACOB,BELLA,OUT
20220917143007,FACTORY,0059,JOSEPH,SHENKOME,OUT
20220917143013,FACTORY,V024,AMANI,KINYAGA,OUT
20220917143024,FACTORY,0089,MWASHABANI,SWALEHE,OUT
20220917143033,FACTORY,0065,HADIJA,KAWAMBWA,OUT
20220917143039,FACTORY,0060,JOYCE,MASHELI,OUT
20220917143044,FACTORY,0053,HERIETH,KAIMKILWA,OUT
20220917143051,FACTORY,0106,REHEMA,SIGE,OUT
20220917143057,FACTORY,0035,EVALISTA,MAKUWA,OUT
20220917143103,FACTORY,0024,DAUDI,ISMAIL,OUT
20220917143106,FACTORY,0030,ELIZABETH,HIZZA,OUT
20220917143111,FACTORY,0116,SHABANI,NGOGOMI,OUT
20220917143136,FACTORY,0064,KHADIJA,MAKEYA,OUT
20220917143144,FACTORY,0129,ZAINABU,RIVAVODI,OUT
20220917143154,FACTORY,0046,HAMNE,MAHANYU,OUT
20220917143248,FACTORY,0068,LAMBART,ABELI,OUT
20220917143254,FACTORY,0117,SHOMARI,SONG'E,OUT
20220917143312,FACTORY,0025,DAUDI,KIPENGELE,OUT
20220917143321,FACTORY,0043,GEORGINA,MILLINGA,OUT
20220917143415,FACTORY,0123,VICENT,MBUNGANI,IN
20220917143609,FACTORY,0137,JANETH,TENDEGA,OUT
20220917143609,FACTORY,0137,JANETH,TENDEGA,OUT
20220917143627,FACTORY,109,RUDOLF,TAIRO,OUT
20220917143753,FACTORY,0077,MATTO,MSANGI,IN
20220917143824,FACTORY,0098,PATRICK,ALFRED,OUT
20220917143948,FACTORY,0082,MOHAMED,MSAKA,OUT
20220917144152,FACTORY,0016,ASHURA,MWENE,IN
20220917144421,FACTORY,0073,MAIMUNA,CHAMWITI,IN
20220917145537,OFFICE,414152,MARTIN,SHILLA,OUT
20220917145715,FACTORY,0107,REHEMA,KIZONGO,IN
20220917150612,FACTORY,0080,MIRAJI,JANGALU,IN
20220917151058,FACTORY,0110,SAAD,MGULE,IN
20220917160703,FACTORY,0133,FIZZA,NJOVU,OUT
20220917161232,OFFICE,0134,ALFRED,CHISAWILLO,OUT
20220917163944,FACTORY,0132,ELIWAZA,KONGA,OUT
20220917163959,FACTORY,0132,ELIWAZA,KONGA,OUT
20220917164318,FACTORY,413988,GEOFREY,MOMBO,OUT
20220917183330,FACTORY,0084,MRISHO,HAUYESHI,IN
20220917183749,FACTORY,0013,ALLY,SHAWEJI,IN
20220917184418,FACTORY,0121,UPENDO,ZANI,IN
20220917190202,FACTORY,0057,JACKSON,MDEMU,OUT
20220917190212,FACTORY,0101,RAJABU,RAJABU,OUT
20220917190223,FACTORY,0051,HASSAN,SULEIMAN,OUT
20220917190230,FACTORY,0015,ASHA,DIKUNGURUMA,OUT
20220917190516,FACTORY,0083,MOSES,ELIAS,OUT
20220917191103,FACTORY,0072,MAGRETH,BANDA,OUT
20220917192112,FACTORY,0071,LEONARD,NZIGE,IN
20220917193251,FACTORY,0042,GABRIEL,MBEYE,IN
20220917195323,OFFICE,00140,MOHAMED,NYANGALIO,OUT
20220917195441,FACTORY,0113,SALUM,MALENDA,OUT
20220917195937,FACTORY,111,SAID,RWAMBO,OUT
20220917202913,FACTORY,0091,MWINYI,KIHAGA,OUT
20220917213508,FACTORY,0014,ALLY ,CHANDE,IN
20220917214116,FACTORY,0142,WILLIAM,USANGA,OUT
20220917215336,FACTORY,0125,WALTER,MAPUNDA,IN
20220917215504,FACTORY,0026,DAVID,KINDOLE,IN
20220917215815,FACTORY,V007,MWAMINI,OMARY,OUT
20220917215821,FACTORY,0055,IMAMU,KIBINDO,OUT
20220917215829,FACTORY,0022,CHARLES,KIBAVU,OUT
20220917215951,FACTORY,0118,SIKUDHANI,MGENI,OUT
20220917220002,FACTORY,0067,KULUTHUM,LUSONZO,OUT
20220917220009,FACTORY,0087,MWANAMVUA,JUMAA,OUT
20220917220015,FACTORY,0016,ASHURA,MWENE,OUT
20220917220023,FACTORY,0073,MAIMUNA,CHAMWITI,OUT
20220917220029,FACTORY,0069,LATIFA,MINTANGA,OUT
20220917220049,FACTORY,0122,VERONICA,MZIA,OUT
20220917220057,FACTORY,0112,SALUM,LIKONJOGO,OUT
20220917220113,FACTORY,0077,MATTO,MSANGI,OUT
20220917220119,FACTORY,0123,VICENT,MBUNGANI,OUT
20220917220134,FACTORY,0050,HASSANI,KUNGURUMA,OUT
20220917220143,FACTORY,0107,REHEMA,KIZONGO,OUT
20220917220148,FACTORY,0080,MIRAJI,JANGALU,OUT
20220917220154,FACTORY,0018,BAKARI,MAULID,OUT
20220917220220,FACTORY,0001,ABDALLAH,ZAYUMBA,OUT
20220917220227,FACTORY,0110,SAAD,MGULE,OUT
20220917220458,FACTORY,0021,BETRAM,NTILLA,OUT
20220917220509,FACTORY,128,YUSUPH,MTAMBO,OUT
20220917221253,FACTORY,0096,OCTAVIAN,LUCIAN,IN
20220917222951,FACTORY,0096,OCTAVIAN,LUCIAN,IN
20220918061516,FACTORY,0087,MWANAMVUA,JUMAA,IN
20220918062600,FACTORY,0059,JOSEPH,SHENKOME,IN
20220918063448,FACTORY,0081,MOHAMED,MOLLI,IN
20220918063714,FACTORY,0015,ASHA,DIKUNGURUMA,IN
20220918064129,FACTORY,0023,CLINTON,MKUDE,IN
20220918064502,FACTORY,0046,HAMNE,MAHANYU,IN
20220918064533,FACTORY,0067,KULUTHUM,LUSONZO,IN
20220918064720,FACTORY,0065,HADIJA,KAWAMBWA,IN
20220918064838,FACTORY,0035,EVALISTA,MAKUWA,IN
20220918065028,FACTORY,0089,MWASHABANI,SWALEHE,IN
20220918065544,FACTORY,0060,JOYCE,MASHELI,IN
20220918065725,FACTORY,0106,REHEMA,SIGE,IN
20220918065811,FACTORY,0122,VERONICA,MZIA,IN
20220918065907,FACTORY,128,YUSUPH,MTAMBO,IN
20220918065949,FACTORY,0082,MOHAMED,MSAKA,IN
20220918065955,FACTORY,0098,PATRICK,ALFRED,IN
20220918070007,FACTORY,0014,ALLY ,CHANDE,IN
20220918070017,FACTORY,0014,ALLY ,CHANDE,OUT
20220918070028,FACTORY,0073,MAIMUNA,CHAMWITI,IN
20220918070058,FACTORY,0024,DAUDI,ISMAIL,IN
20220918070131,FACTORY,0034,ERICK,TIBALILA,IN
20220918070242,FACTORY,0066,KITAMBALA,KITAMBALA,IN
20220918070252,FACTORY,0125,WALTER,MAPUNDA,OUT
20220918070308,FACTORY,0043,GEORGINA,MILLINGA,IN
20220918070315,FACTORY,0068,LAMBART,ABELI,IN
20220918070323,FACTORY,0129,ZAINABU,RIVAVODI,IN
20220918070328,FACTORY,0096,OCTAVIAN,LUCIAN,OUT
20220918070334,FACTORY,0084,MRISHO,HAUYESHI,OUT
20220918070340,FACTORY,0013,ALLY,SHAWEJI,OUT
20220918070348,FACTORY,0042,GABRIEL,MBEYE,OUT
20220918070416,FACTORY,0053,HERIETH,KAIMKILWA,IN
20220918070449,FACTORY,0026,DAVID,KINDOLE,OUT
20220918070543,FACTORY,0071,LEONARD,NZIGE,OUT
20220918070725,FACTORY,0072,MAGRETH,BANDA,IN
20220918070736,FACTORY,0069,LATIFA,MINTANGA,IN
20220918070824,FACTORY,0116,SHABANI,NGOGOMI,IN
20220918071756,FACTORY,0064,KHADIJA,MAKEYA,IN
20220918072135,FACTORY,V003,ALLY,ALLY,IN
20220918072414,FACTORY,0121,UPENDO,ZANI,OUT
20220918080912,FACTORY,0032,EMMANUEL,MILYANGO,IN
20220918083119,FACTORY,0133,FIZZA,NJOVU,IN
20220918095746,FACTORY,0142,WILLIAM,USANGA,IN
20220918102734,FACTORY,0032,EMMANUEL,MILYANGO,OUT
20220918102916,OFFICE,0134,ALFRED,CHISAWILLO,IN
20220918110108,FACTORY,,PATRICK,ODAWA,IN
20220918141732,FACTORY,0021,BETRAM,NTILLA,IN
20220918142958,FACTORY,0089,MWASHABANI,SWALEHE,OUT
20220918143008,FACTORY,0065,HADIJA,KAWAMBWA,OUT
20220918143014,FACTORY,0035,EVALISTA,MAKUWA,OUT
20220918143026,FACTORY,0046,HAMNE,MAHANYU,OUT
20220918143036,FACTORY,0059,JOSEPH,SHENKOME,OUT
20220918143041,FACTORY,0053,HERIETH,KAIMKILWA,OUT
20220918143050,FACTORY,0067,KULUTHUM,LUSONZO,OUT
20220918143058,FACTORY,0043,GEORGINA,MILLINGA,OUT
20220918143105,FACTORY,0087,MWANAMVUA,JUMAA,OUT
20220918143111,FACTORY,0073,MAIMUNA,CHAMWITI,OUT
20220918143117,FACTORY,0069,LATIFA,MINTANGA,OUT
20220918143123,FACTORY,0106,REHEMA,SIGE,OUT
20220918143131,FACTORY,0064,KHADIJA,MAKEYA,OUT
20220918143136,FACTORY,0060,JOYCE,MASHELI,OUT
20220918143141,FACTORY,0072,MAGRETH,BANDA,OUT
20220918143147,FACTORY,0122,VERONICA,MZIA,OUT
20220918143154,FACTORY,0015,ASHA,DIKUNGURUMA,OUT
20220918143301,FACTORY,V003,ALLY,ALLY,OUT
20220918143354,FACTORY,0116,SHABANI,NGOGOMI,OUT
20220918143407,FACTORY,0129,ZAINABU,RIVAVODI,OUT
20220918143414,FACTORY,0024,DAUDI,ISMAIL,OUT
20220918143500,FACTORY,0098,PATRICK,ALFRED,OUT
20220918143759,FACTORY,128,YUSUPH,MTAMBO,OUT
20220918144043,FACTORY,0082,MOHAMED,MSAKA,OUT
20220918144757,FACTORY,0068,LAMBART,ABELI,OUT
20220918160836,OFFICE,0134,ALFRED,CHISAWILLO,OUT
20220918183323,FACTORY,0133,FIZZA,NJOVU,OUT
20220918184833,FACTORY,0029,DUNIA,BOGOZO,IN
20220918185102,FACTORY,0100,RAJAB,MMBAGA,IN
20220918185245,FACTORY,0004,ABDULKADIR,JUMA,IN
20220918185607,FACTORY,0054,IBRAHIM,BABONYE,IN
20220918190159,FACTORY,0023,CLINTON,MKUDE,OUT
20220918190303,FACTORY,0081,MOHAMED,MOLLI,OUT
20220918190441,FACTORY,0034,ERICK,TIBALILA,OUT
20220918190656,FACTORY,0066,KITAMBALA,KITAMBALA,OUT
20220918215549,OFFICE,,PATRICK,ODAWA,IN
20220918220739,FACTORY,0021,BETRAM,NTILLA,OUT
20220918223349,FACTORY,0142,WILLIAM,USANGA,OUT
20220919061502,FACTORY,0122,VERONICA,MZIA,IN
20220919063526,FACTORY,0022,CHARLES,KIBAVU,IN
20220919063609,FACTORY,0001,ABDALLAH,ZAYUMBA,IN
20220919063637,FACTORY,0066,KITAMBALA,KITAMBALA,IN
20220919063819,FACTORY,V008,HAMIS,MFINANGA,IN
20220919063939,FACTORY,0023,CLINTON,MKUDE,IN
20220919064016,FACTORY,0081,MOHAMED,MOLLI,IN
20220919064134,FACTORY,0055,IMAMU,KIBINDO,IN
20220919064141,FACTORY,V007,ANDREW,MASSAWE,IN
20220919064151,OFFICE,V005,JOHN,LIMBE,IN
20220919064457,FACTORY,0118,SIKUDHANI,MGENI,IN
20220919064618,OFFICE,0020,BENSON,BIMBONA,IN
20220919064731,FACTORY,0041,FRED,MBUNDA,IN
20220919064743,FACTORY,0018,BAKARI,MAULID,IN
20220919064749,FACTORY,0067,KULUTHUM,LUSONZO,IN
20220919065031,FACTORY,0035,EVALISTA,MAKUWA,IN
20220919065134,FACTORY,0082,MOHAMED,MSAKA,IN
20220919065140,FACTORY,0091,MWINYI,KIHAGA,IN
20220919065150,FACTORY,0112,SALUM,LIKONJOGO,IN
20220919065207,FACTORY,V007,MWAMINI,OMARY,IN
20220919065240,FACTORY,0016,ASHURA,MWENE,IN
20220919065323,FACTORY,0073,MAIMUNA,CHAMWITI,IN
20220919065438,FACTORY,128,YUSUPH,MTAMBO,IN
20220919065530,FACTORY,0123,VICENT,MBUNGANI,IN
20220919065612,FACTORY,0032,EMMANUEL,MILYANGO,IN
20220919065832,FACTORY,0129,ZAINABU,RIVAVODI,IN
20220919070226,FACTORY,0034,ERICK,TIBALILA,IN
20220919070236,FACTORY,0030,ELIZABETH,HIZZA,IN
20220919070631,OFFICE,0040,FRANK,MARIKI,IN
20220919070634,FACTORY,0069,LATIFA,MINTANGA,IN
20220919070958,FACTORY,0053,HERIETH,KAIMKILWA,IN
20220919071003,FACTORY,0064,KHADIJA,MAKEYA,IN
20220919071010,FACTORY,V020,LUKAS,KIMBAWALA,IN
20220919071059,FACTORY,0080,MIRAJI,JANGALU,IN
20220919071203,FACTORY,V014,REHEMA,ALLY,IN
20220919071305,FACTORY,V006,JENIPHA,MUSHI,IN
20220919071359,FACTORY,0014,ALLY ,CHANDE,IN
20220919071446,FACTORY,V004,SAITOTI,SAITOTI,IN
20220919071522,FACTORY,0004,ABDULKADIR,JUMA,OUT
20220919071531,FACTORY,0100,RAJAB,MMBAGA,OUT
20220919071538,FACTORY,V003,ALLY,ALLY,IN
20220919071544,FACTORY,0088,MWARAMI,KANIKI,IN
20220919071553,FACTORY,0029,DUNIA,BOGOZO,OUT
20220919071558,OFFICE,V001,FLORA,LISANGA,IN
20220919071714,FACTORY,0054,IBRAHIM,BABONYE,OUT
20220919071758,FACTORY,V021,SAID,MTIMBIA,IN
20220919073248,FACTORY,0050,HASSANI,KUNGURUMA,IN
20220919074404,FACTORY,0045,HAIDARY,KIPUKA,IN
20220919074609,FACTORY,413988,GEOFREY,MOMBO,IN
20220919075015,OFFICE,0135,NOAH,MPANGALA,IN
20220919075207,OFFICE,0048,HAPPY,AKARO,IN
20220919075416,OFFICE,0124,VICTOR,NGUJI,IN
20220919075523,FACTORY,V013,PENINA,MIKAEL,IN
20220919075656,FACTORY,111,SAID,RWAMBO,IN
20220919075747,FACTORY,V010,MARY,MASAWE,IN
20220919075754,FACTORY,0132,ELIWAZA,KONGA,IN
20220919075804,OFFICE,413981,VISHAL,KARA,IN
20220919075839,FACTORY,0142,WILLIAM,USANGA,IN
20220919075849,FACTORY,V018,YUSRA,ALLY,IN
20220919075912,FACTORY,V011,SALHA,MAINGO,IN
20220919075918,FACTORY,V017,JACKLINE,MDEMLE,IN
20220919075955,FACTORY,V016,NURU,LIANA,IN
20220919080129,OFFICE,00140,MOHAMED,NYANGALIO,IN
20220919080136,FACTORY,136,PETER,MALLYA,IN
20220919080222,OFFICE,0058,JANETH,SIRIWA,IN
20220919080334,FACTORY,V009,LIANA,JUMA,IN
20220919080403,OFFICE,0099,PRISCA,ALPHONCE,IN
20220919080431,OFFICE,0008,AGNES,MUHINGA,IN
20220919080445,OFFICE,414152,MARTIN,SHILLA,IN
20220919080624,FACTORY,0113,SALUM,MALENDA,IN
20220919080634,FACTORY,V019,ANASTAZIA,SWAI,IN
20220919081007,FACTORY,0133,FIZZA,NJOVU,IN
20220919081734,OFFICE,0134,ALFRED,CHISAWILLO,IN
20220919084657,OFFICE,0130,SUDI,UKONDWA,IN
20220919084931,FACTORY,V011,SALHA,MAINGO,OUT
20220919085526,OFFICE,0006,ABRAHAM,MCHOME,IN
20220919085636,OFFICE,V002,ZAITUNI,SIMBA,IN
20220919085725,OFFICE,0076,ANNA, IRENGO,IN
20220919091112,FACTORY,0087,MWANAMVUA,JUMAA,IN
20220919094920,FACTORY,0089,MWASHABANI,SWALEHE,IN
20220919100831,FACTORY,0106,REHEMA,SIGE,IN
20220919101352,FACTORY,0043,GEORGINA,MILLINGA,IN
20220919102646,FACTORY,0015,ASHA,DIKUNGURUMA,IN
20220919103711,FACTORY,0072,MAGRETH,BANDA,IN
20220919134246,FACTORY,V020,LUKAS,KIMBAWALA,OUT
20220919135540,FACTORY,0137,JANETH,TENDEGA,IN
20220919135540,FACTORY,0137,JANETH,TENDEGA,IN
20220919140203,FACTORY,V008,HAMIS,MFINANGA,OUT
20220919140418,FACTORY,V007,ANDREW,MASSAWE,OUT
20220919140635,FACTORY,0116,SHABANI,NGOGOMI,IN
20220919140649,FACTORY,0068,LAMBART,ABELI,IN
20220919142501,FACTORY,0059,JOSEPH,SHENKOME,IN
20220919142717,FACTORY,0060,JOYCE,MASHELI,IN
20220919142724,FACTORY,0024,DAUDI,ISMAIL,IN
20220919142750,FACTORY,0025,DAUDI,KIPENGELE,IN
20220919142756,FACTORY,0125,WALTER,MAPUNDA,IN
20220919143012,FACTORY,0041,FRED,MBUNDA,OUT
20220919143058,FACTORY,0053,HERIETH,KAIMKILWA,OUT
20220919143129,FACTORY,0064,KHADIJA,MAKEYA,OUT
20220919143135,FACTORY,0030,ELIZABETH,HIZZA,OUT
20220919143141,FACTORY,0098,PATRICK,ALFRED,IN
20220919143148,FACTORY,0022,CHARLES,KIBAVU,OUT
20220919143158,FACTORY,0107,REHEMA,KIZONGO,IN
20220919143234,FACTORY,0056,JACOB,BELLA,IN
20220919143239,FACTORY,0112,SALUM,LIKONJOGO,OUT
20220919143258,FACTORY,0055,IMAMU,KIBINDO,OUT
20220919143304,FACTORY,0018,BAKARI,MAULID,OUT
20220919143310,FACTORY,0080,MIRAJI,JANGALU,OUT
20220919143316,FACTORY,0035,EVALISTA,MAKUWA,OUT
20220919143320,FACTORY,0118,SIKUDHANI,MGENI,OUT
20220919143329,FACTORY,0016,ASHURA,MWENE,OUT
20220919143335,FACTORY,0026,DAVID,KINDOLE,IN
20220919143359,FACTORY,0050,HASSANI,KUNGURUMA,OUT
20220919143444,FACTORY,0014,ALLY ,CHANDE,OUT
20220919143630,FACTORY,0123,VICENT,MBUNGANI,OUT
20220919143645,FACTORY,0117,SHOMARI,SONG'E,IN
20220919143709,FACTORY,0091,MWINYI,KIHAGA,OUT
20220919143714,FACTORY,V024,AMANI,KINYAGA,IN
20220919143718,FACTORY,0082,MOHAMED,MSAKA,OUT
20220919143724,FACTORY,0001,ABDALLAH,ZAYUMBA,OUT
20220919143731,FACTORY,0031,ELIZABETH,SIBHOT,IN
20220919143736,FACTORY,0129,ZAINABU,RIVAVODI,OUT
20220919143906,FACTORY,0065,HADIJA,KAWAMBWA,IN
20220919143958,FACTORY,128,YUSUPH,MTAMBO,OUT
20220919144047,FACTORY,V007,MWAMINI,OMARY,OUT
20220919144056,FACTORY,0114,SALUM,SALUM,IN
20220919144703,FACTORY,0096,OCTAVIAN,LUCIAN,IN
20220919145007,FACTORY,0046,HAMNE,MAHANYU,IN
20220919145056,FACTORY,109,RUDOLF,TAIRO,IN
20220919151027,FACTORY,0110,SAAD,MGULE,IN
20220919160045,FACTORY,0088,MWARAMI,KANIKI,OUT
20220919160118,OFFICE,0040,FRANK,MARIKI,OUT
20220919160124,OFFICE,0020,BENSON,BIMBONA,OUT
20220919160411,FACTORY,V006,JENIPHA,MUSHI,OUT
20220919160716,FACTORY,V005,JOHN,LIMBE,OUT
20220919160953,FACTORY,0032,EMMANUEL,MILYANGO,OUT
20220919161832,FACTORY,V003,ALLY,ALLY,OUT
20220919161951,FACTORY,V021,SAID,MTIMBIA,OUT
20220919161956,FACTORY,0062,JUMA,MSHAURI,OUT
20220919163211,OFFICE,413981,VISHAL,KARA,OUT
20220919165217,OFFICE,0019,BEATRICE,MALLE,OUT
20220919165520,OFFICE,0076,ANNA, IRENGO,OUT
20220919165944,FACTORY,136,PETER,MALLYA,OUT
20220919170006,FACTORY,V017,JACKLINE,MDEMLE,OUT
20220919170012,FACTORY,V014,REHEMA,ALLY,OUT
20220919170023,FACTORY,V016,NURU,LIANA,OUT
20220919170028,FACTORY,V019,ANASTAZIA,SWAI,OUT
20220919170052,FACTORY,V013,PENINA,MIKAEL,OUT
20220919170100,FACTORY,0045,HAIDARY,KIPUKA,OUT
20220919170107,FACTORY,V010,MARY,MASAWE,OUT
20220919170146,FACTORY,V009,LIANA,JUMA,OUT
20220919170151,FACTORY,V018,YUSRA,ALLY,OUT
20220919170317,OFFICE,0124,VICTOR,NGUJI,OUT
20220919170618,OFFICE,0006,ABRAHAM,MCHOME,OUT
20220919170935,OFFICE,0135,NOAH,MPANGALA,OUT
20220919170950,OFFICE,0008,AGNES,MUHINGA,OUT
20220919171126,OFFICE,V001,FLORA,LISANGA,OUT
20220919172045,OFFICE,0099,PRISCA,ALPHONCE,OUT
20220919172352,OFFICE,0134,ALFRED,CHISAWILLO,OUT
20220919173348,OFFICE,0048,HAPPY,AKARO,OUT
20220919173408,OFFICE,V002,ZAITUNI,SIMBA,OUT
20220919173512,OFFICE,0058,JANETH,SIRIWA,OUT
20220919173737,FACTORY,111,SAID,RWAMBO,OUT
20220919173744,FACTORY,0113,SALUM,MALENDA,OUT
20220919173919,OFFICE,00140,MOHAMED,NYANGALIO,OUT
20220919174044,OFFICE,0130,SUDI,UKONDWA,OUT
20220919181752,OFFICE,414152,MARTIN,SHILLA,OUT
20220919184829,FACTORY,0004,ABDULKADIR,JUMA,IN
20220919185208,FACTORY,0121,UPENDO,ZANI,IN
20220919185240,FACTORY,0100,RAJAB,MMBAGA,IN
20220919185326,FACTORY,0029,DUNIA,BOGOZO,IN
20220919190026,FACTORY,0067,KULUTHUM,LUSONZO,OUT
20220919190031,FACTORY,0069,LATIFA,MINTANGA,OUT
20220919190040,FACTORY,0073,MAIMUNA,CHAMWITI,OUT
20220919190121,FACTORY,0023,CLINTON,MKUDE,OUT
20220919190129,FACTORY,0122,VERONICA,MZIA,OUT
20220919190236,FACTORY,0081,MOHAMED,MOLLI,OUT
20220919190310,FACTORY,0066,KITAMBALA,KITAMBALA,OUT
20220919190319,FACTORY,0034,ERICK,TIBALILA,OUT
20220919192932,FACTORY,0054,IBRAHIM,BABONYE,IN
20220919193547,FACTORY,0133,FIZZA,NJOVU,OUT
20220919211402,FACTORY,0132,ELIWAZA,KONGA,OUT
20220919211409,FACTORY,0132,ELIWAZA,KONGA,OUT
20220919211419,FACTORY,413988,GEOFREY,MOMBO,OUT
20220919214407,FACTORY,0021,BETRAM,NTILLA,IN
20220919215902,FACTORY,0116,SHABANI,NGOGOMI,OUT
20220919215922,FACTORY,0059,JOSEPH,SHENKOME,OUT
20220919215932,FACTORY,0046,HAMNE,MAHANYU,OUT
20220919215941,FACTORY,0107,REHEMA,KIZONGO,OUT
20220919215953,FACTORY,0060,JOYCE,MASHELI,OUT
20220919215959,FACTORY,0114,SALUM,SALUM,OUT
20220919220009,FACTORY,0089,MWASHABANI,SWALEHE,OUT
20220919220016,FACTORY,0015,ASHA,DIKUNGURUMA,OUT
20220919220022,FACTORY,0106,REHEMA,SIGE,OUT
20220919220027,FACTORY,0065,HADIJA,KAWAMBWA,OUT
20220919220033,FACTORY,0087,MWANAMVUA,JUMAA,OUT
20220919220040,FACTORY,0056,JACOB,BELLA,OUT
20220919220046,FACTORY,0024,DAUDI,ISMAIL,OUT
20220919220052,FACTORY,0025,DAUDI,KIPENGELE,OUT
20220919220057,FACTORY,0031,ELIZABETH,SIBHOT,OUT
20220919220104,FACTORY,0110,SAAD,MGULE,OUT
20220919220117,FACTORY,0096,OCTAVIAN,LUCIAN,OUT
20220919220121,FACTORY,109,RUDOLF,TAIRO,OUT
20220919220126,FACTORY,0043,GEORGINA,MILLINGA,OUT
20220919220131,FACTORY,0137,JANETH,TENDEGA,OUT
20220919220131,FACTORY,0137,JANETH,TENDEGA,OUT
20220919220139,FACTORY,V024,AMANI,KINYAGA,OUT
20220919220144,FACTORY,0125,WALTER,MAPUNDA,OUT
20220919220151,FACTORY,0072,MAGRETH,BANDA,OUT
20220919220205,FACTORY,0117,SHOMARI,SONG'E,OUT
20220919220312,FACTORY,0098,PATRICK,ALFRED,OUT
20220919220335,FACTORY,0068,LAMBART,ABELI,OUT
20220919220837,FACTORY,0026,DAVID,KINDOLE,IN
20220920011543,OFFICE,,PATRICK,ODAWA,IN
20220920012937,FACTORY,0142,WILLIAM,USANGA,OUT
20220920061526,FACTORY,0001,ABDALLAH,ZAYUMBA,IN
20220920062803,FACTORY,V008,HAMIS,MFINANGA,IN
20220920064154,OFFICE,0020,BENSON,BIMBONA,IN
20220920064224,FACTORY,0023,CLINTON,MKUDE,IN
20220920064254,OFFICE,V005,JOHN,LIMBE,IN
20220920064443,FACTORY,0067,KULUTHUM,LUSONZO,IN
20220920064525,FACTORY,0035,EVALISTA,MAKUWA,IN
20220920064549,FACTORY,0073,MAIMUNA,CHAMWITI,IN
20220920064630,FACTORY,0022,CHARLES,KIBAVU,IN
20220920064636,FACTORY,0041,FRED,MBUNDA,IN
20220920064642,FACTORY,0055,IMAMU,KIBINDO,IN
20220920064714,FACTORY,V007,ANDREW,MASSAWE,IN
20220920064735,FACTORY,0066,KITAMBALA,KITAMBALA,IN
20220920065250,FACTORY,0118,SIKUDHANI,MGENI,IN
20220920065258,FACTORY,0125,WALTER,MAPUNDA,IN
20220920065401,FACTORY,0081,MOHAMED,MOLLI,IN
20220920065617,FACTORY,0030,ELIZABETH,HIZZA,IN
20220920065649,FACTORY,0112,SALUM,LIKONJOGO,IN
20220920065659,FACTORY,0069,LATIFA,MINTANGA,IN
20220920065728,FACTORY,0034,ERICK,TIBALILA,IN
20220920065736,FACTORY,0122,VERONICA,MZIA,IN
20220920065803,FACTORY,0080,MIRAJI,JANGALU,IN
20220920065829,FACTORY,0091,MWINYI,KIHAGA,IN
20220920065842,FACTORY,V007,MWAMINI,OMARY,IN
20220920065950,FACTORY,128,YUSUPH,MTAMBO,IN
20220920065958,FACTORY,0032,EMMANUEL,MILYANGO,IN
20220920070119,FACTORY,V006,JENIPHA,MUSHI,IN
20220920070136,FACTORY,0142,WILLIAM,USANGA,IN
20220920070357,FACTORY,0016,ASHURA,MWENE,IN
20220920070504,FACTORY,0129,ZAINABU,RIVAVODI,IN
20220920070539,FACTORY,0121,UPENDO,ZANI,OUT
20220920070633,FACTORY,V003,ALLY,ALLY,IN
20220920070659,FACTORY,0050,HASSANI,KUNGURUMA,IN
20220920071041,FACTORY,0088,MWARAMI,KANIKI,IN
20220920071132,FACTORY,0014,ALLY ,CHANDE,IN
20220920071203,FACTORY,V014,REHEMA,ALLY,IN
20220920071245,FACTORY,0004,ABDULKADIR,JUMA,OUT
20220920071302,FACTORY,0054,IBRAHIM,BABONYE,OUT
20220920071408,FACTORY,0029,DUNIA,BOGOZO,OUT
20220920071414,FACTORY,0100,RAJAB,MMBAGA,OUT
20220920071556,FACTORY,0053,HERIETH,KAIMKILWA,IN
20220920071713,OFFICE,0040,FRANK,MARIKI,IN
20220920071738,FACTORY,0077,MATTO,MSANGI,IN
20220920071831,FACTORY,0021,BETRAM,NTILLA,OUT
20220920071942,OFFICE,0135,NOAH,MPANGALA,IN
20220920072204,OFFICE,V001,FLORA,LISANGA,IN
20220920072536,FACTORY,0064,KHADIJA,MAKEYA,IN
20220920072715,FACTORY,V004,SAITOTI,SAITOTI,IN
20220920073034,FACTORY,0018,BAKARI,MAULID,IN
20220920073247,FACTORY,0114,SALUM,SALUM,IN
20220920073710,FACTORY,V021,SAID,MTIMBIA,IN
20220920074341,OFFICE,413981,VISHAL,KARA,IN
20220920074622,OFFICE,0006,ABRAHAM,MCHOME,IN
20220920075211,FACTORY,413988,GEOFREY,MOMBO,IN
20220920075233,FACTORY,111,SAID,RWAMBO,IN
20220920075235,OFFICE,0058,JANETH,SIRIWA,IN
20220920075339,FACTORY,0132,ELIWAZA,KONGA,IN
20220920075733,FACTORY,0113,SALUM,MALENDA,IN
20220920075812,FACTORY,136,PETER,MALLYA,IN
20220920075839,FACTORY,0045,HAIDARY,KIPUKA,IN
20220920075845,FACTORY,V018,YUSRA,ALLY,IN
20220920075907,FACTORY,V013,PENINA,MIKAEL,IN
20220920075932,FACTORY,V009,LIANA,JUMA,IN
20220920075939,FACTORY,V010,MARY,MASAWE,IN
20220920075944,FACTORY,V017,JACKLINE,MDEMLE,IN
20220920075952,FACTORY,V019,ANASTAZIA,SWAI,IN
20220920080041,FACTORY,V016,NURU,LIANA,IN
20220920080054,FACTORY,V011,SALHA,MAINGO,IN
20220920080156,OFFICE,00140,MOHAMED,NYANGALIO,IN
20220920080522,OFFICE,0008,AGNES,MUHINGA,IN
20220920080556,FACTORY,0133,FIZZA,NJOVU,IN
20220920080922,FACTORY,414152,MARTIN,SHILLA,IN
20220920081022,OFFICE,0099,PRISCA,ALPHONCE,IN
20220920081816,OFFICE,0019,BEATRICE,MALLE,IN
20220920081950,OFFICE,V002,ZAITUNI,SIMBA,IN
20220920082126,FACTORY,0048,HAPPY,AKARO,IN
20220920082247,OFFICE,,PATRICK,ODAWA,IN
20220920082403,FACTORY,0134,ALFRED,CHISAWILLO,IN
20220920083910,OFFICE,0130,SUDI,UKONDWA,IN
20220920093043,OFFICE,0076,ANNA, IRENGO,IN
20220920100339,FACTORY,0065,HADIJA,KAWAMBWA,IN
20220920100355,FACTORY,0046,HAMNE,MAHANYU,IN
20220920100704,FACTORY,0015,ASHA,DIKUNGURUMA,IN
20220920102411,FACTORY,0043,GEORGINA,MILLINGA,IN
20220920103523,FACTORY,0106,REHEMA,SIGE,IN
20220920111246,FACTORY,0072,MAGRETH,BANDA,IN
20220920135936,FACTORY,V008,HAMIS,MFINANGA,OUT
20220920140125,FACTORY,V007,ANDREW,MASSAWE,OUT
20220920140445,FACTORY,V020,LUKAS,KIMBAWALA,IN
20220920141111,FACTORY,0025,DAUDI,KIPENGELE,IN
20220920141759,FACTORY,0068,LAMBART,ABELI,IN
20220920141850,FACTORY,0116,SHABANI,NGOGOMI,IN
20220920142253,FACTORY,0117,SHOMARI,SONG'E,IN
20220920142312,FACTORY,0123,VICENT,MBUNGANI,IN
20220920142523,FACTORY,0098,PATRICK,ALFRED,IN
20220920142531,FACTORY,0059,JOSEPH,SHENKOME,IN
20220920142553,FACTORY,0137,JANETH,TENDEGA,IN
20220920142553,FACTORY,0137,JANETH,TENDEGA,IN
20220920142749,FACTORY,0060,JOYCE,MASHELI,IN
20220920142844,FACTORY,0026,DAVID,KINDOLE,IN
20220920142926,FACTORY,0024,DAUDI,ISMAIL,IN
20220920143006,FACTORY,0053,HERIETH,KAIMKILWA,OUT
20220920143017,FACTORY,0041,FRED,MBUNDA,OUT
20220920143036,FACTORY,V007,MWAMINI,OMARY,OUT
20220920143053,FACTORY,0030,ELIZABETH,HIZZA,OUT
20220920143059,FACTORY,0077,MATTO,MSANGI,OUT
20220920143105,FACTORY,0035,EVALISTA,MAKUWA,OUT
20220920143111,FACTORY,0112,SALUM,LIKONJOGO,OUT
20220920143140,FACTORY,0055,IMAMU,KIBINDO,OUT
20220920143223,FACTORY,0091,MWINYI,KIHAGA,OUT
20220920143230,FACTORY,0080,MIRAJI,JANGALU,OUT
20220920143235,FACTORY,0050,HASSANI,KUNGURUMA,OUT
20220920143307,FACTORY,0031,ELIZABETH,SIBHOT,IN
20220920143317,FACTORY,0022,CHARLES,KIBAVU,OUT
20220920143322,FACTORY,0114,SALUM,SALUM,OUT
20220920143331,FACTORY,0014,ALLY ,CHANDE,OUT
20220920143407,FACTORY,0110,SAAD,MGULE,IN
20220920143417,FACTORY,128,YUSUPH,MTAMBO,OUT
20220920143438,FACTORY,0107,REHEMA,KIZONGO,IN
20220920143444,FACTORY,0125,WALTER,MAPUNDA,OUT
20220920143534,FACTORY,0018,BAKARI,MAULID,OUT
20220920143544,FACTORY,0016,ASHURA,MWENE,OUT
20220920143550,FACTORY,0118,SIKUDHANI,MGENI,OUT
20220920143603,FACTORY,0056,JACOB,BELLA,IN
20220920143655,FACTORY,0129,ZAINABU,RIVAVODI,OUT
20220920143717,FACTORY,0082,MOHAMED,MSAKA,IN
20220920143935,FACTORY,0001,ABDALLAH,ZAYUMBA,OUT
20220920144206,FACTORY,0096,OCTAVIAN,LUCIAN,IN
20220920144536,FACTORY,109,RUDOLF,TAIRO,IN
