20220117062637,OFFICE,0044,HADIJA,KIVINA,IN
20220117063012,FACTORY,0015,ASHA,DIKUNGURUMA,IN
20220117063150,OFFICE,0020,BENSON,BIMBONA,IN
20220117063319,FACTORY,0110,SAAD,MGULE,IN
20220117064108,FACTORY,0004,ABDULKADIR,JUMA,IN
20220117064145,FACTORY,0024,DAUDI,ISMAIL,IN
20220117064254,FACTORY,0060,JOYCE,MASHELI,IN
20220117064437,FACTORY,0082,MOHAMED,MSAKA,IN
20220117065052,FACTORY,0041,FRED,MBUNDA,IN
20220117065252,FACTORY,0054,IBRAHIM,BABONYE,IN
20220117065409,FACTORY,0065,HADIJA,KAWAMBWA,IN
20220117065416,FACTORY,0126,WATENDE,ALLY,IN
20220117065436,FACTORY,0112,SALUM,LIKONJOGO,IN
20220117065454,FACTORY,0032,EMMANUEL,MILYANGO,IN
20220117065507,FACTORY,0046,HAMNE,MAHANYU,IN
20220117065532,FACTORY,0018,BAKARI,MAULID,IN
20220117065556,FACTORY,0106,REHEMA,SIGE,IN
20220117065617,FACTORY,0129,ZAINABU,RIVAVODI,IN
20220117065711,FACTORY,0034,ERICK,TIBALILA,IN
20220117065803,FACTORY,0081,MOHAMED,MOLLI,IN
20220117065948,FACTORY,0064,KHADIJA,MAKEYA,IN
20220117070048,OFFICE,V003,ALLY,ALLY,IN
20220117070101,OFFICE,V001,FLORA,LISANGA,IN
20220117070127,FACTORY,0098,PATRICK,ALFRED,IN
20220117070207,FACTORY,0062,JUMA,MSHAURI,IN
20220117070217,FACTORY,0142,WILLIAM,USANGA,IN
20220117070226,FACTORY,0137,JANETH,TENDEGA,IN
20220117070226,FACTORY,0137,JANETH,TENDEGA,IN
20220117070401,OFFICE,0047,HAMZA ,SULTAN,IN
20220117070412,FACTORY,0043,GEORGINA,MILLINGA,IN
20220117070851,FACTORY,109,RUDOLF,TAIRO,IN
20220117071209,FACTORY,0088,MWARAMI,KANIKI,IN
20220117071306,FACTORY,0071,LEONARD,NZIGE,OUT
20220117071331,OFFICE,0040,FRANK,MARIKI,IN
20220117071335,FACTORY,0051,HASSAN,SULEIMAN,OUT
20220117071420,FACTORY,0023,CLINTON,MKUDE,OUT
20220117071730,OFFICE,0135,NOAH,MPANGALA,IN
20220117071801,FACTORY,0029,DUNIA,BOGOZO,OUT
20220117072106,FACTORY,0066,KITAMBALA,KITAMBALA,IN
20220117074156,FACTORY,111,SAID,RWAMBO,IN
20220117074639,OFFICE,0008,AGNES,MUHINGA,IN
20220117075108,FACTORY,0113,SALUM,MALENDA,IN
20220117075127,OFFICE,00140,MOHAMED,NYANGALIO,IN
20220117075212,OFFICE,0058,JANETH,SIRIWA,IN
20220117075352,FACTORY,0132,ELIWAZA,KONGA,IN
20220117075423,FACTORY,0116,SHABANI,NGOGOMI,IN
20220117075431,FACTORY,0045,HAIDARY,KIPUKA,IN
20220117075536,FACTORY,0079,MIRAJI,MNGAZIJA,IN
20220117075807,OFFICE,0099,PRISCA,ALPHONCE,IN
20220117075852,OFFICE,0006,ABRAHAM,MCHOME,IN
20220117075940,FACTORY,0133,FIZZA,NJOVU,IN
20220117075958,FACTORY,136,PETER,MALLYA,IN
20220117080146,OFFICE,0048,HAPPY,AKARO,IN
20220117080312,OFFICE,,PATRICK,ODAWA,IN
20220117082937,OFFICE,V002,ZAITUNI,SIMBA,IN
20220117084652,OFFICE,0124,VICTOR,NGUJI,IN
20220117091556,OFFICE,0092,NEEMA,LUBAVA,IN
