20220422063713,FACTORY,128,YUSUPH,MTAMBO,IN
20220422064031,FACTORY,0083,MOSES,ELIAS,IN
20220422064243,OFFICE,0020,BENSON,BIMBONA,IN
20220422064320,FACTORY,0032,EMMANUEL,MILYANGO,IN
20220422064334,FACTORY,0067,KULUTHUM,LUSONZO,IN
20220422064441,FACTORY,0116,SHABANI,NGOGOMI,IN
20220422064553,FACTORY,0126,WATENDE,ALLY,IN
20220422064737,FACTORY,0041,FRED,MBUNDA,IN
20220422064749,FACTORY,0035,EVALISTA,MAKUWA,IN
20220422065414,FACTORY,0030,ELIZABETH,HIZZA,IN
20220422065507,FACTORY,0001,ABDALLAH,ZAYUMBA,IN
20220422065531,FACTORY,0073,MAIMUNA,CHAMWITI,IN
20220422065615,FACTORY,0125,WALTER,MAPUNDA,IN
20220422065715,FACTORY,0087,MWANAMVUA,JUMAA,IN
20220422065721,FACTORY,0069,LATIFA,MINTANGA,IN
20220422065735,FACTORY,0011,AISHA,MBONDE,IN
20220422065838,FACTORY,0082,MOHAMED,MSAKA,IN
20220422065848,FACTORY,0106,REHEMA,SIGE,IN
20220422065905,FACTORY,0055,IMAMU,KIBINDO,IN
20220422065911,FACTORY,0091,MWINYI,KIHAGA,IN
20220422065935,FACTORY,0084,MRISHO,HAUYESHI,IN
20220422070010,FACTORY,0018,BAKARI,MAULID,IN
20220422070136,FACTORY,V007,MWAMINI,OMARY,OUT
20220422070233,FACTORY,0118,SIKUDHANI,MGENI,OUT
20220422070242,FACTORY,0016,ASHURA,MWENE,OUT
20220422070248,FACTORY,0086,MWANAHAMISI,MKALIPA,OUT
20220422070256,FACTORY,0056,JACOB,BELLA,OUT
20220422070350,FACTORY,0122,VERONICA,MZIA,IN
20220422070410,FACTORY,0022,CHARLES,KIBAVU,OUT
20220422070426,FACTORY,0117,SHOMARI,SONG'E,OUT
20220422070456,FACTORY,0031,ELIZABETH,SIBHOT,OUT
20220422070621,FACTORY,0115,SHABANI,KIGA,IN
20220422071012,FACTORY,0045,HAIDARY,KIPUKA,IN
20220422071053,FACTORY,0014,ALLY ,CHANDE,IN
20220422071209,OFFICE,V001,FLORA,LISANGA,IN
20220422071506,FACTORY,0013,ALLY,SHAWEJI,IN
20220422071513,FACTORY,V003,ALLY,ALLY,IN
20220422071639,FACTORY,0068,LAMBART,ABELI,OUT
20220422072246,FACTORY,0079,MIRAJI,MNGAZIJA,IN
20220422072248,OFFICE,0040,FRANK,MARIKI,IN
20220422072305,FACTORY,0142,WILLIAM,USANGA,IN
20220422072720,OFFICE,0121,UPENDO,ZANI,OUT
20220422072859,FACTORY,0101,RAJABU,RAJABU,OUT
20220422072906,FACTORY,0100,RAJAB,MMBAGA,OUT
20220422073204,FACTORY,0066,KITAMBALA,KITAMBALA,OUT
20220422073213,FACTORY,0003,ABDUL,KAPERA,OUT
20220422073508,FACTORY,0042,GABRIEL,MBEYE,OUT
20220422073630,OFFICE,0124,VICTOR,NGUJI,IN
20220422074212,OFFICE,0135,NOAH,MPANGALA,IN
20220422074648,FACTORY,413988,GEOFREY,MOMBO,IN
20220422074817,OFFICE,0047,HAMZA ,SULTAN,OUT
20220422075146,FACTORY,0113,SALUM,MALENDA,IN
20220422075152,FACTORY,111,SAID,RWAMBO,IN
20220422075251,OFFICE,0044,HADIJA,KIVINA,IN
20220422075350,OFFICE,414152,MARTIN,SHILLA,IN
20220422075637,OFFICE,00140,MOHAMED,NYANGALIO,IN
20220422075855,OFFICE,413981,VISHAL,KARA,IN
20220422080047,FACTORY,136,PETER,MALLYA,IN
20220422080219,OFFICE,0099,PRISCA,ALPHONCE,IN
20220422080323,OFFICE,0048,HAPPY,AKARO,IN
20220422080424,OFFICE,0008,AGNES,MUHINGA,IN
20220422081016,OFFICE,,PATRICK,ODAWA,IN
20220422081802,OFFICE,0130,SUDI,UKONDWA,IN
20220422081847,OFFICE,0133,FIZZA,NJOVU,IN
20220422082036,OFFICE,0092,NEEMA,LUBAVA,IN
20220422083251,FACTORY,0132,ELIWAZA,KONGA,IN
20220422083722,OFFICE,0006,ABRAHAM,MCHOME,IN
20220422084320,OFFICE,V004,SAITOTI,SAITOTI,IN
20220422084325,OFFICE,V004,SAITOTI,SAITOTI,IN
20220422084529,OFFICE,V004,SAITOTI,SAITOTI,IN
20220422084543,OFFICE,V002,ZAITUNI,SIMBA,IN
20220422085202,OFFICE,V005,JOHN,LIMBE,IN
20220422085549,OFFICE,V006,JENIPHA,MUSHI,IN
20220422091334,OFFICE,V007,ANDREW,MASSAWE,IN
20220422091429,OFFICE,V008,HAMIS,MFINANGA,IN
20220422091445,OFFICE,V009,LIANA,JUMA,IN
20220422091453,OFFICE,V010,MARY,MASAWE,IN
20220422092705,OFFICE,0076,ANNA, IRENGO,IN
20220422092731,OFFICE,V012,FASILA,MOSHA,IN
20220422092743,OFFICE,V011,SALHA,MAINGO,IN
20220422093742,OFFICE,V013,PENINA,MIKAEL,IN
20220422093803,OFFICE,V016,NURU,LIANA,IN
20220422100016,OFFICE,V018,YUSRA,ALLY,IN
20220422100028,OFFICE,V017,JACKLINE,MDEMLE,IN
20220422100037,OFFICE,V014,REHEMA,ALLY,IN
20220422101303,FACTORY,0065,HADIJA,KAWAMBWA,IN
20220422101438,FACTORY,0015,ASHA,DIKUNGURUMA,IN
20220422101527,FACTORY,0043,GEORGINA,MILLINGA,IN
20220422104738,OFFICE,0019,BEATRICE,MALLE,IN
20220422110026,FACTORY,0064,KHADIJA,MAKEYA,IN
20220422111525,OFFICE,V021,SAID,MTIMBIA,IN
20220422111539,OFFICE,V020,LUKAS,KIMBAWALA,IN
20220422111623,OFFICE,V019,ANASTAZIA,SWAI,IN
20220422140003,FACTORY,0035,EVALISTA,MAKUWA,OUT
20220422140125,FACTORY,0050,HASSANI,KUNGURUMA,IN
20220422141946,FACTORY,0059,JOSEPH,SHENKOME,IN
20220422142037,OFFICE,V003,ALLY,ALLY,IN
20220422142347,OFFICE,V003,ALLY,ALLY,IN
20220422142526,FACTORY,0021,BETRAM,NTILLA,IN
20220422142547,FACTORY,0120,THERESIA,MLAWA,IN
20220422142650,FACTORY,0025,DAUDI,KIPENGELE,IN
20220422142737,FACTORY,0060,JOYCE,MASHELI,IN
20220422142742,FACTORY,109,RUDOLF,TAIRO,IN
20220422142748,FACTORY,0114,SALUM,SALUM,IN
20220422142920,FACTORY,0089,MWASHABANI,SWALEHE,IN
20220422143046,FACTORY,0041,FRED,MBUNDA,OUT
20220422143126,FACTORY,0077,MATTO,MSANGI,IN
20220422143153,FACTORY,0082,MOHAMED,MSAKA,OUT
20220422143217,FACTORY,0137,JANETH,TENDEGA,IN
20220422143217,FACTORY,0137,JANETH,TENDEGA,IN
20220422143223,FACTORY,0024,DAUDI,ISMAIL,IN
20220422143255,FACTORY,0014,ALLY ,CHANDE,OUT
20220422143424,FACTORY,V021,SAID,MTIMBIA,OUT
20220422143456,FACTORY,0080,MIRAJI,JANGALU,OUT
20220422143501,FACTORY,0018,BAKARI,MAULID,OUT
20220422143530,FACTORY,0091,MWINYI,KIHAGA,OUT
20220422143547,OFFICE,V007,ANDREW,MASSAWE,OUT
20220422143822,FACTORY,0125,WALTER,MAPUNDA,OUT
20220422143830,FACTORY,128,YUSUPH,MTAMBO,OUT
20220422143912,FACTORY,0055,IMAMU,KIBINDO,OUT
20220422144051,FACTORY,0116,SHABANI,NGOGOMI,OUT
20220422144106,FACTORY,0030,ELIZABETH,HIZZA,OUT
20220422144126,FACTORY,0123,VICENT,MBUNGANI,IN
20220422144635,FACTORY,0110,SAAD,MGULE,IN
20220422145400,FACTORY,0046,HAMNE,MAHANYU,IN
20220422145429,FACTORY,0112,SALUM,LIKONJOGO,IN
20220422150750,FACTORY,0063,JUMA,HAMISI,IN
20220422153312,FACTORY,0107,REHEMA,KIZONGO,IN
20220422155727,FACTORY,0072,MAGRETH,BANDA,IN
20220422161031,FACTORY,V005,JOHN,LIMBE,OUT
20220422161057,FACTORY,V020,LUKAS,KIMBAWALA,OUT
20220422161105,FACTORY,V008,HAMIS,MFINANGA,OUT
20220422161113,FACTORY,0032,EMMANUEL,MILYANGO,OUT
20220422161120,FACTORY,V003,ALLY,ALLY,OUT
20220422162327,FACTORY,0079,MIRAJI,MNGAZIJA,OUT
20220422164055,FACTORY,0045,HAIDARY,KIPUKA,OUT
20220422170149,FACTORY,V009,LIANA,JUMA,OUT
20220422170158,FACTORY,V017,JACKLINE,MDEMLE,OUT
20220422170205,FACTORY,V019,ANASTAZIA,SWAI,OUT
20220422170215,FACTORY,V018,YUSRA,ALLY,OUT
20220422170256,FACTORY,V010,MARY,MASAWE,OUT
20220422170304,FACTORY,V014,REHEMA,ALLY,OUT
20220422170333,FACTORY,V016,NURU,LIANA,OUT
20220422170355,FACTORY,V012,FASILA,MOSHA,OUT
20220422170401,FACTORY,V011,SALHA,MAINGO,OUT
20220422170419,FACTORY,V013,PENINA,MIKAEL,OUT
20220422170706,FACTORY,136,PETER,MALLYA,OUT
20220422173430,FACTORY,0135,NOAH,MPANGALA,OUT
20220422180941,FACTORY,0142,WILLIAM,USANGA,OUT
20220422181500,FACTORY,0133,FIZZA,NJOVU,OUT
20220422181522,FACTORY,0132,ELIWAZA,KONGA,OUT
20220422181758,FACTORY,0066,KITAMBALA,KITAMBALA,IN
20220422181937,FACTORY,00140,MOHAMED,NYANGALIO,OUT
20220422182503,FACTORY,413988,GEOFREY,MOMBO,OUT
20220422190013,FACTORY,0073,MAIMUNA,CHAMWITI,OUT
20220422190019,FACTORY,0069,LATIFA,MINTANGA,OUT
20220422190026,FACTORY,0106,REHEMA,SIGE,OUT
20220422190032,FACTORY,0087,MWANAMVUA,JUMAA,OUT
20220422190038,FACTORY,0067,KULUTHUM,LUSONZO,OUT
20220422190055,FACTORY,0126,WATENDE,ALLY,OUT
20220422190212,FACTORY,0011,AISHA,MBONDE,OUT
20220422190218,FACTORY,0084,MRISHO,HAUYESHI,OUT
20220422190247,FACTORY,0122,VERONICA,MZIA,OUT
20220422190602,FACTORY,0083,MOSES,ELIAS,OUT
20220422190615,FACTORY,0100,RAJAB,MMBAGA,IN
20220422191028,FACTORY,0115,SHABANI,KIGA,OUT
20220422191048,FACTORY,0013,ALLY,SHAWEJI,OUT
20220422191824,FACTORY,0042,GABRIEL,MBEYE,IN
20220422193559,FACTORY,0101,RAJABU,RAJABU,IN
20220422212409,FACTORY,0121,UPENDO,ZANI,IN
20220422214152,FACTORY,0003,ABDUL,KAPERA,IN
20220422214302,FACTORY,0056,JACOB,BELLA,IN
20220422214520,FACTORY,0031,ELIZABETH,SIBHOT,IN
20220422214908,FACTORY,0142,WILLIAM,USANGA,IN
20220422215638,FACTORY,0068,LAMBART,ABELI,IN
20220422215711,FACTORY,0022,CHARLES,KIBAVU,IN
20220422215758,FACTORY,V007,MWAMINI,OMARY,IN
20220422215814,FACTORY,0016,ASHURA,MWENE,IN
20220422215856,FACTORY,0046,HAMNE,MAHANYU,OUT
20220422215902,FACTORY,0050,HASSANI,KUNGURUMA,OUT
20220422215917,FACTORY,0025,DAUDI,KIPENGELE,OUT
20220422215957,FACTORY,0089,MWASHABANI,SWALEHE,OUT
20220422220004,FACTORY,0077,MATTO,MSANGI,OUT
20220422220011,FACTORY,0015,ASHA,DIKUNGURUMA,OUT
20220422220017,FACTORY,0107,REHEMA,KIZONGO,OUT
20220422220026,FACTORY,0065,HADIJA,KAWAMBWA,OUT
20220422220032,FACTORY,0059,JOSEPH,SHENKOME,OUT
20220422220038,FACTORY,0117,SHOMARI,SONG'E,IN
20220422220043,FACTORY,0096,OCTAVIAN,LUCIAN,OUT
20220422220049,FACTORY,0024,DAUDI,ISMAIL,OUT
20220422220059,FACTORY,0114,SALUM,SALUM,OUT
20220422220144,FACTORY,108,ROSE,GRIGORY,OUT
20220422220152,FACTORY,0120,THERESIA,MLAWA,OUT
20220422220158,FACTORY,0072,MAGRETH,BANDA,OUT
20220422220204,FACTORY,0043,GEORGINA,MILLINGA,OUT
20220422220214,FACTORY,0060,JOYCE,MASHELI,OUT
20220422220223,FACTORY,0110,SAAD,MGULE,OUT
20220422220229,FACTORY,0137,JANETH,TENDEGA,OUT
20220422220229,FACTORY,0137,JANETH,TENDEGA,OUT
20220422220241,FACTORY,0064,KHADIJA,MAKEYA,OUT
20220422220309,FACTORY,0063,JUMA,HAMISI,OUT
20220422220351,FACTORY,0123,VICENT,MBUNGANI,OUT
20220422220406,FACTORY,0112,SALUM,LIKONJOGO,OUT
20220422220412,FACTORY,109,RUDOLF,TAIRO,OUT
20220422220518,FACTORY,0021,BETRAM,NTILLA,OUT
20220422220831,FACTORY,0118,SIKUDHANI,MGENI,IN
20220422223413,FACTORY,0086,MWANAHAMISI,MKALIPA,IN
