20210501065914,FACTORY,0029,DUNIA,BOGOZO,IN
20210501070400,FACTORY,0051,HASSAN,SULEIMAN,OUT
20210501070430,FACTORY,0013,ALLY,SHAWEJI,OUT
20210501070719,FACTORY,0123,VICENT,MBUNGANI,OUT
20210501070733,FACTORY,0014,ALLY ,CHANDE,OUT
20210501070741,FACTORY,108,ROSE,GRIGORY,OUT
20210501070746,FACTORY,0077,MATTO,MSANGI,OUT
20210501070754,FACTORY,0057,JACKSON,MDEMU,OUT
20210501070801,FACTORY,0003,ABDUL,KAPERA,OUT
20210501070807,FACTORY,0071,LEONARD,NZIGE,OUT
20210501070837,FACTORY,0042,GABRIEL,MBEYE,OUT
20210501071006,FACTORY,0064,KHADIJA,MAKEYA,OUT
20210501071109,FACTORY,0098,PATRICK,ALFRED,OUT
20210501071116,FACTORY,0043,GEORGINA,MILLINGA,OUT
20210501071313,FACTORY,0032,EMMANUEL,MILYANGO,OUT
20210501071407,OFFICE,0121,UPENDO,ZANI,OUT
20210501071436,FACTORY,0023,CLINTON,MKUDE,IN
20210501073741,FACTORY,0125,WALTER,MAPUNDA,IN
20210501073745,FACTORY,109,RUDOLF,TAIRO,IN
20210501075029,FACTORY,0026,DAVID,KINDOLE,IN
20210501083743,OFFICE,0133,FIZZA,NJOVU,IN
20210501085911,OFFICE,0142,WILLIAM,USANGA,IN
20210501091858,FACTORY,0132,ELIWAZA,KONGA,IN
20210501105931,OFFICE,00140,MOHAMED,NYANGALIO,IN
20210501140719,FACTORY,0084,MRISHO,HAUYESHI,IN
20210501141947,FACTORY,0081,MOHAMED,MOLLI,IN
20210501142853,OFFICE,00140,MOHAMED,NYANGALIO,OUT
20210501143109,OFFICE,0120,THERESIA,MLAWA,IN
20210501143200,FACTORY,0023,CLINTON,MKUDE,OUT
20210501143353,FACTORY,0029,DUNIA,BOGOZO,OUT
20210501144207,FACTORY,0133,FIZZA,NJOVU,OUT
20210501144444,FACTORY,0083,MOSES,ELIAS,IN
20210501144457,FACTORY,0026,DAVID,KINDOLE,OUT
20210501145534,FACTORY,0021,BETRAM,NTILLA,IN
20210501154721,FACTORY,0125,WALTER,MAPUNDA,OUT
20210501154726,FACTORY,109,RUDOLF,TAIRO,OUT
20210501160249,OFFICE,0142,WILLIAM,USANGA,OUT
20210501190837,FACTORY,0132,ELIWAZA,KONGA,OUT
20210501212603,FACTORY,0057,JACKSON,MDEMU,IN
20210501214532,OFFICE,0121,UPENDO,ZANI,IN
20210501215136,FACTORY,0003,ABDUL,KAPERA,IN
20210501220143,FACTORY,0083,MOSES,ELIAS,OUT
20210501220243,OFFICE,0120,THERESIA,MLAWA,OUT
20210501220332,FACTORY,0081,MOHAMED,MOLLI,OUT
20210501220404,FACTORY,0084,MRISHO,HAUYESHI,OUT
20210501220526,FACTORY,0021,BETRAM,NTILLA,OUT
20210501222742,FACTORY,0032,EMMANUEL,MILYANGO,IN
20210501224429,OFFICE,0042,GABRIEL,MBEYE,IN
20210502060023,FACTORY,0032,EMMANUEL,MILYANGO,OUT
20210502070449,FACTORY,0023,CLINTON,MKUDE,IN
20210502070457,FACTORY,0071,LEONARD,NZIGE,IN
20210502070709,OFFICE,0121,UPENDO,ZANI,OUT
20210502070906,FACTORY,0064,KHADIJA,MAKEYA,IN
20210502071731,FACTORY,0003,ABDUL,KAPERA,OUT
20210502071804,FACTORY,0057,JACKSON,MDEMU,OUT
20210502072009,FACTORY,0126,WATENDE,ALLY,IN
20210502072757,FACTORY,0029,DUNIA,BOGOZO,IN
20210502073044,FACTORY,0051,HASSAN,SULEIMAN,IN
20210502074558,FACTORY,0042,GABRIEL,MBEYE,OUT
20210502080252,FACTORY,0050,HASSANI,KUNGURUMA,IN
20210502080721,OFFICE,0028,DIANA,MASIJA,IN
20210502082130,FACTORY,0026,DAVID,KINDOLE,IN
20210502085730,OFFICE,0133,FIZZA,NJOVU,IN
20210502140904,FACTORY,0081,MOHAMED,MOLLI,IN
20210502141251,FACTORY,0011,AISHA,MBONDE,IN
20210502141806,FACTORY,0004,ABDULKADIR,JUMA,IN
20210502141930,FACTORY,0084,MRISHO,HAUYESHI,IN
20210502142147,OFFICE,0120,THERESIA,MLAWA,IN
20210502143017,FACTORY,0115,SHABANI,KIGA,IN
20210502143022,FACTORY,0023,CLINTON,MKUDE,OUT
20210502143116,FACTORY,0029,DUNIA,BOGOZO,OUT
20210502143234,FACTORY,0126,WATENDE,ALLY,OUT
20210502143416,FACTORY,0071,LEONARD,NZIGE,OUT
20210502143457,FACTORY,0122,VERONICA,MZIA,IN
20210502143609,FACTORY,0064,KHADIJA,MAKEYA,OUT
20210502143936,FACTORY,108,ROSE,GRIGORY,IN
20210502144125,FACTORY,0051,HASSAN,SULEIMAN,OUT
20210502144306,FACTORY,0050,HASSANI,KUNGURUMA,OUT
20210502144435,FACTORY,0034,ERICK,TIBALILA,IN
20210502145211,FACTORY,0083,MOSES,ELIAS,IN
20210502150206,OFFICE,0043,GEORGINA,MILLINGA,IN
20210502150530,OFFICE,0028,DIANA,MASIJA,OUT
20210502150718,FACTORY,0132,ELIWAZA,KONGA,IN
20210502171013,OFFICE,0133,FIZZA,NJOVU,OUT
20210502185918,FACTORY,0026,DAVID,KINDOLE,OUT
20210502214808,FACTORY,0021,BETRAM,NTILLA,IN
20210502215244,OFFICE,0121,UPENDO,ZANI,IN
20210502215840,FACTORY,0100,RAJAB,MMBAGA,IN
20210502220000,FACTORY,0004,ABDULKADIR,JUMA,OUT
20210502220037,FACTORY,108,ROSE,GRIGORY,OUT
20210502220052,FACTORY,0084,MRISHO,HAUYESHI,OUT
20210502220103,FACTORY,0043,GEORGINA,MILLINGA,OUT
20210502220110,FACTORY,0122,VERONICA,MZIA,OUT
20210502220117,FACTORY,0011,AISHA,MBONDE,OUT
20210502220133,OFFICE,0120,THERESIA,MLAWA,OUT
20210502220213,FACTORY,0081,MOHAMED,MOLLI,OUT
20210502220222,FACTORY,0083,MOSES,ELIAS,OUT
20210502220340,FACTORY,0115,SHABANI,KIGA,OUT
20210502220352,FACTORY,0034,ERICK,TIBALILA,OUT
20210502220713,FACTORY,0054,IBRAHIM,BABONYE,IN
20210502221735,FACTORY,0101,RAJABU,RAJABU,IN
20210502222117,FACTORY,0132,ELIWAZA,KONGA,OUT
20210503064045,OFFICE,0135,NOAH,MPANGALA,IN
20210503064740,FACTORY,0003,ABDUL,KAPERA,IN
20210503064923,OFFICE,108,ROSE,GRIGORY,IN
20210503064936,OFFICE,0044,HADIJA,KIVINA,IN
20210503064950,OFFICE,0043,GEORGINA,MILLINGA,IN
20210503065209,FACTORY,0053,HERIETH,KAIMKILWA,IN
20210503065331,FACTORY,0035,EVALISTA,MAKUWA,IN
20210503065337,OFFICE,0017,ATHUMANI,MOHAMED,IN
20210503065517,FACTORY,0123,VICENT,MBUNGANI,IN
20210503065621,OFFICE,0001,ABDALLAH,ZAYUMBA,IN
20210503065652,FACTORY,0055,IMAMU,KIBINDO,IN
20210503065745,FACTORY,0114,SALUM,SALUM,IN
20210503065758,FACTORY,0041,FRED,MBUNDA,IN
20210503065835,FACTORY,0117,SHOMARI,SONG'E,IN
20210503070254,FACTORY,0100,RAJAB,MMBAGA,OUT
20210503070300,FACTORY,0054,IBRAHIM,BABONYE,OUT
20210503070423,FACTORY,0049,HASHIM,JONGO,IN
20210503070653,FACTORY,0121,UPENDO,ZANI,OUT
20210503070659,FACTORY,0063,JUMA,HAMISI,IN
20210503070825,FACTORY,0101,RAJABU,RAJABU,OUT
20210503070935,FACTORY,0024,DAUDI,ISMAIL,IN
20210503071121,FACTORY,0073,MAIMUNA,CHAMWITI,IN
20210503071241,FACTORY,0091,MWINYI,KIHAGA,IN
20210503071431,FACTORY,0032,EMMANUEL,MILYANGO,IN
20210503071439,FACTORY,0106,REHEMA,SIGE,IN
20210503071500,FACTORY,0118,SIKUDHANI,MGENI,IN
20210503071605,FACTORY,0086,MWANAHAMISI,MKALIPA,IN
20210503071611,FACTORY,0039,FLORA,CHANG'AMIKE,IN
20210503071939,OFFICE,0028,DIANA,MASIJA,IN
20210503072017,FACTORY,V007,MWAMINI,OMARY,IN
20210503072327,FACTORY,0045,HAIDARY,KIPUKA,IN
20210503072506,FACTORY,0005,ABDULLATIF,KAWAMBWA,IN
20210503073027,FACTORY,0072,MAGRETH,BANDA,IN
20210503073038,OFFICE,0134,ALFRED,CHISAWILLO,IN
20210503073049,FACTORY,0129,ZAINABU,RIVAVODI,IN
20210503073112,FACTORY,0013,ALLY,SHAWEJI,IN
20210503073222,FACTORY,0046,HAMNE,MAHANYU,IN
20210503073240,FACTORY,0077,MATTO,MSANGI,IN
20210503073941,FACTORY,0071,LEONARD,NZIGE,IN
20210503075522,OFFICE,0008,AGNES,MUHINGA,IN
20210503075748,OFFICE,0142,WILLIAM,USANGA,IN
20210503075916,OFFICE,0133,FIZZA,NJOVU,IN
20210503075923,FACTORY,0051,HASSAN,SULEIMAN,IN
20210503080006,OFFICE,0099,PRISCA,ALPHONCE,IN
20210503080037,OFFICE,136,PETER,MALLYA,IN
20210503080636,OFFICE,0040,FRANK,MARIKI,IN
20210503080704,OFFICE,,PATRICK,ODAWA,IN
20210503080738,FACTORY,0064,KHADIJA,MAKEYA,IN
20210503081341,OFFICE,0019,BEATRICE,MALLE,IN
20210503081825,OFFICE,V001,FLORA,LISANGA,IN
20210503082603,OFFICE,00140,MOHAMED,NYANGALIO,IN
20210503083113,OFFICE,0047,HAMZA ,SULTAN,IN
20210503083456,OFFICE,0130,SUDI,UKONDWA,IN
20210503084742,OFFICE,0092,NEEMA,LUBAVA,IN
20210503085019,OFFICE,0006,ABRAHAM,MCHOME,IN
20210503085223,OFFICE,0076,ANNA, IRENGO,IN
20210503092640,FACTORY,0050,HASSANI,KUNGURUMA,IN
20210503094744,OFFICE,V002,ZAITUNI,SIMBA,IN
20210503094816,OFFICE,0124,VICTOR,NGUJI,IN
20210503102233,FACTORY,0087,MWANAMVUA,JUMAA,IN
20210503102342,FACTORY,0069,LATIFA,MINTANGA,IN
