20220128062709,FACTORY,0001,ABDALLAH,ZAYUMBA,IN
20220128062917,FACTORY,0059,JOSEPH,SHENKOME,IN
20220128064009,OFFICE,0020,BENSON,BIMBONA,IN
20220128064240,FACTORY,0080,MIRAJI,JANGALU,IN
20220128064535,FACTORY,0032,EMMANUEL,MILYANGO,IN
20220128065015,FACTORY,0117,SHOMARI,SONG'E,IN
20220128065306,FACTORY,0011,AISHA,MBONDE,IN
20220128065320,OFFICE,0134,ALFRED,CHISAWILLO,IN
20220128065324,FACTORY,0091,MWINYI,KIHAGA,IN
20220128065330,FACTORY,0035,EVALISTA,MAKUWA,IN
20220128065356,FACTORY,0126,WATENDE,ALLY,IN
20220128065424,FACTORY,0084,MRISHO,HAUYESHI,IN
20220128065450,FACTORY,0122,VERONICA,MZIA,IN
20220128065529,FACTORY,0118,SIKUDHANI,MGENI,IN
20220128065548,FACTORY,0125,WALTER,MAPUNDA,IN
20220128065554,FACTORY,0067,KULUTHUM,LUSONZO,IN
20220128065647,FACTORY,128,YUSUPH,MTAMBO,IN
20220128065809,FACTORY,0050,HASSANI,KUNGURUMA,IN
20220128065907,FACTORY,0003,ABDUL,KAPERA,IN
20220128065928,FACTORY,0013,ALLY,SHAWEJI,IN
20220128065957,FACTORY,0063,JUMA,HAMISI,IN
20220128070011,FACTORY,0115,SHABANI,KIGA,IN
20220128070040,FACTORY,0025,DAUDI,KIPENGELE,OUT
20220128070050,FACTORY,0089,MWASHABANI,SWALEHE,OUT
20220128070056,FACTORY,0056,JACOB,BELLA,OUT
20220128070100,FACTORY,0031,ELIZABETH,SIBHOT,OUT
20220128070125,FACTORY,0065,HADIJA,KAWAMBWA,OUT
20220128070132,FACTORY,V003,ALLY,ALLY,IN
20220128070148,FACTORY,0055,IMAMU,KIBINDO,OUT
20220128070153,FACTORY,0030,ELIZABETH,HIZZA,IN
20220128070203,FACTORY,0072,MAGRETH,BANDA,OUT
20220128070222,OFFICE,V001,FLORA,LISANGA,IN
20220128070233,FACTORY,V007,MWAMINI,OMARY,OUT
20220128070438,FACTORY,0086,MWANAHAMISI,MKALIPA,IN
20220128070842,FACTORY,0064,KHADIJA,MAKEYA,IN
20220128070921,FACTORY,0024,DAUDI,ISMAIL,IN
20220128070939,FACTORY,0053,HERIETH,KAIMKILWA,IN
20220128071130,FACTORY,0142,WILLIAM,USANGA,IN
20220128071258,OFFICE,0135,NOAH,MPANGALA,IN
20220128071424,FACTORY,0014,ALLY ,CHANDE,IN
20220128071550,FACTORY,0068,LAMBART,ABELI,OUT
20220128072402,FACTORY,0114,SALUM,SALUM,IN
20220128072531,FACTORY,0100,RAJAB,MMBAGA,OUT
20220128072542,FACTORY,0101,RAJABU,RAJABU,OUT
20220128072742,OFFICE,0121,UPENDO,ZANI,OUT
20220128073047,FACTORY,0116,SHABANI,NGOGOMI,IN
20220128073619,FACTORY,0021,BETRAM,NTILLA,OUT
20220128074934,FACTORY,111,SAID,RWAMBO,IN
20220128075110,OFFICE,00140,MOHAMED,NYANGALIO,IN
20220128075452,FACTORY,0045,HAIDARY,KIPUKA,IN
20220128075512,FACTORY,0113,SALUM,MALENDA,IN
20220128075529,FACTORY,0088,MWARAMI,KANIKI,IN
20220128075601,FACTORY,0079,MIRAJI,MNGAZIJA,IN
20220128075706,FACTORY,0057,JACKSON,MDEMU,OUT
20220128075804,FACTORY,0132,ELIWAZA,KONGA,IN
20220128075849,FACTORY,136,PETER,MALLYA,IN
20220128075920,OFFICE,0008,AGNES,MUHINGA,IN
20220128080054,OFFICE,0058,JANETH,SIRIWA,IN
20220128080134,OFFICE,0133,FIZZA,NJOVU,IN
20220128080204,OFFICE,0048,HAPPY,AKARO,IN
20220128080329,OFFICE,0099,PRISCA,ALPHONCE,IN
20220128081612,OFFICE,,PATRICK,ODAWA,IN
20220128082042,OFFICE,0040,FRANK,MARIKI,IN
20220128082332,OFFICE,0092,NEEMA,LUBAVA,IN
20220128082540,OFFICE,0006,ABRAHAM,MCHOME,IN
20220128083509,OFFICE,0130,SUDI,UKONDWA,IN
20220128084811,OFFICE,0124,VICTOR,NGUJI,IN
20220128084816,OFFICE,0124,VICTOR,NGUJI,IN
20220128092238,OFFICE,V002,ZAITUNI,SIMBA,IN
20220128100212,FACTORY,0015,ASHA,DIKUNGURUMA,IN
20220128100324,FACTORY,0069,LATIFA,MINTANGA,IN
20220128100438,FACTORY,0073,MAIMUNA,CHAMWITI,IN
20220128101349,FACTORY,0043,GEORGINA,MILLINGA,IN
20220128140014,FACTORY,0035,EVALISTA,MAKUWA,OUT
20220128140038,FACTORY,0053,HERIETH,KAIMKILWA,OUT
20220128140336,FACTORY,0137,JANETH,TENDEGA,IN
20220128140336,FACTORY,0137,JANETH,TENDEGA,IN
20220128140823,FACTORY,0120,THERESIA,MLAWA,IN
20220128140917,FACTORY,108,ROSE,GRIGORY,IN
20220128141333,FACTORY,0087,MWANAMVUA,JUMAA,IN
20220128141927,FACTORY,0123,VICENT,MBUNGANI,IN
20220128142013,FACTORY,109,RUDOLF,TAIRO,IN
20220128142354,FACTORY,0098,PATRICK,ALFRED,IN
20220128142404,FACTORY,0022,CHARLES,KIBAVU,IN
20220128142415,OFFICE,0047,HAMZA ,SULTAN,IN
20220128142441,FACTORY,0018,BAKARI,MAULID,IN
20220128142450,FACTORY,0060,JOYCE,MASHELI,IN
20220128142725,FACTORY,0041,FRED,MBUNDA,IN
20220128142833,FACTORY,0110,SAAD,MGULE,IN
20220128142858,FACTORY,0046,HAMNE,MAHANYU,IN
20220128142912,FACTORY,0026,DAVID,KINDOLE,IN
20220128142920,FACTORY,0112,SALUM,LIKONJOGO,IN
20220128143042,FACTORY,0106,REHEMA,SIGE,IN
20220128143108,FACTORY,0096,OCTAVIAN,LUCIAN,IN
20220128143126,FACTORY,0082,MOHAMED,MSAKA,IN
20220128143208,FACTORY,0059,JOSEPH,SHENKOME,OUT
20220128143217,FACTORY,0107,REHEMA,KIZONGO,IN
20220128143222,FACTORY,0118,SIKUDHANI,MGENI,OUT
20220128143232,FACTORY,0077,MATTO,MSANGI,IN
20220128143337,FACTORY,0064,KHADIJA,MAKEYA,OUT
20220128143422,FACTORY,0080,MIRAJI,JANGALU,OUT
20220128143451,FACTORY,0030,ELIZABETH,HIZZA,OUT
20220128143526,FACTORY,0086,MWANAHAMISI,MKALIPA,OUT
20220128143537,FACTORY,0014,ALLY ,CHANDE,OUT
20220128143541,OFFICE,0019,BEATRICE,MALLE,IN
20220128143630,FACTORY,0063,JUMA,HAMISI,OUT
20220128143638,FACTORY,0024,DAUDI,ISMAIL,OUT
20220128143810,FACTORY,0062,JUMA,MSHAURI,IN
20220128143819,FACTORY,0091,MWINYI,KIHAGA,OUT
20220128143851,FACTORY,0125,WALTER,MAPUNDA,OUT
20220128143858,FACTORY,0117,SHOMARI,SONG'E,OUT
20220128143953,FACTORY,0001,ABDALLAH,ZAYUMBA,OUT
20220128144007,OFFICE,0134,ALFRED,CHISAWILLO,OUT
20220128144119,FACTORY,128,YUSUPH,MTAMBO,OUT
20220128144125,FACTORY,128,YUSUPH,MTAMBO,OUT
20220128144322,FACTORY,0114,SALUM,SALUM,OUT
20220128145046,FACTORY,0003,ABDUL,KAPERA,OUT
20220128160003,OFFICE,0020,BENSON,BIMBONA,OUT
20220128160945,FACTORY,0032,EMMANUEL,MILYANGO,OUT
20220128161319,OFFICE,0142,WILLIAM,USANGA,OUT
20220128162508,FACTORY,0079,MIRAJI,MNGAZIJA,OUT
20220128162516,FACTORY,0116,SHABANI,NGOGOMI,OUT
20220128162539,FACTORY,0050,HASSANI,KUNGURUMA,OUT
20220128170038,FACTORY,136,PETER,MALLYA,OUT
20220128170158,FACTORY,0088,MWARAMI,KANIKI,OUT
20220128170407,OFFICE,0058,JANETH,SIRIWA,OUT
20220128170414,OFFICE,0124,VICTOR,NGUJI,OUT
20220128170519,FACTORY,0132,ELIWAZA,KONGA,OUT
20220128170612,OFFICE,0006,ABRAHAM,MCHOME,OUT
20220128170630,OFFICE,0008,AGNES,MUHINGA,OUT
20220128170706,FACTORY,0133,FIZZA,NJOVU,OUT
20220128171031,OFFICE,V001,FLORA,LISANGA,OUT
20220128171116,OFFICE,V002,ZAITUNI,SIMBA,OUT
20220128171750,OFFICE,0130,SUDI,UKONDWA,OUT
20220128171826,OFFICE,0048,HAPPY,AKARO,OUT
20220128172924,OFFICE,0099,PRISCA,ALPHONCE,OUT
20220128175732,OFFICE,00140,MOHAMED,NYANGALIO,OUT
20220128180128,FACTORY,0113,SALUM,MALENDA,OUT
20220128180159,FACTORY,111,SAID,RWAMBO,OUT
20220128182358,FACTORY,0045,HAIDARY,KIPUKA,OUT
20220128184512,OFFICE,0135,NOAH,MPANGALA,OUT
20220128185205,OFFICE,0092,NEEMA,LUBAVA,OUT
20220128185321,OFFICE,0019,BEATRICE,MALLE,OUT
20220128185643,FACTORY,0101,RAJABU,RAJABU,IN
20220128185706,FACTORY,0100,RAJAB,MMBAGA,IN
20220128185909,FACTORY,0067,KULUTHUM,LUSONZO,OUT
20220128190128,FACTORY,0122,VERONICA,MZIA,OUT
20220128190159,FACTORY,0126,WATENDE,ALLY,OUT
20220128190325,FACTORY,0011,AISHA,MBONDE,OUT
20220128191118,FACTORY,0115,SHABANI,KIGA,OUT
20220128191129,FACTORY,0013,ALLY,SHAWEJI,OUT
20220128192019,FACTORY,0098,PATRICK,ALFRED,OUT
20220128195034,FACTORY,0057,JACKSON,MDEMU,IN
20220128195212,FACTORY,0084,MRISHO,HAUYESHI,IN
20220128195219,FACTORY,0084,MRISHO,HAUYESHI,OUT
20220128214043,FACTORY,0021,BETRAM,NTILLA,IN
20220128214241,FACTORY,0089,MWASHABANI,SWALEHE,IN
20220128214256,OFFICE,0121,UPENDO,ZANI,IN
20220128215000,FACTORY,0056,JACOB,BELLA,IN
20220128215019,FACTORY,0068,LAMBART,ABELI,IN
20220128215400,FACTORY,0065,HADIJA,KAWAMBWA,IN
20220128215555,FACTORY,0031,ELIZABETH,SIBHOT,IN
20220128215615,FACTORY,V007,MWAMINI,OMARY,IN
20220128220001,FACTORY,0055,IMAMU,KIBINDO,IN
20220128220008,FACTORY,0041,FRED,MBUNDA,OUT
20220128220011,FACTORY,0082,MOHAMED,MSAKA,OUT
20220128220017,FACTORY,0069,LATIFA,MINTANGA,OUT
20220128220022,FACTORY,0015,ASHA,DIKUNGURUMA,OUT
20220128220031,OFFICE,0047,HAMZA ,SULTAN,OUT
20220128220033,FACTORY,0046,HAMNE,MAHANYU,OUT
20220128220038,FACTORY,0077,MATTO,MSANGI,OUT
20220128220042,FACTORY,0096,OCTAVIAN,LUCIAN,OUT
20220128220047,FACTORY,0018,BAKARI,MAULID,OUT
20220128220052,FACTORY,0073,MAIMUNA,CHAMWITI,OUT
20220128220059,FACTORY,0107,REHEMA,KIZONGO,OUT
20220128220109,FACTORY,0106,REHEMA,SIGE,OUT
20220128220116,FACTORY,0087,MWANAMVUA,JUMAA,OUT
20220128220123,FACTORY,0060,JOYCE,MASHELI,OUT
20220128220133,FACTORY,0022,CHARLES,KIBAVU,OUT
20220128220139,FACTORY,0062,JUMA,MSHAURI,OUT
20220128220149,FACTORY,0120,THERESIA,MLAWA,OUT
20220128220154,FACTORY,109,RUDOLF,TAIRO,OUT
20220128220202,FACTORY,0137,JANETH,TENDEGA,OUT
20220128220202,FACTORY,0137,JANETH,TENDEGA,OUT
20220128220208,FACTORY,0123,VICENT,MBUNGANI,OUT
20220128220215,FACTORY,0025,DAUDI,KIPENGELE,IN
20220128220233,FACTORY,108,ROSE,GRIGORY,OUT
20220128220238,FACTORY,0043,GEORGINA,MILLINGA,OUT
20220128220251,FACTORY,0112,SALUM,LIKONJOGO,OUT
20220128220341,FACTORY,0026,DAVID,KINDOLE,OUT
20220128221231,FACTORY,0110,SAAD,MGULE,IN
20220128223010,FACTORY,0072,MAGRETH,BANDA,IN
