20221031060953,FACTORY,0001,ABDALLAH,ZAYUMBA,IN
20221031061753,FACTORY,V008,HAMIS,MFINANGA,IN
20221031063226,FACTORY,V007,ANDREW,MASSAWE,IN
20221031063541,OFFICE,V005,JOHN,LIMBE,IN
20221031064349,FACTORY,0125,WALTER,MAPUNDA,IN
20221031064355,FACTORY,0032,EMMANUEL,MILYANGO,IN
20221031064422,OFFICE,0020,BENSON,BIMBONA,IN
20221031064450,FACTORY,0073,MAIMUNA,CHAMWITI,IN
20221031064456,FACTORY,0047,HAMZA ,SULTAN,IN
20221031064944,FACTORY,0069,LATIFA,MINTANGA,IN
20221031065011,FACTORY,0112,SALUM,LIKONJOGO,IN
20221031065249,FACTORY,0023,CLINTON,MKUDE,IN
20221031065300,FACTORY,0126,WATENDE,ALLY,IN
20221031065402,FACTORY,V007,MWAMINI,OMARY,IN
20221031065408,FACTORY,0041,FRED,MBUNDA,IN
20221031065414,FACTORY,0081,MOHAMED,MOLLI,IN
20221031065421,FACTORY,0080,MIRAJI,JANGALU,IN
20221031065431,FACTORY,0011,AISHA,MBONDE,IN
20221031065501,FACTORY,0046,HAMNE,MAHANYU,IN
20221031065513,FACTORY,0022,CHARLES,KIBAVU,IN
20221031065536,FACTORY,0115,SHABANI,KIGA,IN
20221031065616,FACTORY,0088,MWARAMI,KANIKI,IN
20221031065655,FACTORY,0113,SALUM,MALENDA,IN
20221031065706,FACTORY,0031,ELIZABETH,SIBHOT,IN
20221031065859,FACTORY,0118,SIKUDHANI,MGENI,IN
20221031070001,FACTORY,128,YUSUPH,MTAMBO,IN
20221031070034,FACTORY,0034,ERICK,TIBALILA,IN
20221031070054,FACTORY,0003,ABDUL,KAPERA,IN
20221031070141,FACTORY,0114,SALUM,SALUM,IN
20221031070143,OFFICE,0040,FRANK,MARIKI,IN
20221031070204,FACTORY,0063,JUMA,HAMISI,IN
20221031070232,FACTORY,V020,LUKAS,KIMBAWALA,IN
20221031070422,FACTORY,V014,REHEMA,ALLY,IN
20221031070428,FACTORY,V004,SAITOTI,SAITOTI,IN
20221031070437,FACTORY,0122,VERONICA,MZIA,IN
20221031070443,FACTORY,0053,HERIETH,KAIMKILWA,IN
20221031070835,FACTORY,0050,HASSANI,KUNGURUMA,IN
20221031070850,OFFICE,V006,JENIPHA,MUSHI,IN
20221031071041,FACTORY,V003,ALLY,ALLY,IN
20221031071318,FACTORY,0079,MIRAJI,MNGAZIJA,IN
20221031071331,FACTORY,0142,WILLIAM,USANGA,IN
20221031071337,FACTORY,0062,JUMA,MSHAURI,IN
20221031071417,FACTORY,0014,ALLY ,CHANDE,IN
20221031071435,OFFICE,0135,NOAH,MPANGALA,IN
20221031071923,FACTORY,V028,RASHID,MRUMA,IN
20221031072217,FACTORY,0129,ZAINABU,RIVAVODI,IN
20221031072407,FACTORY,V018,YUSRA,ALLY,IN
20221031072425,OFFICE,V001,FLORA,LISANGA,IN
20221031072945,FACTORY,V013,PENINA,MIKAEL,IN
20221031073028,FACTORY,0084,MRISHO,HAUYESHI,OUT
20221031073036,FACTORY,0013,ALLY,SHAWEJI,OUT
20221031073150,FACTORY,0071,LEONARD,NZIGE,OUT
20221031073220,FACTORY,0042,GABRIEL,MBEYE,OUT
20221031073738,OFFICE,0019,BEATRICE,MALLE,IN
20221031074156,FACTORY,0045,HAIDARY,KIPUKA,IN
20221031074755,FACTORY,111,SAID,RWAMBO,IN
20221031075319,FACTORY,0132,ELIWAZA,KONGA,IN
20221031075726,OFFICE,0048,HAPPY,AKARO,IN
20221031075856,OFFICE,00140,MOHAMED,NYANGALIO,IN
20221031080040,FACTORY,V019,ANASTAZIA,SWAI,IN
20221031080107,FACTORY,V011,SALHA,MAINGO,IN
20221031080117,FACTORY,V010,MARY,MASAWE,IN
20221031080130,FACTORY,V017,JACKLINE,MDEMLE,IN
20221031080136,FACTORY,V009,LIANA,JUMA,IN
20221031080423,FACTORY,413988,GEOFREY,MOMBO,IN
20221031080456,OFFICE,0006,ABRAHAM,MCHOME,IN
20221031080543,OFFICE,0058,JANETH,SIRIWA,IN
20221031080603,FACTORY,V016,NURU,LIANA,IN
20221031080812,FACTORY,136,PETER,MALLYA,IN
20221031081351,FACTORY,414152,MARTIN,SHILLA,IN
20221031081419,OFFICE,,PATRICK,ODAWA,IN
20221031081428,OFFICE,0099,PRISCA,ALPHONCE,IN
20221031082015,FACTORY,0133,FIZZA,NJOVU,IN
20221031082017,OFFICE,V002,ZAITUNI,SIMBA,IN
20221031085107,OFFICE,0130,SUDI,UKONDWA,IN
20221031090438,OFFICE,0124,VICTOR,NGUJI,IN
20221031095508,FACTORY,0067,KULUTHUM,LUSONZO,IN
20221031101112,FACTORY,0043,GEORGINA,MILLINGA,IN
20221031102843,FACTORY,0065,HADIJA,KAWAMBWA,IN
20221031104100,FACTORY,0106,REHEMA,SIGE,IN
20221031140230,FACTORY,V008,HAMIS,MFINANGA,OUT
20221031140237,FACTORY,V007,ANDREW,MASSAWE,OUT
20221031140950,FACTORY,0121,UPENDO,ZANI,IN
20221031141212,FACTORY,0035,EVALISTA,MAKUWA,IN
20221031142138,FACTORY,0116,SHABANI,NGOGOMI,IN
20221031142301,FACTORY,0021,BETRAM,NTILLA,IN
20221031142422,FACTORY,0123,VICENT,MBUNGANI,IN
20221031142432,FACTORY,0059,JOSEPH,SHENKOME,IN
20221031142446,FACTORY,0117,SHOMARI,SONG'E,IN
20221031142458,FACTORY,0060,JOYCE,MASHELI,IN
20221031142508,FACTORY,0091,MWINYI,KIHAGA,IN
20221031142656,FACTORY,0098,PATRICK,ALFRED,IN
20221031142908,FACTORY,0137,JANETH,TENDEGA,IN
20221031142908,FACTORY,0137,JANETH,TENDEGA,IN
20221031143005,FACTORY,0041,FRED,MBUNDA,OUT
20221031143011,FACTORY,V007,MWAMINI,OMARY,OUT
20221031143017,FACTORY,0080,MIRAJI,JANGALU,OUT
20221031143046,FACTORY,0063,JUMA,HAMISI,OUT
20221031143117,FACTORY,0030,ELIZABETH,HIZZA,IN
20221031143154,FACTORY,0077,MATTO,MSANGI,IN
20221031143206,FACTORY,0112,SALUM,LIKONJOGO,OUT
20221031143222,FACTORY,0022,CHARLES,KIBAVU,OUT
20221031143249,FACTORY,0046,HAMNE,MAHANYU,OUT
20221031143315,FACTORY,0053,HERIETH,KAIMKILWA,OUT
20221031143414,FACTORY,V021,SAID,MTIMBIA,IN
20221031143430,OFFICE,0134,ALFRED,CHISAWILLO,IN
20221031143457,FACTORY,0118,SIKUDHANI,MGENI,OUT
20221031143502,FACTORY,0031,ELIZABETH,SIBHOT,OUT
20221031143509,FACTORY,0024,DAUDI,ISMAIL,IN
20221031143737,FACTORY,0125,WALTER,MAPUNDA,OUT
20221031143742,FACTORY,109,RUDOLF,TAIRO,IN
20221031143801,FACTORY,0079,MIRAJI,MNGAZIJA,OUT
20221031143826,FACTORY,0110,SAAD,MGULE,IN
20221031143928,FACTORY,0114,SALUM,SALUM,OUT
20221031144146,FACTORY,0003,ABDUL,KAPERA,OUT
20221031144217,FACTORY,0129,ZAINABU,RIVAVODI,OUT
20221031144313,FACTORY,0014,ALLY ,CHANDE,OUT
20221031144415,FACTORY,0001,ABDALLAH,ZAYUMBA,OUT
20221031144421,FACTORY,128,YUSUPH,MTAMBO,OUT
20221031144540,FACTORY,0064,KHADIJA,MAKEYA,IN
20221031145444,FACTORY,0056,JACOB,BELLA,IN
20221031155503,FACTORY,V003,ALLY,ALLY,OUT
20221031160002,FACTORY,0088,MWARAMI,KANIKI,OUT
20221031160312,OFFICE,0040,FRANK,MARIKI,OUT
20221031160313,FACTORY,V020,LUKAS,KIMBAWALA,OUT
20221031160422,OFFICE,0020,BENSON,BIMBONA,OUT
20221031160438,FACTORY,0113,SALUM,MALENDA,OUT
20221031160444,FACTORY,V028,RASHID,MRUMA,OUT
20221031160454,FACTORY,0032,EMMANUEL,MILYANGO,OUT
20221031161219,FACTORY,V005,JOHN,LIMBE,OUT
20221031161716,OFFICE,V006,JENIPHA,MUSHI,OUT
20221031170012,FACTORY,V016,NURU,LIANA,OUT
20221031170019,FACTORY,V018,YUSRA,ALLY,OUT
20221031170024,FACTORY,V013,PENINA,MIKAEL,OUT
20221031170113,FACTORY,V009,LIANA,JUMA,OUT
20221031170138,FACTORY,V010,MARY,MASAWE,OUT
20221031170147,FACTORY,136,PETER,MALLYA,OUT
20221031170234,FACTORY,V011,SALHA,MAINGO,OUT
20221031170303,FACTORY,V014,REHEMA,ALLY,OUT
20221031170310,FACTORY,V019,ANASTAZIA,SWAI,OUT
20221031170323,FACTORY,V017,JACKLINE,MDEMLE,OUT
20221031170329,OFFICE,0124,VICTOR,NGUJI,OUT
20221031170459,OFFICE,0058,JANETH,SIRIWA,OUT
20221031170505,OFFICE,0130,SUDI,UKONDWA,OUT
20221031170533,FACTORY,111,SAID,RWAMBO,OUT
20221031170556,OFFICE,00140,MOHAMED,NYANGALIO,OUT
20221031170708,FACTORY,0064,KHADIJA,MAKEYA,OUT
20221031170732,OFFICE,0006,ABRAHAM,MCHOME,OUT
20221031170734,FACTORY,0045,HAIDARY,KIPUKA,OUT
20221031170740,OFFICE,0048,HAPPY,AKARO,OUT
20221031171151,OFFICE,V002,ZAITUNI,SIMBA,OUT
20221031172039,FACTORY,0142,WILLIAM,USANGA,OUT
20221031173935,OFFICE,V001,FLORA,LISANGA,OUT
20221031174443,OFFICE,0076,ANNA, IRENGO,IN
20221031174451,OFFICE,0076,ANNA, IRENGO,OUT
20221031180113,FACTORY,413988,GEOFREY,MOMBO,OUT
20221031180808,FACTORY,0133,FIZZA,NJOVU,OUT
20221031183745,OFFICE,0099,PRISCA,ALPHONCE,OUT
20221031183752,OFFICE,0019,BEATRICE,MALLE,OUT
20221031184442,FACTORY,0029,DUNIA,BOGOZO,IN
20221031184515,FACTORY,0100,RAJAB,MMBAGA,IN
20221031184731,FACTORY,0004,ABDULKADIR,JUMA,IN
20221031190009,FACTORY,0069,LATIFA,MINTANGA,OUT
20221031190033,FACTORY,0073,MAIMUNA,CHAMWITI,OUT
20221031190047,FACTORY,0023,CLINTON,MKUDE,OUT
20221031190126,OFFICE,0135,NOAH,MPANGALA,OUT
20221031190132,FACTORY,0115,SHABANI,KIGA,OUT
20221031190222,FACTORY,0081,MOHAMED,MOLLI,OUT
20221031190239,FACTORY,0011,AISHA,MBONDE,OUT
20221031190303,FACTORY,0126,WATENDE,ALLY,OUT
20221031190323,FACTORY,0034,ERICK,TIBALILA,OUT
20221031190434,FACTORY,0122,VERONICA,MZIA,OUT
20221031190823,FACTORY,0054,IBRAHIM,BABONYE,IN
20221031215804,FACTORY,0067,KULUTHUM,LUSONZO,OUT
20221031215824,FACTORY,0026,DAVID,KINDOLE,IN
20221031215908,FACTORY,0030,ELIZABETH,HIZZA,OUT
20221031215924,FACTORY,0137,JANETH,TENDEGA,OUT
20221031215924,FACTORY,0137,JANETH,TENDEGA,OUT
20221031215930,FACTORY,0117,SHOMARI,SONG'E,OUT
20221031215935,FACTORY,0060,JOYCE,MASHELI,OUT
20221031215944,FACTORY,109,RUDOLF,TAIRO,OUT
20221031215954,FACTORY,0123,VICENT,MBUNGANI,OUT
20221031220003,FACTORY,0035,EVALISTA,MAKUWA,OUT
20221031220009,FACTORY,0106,REHEMA,SIGE,OUT
20221031220015,FACTORY,0065,HADIJA,KAWAMBWA,OUT
20221031220021,FACTORY,0043,GEORGINA,MILLINGA,OUT
20221031220031,FACTORY,0056,JACOB,BELLA,OUT
20221031220040,FACTORY,0059,JOSEPH,SHENKOME,OUT
20221031220122,FACTORY,0024,DAUDI,ISMAIL,OUT
20221031220129,FACTORY,0024,DAUDI,ISMAIL,OUT
20221031220142,FACTORY,0098,PATRICK,ALFRED,OUT
20221031220302,FACTORY,0116,SHABANI,NGOGOMI,OUT
20221031220333,FACTORY,0091,MWINYI,KIHAGA,OUT
20221031220340,FACTORY,0110,SAAD,MGULE,OUT
20221031220347,FACTORY,V021,SAID,MTIMBIA,OUT
20221031220414,FACTORY,0121,UPENDO,ZANI,OUT
20221031221125,FACTORY,0021,BETRAM,NTILLA,OUT
20221031222027,OFFICE,0134,ALFRED,CHISAWILLO,OUT
20221031233958,OFFICE,414152,MARTIN,SHILLA,OUT
20221101061112,FACTORY,0001,ABDALLAH,ZAYUMBA,IN
20221101061438,FACTORY,V008,HAMIS,MFINANGA,IN
20221101062347,FACTORY,0032,EMMANUEL,MILYANGO,IN
20221101062614,FACTORY,V007,ANDREW,MASSAWE,IN
20221101062943,OFFICE,V005,JOHN,LIMBE,IN
20221101063750,FACTORY,0081,MOHAMED,MOLLI,IN
20221101064133,FACTORY,0073,MAIMUNA,CHAMWITI,IN
20221101064358,OFFICE,0040,FRANK,MARIKI,IN
20221101064707,OFFICE,0020,BENSON,BIMBONA,IN
20221101064715,FACTORY,0041,FRED,MBUNDA,IN
20221101064805,FACTORY,0069,LATIFA,MINTANGA,IN
20221101064843,FACTORY,0125,WALTER,MAPUNDA,IN
20221101065102,FACTORY,0122,VERONICA,MZIA,IN
20221101065245,FACTORY,0112,SALUM,LIKONJOGO,IN
20221101065404,FACTORY,0053,HERIETH,KAIMKILWA,IN
20221101065447,FACTORY,0047,HAMZA ,SULTAN,IN
20221101065525,FACTORY,0023,CLINTON,MKUDE,IN
20221101065613,FACTORY,413988,GEOFREY,MOMBO,IN
20221101065720,FACTORY,0031,ELIZABETH,SIBHOT,IN
20221101065747,FACTORY,0022,CHARLES,KIBAVU,IN
20221101065824,FACTORY,V024,AMANI,KINYAGA,IN
20221101065848,FACTORY,V004,SAITOTI,SAITOTI,OUT
20221101065858,FACTORY,V004,SAITOTI,SAITOTI,IN
20221101065908,FACTORY,V007,MWAMINI,OMARY,IN
20221101070020,FACTORY,V020,LUKAS,KIMBAWALA,IN
20221101070121,FACTORY,0118,SIKUDHANI,MGENI,IN
20221101070134,FACTORY,0046,HAMNE,MAHANYU,IN
20221101070140,FACTORY,0034,ERICK,TIBALILA,IN
20221101070142,OFFICE,V006,JENIPHA,MUSHI,IN
20221101070145,FACTORY,0080,MIRAJI,JANGALU,IN
20221101070225,FACTORY,128,YUSUPH,MTAMBO,IN
20221101070258,FACTORY,0115,SHABANI,KIGA,IN
20221101070322,FACTORY,0142,WILLIAM,USANGA,IN
20221101070445,FACTORY,0113,SALUM,MALENDA,IN
20221101070534,FACTORY,0016,ASHURA,MWENE,IN
20221101070559,FACTORY,0003,ABDUL,KAPERA,IN
20221101070642,FACTORY,0088,MWARAMI,KANIKI,IN
20221101070651,FACTORY,0050,HASSANI,KUNGURUMA,IN
20221101070747,FACTORY,0129,ZAINABU,RIVAVODI,IN
20221101070944,FACTORY,0114,SALUM,SALUM,IN
20221101070950,FACTORY,0079,MIRAJI,MNGAZIJA,IN
20221101071142,FACTORY,0063,JUMA,HAMISI,IN
20221101071457,FACTORY,0029,DUNIA,BOGOZO,OUT
20221101071503,FACTORY,0004,ABDULKADIR,JUMA,OUT
20221101071609,FACTORY,0100,RAJAB,MMBAGA,OUT
20221101071611,OFFICE,V001,FLORA,LISANGA,IN
20221101071617,FACTORY,0054,IBRAHIM,BABONYE,OUT
20221101071624,FACTORY,V003,ALLY,ALLY,IN
20221101071842,FACTORY,0014,ALLY ,CHANDE,IN
20221101071926,FACTORY,0077,MATTO,MSANGI,IN
20221101072043,FACTORY,0026,DAVID,KINDOLE,OUT
20221101073518,FACTORY,0062,JUMA,MSHAURI,IN
20221101073857,OFFICE,0135,NOAH,MPANGALA,IN
20221101074430,FACTORY,0045,HAIDARY,KIPUKA,IN
20221101075650,FACTORY,111,SAID,RWAMBO,IN
20221101080053,FACTORY,0126,WATENDE,ALLY,IN
20221101080248,OFFICE,0124,VICTOR,NGUJI,IN
20221101080526,OFFICE,0019,BEATRICE,MALLE,IN
20221101080544,FACTORY,0133,FIZZA,NJOVU,IN
20221101080553,OFFICE,0058,JANETH,SIRIWA,IN
20221101080624,FACTORY,136,PETER,MALLYA,IN
20221101080658,OFFICE,0048,HAPPY,AKARO,IN
20221101081011,FACTORY,414152,MARTIN,SHILLA,IN
20221101081034,OFFICE,0099,PRISCA,ALPHONCE,IN
20221101081430,FACTORY,0132,ELIWAZA,KONGA,IN
20221101082047,FACTORY,V028,RASHID,MRUMA,IN
20221101082206,OFFICE,,PATRICK,ODAWA,IN
20221101082654,OFFICE,V002,ZAITUNI,SIMBA,IN
20221101084216,OFFICE,0130,SUDI,UKONDWA,IN
20221101090646,OFFICE,0006,ABRAHAM,MCHOME,IN
20221101090722,OFFICE,0076,ANNA, IRENGO,IN
20221101093912,FACTORY,0106,REHEMA,SIGE,IN
20221101095730,FACTORY,0067,KULUTHUM,LUSONZO,IN
20221101095745,FACTORY,0011,AISHA,MBONDE,IN
20221101101808,FACTORY,0015,ASHA,DIKUNGURUMA,IN
20221101135938,FACTORY,V008,HAMIS,MFINANGA,OUT
20221101140203,FACTORY,V007,ANDREW,MASSAWE,OUT
20221101140744,FACTORY,0116,SHABANI,NGOGOMI,IN
20221101141758,FACTORY,0091,MWINYI,KIHAGA,IN
20221101141807,FACTORY,0117,SHOMARI,SONG'E,IN
20221101142156,FACTORY,0021,BETRAM,NTILLA,IN
20221101142531,FACTORY,0059,JOSEPH,SHENKOME,IN
20221101142537,FACTORY,0123,VICENT,MBUNGANI,IN
20221101142557,FACTORY,0098,PATRICK,ALFRED,IN
20221101142612,FACTORY,0060,JOYCE,MASHELI,IN
20221101142622,FACTORY,0110,SAAD,MGULE,IN
20221101142717,FACTORY,0121,UPENDO,ZANI,IN
20221101142802,FACTORY,0030,ELIZABETH,HIZZA,IN
20221101142829,FACTORY,0137,JANETH,TENDEGA,IN
20221101142829,FACTORY,0137,JANETH,TENDEGA,IN
20221101142914,FACTORY,0035,EVALISTA,MAKUWA,IN
20221101142924,FACTORY,0056,JACOB,BELLA,IN
20221101142943,FACTORY,V007,MWAMINI,OMARY,OUT
20221101142948,FACTORY,0088,MWARAMI,KANIKI,OUT
20221101143004,FACTORY,0046,HAMNE,MAHANYU,OUT
20221101143019,FACTORY,0024,DAUDI,ISMAIL,IN
20221101143024,FACTORY,0077,MATTO,MSANGI,OUT
20221101143044,OFFICE,0134,ALFRED,CHISAWILLO,IN
20221101143202,FACTORY,0031,ELIZABETH,SIBHOT,OUT
20221101143306,FACTORY,0065,HADIJA,KAWAMBWA,IN
20221101143314,FACTORY,0043,GEORGINA,MILLINGA,IN
20221101143443,FACTORY,0050,HASSANI,KUNGURUMA,OUT
20221101143526,FACTORY,0079,MIRAJI,MNGAZIJA,OUT
20221101143532,FACTORY,0125,WALTER,MAPUNDA,OUT
20221101143538,FACTORY,0003,ABDUL,KAPERA,OUT
20221101143729,FACTORY,V021,SAID,MTIMBIA,IN
20221101143735,FACTORY,0014,ALLY ,CHANDE,OUT
20221101143925,FACTORY,0047,HAMZA ,SULTAN,OUT
20221101144801,FACTORY,109,RUDOLF,TAIRO,IN
20221101152947,FACTORY,0041,FRED,MBUNDA,OUT
20221101153002,FACTORY,0073,MAIMUNA,CHAMWITI,OUT
20221101153013,FACTORY,0022,CHARLES,KIBAVU,OUT
20221101153019,FACTORY,0053,HERIETH,KAIMKILWA,OUT
20221101153026,FACTORY,0001,ABDALLAH,ZAYUMBA,OUT
20221101153030,FACTORY,0118,SIKUDHANI,MGENI,OUT
20221101153036,FACTORY,0080,MIRAJI,JANGALU,OUT
20221101153042,FACTORY,0016,ASHURA,MWENE,OUT
20221101153047,FACTORY,0129,ZAINABU,RIVAVODI,OUT
20221101153054,FACTORY,0063,JUMA,HAMISI,OUT
20221101153100,FACTORY,128,YUSUPH,MTAMBO,OUT
20221101153250,FACTORY,0114,SALUM,SALUM,OUT
20221101153314,FACTORY,0112,SALUM,LIKONJOGO,OUT
20221101155439,FACTORY,V004,SAITOTI,SAITOTI,OUT
20221101155712,OFFICE,0040,FRANK,MARIKI,OUT
20221101155809,FACTORY,V003,ALLY,ALLY,OUT
20221101160205,FACTORY,0020,BENSON,BIMBONA,OUT
20221101160401,FACTORY,V020,LUKAS,KIMBAWALA,OUT
20221101161013,FACTORY,0142,WILLIAM,USANGA,OUT
20221101161247,OFFICE,V006,JENIPHA,MUSHI,OUT
20221101161250,FACTORY,413988,GEOFREY,MOMBO,OUT
20221101161531,FACTORY,0032,EMMANUEL,MILYANGO,OUT
20221101163827,FACTORY,V005,JOHN,LIMBE,OUT
20221101164411,OFFICE,0124,VICTOR,NGUJI,OUT
20221101164913,FACTORY,111,SAID,RWAMBO,OUT
20221101170027,FACTORY,136,PETER,MALLYA,OUT
20221101170136,OFFICE,0058,JANETH,SIRIWA,OUT
20221101170459,FACTORY,0048,HAPPY,AKARO,OUT
20221101170543,OFFICE,V002,ZAITUNI,SIMBA,OUT
20221101170933,OFFICE,0006,ABRAHAM,MCHOME,OUT
20221101170938,OFFICE,0019,BEATRICE,MALLE,OUT
20221101172647,FACTORY,0133,FIZZA,NJOVU,OUT
20221101173516,OFFICE,0130,SUDI,UKONDWA,OUT
20221101173903,OFFICE,0099,PRISCA,ALPHONCE,OUT
20221101175145,FACTORY,0132,ELIWAZA,KONGA,OUT
20221101175742,OFFICE,0076,ANNA, IRENGO,OUT
20221101181007,OFFICE,0135,NOAH,MPANGALA,OUT
20221101181306,OFFICE,V001,FLORA,LISANGA,OUT
20221101183004,FACTORY,0056,JACOB,BELLA,OUT
20221101184516,OFFICE,414152,MARTIN,SHILLA,OUT
20221101184825,FACTORY,0054,IBRAHIM,BABONYE,IN
20221101184924,FACTORY,0029,DUNIA,BOGOZO,IN
20221101184953,FACTORY,0004,ABDULKADIR,JUMA,IN
20221101185000,FACTORY,0100,RAJAB,MMBAGA,IN
20221101190010,FACTORY,0069,LATIFA,MINTANGA,OUT
20221101190205,FACTORY,0115,SHABANI,KIGA,OUT
20221101190211,FACTORY,0023,CLINTON,MKUDE,OUT
20221101190217,FACTORY,0034,ERICK,TIBALILA,OUT
20221101190234,FACTORY,0126,WATENDE,ALLY,OUT
20221101190307,FACTORY,0081,MOHAMED,MOLLI,OUT
20221101190521,FACTORY,0122,VERONICA,MZIA,OUT
20221101214232,FACTORY,0026,DAVID,KINDOLE,IN
20221101215922,FACTORY,0067,KULUTHUM,LUSONZO,OUT
20221101215927,FACTORY,0011,AISHA,MBONDE,OUT
20221101215930,FACTORY,0060,JOYCE,MASHELI,OUT
20221101215935,FACTORY,0030,ELIZABETH,HIZZA,OUT
20221101215942,FACTORY,0024,DAUDI,ISMAIL,OUT
20221101215947,FACTORY,0123,VICENT,MBUNGANI,OUT
20221101215955,FACTORY,0117,SHOMARI,SONG'E,OUT
20221101220003,FACTORY,0043,GEORGINA,MILLINGA,OUT
20221101220017,FACTORY,0106,REHEMA,SIGE,OUT
20221101220023,FACTORY,0035,EVALISTA,MAKUWA,OUT
20221101220031,FACTORY,0065,HADIJA,KAWAMBWA,OUT
20221101220036,FACTORY,0015,ASHA,DIKUNGURUMA,OUT
20221101220041,FACTORY,0137,JANETH,TENDEGA,OUT
20221101220041,FACTORY,0137,JANETH,TENDEGA,OUT
20221101220046,FACTORY,0059,JOSEPH,SHENKOME,OUT
20221101220052,FACTORY,V021,SAID,MTIMBIA,OUT
20221101220057,FACTORY,109,RUDOLF,TAIRO,OUT
20221101220102,FACTORY,0091,MWINYI,KIHAGA,OUT
20221101220122,FACTORY,0021,BETRAM,NTILLA,OUT
20221101220208,FACTORY,0116,SHABANI,NGOGOMI,OUT
20221101220251,FACTORY,0110,SAAD,MGULE,OUT
20221101220255,OFFICE,0134,ALFRED,CHISAWILLO,OUT
20221101220355,FACTORY,0098,PATRICK,ALFRED,OUT
20221101220404,FACTORY,0121,UPENDO,ZANI,OUT
20221102061150,FACTORY,0001,ABDALLAH,ZAYUMBA,IN
20221102062549,FACTORY,413988,GEOFREY,MOMBO,IN
20221102062955,FACTORY,V007,ANDREW,MASSAWE,IN
20221102063005,FACTORY,0032,EMMANUEL,MILYANGO,IN
20221102063107,OFFICE,V005,JOHN,LIMBE,IN
20221102063341,FACTORY,0003,ABDUL,KAPERA,IN
20221102064117,OFFICE,0020,BENSON,BIMBONA,IN
20221102064410,OFFICE,0040,FRANK,MARIKI,IN
20221102064507,FACTORY,0122,VERONICA,MZIA,IN
20221102064850,FACTORY,0041,FRED,MBUNDA,IN
20221102064858,FACTORY,0112,SALUM,LIKONJOGO,IN
20221102064912,FACTORY,0022,CHARLES,KIBAVU,IN
20221102065158,FACTORY,V007,MWAMINI,OMARY,IN
20221102065415,FACTORY,0126,WATENDE,ALLY,IN
20221102065548,FACTORY,0081,MOHAMED,MOLLI,IN
20221102065600,FACTORY,0031,ELIZABETH,SIBHOT,IN
20221102065641,FACTORY,V020,LUKAS,KIMBAWALA,IN
20221102065646,FACTORY,0023,CLINTON,MKUDE,IN
20221102065838,FACTORY,0125,WALTER,MAPUNDA,IN
20221102065845,FACTORY,0115,SHABANI,KIGA,IN
20221102065850,FACTORY,0047,HAMZA ,SULTAN,IN
20221102065912,FACTORY,0118,SIKUDHANI,MGENI,IN
20221102065926,FACTORY,0069,LATIFA,MINTANGA,IN
20221102070013,FACTORY,0063,JUMA,HAMISI,IN
20221102070032,FACTORY,0080,MIRAJI,JANGALU,IN
20221102070243,FACTORY,128,YUSUPH,MTAMBO,IN
20221102070304,FACTORY,0016,ASHURA,MWENE,IN
20221102070335,FACTORY,0034,ERICK,TIBALILA,IN
20221102070640,FACTORY,0129,ZAINABU,RIVAVODI,IN
20221102070853,FACTORY,0079,MIRAJI,MNGAZIJA,IN
20221102070925,FACTORY,0088,MWARAMI,KANIKI,IN
20221102070940,FACTORY,V004,SAITOTI,SAITOTI,IN
20221102071045,FACTORY,0142,WILLIAM,USANGA,IN
20221102071223,OFFICE,V006,JENIPHA,MUSHI,IN
20221102071234,FACTORY,0046,HAMNE,MAHANYU,IN
20221102071259,FACTORY,V003,ALLY,ALLY,IN
20221102071501,FACTORY,0114,SALUM,SALUM,IN
20221102071512,FACTORY,0014,ALLY ,CHANDE,IN
20221102071705,FACTORY,0004,ABDULKADIR,JUMA,OUT
20221102071814,FACTORY,0054,IBRAHIM,BABONYE,OUT
20221102071846,FACTORY,0029,DUNIA,BOGOZO,OUT
20221102071854,FACTORY,0100,RAJAB,MMBAGA,OUT
20221102072003,OFFICE,V001,FLORA,LISANGA,IN
20221102072045,FACTORY,0026,DAVID,KINDOLE,OUT
20221102072503,FACTORY,0077,MATTO,MSANGI,IN
20221102072509,FACTORY,0053,HERIETH,KAIMKILWA,IN
20221102072600,FACTORY,V024,AMANI,KINYAGA,IN
20221102072814,OFFICE,0135,NOAH,MPANGALA,IN
20221102073908,FACTORY,V028,RASHID,MRUMA,IN
20221102074128,OFFICE,0124,VICTOR,NGUJI,IN
20221102074809,FACTORY,0132,ELIWAZA,KONGA,IN
20221102074922,FACTORY,0062,JUMA,MSHAURI,IN
20221102075132,OFFICE,0048,HAPPY,AKARO,IN
20221102075447,FACTORY,0045,HAIDARY,KIPUKA,IN
20221102075637,FACTORY,136,PETER,MALLYA,IN
20221102080021,FACTORY,0133,FIZZA,NJOVU,IN
20221102080243,FACTORY,111,SAID,RWAMBO,IN
20221102080632,OFFICE,0058,JANETH,SIRIWA,IN
20221102080932,OFFICE,0019,BEATRICE,MALLE,IN
20221102081545,FACTORY,414152,MARTIN,SHILLA,IN
20221102081624,OFFICE,0099,PRISCA,ALPHONCE,IN
20221102081828,OFFICE,,PATRICK,ODAWA,IN
20221102082004,OFFICE,V002,ZAITUNI,SIMBA,IN
20221102082255,OFFICE,0130,SUDI,UKONDWA,IN
20221102084503,OFFICE,0006,ABRAHAM,MCHOME,IN
20221102095636,FACTORY,0067,KULUTHUM,LUSONZO,IN
20221102095838,FACTORY,0011,AISHA,MBONDE,IN
20221102100012,FACTORY,0106,REHEMA,SIGE,IN
20221102100947,FACTORY,0065,HADIJA,KAWAMBWA,IN
20221102102809,FACTORY,0015,ASHA,DIKUNGURUMA,IN
20221102113725,FACTORY,0050,HASSANI,KUNGURUMA,IN
20221102114414,OFFICE,413981,VISHAL,KARA,IN
20221102124618,OFFICE,0076,ANNA, IRENGO,IN
20221102140324,FACTORY,V007,ANDREW,MASSAWE,OUT
20221102142523,FACTORY,0060,JOYCE,MASHELI,IN
20221102142714,FACTORY,0043,GEORGINA,MILLINGA,IN
20221102142729,FACTORY,0059,JOSEPH,SHENKOME,IN
20221102142737,FACTORY,0021,BETRAM,NTILLA,IN
20221102142743,FACTORY,0098,PATRICK,ALFRED,IN
20221102142803,FACTORY,0137,JANETH,TENDEGA,IN
20221102142803,FACTORY,0137,JANETH,TENDEGA,IN
20221102142830,FACTORY,0030,ELIZABETH,HIZZA,IN
20221102142841,FACTORY,0117,SHOMARI,SONG'E,IN
20221102142847,FACTORY,V028,RASHID,MRUMA,IN
20221102143011,FACTORY,0041,FRED,MBUNDA,OUT
20221102143031,FACTORY,0118,SIKUDHANI,MGENI,OUT
20221102143039,FACTORY,0080,MIRAJI,JANGALU,OUT
20221102143102,FACTORY,0121,UPENDO,ZANI,IN
20221102143112,FACTORY,0016,ASHURA,MWENE,OUT
20221102143117,FACTORY,V028,RASHID,MRUMA,OUT
20221102143133,FACTORY,0129,ZAINABU,RIVAVODI,OUT
20221102143140,FACTORY,0022,CHARLES,KIBAVU,OUT
20221102143146,FACTORY,0123,VICENT,MBUNGANI,IN
20221102143155,FACTORY,0014,ALLY ,CHANDE,OUT
20221102143201,FACTORY,0112,SALUM,LIKONJOGO,OUT
20221102143212,FACTORY,0114,SALUM,SALUM,OUT
20221102143223,FACTORY,0077,MATTO,MSANGI,OUT
20221102143230,FACTORY,0079,MIRAJI,MNGAZIJA,OUT
20221102143243,FACTORY,0125,WALTER,MAPUNDA,OUT
20221102143249,FACTORY,0046,HAMNE,MAHANYU,OUT
20221102143341,FACTORY,V007,MWAMINI,OMARY,OUT
20221102143348,FACTORY,0063,JUMA,HAMISI,OUT
20221102143354,FACTORY,128,YUSUPH,MTAMBO,OUT
20221102143557,FACTORY,0001,ABDALLAH,ZAYUMBA,OUT
20221102143604,FACTORY,0031,ELIZABETH,SIBHOT,OUT
20221102143622,FACTORY,0091,MWINYI,KIHAGA,IN
20221102143641,FACTORY,0110,SAAD,MGULE,IN
20221102143822,FACTORY,0003,ABDUL,KAPERA,OUT
20221102144027,FACTORY,0035,EVALISTA,MAKUWA,IN
20221102144129,OFFICE,0134,ALFRED,CHISAWILLO,IN
20221102144246,FACTORY,0024,DAUDI,ISMAIL,IN
20221102144635,FACTORY,109,RUDOLF,TAIRO,IN
20221102144724,FACTORY,V021,SAID,MTIMBIA,IN
20221102153841,FACTORY,0088,MWARAMI,KANIKI,OUT
20221102154516,OFFICE,0040,FRANK,MARIKI,OUT
20221102155225,FACTORY,V005,JOHN,LIMBE,OUT
20221102155545,FACTORY,V003,ALLY,ALLY,OUT
20221102155558,FACTORY,V004,SAITOTI,SAITOTI,OUT
20221102160017,OFFICE,0020,BENSON,BIMBONA,OUT
20221102160039,FACTORY,V020,LUKAS,KIMBAWALA,OUT
20221102160701,FACTORY,0032,EMMANUEL,MILYANGO,OUT
20221102160844,FACTORY,413988,GEOFREY,MOMBO,OUT
20221102160930,FACTORY,0142,WILLIAM,USANGA,OUT
20221102161329,OFFICE,V006,JENIPHA,MUSHI,OUT
20221102164619,OFFICE,413981,VISHAL,KARA,OUT
20221102165906,FACTORY,136,PETER,MALLYA,OUT
20221102170016,FACTORY,0048,HAPPY,AKARO,OUT
20221102170233,OFFICE,0124,VICTOR,NGUJI,OUT
20221102170838,OFFICE,0135,NOAH,MPANGALA,OUT
20221102170931,OFFICE,0058,JANETH,SIRIWA,OUT
20221102171049,OFFICE,0006,ABRAHAM,MCHOME,OUT
20221102172859,OFFICE,0099,PRISCA,ALPHONCE,OUT
20221102173843,FACTORY,0132,ELIWAZA,KONGA,OUT
20221102174025,OFFICE,0019,BEATRICE,MALLE,OUT
20221102174455,OFFICE,0076,ANNA, IRENGO,OUT
20221102175143,FACTORY,0133,FIZZA,NJOVU,OUT
20221102175437,OFFICE,V001,FLORA,LISANGA,OUT
20221102181841,OFFICE,V002,ZAITUNI,SIMBA,OUT
20221102181850,OFFICE,414152,MARTIN,SHILLA,OUT
20221102184454,FACTORY,0054,IBRAHIM,BABONYE,IN
20221102185400,FACTORY,0029,DUNIA,BOGOZO,IN
20221102185551,FACTORY,0004,ABDULKADIR,JUMA,IN
20221102185613,FACTORY,0100,RAJAB,MMBAGA,IN
20221102185939,FACTORY,0023,CLINTON,MKUDE,OUT
20221102190006,FACTORY,0126,WATENDE,ALLY,OUT
20221102190057,FACTORY,0122,VERONICA,MZIA,OUT
20221102190128,FACTORY,0069,LATIFA,MINTANGA,OUT
20221102190156,FACTORY,0081,MOHAMED,MOLLI,OUT
20221102190609,FACTORY,0115,SHABANI,KIGA,OUT
20221102190642,FACTORY,0034,ERICK,TIBALILA,OUT
20221102191932,OFFICE,0130,SUDI,UKONDWA,OUT
20221102194737,FACTORY,0024,DAUDI,ISMAIL,OUT
20221102200008,FACTORY,0050,HASSANI,KUNGURUMA,OUT
20221102204716,FACTORY,0100,RAJAB,MMBAGA,OUT
20221102215906,FACTORY,0067,KULUTHUM,LUSONZO,OUT
20221102215918,FACTORY,0011,AISHA,MBONDE,OUT
20221102215925,FACTORY,0060,JOYCE,MASHELI,OUT
20221102215946,FACTORY,0030,ELIZABETH,HIZZA,OUT
20221102215951,FACTORY,0091,MWINYI,KIHAGA,OUT
20221102215958,FACTORY,0059,JOSEPH,SHENKOME,OUT
20221102220006,FACTORY,0043,GEORGINA,MILLINGA,OUT
20221102220013,FACTORY,0106,REHEMA,SIGE,OUT
20221102220018,FACTORY,0035,EVALISTA,MAKUWA,OUT
20221102220030,FACTORY,0065,HADIJA,KAWAMBWA,OUT
20221102220036,FACTORY,0015,ASHA,DIKUNGURUMA,OUT
20221102220042,FACTORY,0123,VICENT,MBUNGANI,OUT
20221102220048,FACTORY,109,RUDOLF,TAIRO,OUT
20221102220053,FACTORY,0098,PATRICK,ALFRED,OUT
20221102220059,FACTORY,V021,SAID,MTIMBIA,OUT
20221102220103,FACTORY,0137,JANETH,TENDEGA,OUT
20221102220103,FACTORY,0137,JANETH,TENDEGA,OUT
20221102220136,FACTORY,0110,SAAD,MGULE,OUT
20221102220203,FACTORY,0026,DAVID,KINDOLE,IN
20221102220258,FACTORY,0117,SHOMARI,SONG'E,OUT
20221102220345,FACTORY,0121,UPENDO,ZANI,OUT
20221102220401,OFFICE,0134,ALFRED,CHISAWILLO,OUT
20221102221007,FACTORY,0021,BETRAM,NTILLA,OUT
20221103060929,FACTORY,V008,HAMIS,MFINANGA,IN
20221103061111,FACTORY,0001,ABDALLAH,ZAYUMBA,IN
20221103062737,FACTORY,V007,ANDREW,MASSAWE,IN
20221103063341,OFFICE,0020,BENSON,BIMBONA,IN
20221103063508,OFFICE,V005,JOHN,LIMBE,IN
20221103063826,FACTORY,0032,EMMANUEL,MILYANGO,IN
20221103064337,FACTORY,0003,ABDUL,KAPERA,IN
20221103064736,OFFICE,0040,FRANK,MARIKI,IN
20221103064743,FACTORY,0013,ALLY,SHAWEJI,IN
20221103065204,FACTORY,0022,CHARLES,KIBAVU,IN
20221103065209,FACTORY,0041,FRED,MBUNDA,IN
20221103065215,FACTORY,128,YUSUPH,MTAMBO,IN
20221103065252,FACTORY,128,YUSUPH,MTAMBO,IN
20221103065300,FACTORY,0069,LATIFA,MINTANGA,OUT
20221103065331,FACTORY,0069,LATIFA,MINTANGA,IN
20221103065431,FACTORY,0122,VERONICA,MZIA,IN
20221103065520,FACTORY,0118,SIKUDHANI,MGENI,IN
20221103065601,FACTORY,0112,SALUM,LIKONJOGO,IN
20221103065903,FACTORY,0042,GABRIEL,MBEYE,IN
20221103065914,FACTORY,0129,ZAINABU,RIVAVODI,IN
20221103065920,FACTORY,0126,WATENDE,ALLY,IN
20221103065928,FACTORY,0046,HAMNE,MAHANYU,IN
20221103065937,FACTORY,0084,MRISHO,HAUYESHI,IN
20221103065948,OFFICE,V006,JENIPHA,MUSHI,IN
20221103065948,FACTORY,0047,HAMZA ,SULTAN,IN
20221103070117,FACTORY,0031,ELIZABETH,SIBHOT,IN
20221103070232,FACTORY,0016,ASHURA,MWENE,IN
20221103070328,FACTORY,0026,DAVID,KINDOLE,OUT
20221103070337,FACTORY,0004,ABDULKADIR,JUMA,OUT
20221103070354,FACTORY,0071,LEONARD,NZIGE,IN
20221103070359,FACTORY,0054,IBRAHIM,BABONYE,OUT
20221103070536,FACTORY,0029,DUNIA,BOGOZO,OUT
20221103070546,FACTORY,0063,JUMA,HAMISI,IN
20221103070554,FACTORY,0114,SALUM,SALUM,IN
20221103070622,FACTORY,0080,MIRAJI,JANGALU,IN
20221103070649,FACTORY,V004,SAITOTI,SAITOTI,IN
20221103070715,FACTORY,V020,LUKAS,KIMBAWALA,IN
20221103070936,FACTORY,0088,MWARAMI,KANIKI,IN
20221103070943,FACTORY,0113,SALUM,MALENDA,IN
20221103070957,FACTORY,V003,ALLY,ALLY,IN
20221103071003,FACTORY,V028,RASHID,MRUMA,IN
20221103071250,OFFICE,0006,ABRAHAM,MCHOME,IN
20221103071454,FACTORY,0125,WALTER,MAPUNDA,IN
20221103071502,FACTORY,0014,ALLY ,CHANDE,IN
20221103072203,FACTORY,0079,MIRAJI,MNGAZIJA,IN
20221103072325,FACTORY,0050,HASSANI,KUNGURUMA,IN
20221103072329,OFFICE,V001,FLORA,LISANGA,IN
20221103072919,FACTORY,0077,MATTO,MSANGI,IN
20221103073301,OFFICE,0135,NOAH,MPANGALA,IN
20221103073631,FACTORY,0142,WILLIAM,USANGA,IN
20221103074541,OFFICE,0019,BEATRICE,MALLE,IN
20221103074844,FACTORY,0045,HAIDARY,KIPUKA,IN
20221103075111,FACTORY,V024,AMANI,KINYAGA,IN
20221103075438,FACTORY,111,SAID,RWAMBO,IN
20221103075708,FACTORY,0062,JUMA,MSHAURI,IN
20221103075757,FACTORY,413988,GEOFREY,MOMBO,IN
20221103075856,FACTORY,0133,FIZZA,NJOVU,IN
20221103080040,OFFICE,0048,HAPPY,AKARO,IN
20221103080103,OFFICE,0124,VICTOR,NGUJI,IN
20221103080222,FACTORY,0132,ELIWAZA,KONGA,IN
20221103080454,FACTORY,136,PETER,MALLYA,IN
20221103080732,OFFICE,,PATRICK,ODAWA,IN
20221103080859,OFFICE,413981,VISHAL,KARA,IN
20221103081454,OFFICE,0099,PRISCA,ALPHONCE,IN
20221103081530,FACTORY,414152,MARTIN,SHILLA,IN
20221103082538,OFFICE,0058,JANETH,SIRIWA,IN
20221103082717,OFFICE,0130,SUDI,UKONDWA,IN
20221103083144,OFFICE,V002,ZAITUNI,SIMBA,IN
20221103083243,OFFICE,0076,ANNA, IRENGO,IN
20221103100934,FACTORY,0067,KULUTHUM,LUSONZO,IN
20221103101240,FACTORY,0106,REHEMA,SIGE,IN
20221103101321,FACTORY,0011,AISHA,MBONDE,IN
20221103102350,FACTORY,0015,ASHA,DIKUNGURUMA,IN
20221103102915,FACTORY,0065,HADIJA,KAWAMBWA,IN
20221103135919,FACTORY,V008,HAMIS,MFINANGA,OUT
20221103140145,FACTORY,V007,ANDREW,MASSAWE,OUT
20221103140441,FACTORY,0123,VICENT,MBUNGANI,IN
20221103140855,FACTORY,0121,UPENDO,ZANI,IN
20221103141559,FACTORY,0035,EVALISTA,MAKUWA,IN
20221103141750,FACTORY,0021,BETRAM,NTILLA,IN
20221103141758,FACTORY,0098,PATRICK,ALFRED,IN
20221103142026,FACTORY,0043,GEORGINA,MILLINGA,IN
20221103142148,FACTORY,0059,JOSEPH,SHENKOME,IN
20221103142153,FACTORY,0091,MWINYI,KIHAGA,IN
20221103142511,FACTORY,0117,SHOMARI,SONG'E,IN
20221103142738,FACTORY,0110,SAAD,MGULE,IN
20221103142847,FACTORY,0060,JOYCE,MASHELI,IN
20221103142956,FACTORY,V021,SAID,MTIMBIA,IN
20221103143008,FACTORY,0030,ELIZABETH,HIZZA,IN
20221103143021,FACTORY,0041,FRED,MBUNDA,OUT
20221103143032,FACTORY,0112,SALUM,LIKONJOGO,OUT
20221103143039,FACTORY,0063,JUMA,HAMISI,OUT
20221103143112,FACTORY,0137,JANETH,TENDEGA,IN
20221103143112,FACTORY,0137,JANETH,TENDEGA,IN
20221103143228,FACTORY,0118,SIKUDHANI,MGENI,OUT
20221103143258,FACTORY,0129,ZAINABU,RIVAVODI,OUT
20221103143313,FACTORY,0077,MATTO,MSANGI,OUT
20221103143346,FACTORY,0016,ASHURA,MWENE,OUT
20221103143352,FACTORY,0031,ELIZABETH,SIBHOT,OUT
20221103143357,FACTORY,0114,SALUM,SALUM,OUT
20221103143414,FACTORY,0080,MIRAJI,JANGALU,OUT
20221103143905,OFFICE,0134,ALFRED,CHISAWILLO,IN
20221103144205,FACTORY,109,RUDOLF,TAIRO,IN
20221103144211,FACTORY,0001,ABDALLAH,ZAYUMBA,OUT
20221103144310,FACTORY,0003,ABDUL,KAPERA,OUT
20221103144403,FACTORY,0014,ALLY ,CHANDE,OUT
20221103144408,FACTORY,0125,WALTER,MAPUNDA,OUT
20221103144843,FACTORY,128,YUSUPH,MTAMBO,OUT
20221103144917,FACTORY,0116,SHABANI,NGOGOMI,IN
20221103145314,FACTORY,0047,HAMZA ,SULTAN,OUT
20221103151116,FACTORY,V020,LUKAS,KIMBAWALA,OUT
20221103151128,FACTORY,0050,HASSANI,KUNGURUMA,OUT
20221103151143,FACTORY,0079,MIRAJI,MNGAZIJA,OUT
20221103155044,FACTORY,V004,SAITOTI,SAITOTI,OUT
20221103155918,FACTORY,V003,ALLY,ALLY,OUT
20221103160029,OFFICE,0020,BENSON,BIMBONA,OUT
20221103160102,FACTORY,V005,JOHN,LIMBE,IN
20221103160122,FACTORY,V005,JOHN,LIMBE,OUT
20221103160136,FACTORY,0088,MWARAMI,KANIKI,OUT
20221103160427,OFFICE,0040,FRANK,MARIKI,OUT
20221103161119,OFFICE,V006,JENIPHA,MUSHI,OUT
20221103162839,FACTORY,0032,EMMANUEL,MILYANGO,OUT
20221103164655,OFFICE,413981,VISHAL,KARA,OUT
20221103165958,OFFICE,0006,ABRAHAM,MCHOME,OUT
20221103170014,OFFICE,0124,VICTOR,NGUJI,OUT
20221103170026,FACTORY,136,PETER,MALLYA,OUT
20221103170250,OFFICE,0076,ANNA, IRENGO,OUT
20221103170402,OFFICE,0058,JANETH,SIRIWA,OUT
20221103170430,OFFICE,0135,NOAH,MPANGALA,OUT
20221103170541,OFFICE,0048,HAPPY,AKARO,OUT
20221103170812,FACTORY,413988,GEOFREY,MOMBO,OUT
20221103170817,OFFICE,,PATRICK,ODAWA,OUT
20221103171016,OFFICE,0099,PRISCA,ALPHONCE,OUT
20221103181802,FACTORY,0013,ALLY,SHAWEJI,OUT
20221103182217,OFFICE,V001,FLORA,LISANGA,OUT
20221103182545,OFFICE,414152,MARTIN,SHILLA,OUT
20221103183153,FACTORY,0051,HASSAN,SULEIMAN,IN
20221103185134,FACTORY,0057,JACKSON,MDEMU,IN
20221103185242,FACTORY,0101,RAJABU,RAJABU,IN
20221103185353,OFFICE,0019,BEATRICE,MALLE,OUT
20221103185722,FACTORY,0083,MOSES,ELIAS,IN
20221103190008,FACTORY,0126,WATENDE,ALLY,OUT
20221103190015,FACTORY,0069,LATIFA,MINTANGA,OUT
20221103190108,FACTORY,0046,HAMNE,MAHANYU,OUT
20221103190149,FACTORY,0084,MRISHO,HAUYESHI,OUT
20221103190156,FACTORY,0071,LEONARD,NZIGE,OUT
20221103190202,FACTORY,0122,VERONICA,MZIA,OUT
20221103190615,FACTORY,0133,FIZZA,NJOVU,OUT
20221103190852,FACTORY,0132,ELIWAZA,KONGA,OUT
20221103190912,FACTORY,0042,GABRIEL,MBEYE,OUT
20221103200007,FACTORY,0091,MWINYI,KIHAGA,OUT
20221103200332,FACTORY,0022,CHARLES,KIBAVU,OUT
20221103201849,FACTORY,0142,WILLIAM,USANGA,OUT
20221103203837,OFFICE,V002,ZAITUNI,SIMBA,OUT
20221103210057,OFFICE,0130,SUDI,UKONDWA,OUT
20221103215815,FACTORY,0011,AISHA,MBONDE,OUT
20221103215822,FACTORY,0043,GEORGINA,MILLINGA,OUT
20221103215828,FACTORY,0067,KULUTHUM,LUSONZO,OUT
20221103215909,FACTORY,0060,JOYCE,MASHELI,OUT
20221103215919,FACTORY,0117,SHOMARI,SONG'E,OUT
20221103215925,FACTORY,0137,JANETH,TENDEGA,OUT
20221103215925,FACTORY,0137,JANETH,TENDEGA,OUT
20221103215934,FACTORY,0030,ELIZABETH,HIZZA,OUT
20221103215942,FACTORY,0059,JOSEPH,SHENKOME,OUT
20221103220002,FACTORY,0098,PATRICK,ALFRED,OUT
20221103220020,FACTORY,0106,REHEMA,SIGE,OUT
20221103220026,FACTORY,0035,EVALISTA,MAKUWA,OUT
20221103220034,FACTORY,0065,HADIJA,KAWAMBWA,OUT
20221103220040,FACTORY,0110,SAAD,MGULE,OUT
20221103220112,FACTORY,0015,ASHA,DIKUNGURUMA,OUT
20221103220120,FACTORY,0026,DAVID,KINDOLE,IN
20221103220132,FACTORY,109,RUDOLF,TAIRO,OUT
20221103220140,FACTORY,0123,VICENT,MBUNGANI,OUT
20221103220232,FACTORY,0116,SHABANI,NGOGOMI,OUT
20221103220317,FACTORY,V021,SAID,MTIMBIA,OUT
20221103220829,OFFICE,0134,ALFRED,CHISAWILLO,OUT
20221103221041,FACTORY,0021,BETRAM,NTILLA,OUT
20221103221050,FACTORY,0121,UPENDO,ZANI,OUT
20221104055736,FACTORY,0001,ABDALLAH,ZAYUMBA,IN
20221104062529,FACTORY,V008,HAMIS,MFINANGA,IN
20221104063250,FACTORY,0032,EMMANUEL,MILYANGO,IN
20221104063521,FACTORY,V007,ANDREW,MASSAWE,IN
20221104063707,OFFICE,0020,BENSON,BIMBONA,IN
20221104064035,FACTORY,0003,ABDUL,KAPERA,IN
20221104064044,FACTORY,V005,JOHN,LIMBE,IN
20221104064056,FACTORY,0042,GABRIEL,MBEYE,IN
20221104065126,FACTORY,0071,LEONARD,NZIGE,IN
20221104065422,FACTORY,0122,VERONICA,MZIA,IN
20221104065430,FACTORY,0073,MAIMUNA,CHAMWITI,IN
20221104065438,FACTORY,V004,SAITOTI,SAITOTI,IN
20221104065445,FACTORY,0088,MWARAMI,KANIKI,IN
20221104065452,FACTORY,0063,JUMA,HAMISI,IN
20221104065520,FACTORY,0086,MWANAHAMISI,MKALIPA,IN
20221104065526,FACTORY,0041,FRED,MBUNDA,IN
20221104065717,FACTORY,0046,HAMNE,MAHANYU,IN
20221104065724,FACTORY,0069,LATIFA,MINTANGA,IN
20221104065805,FACTORY,0112,SALUM,LIKONJOGO,IN
20221104065815,FACTORY,0125,WALTER,MAPUNDA,IN
20221104065822,FACTORY,0080,MIRAJI,JANGALU,IN
20221104065832,FACTORY,0031,ELIZABETH,SIBHOT,IN
20221104065915,FACTORY,0016,ASHURA,MWENE,IN
20221104065935,FACTORY,V003,ALLY,ALLY,IN
20221104070023,FACTORY,0114,SALUM,SALUM,IN
20221104070030,FACTORY,V020,LUKAS,KIMBAWALA,IN
20221104070044,FACTORY,0047,HAMZA ,SULTAN,IN
20221104070057,FACTORY,0084,MRISHO,HAUYESHI,IN
20221104070214,FACTORY,0126,WATENDE,ALLY,IN
20221104070458,FACTORY,0053,HERIETH,KAIMKILWA,IN
20221104070842,FACTORY,128,YUSUPH,MTAMBO,IN
20221104071046,OFFICE,V001,FLORA,LISANGA,IN
20221104071111,FACTORY,0129,ZAINABU,RIVAVODI,IN
20221104071414,FACTORY,0014,ALLY ,CHANDE,IN
20221104071421,FACTORY,V028,RASHID,MRUMA,IN
20221104071430,FACTORY,0050,HASSANI,KUNGURUMA,IN
20221104071537,FACTORY,0142,WILLIAM,USANGA,IN
20221104071631,FACTORY,0079,MIRAJI,MNGAZIJA,IN
20221104071844,OFFICE,0135,NOAH,MPANGALA,IN
20221104072106,OFFICE,V006,JENIPHA,MUSHI,IN
20221104072722,FACTORY,0101,RAJABU,RAJABU,OUT
20221104072730,FACTORY,0051,HASSAN,SULEIMAN,OUT
20221104072809,OFFICE,0124,VICTOR,NGUJI,IN
20221104072820,FACTORY,0026,DAVID,KINDOLE,OUT
20221104072926,FACTORY,0057,JACKSON,MDEMU,OUT
20221104072938,FACTORY,0083,MOSES,ELIAS,OUT
20221104073125,FACTORY,0113,SALUM,MALENDA,IN
20221104074348,FACTORY,0132,ELIWAZA,KONGA,IN
20221104074359,FACTORY,V024,AMANI,KINYAGA,IN
20221104074818,FACTORY,413988,GEOFREY,MOMBO,IN
20221104074836,OFFICE,0019,BEATRICE,MALLE,IN
20221104075418,FACTORY,0045,HAIDARY,KIPUKA,IN
20221104080148,FACTORY,136,PETER,MALLYA,IN
20221104080256,FACTORY,111,SAID,RWAMBO,IN
20221104080348,OFFICE,0058,JANETH,SIRIWA,IN
20221104080425,FACTORY,0133,FIZZA,NJOVU,IN
20221104080757,OFFICE,0048,HAPPY,AKARO,IN
20221104081319,OFFICE,0006,ABRAHAM,MCHOME,IN
20221104081406,FACTORY,0062,JUMA,MSHAURI,IN
20221104082245,OFFICE,,PATRICK,ODAWA,IN
20221104082251,OFFICE,0099,PRISCA,ALPHONCE,IN
20221104083020,OFFICE,413981,VISHAL,KARA,IN
20221104083814,OFFICE,0130,SUDI,UKONDWA,IN
20221104090215,OFFICE,V002,ZAITUNI,SIMBA,IN
20221104094555,FACTORY,0015,ASHA,DIKUNGURUMA,IN
20221104095907,FACTORY,0067,KULUTHUM,LUSONZO,IN
20221104100640,FACTORY,0106,REHEMA,SIGE,IN
20221104101922,FACTORY,0065,HADIJA,KAWAMBWA,IN
20221104111749,FACTORY,0013,ALLY,SHAWEJI,IN
20221104131916,OFFICE,0130,SUDI,UKONDWA,OUT
20221104140220,FACTORY,0116,SHABANI,NGOGOMI,IN
20221104141447,FACTORY,0059,JOSEPH,SHENKOME,IN
20221104141916,FACTORY,0021,BETRAM,NTILLA,IN
20221104141935,FACTORY,0022,CHARLES,KIBAVU,IN
20221104141954,FACTORY,0117,SHOMARI,SONG'E,IN
20221104142307,FACTORY,V028,RASHID,MRUMA,OUT
20221104142332,FACTORY,0098,PATRICK,ALFRED,IN
20221104142339,FACTORY,0035,EVALISTA,MAKUWA,IN
20221104142345,FACTORY,0110,SAAD,MGULE,IN
20221104142625,FACTORY,0011,AISHA,MBONDE,IN
20221104142853,FACTORY,0060,JOYCE,MASHELI,IN
20221104142918,FACTORY,0121,UPENDO,ZANI,IN
20221104142951,FACTORY,0030,ELIZABETH,HIZZA,IN
20221104143019,FACTORY,0077,MATTO,MSANGI,OUT
20221104143026,FACTORY,0114,SALUM,SALUM,OUT
20221104143031,FACTORY,136,PETER,MALLYA,OUT
20221104143036,FACTORY,0041,FRED,MBUNDA,OUT
20221104143042,FACTORY,0137,JANETH,TENDEGA,OUT
20221104143042,FACTORY,0137,JANETH,TENDEGA,OUT
20221104143049,FACTORY,0137,JANETH,TENDEGA,IN
20221104143049,FACTORY,0137,JANETH,TENDEGA,IN
20221104143055,FACTORY,0063,JUMA,HAMISI,OUT
20221104143124,FACTORY,0112,SALUM,LIKONJOGO,OUT
20221104143141,FACTORY,0053,HERIETH,KAIMKILWA,OUT
20221104143158,FACTORY,0014,ALLY ,CHANDE,OUT
20221104143205,FACTORY,0125,WALTER,MAPUNDA,OUT
20221104143211,FACTORY,0129,ZAINABU,RIVAVODI,OUT
20221104143245,FACTORY,0031,ELIZABETH,SIBHOT,OUT
20221104143255,FACTORY,0016,ASHURA,MWENE,OUT
20221104143304,FACTORY,0073,MAIMUNA,CHAMWITI,OUT
20221104143330,FACTORY,0001,ABDALLAH,ZAYUMBA,OUT
20221104143354,FACTORY,0003,ABDUL,KAPERA,OUT
20221104143403,FACTORY,0080,MIRAJI,JANGALU,OUT
20221104143441,FACTORY,0043,GEORGINA,MILLINGA,IN
20221104143602,FACTORY,128,YUSUPH,MTAMBO,OUT
20221104143610,FACTORY,0123,VICENT,MBUNGANI,IN
20221104143655,FACTORY,0091,MWINYI,KIHAGA,IN
20221104143811,OFFICE,0134,ALFRED,CHISAWILLO,IN
20221104144042,FACTORY,0047,HAMZA ,SULTAN,OUT
20221104144305,FACTORY,0079,MIRAJI,MNGAZIJA,OUT
20221104144313,FACTORY,0050,HASSANI,KUNGURUMA,OUT
20221104144632,FACTORY,V007,ANDREW,MASSAWE,OUT
20221104144713,FACTORY,V008,HAMIS,MFINANGA,OUT
20221104144813,FACTORY,V021,SAID,MTIMBIA,IN
20221104145744,FACTORY,109,RUDOLF,TAIRO,IN
20221104152451,FACTORY,0045,HAIDARY,KIPUKA,OUT
20221104155435,FACTORY,V004,SAITOTI,SAITOTI,OUT
20221104160022,FACTORY,V020,LUKAS,KIMBAWALA,OUT
20221104160145,OFFICE,V006,JENIPHA,MUSHI,OUT
20221104160251,OFFICE,0020,BENSON,BIMBONA,OUT
20221104160314,FACTORY,0032,EMMANUEL,MILYANGO,OUT
20221104164209,FACTORY,V005,JOHN,LIMBE,OUT
20221104165511,OFFICE,413981,VISHAL,KARA,OUT
20221104170002,OFFICE,0124,VICTOR,NGUJI,OUT
20221104170107,OFFICE,V002,ZAITUNI,SIMBA,OUT
20221104170135,OFFICE,0019,BEATRICE,MALLE,OUT
20221104170152,FACTORY,0132,ELIWAZA,KONGA,OUT
20221104170246,OFFICE,0099,PRISCA,ALPHONCE,OUT
20221104170409,FACTORY,0099,PRISCA,ALPHONCE,OUT
20221104170913,OFFICE,0048,HAPPY,AKARO,OUT
20221104170928,OFFICE,0058,JANETH,SIRIWA,OUT
20221104171121,OFFICE,0006,ABRAHAM,MCHOME,OUT
20221104171321,FACTORY,0142,WILLIAM,USANGA,OUT
20221104172755,FACTORY,0133,FIZZA,NJOVU,OUT
20221104175449,OFFICE,V001,FLORA,LISANGA,OUT
20221104180408,FACTORY,413988,GEOFREY,MOMBO,OUT
20221104183646,FACTORY,0057,JACKSON,MDEMU,IN
20221104183800,FACTORY,0051,HASSAN,SULEIMAN,IN
20221104185932,FACTORY,0071,LEONARD,NZIGE,OUT
20221104190005,FACTORY,0046,HAMNE,MAHANYU,OUT
20221104190010,FACTORY,0086,MWANAHAMISI,MKALIPA,OUT
20221104190020,FACTORY,0013,ALLY,SHAWEJI,OUT
20221104190028,FACTORY,0126,WATENDE,ALLY,OUT
20221104190108,FACTORY,0069,LATIFA,MINTANGA,OUT
20221104190130,FACTORY,0122,VERONICA,MZIA,OUT
20221104190136,FACTORY,0084,MRISHO,HAUYESHI,OUT
20221104190444,FACTORY,0101,RAJABU,RAJABU,IN
20221104190506,FACTORY,0042,GABRIEL,MBEYE,OUT
20221104191812,OFFICE,0135,NOAH,MPANGALA,OUT
20221104192713,FACTORY,0083,MOSES,ELIAS,IN
20221104192949,OFFICE,414152,MARTIN,SHILLA,OUT
20221104214213,FACTORY,0116,SHABANI,NGOGOMI,OUT
20221104215713,FACTORY,0011,AISHA,MBONDE,OUT
20221104215754,FACTORY,0022,CHARLES,KIBAVU,OUT
20221104215758,FACTORY,0060,JOYCE,MASHELI,OUT
20221104215804,FACTORY,0035,EVALISTA,MAKUWA,OUT
20221104215813,FACTORY,0067,KULUTHUM,LUSONZO,OUT
20221104215826,FACTORY,0117,SHOMARI,SONG'E,OUT
20221104215830,OFFICE,0134,ALFRED,CHISAWILLO,OUT
20221104215920,FACTORY,0030,ELIZABETH,HIZZA,OUT
20221104215949,FACTORY,0110,SAAD,MGULE,OUT
20221104215954,FACTORY,0091,MWINYI,KIHAGA,OUT
20221104220004,FACTORY,0015,ASHA,DIKUNGURUMA,OUT
20221104220012,FACTORY,0106,REHEMA,SIGE,OUT
20221104220025,FACTORY,0065,HADIJA,KAWAMBWA,OUT
20221104220030,FACTORY,0059,JOSEPH,SHENKOME,OUT
20221104220035,FACTORY,0098,PATRICK,ALFRED,OUT
20221104220047,FACTORY,V021,SAID,MTIMBIA,OUT
20221104220135,FACTORY,0043,GEORGINA,MILLINGA,OUT
20221104220140,FACTORY,0137,JANETH,TENDEGA,OUT
20221104220140,FACTORY,0137,JANETH,TENDEGA,OUT
20221104220154,FACTORY,109,RUDOLF,TAIRO,OUT
20221104220347,FACTORY,0026,DAVID,KINDOLE,IN
20221104220557,FACTORY,0021,BETRAM,NTILLA,OUT
20221104220740,FACTORY,0121,UPENDO,ZANI,OUT
20221105062241,FACTORY,V007,ANDREW,MASSAWE,IN
20221105062953,FACTORY,0001,ABDALLAH,ZAYUMBA,IN
20221105063446,OFFICE,V005,JOHN,LIMBE,IN
20221105063736,OFFICE,0020,BENSON,BIMBONA,IN
20221105063904,FACTORY,0035,EVALISTA,MAKUWA,IN
20221105064453,FACTORY,0003,ABDUL,KAPERA,IN
20221105064855,FACTORY,0013,ALLY,SHAWEJI,IN
20221105064942,FACTORY,0042,GABRIEL,MBEYE,IN
20221105064959,FACTORY,0073,MAIMUNA,CHAMWITI,IN
20221105065018,FACTORY,0071,LEONARD,NZIGE,IN
20221105065206,FACTORY,0122,VERONICA,MZIA,IN
20221105065250,FACTORY,0041,FRED,MBUNDA,IN
20221105065328,FACTORY,V007,MWAMINI,OMARY,IN
20221105065350,FACTORY,0114,SALUM,SALUM,IN
20221105065443,FACTORY,V020,LUKAS,KIMBAWALA,IN
20221105065502,FACTORY,0112,SALUM,LIKONJOGO,IN
20221105065549,FACTORY,0123,VICENT,MBUNGANI,IN
20221105065913,FACTORY,0047,HAMZA ,SULTAN,IN
20221105065922,FACTORY,0079,MIRAJI,MNGAZIJA,IN
20221105070058,FACTORY,0032,EMMANUEL,MILYANGO,IN
20221105070153,FACTORY,0031,ELIZABETH,SIBHOT,IN
20221105070221,FACTORY,0080,MIRAJI,JANGALU,IN
20221105070236,FACTORY,0063,JUMA,HAMISI,IN
20221105070304,FACTORY,0051,HASSAN,SULEIMAN,OUT
20221105070400,FACTORY,0101,RAJABU,RAJABU,OUT
20221105070524,FACTORY,0014,ALLY ,CHANDE,IN
20221105070535,FACTORY,0084,MRISHO,HAUYESHI,IN
20221105070541,FACTORY,0086,MWANAHAMISI,MKALIPA,IN
20221105070621,OFFICE,V006,JENIPHA,MUSHI,IN
20221105070734,FACTORY,0126,WATENDE,ALLY,IN
20221105070740,FACTORY,0113,SALUM,MALENDA,IN
20221105070800,FACTORY,0083,MOSES,ELIAS,OUT
20221105070809,FACTORY,0057,JACKSON,MDEMU,OUT
20221105070931,FACTORY,0046,HAMNE,MAHANYU,IN
20221105071001,FACTORY,0045,HAIDARY,KIPUKA,IN
20221105071019,FACTORY,128,YUSUPH,MTAMBO,IN
20221105071253,FACTORY,0026,DAVID,KINDOLE,OUT
20221105071329,FACTORY,0053,HERIETH,KAIMKILWA,IN
20221105071451,FACTORY,414152,MARTIN,SHILLA,IN
20221105071828,FACTORY,0016,ASHURA,MWENE,IN
20221105071834,FACTORY,0050,HASSANI,KUNGURUMA,IN
20221105071946,FACTORY,V003,ALLY,ALLY,IN
20221105071953,FACTORY,V028,RASHID,MRUMA,IN
20221105072404,OFFICE,V001,FLORA,LISANGA,IN
20221105072630,FACTORY,0118,SIKUDHANI,MGENI,IN
20221105073115,OFFICE,0006,ABRAHAM,MCHOME,IN
20221105074541,FACTORY,111,SAID,RWAMBO,IN
20221105074703,FACTORY,0077,MATTO,MSANGI,IN
20221105074709,FACTORY,0132,ELIWAZA,KONGA,IN
20221105074800,FACTORY,0129,ZAINABU,RIVAVODI,IN
20221105074832,OFFICE,0040,FRANK,MARIKI,IN
20221105075456,FACTORY,V004,SAITOTI,SAITOTI,IN
20221105075813,FACTORY,413988,GEOFREY,MOMBO,IN
20221105080032,FACTORY,0088,MWARAMI,KANIKI,IN
20221105080137,OFFICE,0058,JANETH,SIRIWA,IN
20221105080231,FACTORY,0062,JUMA,MSHAURI,IN
20221105080541,FACTORY,136,PETER,MALLYA,IN
20221105081000,FACTORY,0133,FIZZA,NJOVU,IN
20221105082048,OFFICE,0019,BEATRICE,MALLE,IN
20221105082551,FACTORY,0142,WILLIAM,USANGA,IN
20221105083020,OFFICE,V002,ZAITUNI,SIMBA,IN
20221105083902,OFFICE,0130,SUDI,UKONDWA,IN
20221105085553,OFFICE,0099,PRISCA,ALPHONCE,IN
20221105085723,OFFICE,0124,VICTOR,NGUJI,IN
20221105095348,FACTORY,0011,AISHA,MBONDE,IN
20221105095721,FACTORY,0067,KULUTHUM,LUSONZO,IN
20221105100345,FACTORY,0015,ASHA,DIKUNGURUMA,IN
20221105101419,FACTORY,0069,LATIFA,MINTANGA,IN
20221105104210,OFFICE,V006,JENIPHA,MUSHI,OUT
20221105113453,FACTORY,V008,HAMIS,MFINANGA,OUT
20221105114939,FACTORY,V007,ANDREW,MASSAWE,OUT
20221105120136,FACTORY,V005,JOHN,LIMBE,OUT
20221105120355,OFFICE,0020,BENSON,BIMBONA,OUT
20221105120743,OFFICE,0006,ABRAHAM,MCHOME,OUT
20221105121438,OFFICE,0124,VICTOR,NGUJI,OUT
20221105122733,FACTORY,0032,EMMANUEL,MILYANGO,OUT
20221105122831,FACTORY,0041,FRED,MBUNDA,OUT
20221105123802,OFFICE,0019,BEATRICE,MALLE,OUT
20221105124030,OFFICE,0040,FRANK,MARIKI,OUT
20221105124749,OFFICE,0058,JANETH,SIRIWA,OUT
20221105125127,FACTORY,V003,ALLY,ALLY,OUT
20221105125423,OFFICE,413981,VISHAL,KARA,OUT
20221105125949,FACTORY,0088,MWARAMI,KANIKI,OUT
20221105130045,FACTORY,136,PETER,MALLYA,OUT
20221105130100,FACTORY,V020,LUKAS,KIMBAWALA,OUT
20221105130125,FACTORY,0132,ELIWAZA,KONGA,OUT
20221105130232,FACTORY,0126,WATENDE,ALLY,OUT
20221105130556,OFFICE,0099,PRISCA,ALPHONCE,OUT
20221105130645,OFFICE,0048,HAPPY,AKARO,OUT
20221105130944,FACTORY,0142,WILLIAM,USANGA,OUT
20221105131747,FACTORY,0045,HAIDARY,KIPUKA,OUT
20221105134241,OFFICE,V001,FLORA,LISANGA,OUT
20221105134744,OFFICE,0135,NOAH,MPANGALA,OUT
20221105140324,FACTORY,0133,FIZZA,NJOVU,OUT
20221105142246,FACTORY,0064,KHADIJA,MAKEYA,IN
20221105142403,FACTORY,0060,JOYCE,MASHELI,IN
20221105142412,FACTORY,0021,BETRAM,NTILLA,IN
20221105142417,FACTORY,0137,JANETH,TENDEGA,IN
20221105142417,FACTORY,0137,JANETH,TENDEGA,IN
20221105142458,FACTORY,0121,UPENDO,ZANI,IN
20221105142631,FACTORY,0022,CHARLES,KIBAVU,IN
20221105142637,FACTORY,0116,SHABANI,NGOGOMI,IN
20221105142733,FACTORY,0059,JOSEPH,SHENKOME,IN
20221105142753,FACTORY,0030,ELIZABETH,HIZZA,IN
20221105142812,FACTORY,0024,DAUDI,ISMAIL,IN
20221105142843,FACTORY,0117,SHOMARI,SONG'E,IN
20221105142920,FACTORY,0125,WALTER,MAPUNDA,IN
20221105143006,FACTORY,V007,MWAMINI,OMARY,OUT
20221105143028,FACTORY,0112,SALUM,LIKONJOGO,OUT
20221105143127,FACTORY,0053,HERIETH,KAIMKILWA,OUT
20221105143133,FACTORY,0118,SIKUDHANI,MGENI,OUT
20221105143138,FACTORY,0035,EVALISTA,MAKUWA,OUT
20221105143148,FACTORY,0016,ASHURA,MWENE,OUT
20221105143154,FACTORY,0073,MAIMUNA,CHAMWITI,OUT
20221105143201,FACTORY,0046,HAMNE,MAHANYU,OUT
20221105143206,FACTORY,0086,MWANAHAMISI,MKALIPA,OUT
20221105143212,FACTORY,0129,ZAINABU,RIVAVODI,OUT
20221105143219,FACTORY,0063,JUMA,HAMISI,OUT
20221105143236,FACTORY,0080,MIRAJI,JANGALU,OUT
20221105143258,FACTORY,0114,SALUM,SALUM,OUT
20221105143413,FACTORY,0091,MWINYI,KIHAGA,IN
20221105143436,FACTORY,128,YUSUPH,MTAMBO,OUT
20221105143509,FACTORY,0079,MIRAJI,MNGAZIJA,OUT
20221105143548,FACTORY,0123,VICENT,MBUNGANI,OUT
20221105143628,FACTORY,0050,HASSANI,KUNGURUMA,OUT
20221105143639,FACTORY,0077,MATTO,MSANGI,OUT
20221105143751,FACTORY,0031,ELIZABETH,SIBHOT,OUT
20221105144003,FACTORY,0110,SAAD,MGULE,IN
20221105144042,FACTORY,0134,ALFRED,CHISAWILLO,IN
20221105144215,FACTORY,0003,ABDUL,KAPERA,OUT
20221105144650,FACTORY,0001,ABDALLAH,ZAYUMBA,OUT
20221105144659,FACTORY,0106,REHEMA,SIGE,IN
20221105144809,FACTORY,0043,GEORGINA,MILLINGA,IN
20221105144821,FACTORY,0047,HAMZA ,SULTAN,OUT
20221105144903,FACTORY,0014,ALLY ,CHANDE,OUT
20221105145614,FACTORY,0065,HADIJA,KAWAMBWA,IN
20221105145826,FACTORY,109,RUDOLF,TAIRO,IN
20221105150129,FACTORY,0098,PATRICK,ALFRED,IN
20221105153933,FACTORY,413988,GEOFREY,MOMBO,OUT
20221105154225,FACTORY,414152,MARTIN,SHILLA,OUT
20221105160835,OFFICE,V002,ZAITUNI,SIMBA,OUT
20221105161012,OFFICE,0130,SUDI,UKONDWA,OUT
20221105184826,FACTORY,0051,HASSAN,SULEIMAN,IN
20221105185752,FACTORY,0057,JACKSON,MDEMU,IN
20221105185757,FACTORY,0083,MOSES,ELIAS,IN
20221105190241,FACTORY,0101,RAJABU,RAJABU,IN
20221105190430,FACTORY,0122,VERONICA,MZIA,OUT
20221105190642,FACTORY,0084,MRISHO,HAUYESHI,OUT
20221105190729,FACTORY,0042,GABRIEL,MBEYE,OUT
20221105190949,FACTORY,0071,LEONARD,NZIGE,OUT
20221105191001,FACTORY,0013,ALLY,SHAWEJI,OUT
20221105215806,FACTORY,0011,AISHA,MBONDE,OUT
20221105215812,FACTORY,0022,CHARLES,KIBAVU,OUT
20221105215819,FACTORY,0060,JOYCE,MASHELI,OUT
20221105215825,FACTORY,0024,DAUDI,ISMAIL,OUT
20221105215830,FACTORY,0067,KULUTHUM,LUSONZO,OUT
20221105215848,FACTORY,0117,SHOMARI,SONG'E,OUT
20221105215906,FACTORY,0059,JOSEPH,SHENKOME,OUT
20221105215927,FACTORY,0110,SAAD,MGULE,OUT
20221105215936,FACTORY,0098,PATRICK,ALFRED,OUT
20221105215943,FACTORY,0091,MWINYI,KIHAGA,OUT
20221105215948,FACTORY,0125,WALTER,MAPUNDA,OUT
20221105220003,FACTORY,0106,REHEMA,SIGE,OUT
20221105220008,FACTORY,0069,LATIFA,MINTANGA,OUT
20221105220014,FACTORY,0065,HADIJA,KAWAMBWA,OUT
20221105220025,FACTORY,0015,ASHA,DIKUNGURUMA,OUT
20221105220032,FACTORY,0043,GEORGINA,MILLINGA,OUT
20221105220036,FACTORY,0030,ELIZABETH,HIZZA,OUT
20221105220040,FACTORY,0137,JANETH,TENDEGA,OUT
20221105220041,FACTORY,0137,JANETH,TENDEGA,OUT
20221105220048,FACTORY,V021,SAID,MTIMBIA,OUT
20221105220048,FACTORY,V021,SAID,MTIMBIA,OUT
20221105220104,FACTORY,0064,KHADIJA,MAKEYA,OUT
20221105220127,FACTORY,0116,SHABANI,NGOGOMI,OUT
20221105220330,FACTORY,109,RUDOLF,TAIRO,OUT
20221105220616,FACTORY,0121,UPENDO,ZANI,OUT
20221105220949,FACTORY,0026,DAVID,KINDOLE,IN
20221105221159,OFFICE,0134,ALFRED,CHISAWILLO,OUT
20221105221418,FACTORY,0021,BETRAM,NTILLA,OUT
20221106062131,FACTORY,0001,ABDALLAH,ZAYUMBA,IN
20221106064528,FACTORY,0065,HADIJA,KAWAMBWA,IN
20221106064621,FACTORY,0003,ABDUL,KAPERA,IN
20221106064626,FACTORY,0116,SHABANI,NGOGOMI,IN
20221106064655,FACTORY,0069,LATIFA,MINTANGA,IN
20221106064700,FACTORY,0060,JOYCE,MASHELI,IN
20221106064748,FACTORY,0067,KULUTHUM,LUSONZO,IN
20221106064754,FACTORY,0013,ALLY,SHAWEJI,IN
20221106064812,FACTORY,0106,REHEMA,SIGE,IN
20221106064834,FACTORY,0073,MAIMUNA,CHAMWITI,IN
20221106064907,FACTORY,0035,EVALISTA,MAKUWA,IN
20221106065025,FACTORY,0129,ZAINABU,RIVAVODI,IN
20221106065038,FACTORY,0011,AISHA,MBONDE,IN
20221106065045,FACTORY,0122,VERONICA,MZIA,IN
20221106065346,FACTORY,128,YUSUPH,MTAMBO,IN
20221106065751,FACTORY,0046,HAMNE,MAHANYU,IN
20221106065944,FACTORY,0126,WATENDE,ALLY,IN
20221106070025,FACTORY,0114,SALUM,SALUM,IN
20221106070102,FACTORY,0047,HAMZA ,SULTAN,IN
20221106070328,FACTORY,0084,MRISHO,HAUYESHI,IN
20221106070503,FACTORY,0042,GABRIEL,MBEYE,IN
20221106070652,FACTORY,0057,JACKSON,MDEMU,OUT
20221106070720,FACTORY,0043,GEORGINA,MILLINGA,IN
20221106070739,FACTORY,0083,MOSES,ELIAS,OUT
20221106071140,FACTORY,0051,HASSAN,SULEIMAN,OUT
20221106071242,FACTORY,0101,RAJABU,RAJABU,OUT
20221106071504,FACTORY,0026,DAVID,KINDOLE,OUT
20221106071745,FACTORY,0086,MWANAHAMISI,MKALIPA,IN
20221106072349,FACTORY,0064,KHADIJA,MAKEYA,IN
20221106073816,FACTORY,0071,LEONARD,NZIGE,IN
20221106074037,FACTORY,0048,HAPPY,AKARO,IN
20221106081450,FACTORY,0133,FIZZA,NJOVU,IN
20221106142224,FACTORY,0021,BETRAM,NTILLA,IN
20221106142902,FACTORY,0067,KULUTHUM,LUSONZO,OUT
20221106142910,FACTORY,0011,AISHA,MBONDE,OUT
20221106143001,FACTORY,0114,SALUM,SALUM,OUT
20221106143007,FACTORY,0069,LATIFA,MINTANGA,OUT
20221106143016,FACTORY,0060,JOYCE,MASHELI,OUT
20221106143021,FACTORY,0035,EVALISTA,MAKUWA,OUT
20221106143058,FACTORY,0106,REHEMA,SIGE,OUT
20221106143146,FACTORY,0129,ZAINABU,RIVAVODI,OUT
20221106143214,FACTORY,0046,HAMNE,MAHANYU,OUT
20221106143220,FACTORY,0065,HADIJA,KAWAMBWA,OUT
20221106143248,FACTORY,0073,MAIMUNA,CHAMWITI,OUT
20221106143254,FACTORY,0122,VERONICA,MZIA,OUT
20221106143300,FACTORY,0126,WATENDE,ALLY,OUT
20221106143317,FACTORY,0064,KHADIJA,MAKEYA,OUT
20221106143323,FACTORY,0043,GEORGINA,MILLINGA,OUT
20221106143350,FACTORY,128,YUSUPH,MTAMBO,OUT
20221106143356,FACTORY,0116,SHABANI,NGOGOMI,OUT
20221106143547,FACTORY,0047,HAMZA ,SULTAN,OUT
20221106143606,FACTORY,0048,HAPPY,AKARO,OUT
20221106143754,FACTORY,0003,ABDUL,KAPERA,OUT
20221106143802,FACTORY,0001,ABDALLAH,ZAYUMBA,OUT
20221106144327,FACTORY,0086,MWANAHAMISI,MKALIPA,OUT
20221106170248,FACTORY,0133,FIZZA,NJOVU,OUT
20221106184942,FACTORY,0051,HASSAN,SULEIMAN,IN
20221106184950,FACTORY,0057,JACKSON,MDEMU,IN
20221106185102,FACTORY,0083,MOSES,ELIAS,IN
20221106185130,FACTORY,0083,MOSES,ELIAS,IN
20221106190046,FACTORY,0013,ALLY,SHAWEJI,OUT
20221106190052,FACTORY,0084,MRISHO,HAUYESHI,OUT
20221106190100,FACTORY,0071,LEONARD,NZIGE,OUT
20221106190516,FACTORY,0101,RAJABU,RAJABU,IN
20221106190915,FACTORY,0042,GABRIEL,MBEYE,OUT
20221106220656,FACTORY,0021,BETRAM,NTILLA,OUT
20221107060750,FACTORY,V008,HAMIS,MFINANGA,IN
20221107060818,FACTORY,0056,JACOB,BELLA,IN
20221107061326,FACTORY,0059,JOSEPH,SHENKOME,IN
20221107062222,FACTORY,V007,ANDREW,MASSAWE,IN
20221107063007,FACTORY,0001,ABDALLAH,ZAYUMBA,IN
20221107063449,FACTORY,0116,SHABANI,NGOGOMI,IN
20221107063654,FACTORY,V005,JOHN,LIMBE,IN
20221107064615,FACTORY,0067,KULUTHUM,LUSONZO,IN
20221107064723,FACTORY,0054,IBRAHIM,BABONYE,IN
20221107064939,FACTORY,0100,RAJAB,MMBAGA,IN
20221107064945,FACTORY,0035,EVALISTA,MAKUWA,IN
20221107065228,FACTORY,0091,MWINYI,KIHAGA,IN
20221107065235,FACTORY,0004,ABDULKADIR,JUMA,IN
20221107065242,FACTORY,0032,EMMANUEL,MILYANGO,IN
20221107065248,FACTORY,0026,DAVID,KINDOLE,IN
20221107065433,FACTORY,0030,ELIZABETH,HIZZA,IN
20221107065520,FACTORY,0065,HADIJA,KAWAMBWA,IN
20221107065654,FACTORY,0029,DUNIA,BOGOZO,IN
20221107065700,FACTORY,0024,DAUDI,ISMAIL,IN
20221107065734,FACTORY,V020,LUKAS,KIMBAWALA,IN
20221107065801,FACTORY,0060,JOYCE,MASHELI,IN
20221107065824,FACTORY,109,RUDOLF,TAIRO,IN
20221107065824,OFFICE,0130,SUDI,UKONDWA,IN
20221107065936,FACTORY,0098,PATRICK,ALFRED,IN
20221107065959,OFFICE,0040,FRANK,MARIKI,IN
20221107070009,FACTORY,0123,VICENT,MBUNGANI,IN
20221107070226,FACTORY,0142,WILLIAM,USANGA,IN
20221107070244,FACTORY,0015,ASHA,DIKUNGURUMA,IN
20221107070259,FACTORY,0113,SALUM,MALENDA,IN
20221107070404,FACTORY,0043,GEORGINA,MILLINGA,IN
20221107070425,OFFICE,V006,JENIPHA,MUSHI,IN
20221107070528,FACTORY,0137,JANETH,TENDEGA,IN
20221107070528,FACTORY,0137,JANETH,TENDEGA,IN
20221107070617,FACTORY,0086,MWANAHAMISI,MKALIPA,IN
20221107070824,FACTORY,0053,HERIETH,KAIMKILWA,IN
20221107070831,FACTORY,0106,REHEMA,SIGE,IN
20221107071017,FACTORY,V003,ALLY,ALLY,IN
20221107071110,FACTORY,0020,BENSON,BIMBONA,IN
20221107071117,FACTORY,V021,SAID,MTIMBIA,IN
20221107071125,FACTORY,V028,RASHID,MRUMA,IN
20221107071359,OFFICE,V001,FLORA,LISANGA,IN
20221107071754,FACTORY,0064,KHADIJA,MAKEYA,IN
20221107071801,FACTORY,0129,ZAINABU,RIVAVODI,IN
20221107072401,OFFICE,0134,ALFRED,CHISAWILLO,IN
20221107072602,FACTORY,0051,HASSAN,SULEIMAN,OUT
20221107072616,FACTORY,0101,RAJABU,RAJABU,OUT
20221107073526,FACTORY,V004,SAITOTI,SAITOTI,IN
20221107073743,FACTORY,0045,HAIDARY,KIPUKA,IN
20221107074044,OFFICE,0135,NOAH,MPANGALA,IN
20221107074249,FACTORY,111,SAID,RWAMBO,IN
20221107074611,FACTORY,0062,JUMA,MSHAURI,IN
20221107074756,FACTORY,0083,MOSES,ELIAS,OUT
20221107074804,FACTORY,0057,JACKSON,MDEMU,OUT
20221107075050,FACTORY,V024,AMANI,KINYAGA,IN
20221107075131,FACTORY,413988,GEOFREY,MOMBO,IN
20221107075505,OFFICE,0048,HAPPY,AKARO,IN
20221107075907,OFFICE,0058,JANETH,SIRIWA,IN
20221107080110,OFFICE,,PATRICK,ODAWA,IN
20221107080325,OFFICE,413981,VISHAL,KARA,IN
20221107080400,FACTORY,0132,ELIWAZA,KONGA,IN
20221107080525,FACTORY,0133,FIZZA,NJOVU,IN
20221107080908,FACTORY,136,PETER,MALLYA,IN
20221107081335,FACTORY,414152,MARTIN,SHILLA,IN
20221107081453,OFFICE,0099,PRISCA,ALPHONCE,IN
20221107082219,OFFICE,0006,ABRAHAM,MCHOME,IN
20221107083019,OFFICE,V002,ZAITUNI,SIMBA,IN
20221107090853,OFFICE,0124,VICTOR,NGUJI,IN
