20221024061143,FACTORY,V008,HAMIS,MFINANGA,IN
20221024061420,FACTORY,0089,MWASHABANI,SWALEHE,IN
20221024062349,FACTORY,0056,JACOB,BELLA,IN
20221024062531,FACTORY,V007,ANDREW,MASSAWE,IN
20221024062708,FACTORY,0082,MOHAMED,MSAKA,IN
20221024063159,FACTORY,V004,SAITOTI,SAITOTI,IN
20221024063345,FACTORY,0059,JOSEPH,SHENKOME,IN
20221024063430,OFFICE,V005,JOHN,LIMBE,IN
20221024063652,FACTORY,0054,IBRAHIM,BABONYE,IN
20221024063837,FACTORY,0067,KULUTHUM,LUSONZO,IN
20221024063953,FACTORY,0116,SHABANI,NGOGOMI,IN
20221024064001,FACTORY,0032,EMMANUEL,MILYANGO,IN
20221024064236,OFFICE,0020,BENSON,BIMBONA,IN
20221024064312,FACTORY,0068,LAMBART,ABELI,IN
20221024064355,FACTORY,0004,ABDULKADIR,JUMA,IN
20221024064606,OFFICE,0134,ALFRED,CHISAWILLO,IN
20221024064614,FACTORY,109,RUDOLF,TAIRO,IN
20221024064635,OFFICE,0040,FRANK,MARIKI,IN
20221024064704,FACTORY,V021,SAID,MTIMBIA,IN
20221024064709,FACTORY,0065,HADIJA,KAWAMBWA,IN
20221024064715,FACTORY,0137,JANETH,TENDEGA,IN
20221024064715,FACTORY,0137,JANETH,TENDEGA,IN
20221024064741,FACTORY,0029,DUNIA,BOGOZO,IN
20221024064748,FACTORY,0100,RAJAB,MMBAGA,IN
20221024064923,FACTORY,0035,EVALISTA,MAKUWA,IN
20221024064928,FACTORY,0060,JOYCE,MASHELI,IN
20221024065040,FACTORY,413988,GEOFREY,MOMBO,IN
20221024065135,FACTORY,0086,MWANAHAMISI,MKALIPA,IN
20221024065239,FACTORY,0069,LATIFA,MINTANGA,IN
20221024065349,FACTORY,0030,ELIZABETH,HIZZA,IN
20221024065601,FACTORY,0098,PATRICK,ALFRED,IN
20221024065607,FACTORY,0117,SHOMARI,SONG'E,IN
20221024065730,FACTORY,0024,DAUDI,ISMAIL,IN
20221024065754,FACTORY,0053,HERIETH,KAIMKILWA,IN
20221024065952,FACTORY,V020,LUKAS,KIMBAWALA,IN
20221024070231,FACTORY,0142,WILLIAM,USANGA,IN
20221024070341,FACTORY,V006,JENIPHA,MUSHI,IN
20221024070359,FACTORY,0043,GEORGINA,MILLINGA,IN
20221024070440,FACTORY,0072,MAGRETH,BANDA,IN
20221024070505,FACTORY,0113,SALUM,MALENDA,IN
20221024070526,FACTORY,0106,REHEMA,SIGE,IN
20221024070610,FACTORY,0031,ELIZABETH,SIBHOT,IN
20221024070707,FACTORY,0088,MWARAMI,KANIKI,IN
20221024070822,FACTORY,V003,ALLY,ALLY,IN
20221024071011,FACTORY,0062,JUMA,MSHAURI,IN
20221024071032,FACTORY,0024,DAUDI,ISMAIL,IN
20221024071323,OFFICE,V001,FLORA,LISANGA,IN
20221024071425,FACTORY,0034,ERICK,TIBALILA,OUT
20221024071430,FACTORY,0115,SHABANI,KIGA,OUT
20221024071526,FACTORY,0129,ZAINABU,RIVAVODI,IN
20221024071755,FACTORY,0064,KHADIJA,MAKEYA,IN
20221024071819,FACTORY,V028,RASHID,MRUMA,IN
20221024072740,FACTORY,V018,YUSRA,ALLY,IN
20221024072845,FACTORY,0045,HAIDARY,KIPUKA,IN
20221024073423,OFFICE,0135,NOAH,MPANGALA,IN
20221024073508,OFFICE,0048,HAPPY,AKARO,IN
20221024074513,OFFICE,0006,ABRAHAM,MCHOME,IN
20221024074535,FACTORY,V013,PENINA,MIKAEL,IN
20221024074733,OFFICE,0058,JANETH,SIRIWA,IN
20221024074900,FACTORY,111,SAID,RWAMBO,IN
20221024075612,FACTORY,V014,REHEMA,ALLY,IN
20221024075754,FACTORY,136,PETER,MALLYA,IN
20221024075806,FACTORY,V016,NURU,LIANA,IN
20221024075811,FACTORY,V011,SALHA,MAINGO,IN
20221024075832,FACTORY,V010,MARY,MASAWE,IN
20221024075832,OFFICE,0008,AGNES,MUHINGA,IN
20221024075839,FACTORY,V009,LIANA,JUMA,IN
20221024075906,FACTORY,00140,MOHAMED,NYANGALIO,IN
20221024075925,OFFICE,413981,VISHAL,KARA,IN
20221024075949,FACTORY,V017,JACKLINE,MDEMLE,IN
20221024080519,FACTORY,0132,ELIWAZA,KONGA,IN
20221024080614,OFFICE,0099,PRISCA,ALPHONCE,IN
20221024080650,OFFICE,,PATRICK,ODAWA,IN
20221024080811,FACTORY,414152,MARTIN,SHILLA,IN
20221024081331,FACTORY,V024,AMANI,KINYAGA,IN
20221024081504,OFFICE,0019,BEATRICE,MALLE,IN
20221024082832,OFFICE,0076,ANNA, IRENGO,IN
20221024083609,OFFICE,V002,ZAITUNI,SIMBA,IN
20221024084301,OFFICE,0130,SUDI,UKONDWA,IN
20221024095156,FACTORY,0011,AISHA,MBONDE,IN
20221024102806,FACTORY,0015,ASHA,DIKUNGURUMA,IN
20221024103312,FACTORY,0126,WATENDE,ALLY,IN
20221024110222,FACTORY,0065,HADIJA,KAWAMBWA,OUT
20221024123631,OFFICE,0124,VICTOR,NGUJI,IN
20221024130441,FACTORY,0129,ZAINABU,RIVAVODI,OUT
20221024134002,FACTORY,0050,HASSANI,KUNGURUMA,IN
20221024134331,FACTORY,0079,MIRAJI,MNGAZIJA,IN
20221024134348,FACTORY,0001,ABDALLAH,ZAYUMBA,IN
20221024140221,FACTORY,V008,HAMIS,MFINANGA,OUT
20221024140312,FACTORY,V007,ANDREW,MASSAWE,OUT
20221024140823,FACTORY,0091,MWINYI,KIHAGA,IN
20221024141218,FACTORY,0123,VICENT,MBUNGANI,IN
20221024142658,FACTORY,0073,MAIMUNA,CHAMWITI,IN
20221024142813,FACTORY,0112,SALUM,LIKONJOGO,IN
20221024142824,FACTORY,0018,BAKARI,MAULID,IN
20221024142849,FACTORY,0026,DAVID,KINDOLE,IN
20221024142912,FACTORY,0041,FRED,MBUNDA,IN
20221024142926,FACTORY,0121,UPENDO,ZANI,IN
20221024142936,FACTORY,0014,ALLY ,CHANDE,IN
20221024142947,FACTORY,V007,MWAMINI,OMARY,IN
20221024142953,FACTORY,0063,JUMA,HAMISI,IN
20221024143020,FACTORY,0089,MWASHABANI,SWALEHE,OUT
20221024143027,FACTORY,0060,JOYCE,MASHELI,OUT
20221024143036,FACTORY,0056,JACOB,BELLA,OUT
20221024143113,FACTORY,0035,EVALISTA,MAKUWA,OUT
20221024143131,FACTORY,0072,MAGRETH,BANDA,OUT
20221024143148,FACTORY,0059,JOSEPH,SHENKOME,OUT
20221024143216,FACTORY,0025,DAUDI,KIPENGELE,IN
20221024143222,FACTORY,0031,ELIZABETH,SIBHOT,OUT
20221024143228,FACTORY,0110,SAAD,MGULE,IN
20221024143235,FACTORY,0022,CHARLES,KIBAVU,OUT
20221024143251,FACTORY,0137,JANETH,TENDEGA,OUT
20221024143251,FACTORY,0137,JANETH,TENDEGA,OUT
20221024143257,FACTORY,0024,DAUDI,ISMAIL,OUT
20221024143303,FACTORY,128,YUSUPH,MTAMBO,IN
20221024143316,FACTORY,0098,PATRICK,ALFRED,OUT
20221024143341,FACTORY,0053,HERIETH,KAIMKILWA,OUT
20221024143450,FACTORY,0064,KHADIJA,MAKEYA,OUT
20221024143501,FACTORY,0082,MOHAMED,MSAKA,OUT
20221024143520,FACTORY,0117,SHOMARI,SONG'E,OUT
20221024143539,FACTORY,0118,SIKUDHANI,MGENI,IN
20221024143544,FACTORY,109,RUDOLF,TAIRO,OUT
20221024143624,FACTORY,0116,SHABANI,NGOGOMI,OUT
20221024143713,FACTORY,0080,MIRAJI,JANGALU,IN
20221024143758,FACTORY,V021,SAID,MTIMBIA,OUT
20221024143811,FACTORY,0077,MATTO,MSANGI,IN
20221024144032,FACTORY,0030,ELIZABETH,HIZZA,OUT
20221024144104,FACTORY,0134,ALFRED,CHISAWILLO,OUT
20221024144111,FACTORY,0016,ASHURA,MWENE,IN
20221024144210,FACTORY,0068,LAMBART,ABELI,OUT
20221024144655,FACTORY,0107,REHEMA,KIZONGO,IN
20221024153820,FACTORY,0114,SALUM,SALUM,IN
20221024154239,OFFICE,0040,FRANK,MARIKI,OUT
20221024155934,FACTORY,0088,MWARAMI,KANIKI,OUT
20221024160025,FACTORY,0032,EMMANUEL,MILYANGO,OUT
20221024160213,FACTORY,0142,WILLIAM,USANGA,OUT
20221024160437,FACTORY,V004,SAITOTI,SAITOTI,OUT
20221024160622,FACTORY,V006,JENIPHA,MUSHI,OUT
20221024160630,FACTORY,V003,ALLY,ALLY,OUT
20221024160644,FACTORY,0020,BENSON,BIMBONA,OUT
20221024160734,FACTORY,V005,JOHN,LIMBE,OUT
20221024160751,FACTORY,413988,GEOFREY,MOMBO,OUT
20221024160757,FACTORY,0062,JUMA,MSHAURI,OUT
20221024161056,FACTORY,V020,LUKAS,KIMBAWALA,OUT
20221024161304,FACTORY,0113,SALUM,MALENDA,OUT
20221024161523,FACTORY,V028,RASHID,MRUMA,OUT
20221024165743,FACTORY,136,PETER,MALLYA,OUT
20221024170005,OFFICE,0124,VICTOR,NGUJI,OUT
20221024170013,OFFICE,00140,MOHAMED,NYANGALIO,OUT
20221024170218,FACTORY,V016,NURU,LIANA,OUT
20221024170338,OFFICE,0076,ANNA, IRENGO,OUT
20221024170340,FACTORY,V010,MARY,MASAWE,OUT
20221024170445,FACTORY,V014,REHEMA,ALLY,OUT
20221024170518,FACTORY,V018,YUSRA,ALLY,OUT
20221024170618,FACTORY,V009,LIANA,JUMA,OUT
20221024170630,FACTORY,V011,SALHA,MAINGO,OUT
20221024170630,FACTORY,V011,SALHA,MAINGO,OUT
20221024170637,FACTORY,V017,JACKLINE,MDEMLE,OUT
20221024170639,OFFICE,0006,ABRAHAM,MCHOME,OUT
20221024170756,OFFICE,V002,ZAITUNI,SIMBA,OUT
20221024171005,OFFICE,,PATRICK,ODAWA,OUT
20221024171122,FACTORY,V013,PENINA,MIKAEL,OUT
20221024171334,OFFICE,413981,VISHAL,KARA,OUT
20221024171624,OFFICE,0099,PRISCA,ALPHONCE,OUT
20221024171736,OFFICE,0130,SUDI,UKONDWA,OUT
20221024171906,OFFICE,0019,BEATRICE,MALLE,OUT
20221024172048,FACTORY,0132,ELIWAZA,KONGA,OUT
20221024173221,FACTORY,0008,AGNES,MUHINGA,OUT
20221024175129,OFFICE,0135,NOAH,MPANGALA,OUT
20221024175200,OFFICE,0058,JANETH,SIRIWA,OUT
20221024175343,FACTORY,0048,HAPPY,AKARO,OUT
20221024180659,OFFICE,414152,MARTIN,SHILLA,OUT
20221024183812,FACTORY,0023,CLINTON,MKUDE,IN
20221024183845,FACTORY,0081,MOHAMED,MOLLI,IN
20221024190006,FACTORY,0106,REHEMA,SIGE,OUT
20221024190012,FACTORY,0069,LATIFA,MINTANGA,OUT
20221024190025,FACTORY,0067,KULUTHUM,LUSONZO,OUT
20221024190032,FACTORY,0086,MWANAHAMISI,MKALIPA,OUT
20221024190044,FACTORY,0054,IBRAHIM,BABONYE,OUT
20221024190140,FACTORY,0004,ABDULKADIR,JUMA,OUT
20221024190358,FACTORY,0115,SHABANI,KIGA,IN
20221024190620,FACTORY,0043,GEORGINA,MILLINGA,OUT
20221024190858,FACTORY,0034,ERICK,TIBALILA,IN
20221024191026,FACTORY,0029,DUNIA,BOGOZO,OUT
20221024191109,FACTORY,0100,RAJAB,MMBAGA,OUT
20221024210205,FACTORY,0025,DAUDI,KIPENGELE,OUT
20221024215409,FACTORY,0003,ABDUL,KAPERA,IN
20221024215517,FACTORY,0079,MIRAJI,MNGAZIJA,OUT
20221024215854,FACTORY,0077,MATTO,MSANGI,OUT
20221024215932,FACTORY,0011,AISHA,MBONDE,OUT
20221024215942,FACTORY,0073,MAIMUNA,CHAMWITI,OUT
20221024215953,FACTORY,0041,FRED,MBUNDA,OUT
20221024220002,FACTORY,0016,ASHURA,MWENE,OUT
20221024220007,FACTORY,0118,SIKUDHANI,MGENI,OUT
20221024220017,FACTORY,0015,ASHA,DIKUNGURUMA,OUT
20221024220023,FACTORY,0126,WATENDE,ALLY,OUT
20221024220038,FACTORY,0107,REHEMA,KIZONGO,OUT
20221024220044,FACTORY,0047,HAMZA ,SULTAN,OUT
20221024220049,FACTORY,0018,BAKARI,MAULID,OUT
20221024220056,FACTORY,V007,MWAMINI,OMARY,OUT
20221024220106,FACTORY,0050,HASSANI,KUNGURUMA,OUT
20221024220125,FACTORY,0121,UPENDO,ZANI,OUT
20221024220156,FACTORY,0091,MWINYI,KIHAGA,OUT
20221024220216,FACTORY,0063,JUMA,HAMISI,OUT
20221024220222,FACTORY,0110,SAAD,MGULE,OUT
20221024220228,FACTORY,0080,MIRAJI,JANGALU,OUT
20221024220235,FACTORY,0014,ALLY ,CHANDE,OUT
20221024220241,FACTORY,0123,VICENT,MBUNGANI,OUT
20221024220454,FACTORY,0026,DAVID,KINDOLE,OUT
20221024220512,FACTORY,0001,ABDALLAH,ZAYUMBA,OUT
20221024220556,FACTORY,0112,SALUM,LIKONJOGO,OUT
20221024220626,FACTORY,0114,SALUM,SALUM,OUT
20221025061333,FACTORY,0059,JOSEPH,SHENKOME,IN
20221025061557,FACTORY,V008,HAMIS,MFINANGA,IN
20221025061900,FACTORY,V008,HAMIS,MFINANGA,IN
20221025062553,FACTORY,0056,JACOB,BELLA,IN
20221025063241,FACTORY,V007,ANDREW,MASSAWE,IN
20221025063735,FACTORY,V005,JOHN,LIMBE,IN
20221025064025,OFFICE,0020,BENSON,BIMBONA,IN
20221025064132,FACTORY,0029,DUNIA,BOGOZO,IN
20221025064240,FACTORY,0082,MOHAMED,MSAKA,IN
20221025064401,OFFICE,0134,ALFRED,CHISAWILLO,IN
20221025064451,FACTORY,0054,IBRAHIM,BABONYE,IN
20221025064709,FACTORY,V004,SAITOTI,SAITOTI,IN
20221025064728,FACTORY,0032,EMMANUEL,MILYANGO,IN
20221025064743,FACTORY,0068,LAMBART,ABELI,IN
20221025064828,FACTORY,V006,JENIPHA,MUSHI,IN
20221025065042,FACTORY,0004,ABDULKADIR,JUMA,IN
20221025065143,FACTORY,0065,HADIJA,KAWAMBWA,IN
20221025065256,OFFICE,0040,FRANK,MARIKI,IN
20221025065310,FACTORY,0035,EVALISTA,MAKUWA,IN
20221025065318,FACTORY,0106,REHEMA,SIGE,IN
20221025065349,FACTORY,0067,KULUTHUM,LUSONZO,IN
20221025065411,FACTORY,0025,DAUDI,KIPENGELE,IN
20221025065429,FACTORY,0100,RAJAB,MMBAGA,IN
20221025065439,FACTORY,0098,PATRICK,ALFRED,IN
20221025065511,FACTORY,0030,ELIZABETH,HIZZA,IN
20221025065522,FACTORY,0053,HERIETH,KAIMKILWA,IN
20221025065656,FACTORY,0117,SHOMARI,SONG'E,IN
20221025065703,FACTORY,0089,MWASHABANI,SWALEHE,IN
20221025065729,FACTORY,0060,JOYCE,MASHELI,IN
20221025065859,FACTORY,V021,SAID,MTIMBIA,IN
20221025065921,FACTORY,V020,LUKAS,KIMBAWALA,IN
20221025065933,FACTORY,0072,MAGRETH,BANDA,IN
20221025065939,FACTORY,0142,WILLIAM,USANGA,IN
20221025070003,FACTORY,0116,SHABANI,NGOGOMI,IN
20221025070020,FACTORY,0024,DAUDI,ISMAIL,IN
20221025070052,FACTORY,0137,JANETH,TENDEGA,IN
20221025070052,FACTORY,0137,JANETH,TENDEGA,IN
20221025070357,FACTORY,0031,ELIZABETH,SIBHOT,IN
20221025070633,FACTORY,V014,REHEMA,ALLY,IN
20221025070847,FACTORY,109,RUDOLF,TAIRO,IN
20221025070938,FACTORY,0081,MOHAMED,MOLLI,OUT
20221025070950,FACTORY,0023,CLINTON,MKUDE,IN
20221025070957,FACTORY,0023,CLINTON,MKUDE,OUT
20221025071004,FACTORY,0115,SHABANI,KIGA,OUT
20221025071039,FACTORY,0003,ABDUL,KAPERA,OUT
20221025071159,FACTORY,0064,KHADIJA,MAKEYA,IN
20221025071219,FACTORY,0088,MWARAMI,KANIKI,IN
20221025071403,FACTORY,V003,ALLY,ALLY,IN
20221025071440,FACTORY,0129,ZAINABU,RIVAVODI,IN
20221025071507,FACTORY,0043,GEORGINA,MILLINGA,IN
20221025071615,FACTORY,0034,ERICK,TIBALILA,OUT
20221025071954,FACTORY,V028,RASHID,MRUMA,IN
20221025072351,OFFICE,V001,FLORA,LISANGA,IN
20221025072423,OFFICE,0006,ABRAHAM,MCHOME,IN
20221025072454,FACTORY,0062,JUMA,MSHAURI,IN
20221025072650,FACTORY,0086,MWANAHAMISI,MKALIPA,IN
20221025072920,OFFICE,0135,NOAH,MPANGALA,IN
20221025074027,FACTORY,0045,HAIDARY,KIPUKA,IN
20221025074433,FACTORY,413988,GEOFREY,MOMBO,IN
20221025074828,FACTORY,0133,FIZZA,NJOVU,IN
20221025075410,OFFICE,0008,AGNES,MUHINGA,IN
20221025075439,FACTORY,111,SAID,RWAMBO,IN
20221025075532,FACTORY,V009,LIANA,JUMA,IN
20221025075603,OFFICE,0048,HAPPY,AKARO,IN
20221025075659,FACTORY,V018,YUSRA,ALLY,IN
20221025075756,FACTORY,V016,NURU,LIANA,IN
20221025075802,FACTORY,V010,MARY,MASAWE,IN
20221025080019,FACTORY,V013,PENINA,MIKAEL,IN
20221025080048,FACTORY,V011,SALHA,MAINGO,IN
20221025080101,FACTORY,V017,JACKLINE,MDEMLE,IN
20221025080151,OFFICE,,PATRICK,ODAWA,IN
20221025080345,FACTORY,V024,AMANI,KINYAGA,IN
20221025080347,OFFICE,0124,VICTOR,NGUJI,IN
20221025080418,OFFICE,413981,VISHAL,KARA,IN
20221025080451,OFFICE,0058,JANETH,SIRIWA,IN
20221025080700,FACTORY,136,PETER,MALLYA,IN
20221025080722,OFFICE,0099,PRISCA,ALPHONCE,IN
20221025080815,FACTORY,V019,ANASTAZIA,SWAI,IN
20221025081905,FACTORY,414152,MARTIN,SHILLA,IN
20221025082043,OFFICE,0019,BEATRICE,MALLE,IN
20221025082653,OFFICE,0130,SUDI,UKONDWA,IN
20221025082926,FACTORY,0132,ELIWAZA,KONGA,IN
20221025084552,OFFICE,V002,ZAITUNI,SIMBA,IN
20221025095647,FACTORY,0011,AISHA,MBONDE,IN
20221025100334,FACTORY,0069,LATIFA,MINTANGA,IN
20221025100452,FACTORY,0126,WATENDE,ALLY,IN
20221025100459,FACTORY,0073,MAIMUNA,CHAMWITI,IN
20221025101742,OFFICE,0076,ANNA, IRENGO,IN
20221025103332,FACTORY,0015,ASHA,DIKUNGURUMA,IN
20221025105149,OFFICE,00140,MOHAMED,NYANGALIO,IN
20221025105230,FACTORY,V007,ANDREW,MASSAWE,OUT
20221025123540,OFFICE,00140,MOHAMED,NYANGALIO,OUT
20221025134249,FACTORY,0001,ABDALLAH,ZAYUMBA,IN
20221025134453,FACTORY,0050,HASSANI,KUNGURUMA,IN
20221025134555,FACTORY,0079,MIRAJI,MNGAZIJA,IN
20221025135143,FACTORY,V008,HAMIS,MFINANGA,OUT
20221025140223,FACTORY,0122,VERONICA,MZIA,IN
20221025141949,FACTORY,0091,MWINYI,KIHAGA,IN
20221025142002,FACTORY,0026,DAVID,KINDOLE,IN
20221025142333,FACTORY,0041,FRED,MBUNDA,IN
20221025142746,FACTORY,0018,BAKARI,MAULID,IN
20221025142752,FACTORY,0014,ALLY ,CHANDE,IN
20221025142758,FACTORY,0123,VICENT,MBUNGANI,IN
20221025143034,FACTORY,0121,UPENDO,ZANI,IN
20221025143044,FACTORY,0089,MWASHABANI,SWALEHE,OUT
20221025143055,FACTORY,V007,MWAMINI,OMARY,IN
20221025143202,FACTORY,0056,JACOB,BELLA,OUT
20221025143208,FACTORY,0025,DAUDI,KIPENGELE,OUT
20221025143214,FACTORY,V021,SAID,MTIMBIA,OUT
20221025143222,FACTORY,0024,DAUDI,ISMAIL,OUT
20221025143232,FACTORY,0030,ELIZABETH,HIZZA,OUT
20221025143238,FACTORY,0035,EVALISTA,MAKUWA,OUT
20221025143242,FACTORY,0031,ELIZABETH,SIBHOT,OUT
20221025143249,FACTORY,0110,SAAD,MGULE,IN
20221025143255,FACTORY,0116,SHABANI,NGOGOMI,OUT
20221025143312,FACTORY,0118,SIKUDHANI,MGENI,IN
20221025143320,FACTORY,0129,ZAINABU,RIVAVODI,IN
20221025143334,FACTORY,0137,JANETH,TENDEGA,OUT
20221025143335,FACTORY,0137,JANETH,TENDEGA,OUT
20221025143340,FACTORY,0098,PATRICK,ALFRED,OUT
20221025143401,FACTORY,128,YUSUPH,MTAMBO,IN
20221025143500,FACTORY,0112,SALUM,LIKONJOGO,IN
20221025143552,FACTORY,0117,SHOMARI,SONG'E,OUT
20221025143705,FACTORY,0016,ASHURA,MWENE,IN
20221025143751,FACTORY,109,RUDOLF,TAIRO,OUT
20221025143824,FACTORY,0080,MIRAJI,JANGALU,IN
20221025144932,FACTORY,0063,JUMA,HAMISI,IN
20221025150038,FACTORY,0107,REHEMA,KIZONGO,IN
20221025151207,OFFICE,0134,ALFRED,CHISAWILLO,OUT
20221025151840,FACTORY,0053,HERIETH,KAIMKILWA,OUT
20221025151928,FACTORY,0059,JOSEPH,SHENKOME,OUT
20221025152338,FACTORY,0068,LAMBART,ABELI,OUT
20221025153658,FACTORY,0114,SALUM,SALUM,IN
20221025154309,FACTORY,V004,SAITOTI,SAITOTI,OUT
20221025155750,OFFICE,0040,FRANK,MARIKI,OUT
20221025160002,FACTORY,0088,MWARAMI,KANIKI,OUT
20221025160135,FACTORY,V005,JOHN,LIMBE,OUT
20221025160154,FACTORY,0142,WILLIAM,USANGA,OUT
20221025160212,OFFICE,0020,BENSON,BIMBONA,OUT
20221025160304,FACTORY,V005,JOHN,LIMBE,IN
20221025160841,FACTORY,V006,JENIPHA,MUSHI,OUT
20221025161740,FACTORY,0032,EMMANUEL,MILYANGO,OUT
20221025163002,OFFICE,0076,ANNA, IRENGO,OUT
20221025164447,FACTORY,V005,JOHN,LIMBE,OUT
20221025164621,FACTORY,V020,LUKAS,KIMBAWALA,OUT
20221025164710,FACTORY,V003,ALLY,ALLY,OUT
20221025165009,OFFICE,413981,VISHAL,KARA,OUT
20221025165703,FACTORY,111,SAID,RWAMBO,OUT
20221025165847,FACTORY,0045,HAIDARY,KIPUKA,OUT
20221025165858,FACTORY,136,PETER,MALLYA,OUT
20221025165928,FACTORY,V018,YUSRA,ALLY,OUT
20221025165937,OFFICE,0006,ABRAHAM,MCHOME,OUT
20221025165947,FACTORY,V019,ANASTAZIA,SWAI,OUT
20221025170057,FACTORY,413988,GEOFREY,MOMBO,OUT
20221025170125,FACTORY,V014,REHEMA,ALLY,OUT
20221025170154,FACTORY,V013,PENINA,MIKAEL,OUT
20221025170249,FACTORY,V010,MARY,MASAWE,OUT
20221025170256,FACTORY,V017,JACKLINE,MDEMLE,OUT
20221025170309,FACTORY,V016,NURU,LIANA,OUT
20221025170359,OFFICE,V001,FLORA,LISANGA,OUT
20221025170517,FACTORY,V009,LIANA,JUMA,OUT
20221025170559,OFFICE,0099,PRISCA,ALPHONCE,OUT
20221025170645,OFFICE,,PATRICK,ODAWA,OUT
20221025170754,OFFICE,0058,JANETH,SIRIWA,OUT
20221025171345,OFFICE,0124,VICTOR,NGUJI,OUT
20221025171557,OFFICE,0124,VICTOR,NGUJI,OUT
20221025171659,OFFICE,V002,ZAITUNI,SIMBA,OUT
20221025171742,OFFICE,0130,SUDI,UKONDWA,OUT
20221025172117,FACTORY,0008,AGNES,MUHINGA,OUT
20221025172146,OFFICE,0135,NOAH,MPANGALA,OUT
20221025173028,FACTORY,0132,ELIWAZA,KONGA,OUT
20221025174859,OFFICE,0019,BEATRICE,MALLE,OUT
20221025181740,FACTORY,0133,FIZZA,NJOVU,OUT
20221025182602,OFFICE,414152,MARTIN,SHILLA,OUT
20221025184618,FACTORY,0081,MOHAMED,MOLLI,IN
20221025184657,FACTORY,0034,ERICK,TIBALILA,IN
20221025185150,FACTORY,0023,CLINTON,MKUDE,IN
20221025185346,FACTORY,0115,SHABANI,KIGA,IN
20221025185752,FACTORY,0004,ABDULKADIR,JUMA,OUT
20221025190012,FACTORY,0054,IBRAHIM,BABONYE,OUT
20221025190032,FACTORY,0067,KULUTHUM,LUSONZO,OUT
20221025190038,FACTORY,0065,HADIJA,KAWAMBWA,OUT
20221025190106,FACTORY,0029,DUNIA,BOGOZO,OUT
20221025190123,FACTORY,0100,RAJAB,MMBAGA,OUT
20221025190153,FACTORY,0106,REHEMA,SIGE,OUT
20221025190200,FACTORY,0072,MAGRETH,BANDA,OUT
20221025190243,FACTORY,0086,MWANAHAMISI,MKALIPA,OUT
20221025190509,FACTORY,0043,GEORGINA,MILLINGA,OUT
20221025190557,FACTORY,0064,KHADIJA,MAKEYA,OUT
20221025210443,FACTORY,0091,MWINYI,KIHAGA,OUT
20221025213237,FACTORY,0003,ABDUL,KAPERA,IN
20221025215827,FACTORY,0050,HASSANI,KUNGURUMA,OUT
20221025215843,OFFICE,0047,HAMZA ,SULTAN,OUT
20221025215929,FACTORY,V007,MWAMINI,OMARY,OUT
20221025215934,FACTORY,0118,SIKUDHANI,MGENI,OUT
20221025220002,FACTORY,0069,LATIFA,MINTANGA,OUT
20221025220009,FACTORY,0016,ASHURA,MWENE,OUT
20221025220018,FACTORY,0041,FRED,MBUNDA,OUT
20221025220023,FACTORY,0073,MAIMUNA,CHAMWITI,OUT
20221025220030,FACTORY,0015,ASHA,DIKUNGURUMA,OUT
20221025220035,FACTORY,0014,ALLY ,CHANDE,OUT
20221025220044,FACTORY,0107,REHEMA,KIZONGO,OUT
20221025220049,FACTORY,0114,SALUM,SALUM,OUT
20221025220056,FACTORY,0126,WATENDE,ALLY,OUT
20221025220111,FACTORY,0026,DAVID,KINDOLE,OUT
20221025220116,FACTORY,0079,MIRAJI,MNGAZIJA,OUT
20221025220122,FACTORY,0080,MIRAJI,JANGALU,OUT
20221025220133,FACTORY,0011,AISHA,MBONDE,OUT
20221025220139,FACTORY,0122,VERONICA,MZIA,OUT
20221025220147,FACTORY,0063,JUMA,HAMISI,OUT
20221025220152,FACTORY,0123,VICENT,MBUNGANI,OUT
20221025220158,FACTORY,0001,ABDALLAH,ZAYUMBA,OUT
20221025220358,FACTORY,0018,BAKARI,MAULID,OUT
20221025220405,FACTORY,0112,SALUM,LIKONJOGO,OUT
20221025220413,FACTORY,128,YUSUPH,MTAMBO,OUT
20221025220858,FACTORY,0110,SAAD,MGULE,OUT
20221025221022,FACTORY,0121,UPENDO,ZANI,OUT
20221026045423,OFFICE,0134,ALFRED,CHISAWILLO,IN
20221026061208,FACTORY,V008,HAMIS,MFINANGA,IN
20221026062234,FACTORY,0059,JOSEPH,SHENKOME,IN
20221026062852,FACTORY,0056,JACOB,BELLA,IN
20221026063136,FACTORY,V007,ANDREW,MASSAWE,IN
20221026063859,FACTORY,0065,HADIJA,KAWAMBWA,IN
20221026064057,OFFICE,V005,JOHN,LIMBE,IN
20221026064327,OFFICE,0020,BENSON,BIMBONA,IN
20221026064351,FACTORY,0035,EVALISTA,MAKUWA,IN
20221026064436,FACTORY,0116,SHABANI,NGOGOMI,IN
20221026064508,FACTORY,0032,EMMANUEL,MILYANGO,IN
20221026064818,FACTORY,0029,DUNIA,BOGOZO,IN
20221026064925,FACTORY,0004,ABDULKADIR,JUMA,IN
20221026064934,FACTORY,0082,MOHAMED,MSAKA,IN
20221026065020,FACTORY,0100,RAJAB,MMBAGA,IN
20221026065041,FACTORY,0067,KULUTHUM,LUSONZO,IN
20221026065217,FACTORY,V020,LUKAS,KIMBAWALA,IN
20221026065413,FACTORY,0098,PATRICK,ALFRED,IN
20221026065422,FACTORY,0117,SHOMARI,SONG'E,IN
20221026065428,FACTORY,0060,JOYCE,MASHELI,IN
20221026065516,FACTORY,0053,HERIETH,KAIMKILWA,IN
20221026065552,OFFICE,0040,FRANK,MARIKI,OUT
20221026065615,FACTORY,0068,LAMBART,ABELI,IN
20221026065732,FACTORY,0054,IBRAHIM,BABONYE,IN
20221026065749,FACTORY,0025,DAUDI,KIPENGELE,IN
20221026065817,FACTORY,0064,KHADIJA,MAKEYA,IN
20221026065833,FACTORY,0030,ELIZABETH,HIZZA,IN
20221026065913,FACTORY,0129,ZAINABU,RIVAVODI,IN
20221026065920,FACTORY,0086,MWANAHAMISI,MKALIPA,IN
20221026070024,FACTORY,0024,DAUDI,ISMAIL,IN
20221026070129,FACTORY,413988,GEOFREY,MOMBO,IN
20221026070200,FACTORY,0142,WILLIAM,USANGA,IN
20221026070413,FACTORY,V004,SAITOTI,SAITOTI,IN
20221026070558,FACTORY,V021,SAID,MTIMBIA,IN
20221026070637,FACTORY,0031,ELIZABETH,SIBHOT,IN
20221026070725,FACTORY,V014,REHEMA,ALLY,IN
20221026070826,FACTORY,109,RUDOLF,TAIRO,IN
20221026070834,FACTORY,0062,JUMA,MSHAURI,IN
20221026070904,FACTORY,0137,JANETH,TENDEGA,IN
20221026070904,FACTORY,0137,JANETH,TENDEGA,IN
20221026070951,FACTORY,0106,REHEMA,SIGE,IN
20221026071010,OFFICE,V006,JENIPHA,MUSHI,IN
20221026071230,FACTORY,V028,RASHID,MRUMA,IN
20221026071314,FACTORY,V003,ALLY,ALLY,IN
20221026071541,FACTORY,0081,MOHAMED,MOLLI,OUT
20221026071555,FACTORY,0023,CLINTON,MKUDE,OUT
20221026071638,FACTORY,0043,GEORGINA,MILLINGA,IN
20221026071713,FACTORY,0088,MWARAMI,KANIKI,IN
20221026071904,FACTORY,0072,MAGRETH,BANDA,IN
20221026071910,FACTORY,0113,SALUM,MALENDA,IN
20221026072029,FACTORY,0003,ABDUL,KAPERA,OUT
20221026072046,FACTORY,0034,ERICK,TIBALILA,OUT
20221026072052,FACTORY,0034,ERICK,TIBALILA,OUT
20221026072730,OFFICE,V001,FLORA,LISANGA,IN
20221026073451,FACTORY,0045,HAIDARY,KIPUKA,IN
20221026074156,OFFICE,,PATRICK,ODAWA,IN
20221026074526,OFFICE,0006,ABRAHAM,MCHOME,IN
20221026074834,FACTORY,111,SAID,RWAMBO,IN
20221026074903,OFFICE,0135,NOAH,MPANGALA,IN
20221026075303,OFFICE,0058,JANETH,SIRIWA,IN
20221026075451,FACTORY,V024,AMANI,KINYAGA,IN
20221026075511,FACTORY,0133,FIZZA,NJOVU,IN
20221026075708,OFFICE,0008,AGNES,MUHINGA,IN
20221026075859,FACTORY,V010,MARY,MASAWE,IN
20221026075942,FACTORY,V013,PENINA,MIKAEL,IN
20221026080102,FACTORY,V016,NURU,LIANA,IN
20221026080112,FACTORY,V011,SALHA,MAINGO,IN
20221026080112,FACTORY,V011,SALHA,MAINGO,IN
20221026080140,FACTORY,V017,JACKLINE,MDEMLE,IN
20221026080155,OFFICE,413981,VISHAL,KARA,IN
20221026080308,FACTORY,V009,LIANA,JUMA,IN
20221026080323,FACTORY,136,PETER,MALLYA,IN
20221026080420,OFFICE,0048,HAPPY,AKARO,IN
20221026080745,FACTORY,V019,ANASTAZIA,SWAI,IN
20221026080751,FACTORY,V018,YUSRA,ALLY,IN
20221026081722,FACTORY,0132,ELIWAZA,KONGA,IN
20221026081848,FACTORY,414152,MARTIN,SHILLA,IN
20221026082415,OFFICE,0019,BEATRICE,MALLE,IN
20221026082941,OFFICE,0124,VICTOR,NGUJI,IN
20221026083556,OFFICE,V002,ZAITUNI,SIMBA,IN
20221026084107,OFFICE,0099,PRISCA,ALPHONCE,IN
20221026094509,OFFICE,0130,SUDI,UKONDWA,IN
20221026095217,FACTORY,0122,VERONICA,MZIA,IN
20221026100653,FACTORY,V010,MARY,MASAWE,OUT
20221026101026,FACTORY,0126,WATENDE,ALLY,IN
20221026101244,FACTORY,0069,LATIFA,MINTANGA,IN
20221026101632,FACTORY,0073,MAIMUNA,CHAMWITI,IN
20221026101940,FACTORY,0015,ASHA,DIKUNGURUMA,IN
20221026135112,FACTORY,0001,ABDALLAH,ZAYUMBA,IN
20221026140035,FACTORY,V008,HAMIS,MFINANGA,OUT
20221026140128,FACTORY,V007,ANDREW,MASSAWE,OUT
20221026140553,FACTORY,0079,MIRAJI,MNGAZIJA,IN
20221026141005,FACTORY,0091,MWINYI,KIHAGA,IN
20221026141526,FACTORY,0022,CHARLES,KIBAVU,IN
20221026142245,FACTORY,0047,HAMZA ,SULTAN,IN
20221026142444,FACTORY,128,YUSUPH,MTAMBO,IN
20221026142509,FACTORY,0123,VICENT,MBUNGANI,IN
20221026142548,FACTORY,0041,FRED,MBUNDA,IN
20221026143000,FACTORY,0053,HERIETH,KAIMKILWA,OUT
20221026143009,FACTORY,0118,SIKUDHANI,MGENI,IN
20221026143019,FACTORY,0059,JOSEPH,SHENKOME,OUT
20221026143038,FACTORY,0098,PATRICK,ALFRED,OUT
20221026143049,FACTORY,0056,JACOB,BELLA,OUT
20221026143054,FACTORY,0082,MOHAMED,MSAKA,OUT
20221026143104,FACTORY,V021,SAID,MTIMBIA,OUT
20221026143111,FACTORY,0035,EVALISTA,MAKUWA,OUT
20221026143141,FACTORY,0030,ELIZABETH,HIZZA,OUT
20221026143148,FACTORY,109,RUDOLF,TAIRO,OUT
20221026143216,FACTORY,0113,SALUM,MALENDA,OUT
20221026143237,FACTORY,0026,DAVID,KINDOLE,IN
20221026143245,FACTORY,0129,ZAINABU,RIVAVODI,OUT
20221026143300,FACTORY,0060,JOYCE,MASHELI,OUT
20221026143306,FACTORY,0117,SHOMARI,SONG'E,OUT
20221026143311,FACTORY,0116,SHABANI,NGOGOMI,OUT
20221026143318,FACTORY,0112,SALUM,LIKONJOGO,IN
20221026143325,FACTORY,0072,MAGRETH,BANDA,OUT
20221026143336,FACTORY,0121,UPENDO,ZANI,IN
20221026143410,FACTORY,0107,REHEMA,KIZONGO,IN
20221026143416,FACTORY,0016,ASHURA,MWENE,IN
20221026143425,FACTORY,0137,JANETH,TENDEGA,OUT
20221026143425,FACTORY,0137,JANETH,TENDEGA,OUT
20221026143430,FACTORY,0063,JUMA,HAMISI,IN
20221026143444,FACTORY,0014,ALLY ,CHANDE,IN
20221026143457,FACTORY,0024,DAUDI,ISMAIL,OUT
20221026143511,FACTORY,0031,ELIZABETH,SIBHOT,OUT
20221026143521,FACTORY,V007,MWAMINI,OMARY,IN
20221026143530,FACTORY,0024,DAUDI,ISMAIL,OUT
20221026143546,FACTORY,0068,LAMBART,ABELI,OUT
20221026143815,FACTORY,0077,MATTO,MSANGI,IN
20221026143845,FACTORY,0110,SAAD,MGULE,IN
20221026143923,FACTORY,0018,BAKARI,MAULID,IN
20221026143929,FACTORY,0050,HASSANI,KUNGURUMA,IN
20221026144328,FACTORY,0080,MIRAJI,JANGALU,IN
20221026144350,FACTORY,0114,SALUM,SALUM,IN
20221026150831,OFFICE,0134,ALFRED,CHISAWILLO,OUT
20221026160040,FACTORY,V004,SAITOTI,SAITOTI,OUT
20221026160045,FACTORY,0088,MWARAMI,KANIKI,OUT
20221026160142,FACTORY,0142,WILLIAM,USANGA,OUT
20221026160207,FACTORY,413988,GEOFREY,MOMBO,OUT
20221026160235,OFFICE,0020,BENSON,BIMBONA,OUT
20221026160304,OFFICE,0040,FRANK,MARIKI,OUT
20221026160404,FACTORY,V006,JENIPHA,MUSHI,OUT
20221026160546,FACTORY,V003,ALLY,ALLY,OUT
20221026161327,FACTORY,V020,LUKAS,KIMBAWALA,OUT
20221026161537,FACTORY,V028,RASHID,MRUMA,OUT
20221026164129,OFFICE,0058,JANETH,SIRIWA,OUT
20221026165859,FACTORY,V016,NURU,LIANA,OUT
20221026165911,FACTORY,V018,YUSRA,ALLY,OUT
20221026170003,FACTORY,V014,REHEMA,ALLY,OUT
20221026170008,FACTORY,V011,SALHA,MAINGO,OUT
20221026170158,FACTORY,V019,ANASTAZIA,SWAI,OUT
20221026170207,FACTORY,V017,JACKLINE,MDEMLE,OUT
20221026170242,FACTORY,V009,LIANA,JUMA,OUT
20221026170247,FACTORY,V013,PENINA,MIKAEL,OUT
20221026170258,OFFICE,0006,ABRAHAM,MCHOME,OUT
20221026170305,OFFICE,413981,VISHAL,KARA,OUT
20221026170956,OFFICE,0124,VICTOR,NGUJI,OUT
20221026171007,OFFICE,0099,PRISCA,ALPHONCE,OUT
20221026171058,OFFICE,V002,ZAITUNI,SIMBA,OUT
20221026171213,OFFICE,0008,AGNES,MUHINGA,OUT
20221026171440,OFFICE,0135,NOAH,MPANGALA,OUT
20221026171610,FACTORY,0133,FIZZA,NJOVU,OUT
20221026171756,FACTORY,0048,HAPPY,AKARO,OUT
20221026173105,FACTORY,0132,ELIWAZA,KONGA,OUT
20221026173856,OFFICE,0130,SUDI,UKONDWA,OUT
20221026175023,OFFICE,0019,BEATRICE,MALLE,OUT
20221026183550,FACTORY,0023,CLINTON,MKUDE,IN
20221026184433,OFFICE,414152,MARTIN,SHILLA,OUT
20221026184436,FACTORY,0081,MOHAMED,MOLLI,IN
20221026185705,FACTORY,0004,ABDULKADIR,JUMA,OUT
20221026185757,FACTORY,0115,SHABANI,KIGA,IN
20221026190051,FACTORY,0067,KULUTHUM,LUSONZO,OUT
20221026190056,FACTORY,0086,MWANAHAMISI,MKALIPA,OUT
20221026190102,FACTORY,0065,HADIJA,KAWAMBWA,OUT
20221026190109,FACTORY,0106,REHEMA,SIGE,OUT
20221026190123,FACTORY,0034,ERICK,TIBALILA,IN
20221026190131,FACTORY,0029,DUNIA,BOGOZO,OUT
20221026190136,FACTORY,0100,RAJAB,MMBAGA,OUT
20221026190143,FACTORY,0054,IBRAHIM,BABONYE,OUT
20221026190202,FACTORY,0064,KHADIJA,MAKEYA,OUT
20221026190215,FACTORY,0043,GEORGINA,MILLINGA,OUT
20221026213436,FACTORY,0003,ABDUL,KAPERA,IN
20221026215644,FACTORY,0077,MATTO,MSANGI,OUT
20221026215739,FACTORY,0050,HASSANI,KUNGURUMA,IN
20221026215818,FACTORY,0050,HASSANI,KUNGURUMA,OUT
20221026215831,FACTORY,0022,CHARLES,KIBAVU,OUT
20221026215840,FACTORY,0079,MIRAJI,MNGAZIJA,OUT
20221026215846,FACTORY,V007,MWAMINI,OMARY,OUT
20221026215905,FACTORY,0080,MIRAJI,JANGALU,OUT
20221026215911,OFFICE,0047,HAMZA ,SULTAN,OUT
20221026215912,FACTORY,0011,AISHA,MBONDE,OUT
20221026215932,FACTORY,0041,FRED,MBUNDA,OUT
20221026220002,FACTORY,0016,ASHURA,MWENE,OUT
20221026220007,FACTORY,0118,SIKUDHANI,MGENI,OUT
20221026220012,FACTORY,0073,MAIMUNA,CHAMWITI,OUT
20221026220018,FACTORY,0015,ASHA,DIKUNGURUMA,OUT
20221026220027,FACTORY,0107,REHEMA,KIZONGO,OUT
20221026220032,FACTORY,0069,LATIFA,MINTANGA,OUT
20221026220040,FACTORY,0126,WATENDE,ALLY,OUT
20221026220046,FACTORY,0122,VERONICA,MZIA,OUT
20221026220054,FACTORY,0112,SALUM,LIKONJOGO,OUT
20221026220101,FACTORY,0063,JUMA,HAMISI,OUT
20221026220107,FACTORY,0014,ALLY ,CHANDE,OUT
20221026220113,FACTORY,0123,VICENT,MBUNGANI,OUT
20221026220133,FACTORY,0026,DAVID,KINDOLE,OUT
20221026220138,FACTORY,0018,BAKARI,MAULID,OUT
20221026220157,FACTORY,0110,SAAD,MGULE,OUT
20221026220208,FACTORY,0121,UPENDO,ZANI,OUT
20221026220310,FACTORY,128,YUSUPH,MTAMBO,OUT
20221026220508,FACTORY,0091,MWINYI,KIHAGA,OUT
20221026220514,FACTORY,0114,SALUM,SALUM,OUT
20221026220727,FACTORY,0001,ABDALLAH,ZAYUMBA,OUT
20221027061944,FACTORY,0059,JOSEPH,SHENKOME,IN
20221027062106,FACTORY,0057,JACKSON,MDEMU,IN
20221027063208,FACTORY,V005,JOHN,LIMBE,IN
20221027063528,FACTORY,V008,HAMIS,MFINANGA,IN
20221027064026,FACTORY,V007,ANDREW,MASSAWE,IN
20221027064152,FACTORY,0035,EVALISTA,MAKUWA,IN
20221027064255,FACTORY,V004,SAITOTI,SAITOTI,IN
20221027064305,FACTORY,0025,DAUDI,KIPENGELE,IN
20221027064326,FACTORY,0056,JACOB,BELLA,IN
20221027064603,OFFICE,0020,BENSON,BIMBONA,IN
20221027064619,FACTORY,0051,HASSAN,SULEIMAN,IN
20221027064701,FACTORY,0068,LAMBART,ABELI,IN
20221027064723,FACTORY,V006,JENIPHA,MUSHI,IN
20221027064746,FACTORY,0137,JANETH,TENDEGA,IN
20221027064746,FACTORY,0137,JANETH,TENDEGA,IN
20221027064948,FACTORY,0030,ELIZABETH,HIZZA,IN
20221027065109,FACTORY,0083,MOSES,ELIAS,IN
20221027065205,FACTORY,0117,SHOMARI,SONG'E,IN
20221027065230,FACTORY,0065,HADIJA,KAWAMBWA,IN
20221027065249,FACTORY,0098,PATRICK,ALFRED,IN
20221027065337,FACTORY,0118,SIKUDHANI,MGENI,IN
20221027065403,FACTORY,0053,HERIETH,KAIMKILWA,IN
20221027065409,FACTORY,0086,MWANAHAMISI,MKALIPA,IN
20221027065445,FACTORY,V021,SAID,MTIMBIA,IN
20221027065610,FACTORY,0116,SHABANI,NGOGOMI,IN
20221027065630,FACTORY,0129,ZAINABU,RIVAVODI,IN
20221027065636,FACTORY,V020,LUKAS,KIMBAWALA,IN
20221027065656,FACTORY,0082,MOHAMED,MSAKA,IN
20221027065701,FACTORY,0101,RAJABU,RAJABU,IN
20221027065713,FACTORY,0024,DAUDI,ISMAIL,IN
20221027065726,FACTORY,0142,WILLIAM,USANGA,IN
20221027065738,FACTORY,0032,EMMANUEL,MILYANGO,IN
20221027065900,FACTORY,0060,JOYCE,MASHELI,IN
20221027065908,FACTORY,0016,ASHURA,MWENE,IN
20221027070018,FACTORY,0031,ELIZABETH,SIBHOT,IN
20221027070059,FACTORY,0072,MAGRETH,BANDA,IN
20221027070308,FACTORY,V014,REHEMA,ALLY,IN
20221027070450,FACTORY,0064,KHADIJA,MAKEYA,IN
20221027070456,FACTORY,0043,GEORGINA,MILLINGA,OUT
20221027070501,FACTORY,0043,GEORGINA,MILLINGA,IN
20221027070654,FACTORY,0088,MWARAMI,KANIKI,IN
20221027070708,FACTORY,0113,SALUM,MALENDA,IN
20221027070742,FACTORY,109,RUDOLF,TAIRO,IN
20221027070834,OFFICE,0040,FRANK,MARIKI,IN
20221027071019,FACTORY,V003,ALLY,ALLY,IN
20221027071407,OFFICE,0134,ALFRED,CHISAWILLO,IN
20221027071831,OFFICE,V001,FLORA,LISANGA,IN
20221027072335,OFFICE,0135,NOAH,MPANGALA,IN
20221027072342,FACTORY,V028,RASHID,MRUMA,IN
20221027072532,FACTORY,0062,JUMA,MSHAURI,IN
20221027072538,FACTORY,0115,SHABANI,KIGA,OUT
20221027072554,FACTORY,0023,CLINTON,MKUDE,OUT
20221027072751,FACTORY,0081,MOHAMED,MOLLI,OUT
20221027072818,FACTORY,0003,ABDUL,KAPERA,OUT
20221027072852,FACTORY,0034,ERICK,TIBALILA,OUT
20221027074226,OFFICE,0048,HAPPY,AKARO,IN
20221027074340,FACTORY,0045,HAIDARY,KIPUKA,IN
20221027074841,OFFICE,0006,ABRAHAM,MCHOME,IN
20221027075048,FACTORY,111,SAID,RWAMBO,IN
20221027075205,FACTORY,0132,ELIWAZA,KONGA,IN
20221027075556,FACTORY,V013,PENINA,MIKAEL,IN
20221027075746,FACTORY,V018,YUSRA,ALLY,IN
20221027075759,FACTORY,V016,NURU,LIANA,IN
20221027075844,OFFICE,0008,AGNES,MUHINGA,IN
20221027075957,FACTORY,V017,JACKLINE,MDEMLE,IN
20221027080201,FACTORY,V011,SALHA,MAINGO,IN
20221027080214,FACTORY,V010,MARY,MASAWE,IN
20221027080246,FACTORY,0133,FIZZA,NJOVU,IN
20221027080344,OFFICE,0076,ANNA, IRENGO,IN
20221027080404,FACTORY,413988,GEOFREY,MOMBO,IN
20221027080528,FACTORY,136,PETER,MALLYA,IN
20221027080852,OFFICE,0124,VICTOR,NGUJI,IN
20221027080914,FACTORY,414152,MARTIN,SHILLA,IN
20221027081058,OFFICE,V002,ZAITUNI,SIMBA,IN
20221027081707,FACTORY,V019,ANASTAZIA,SWAI,IN
20221027081819,OFFICE,413981,VISHAL,KARA,IN
20221027081937,OFFICE,0099,PRISCA,ALPHONCE,IN
20221027085152,OFFICE,0130,SUDI,UKONDWA,IN
20221027094803,FACTORY,0067,KULUTHUM,LUSONZO,IN
20221027095700,FACTORY,0069,LATIFA,MINTANGA,IN
20221027095751,FACTORY,0011,AISHA,MBONDE,IN
20221027095944,FACTORY,0122,VERONICA,MZIA,IN
20221027101802,FACTORY,0126,WATENDE,ALLY,IN
20221027102349,FACTORY,0073,MAIMUNA,CHAMWITI,IN
20221027102931,FACTORY,0015,ASHA,DIKUNGURUMA,IN
20221027124723,FACTORY,0056,JACOB,BELLA,OUT
20221027135133,FACTORY,0001,ABDALLAH,ZAYUMBA,IN
20221027140206,FACTORY,V008,HAMIS,MFINANGA,OUT
20221027140226,FACTORY,V007,ANDREW,MASSAWE,OUT
20221027140359,FACTORY,0106,REHEMA,SIGE,IN
20221027141253,FACTORY,0079,MIRAJI,MNGAZIJA,IN
20221027142241,FACTORY,0112,SALUM,LIKONJOGO,IN
20221027142253,FACTORY,0022,CHARLES,KIBAVU,IN
20221027142308,FACTORY,0080,MIRAJI,JANGALU,IN
20221027142339,FACTORY,0041,FRED,MBUNDA,IN
20221027142759,FACTORY,0123,VICENT,MBUNGANI,IN
20221027142808,FACTORY,V007,MWAMINI,OMARY,IN
20221027142911,FACTORY,136,PETER,MALLYA,OUT
20221027142944,FACTORY,0018,BAKARI,MAULID,IN
20221027142955,FACTORY,0107,REHEMA,KIZONGO,IN
20221027143034,FACTORY,0035,EVALISTA,MAKUWA,OUT
20221027143051,FACTORY,0063,JUMA,HAMISI,IN
20221027143058,FACTORY,0060,JOYCE,MASHELI,OUT
20221027143103,FACTORY,0059,JOSEPH,SHENKOME,OUT
20221027143107,FACTORY,0118,SIKUDHANI,MGENI,OUT
20221027143118,FACTORY,0121,UPENDO,ZANI,IN
20221027143126,FACTORY,V021,SAID,MTIMBIA,OUT
20221027143132,FACTORY,0053,HERIETH,KAIMKILWA,OUT
20221027143138,FACTORY,0014,ALLY ,CHANDE,IN
20221027143145,FACTORY,0026,DAVID,KINDOLE,IN
20221027143200,FACTORY,0098,PATRICK,ALFRED,OUT
20221027143207,FACTORY,0116,SHABANI,NGOGOMI,OUT
20221027143245,FACTORY,0016,ASHURA,MWENE,OUT
20221027143303,FACTORY,V020,LUKAS,KIMBAWALA,OUT
20221027143314,FACTORY,0117,SHOMARI,SONG'E,OUT
20221027143320,FACTORY,0024,DAUDI,ISMAIL,OUT
20221027143325,FACTORY,0031,ELIZABETH,SIBHOT,OUT
20221027143419,FACTORY,0137,JANETH,TENDEGA,OUT
20221027143419,FACTORY,0137,JANETH,TENDEGA,OUT
20221027143450,FACTORY,0025,DAUDI,KIPENGELE,OUT
20221027143457,FACTORY,0091,MWINYI,KIHAGA,IN
20221027143510,FACTORY,0030,ELIZABETH,HIZZA,OUT
20221027143516,FACTORY,0050,HASSANI,KUNGURUMA,IN
20221027143522,FACTORY,0129,ZAINABU,RIVAVODI,OUT
20221027143612,FACTORY,0082,MOHAMED,MSAKA,OUT
20221027143735,FACTORY,109,RUDOLF,TAIRO,OUT
20221027143858,FACTORY,128,YUSUPH,MTAMBO,IN
20221027143916,FACTORY,0110,SAAD,MGULE,IN
20221027144012,FACTORY,0077,MATTO,MSANGI,IN
20221027144037,FACTORY,0068,LAMBART,ABELI,OUT
20221027145105,FACTORY,0114,SALUM,SALUM,IN
20221027151105,OFFICE,0134,ALFRED,CHISAWILLO,OUT
20221027155431,FACTORY,V006,JENIPHA,MUSHI,OUT
20221027155616,FACTORY,V003,ALLY,ALLY,OUT
20221027160113,FACTORY,0032,EMMANUEL,MILYANGO,OUT
20221027160119,FACTORY,0088,MWARAMI,KANIKI,OUT
20221027160251,OFFICE,0040,FRANK,MARIKI,OUT
20221027160314,FACTORY,V005,JOHN,LIMBE,OUT
20221027160547,OFFICE,0020,BENSON,BIMBONA,OUT
20221027162957,OFFICE,0076,ANNA, IRENGO,OUT
20221027164529,FACTORY,0045,HAIDARY,KIPUKA,OUT
20221027165616,OFFICE,0006,ABRAHAM,MCHOME,OUT
20221027170004,FACTORY,V014,REHEMA,ALLY,OUT
20221027170012,FACTORY,V018,YUSRA,ALLY,OUT
20221027170020,FACTORY,413988,GEOFREY,MOMBO,OUT
20221027170102,OFFICE,0124,VICTOR,NGUJI,OUT
20221027170136,FACTORY,V016,NURU,LIANA,OUT
20221027170147,FACTORY,V011,SALHA,MAINGO,OUT
20221027170152,FACTORY,V019,ANASTAZIA,SWAI,OUT
20221027170153,OFFICE,413981,VISHAL,KARA,OUT
20221027170207,OFFICE,,PATRICK,ODAWA,OUT
20221027170243,FACTORY,V010,MARY,MASAWE,OUT
20221027170402,OFFICE,V001,FLORA,LISANGA,OUT
20221027170437,OFFICE,V002,ZAITUNI,SIMBA,OUT
20221027170540,FACTORY,V017,JACKLINE,MDEMLE,OUT
20221027170635,OFFICE,0008,AGNES,MUHINGA,OUT
20221027170651,FACTORY,0132,ELIWAZA,KONGA,OUT
20221027170740,OFFICE,0048,HAPPY,AKARO,OUT
20221027170807,OFFICE,0135,NOAH,MPANGALA,OUT
20221027170959,FACTORY,V013,PENINA,MIKAEL,OUT
20221027171301,FACTORY,0133,FIZZA,NJOVU,OUT
20221027171315,OFFICE,0099,PRISCA,ALPHONCE,OUT
20221027174052,OFFICE,0130,SUDI,UKONDWA,OUT
20221027183854,OFFICE,414152,MARTIN,SHILLA,OUT
20221027184043,FACTORY,0084,MRISHO,HAUYESHI,IN
20221027184257,FACTORY,0071,LEONARD,NZIGE,IN
20221027185820,FACTORY,0042,GABRIEL,MBEYE,IN
20221027190009,FACTORY,0083,MOSES,ELIAS,OUT
20221027190016,FACTORY,0057,JACKSON,MDEMU,OUT
20221027190025,FACTORY,0065,HADIJA,KAWAMBWA,OUT
20221027190031,FACTORY,0086,MWANAHAMISI,MKALIPA,OUT
20221027190036,FACTORY,0013,ALLY,SHAWEJI,IN
20221027190048,FACTORY,0043,GEORGINA,MILLINGA,OUT
20221027190104,FACTORY,0072,MAGRETH,BANDA,OUT
20221027190131,FACTORY,0064,KHADIJA,MAKEYA,OUT
20221027191645,FACTORY,0051,HASSAN,SULEIMAN,OUT
20221027191723,FACTORY,0101,RAJABU,RAJABU,OUT
20221027214213,FACTORY,0003,ABDUL,KAPERA,IN
20221027215843,FACTORY,0047,HAMZA ,SULTAN,OUT
20221027215858,FACTORY,V007,MWAMINI,OMARY,OUT
20221027215905,FACTORY,0080,MIRAJI,JANGALU,OUT
20221027215912,FACTORY,0050,HASSANI,KUNGURUMA,OUT
20221027215919,FACTORY,0022,CHARLES,KIBAVU,OUT
20221027215939,FACTORY,0041,FRED,MBUNDA,OUT
20221027215945,FACTORY,0011,AISHA,MBONDE,OUT
20221027215953,FACTORY,0073,MAIMUNA,CHAMWITI,OUT
20221027220001,FACTORY,0079,MIRAJI,MNGAZIJA,OUT
20221027220007,FACTORY,0106,REHEMA,SIGE,OUT
20221027220012,FACTORY,0069,LATIFA,MINTANGA,OUT
20221027220018,FACTORY,0063,JUMA,HAMISI,OUT
20221027220025,FACTORY,0126,WATENDE,ALLY,OUT
20221027220033,FACTORY,0122,VERONICA,MZIA,OUT
20221027220044,FACTORY,0015,ASHA,DIKUNGURUMA,OUT
20221027220050,FACTORY,0067,KULUTHUM,LUSONZO,OUT
20221027220059,FACTORY,0114,SALUM,SALUM,OUT
20221027220108,FACTORY,0107,REHEMA,KIZONGO,OUT
20221027220113,FACTORY,0014,ALLY ,CHANDE,OUT
20221027220123,FACTORY,0112,SALUM,LIKONJOGO,OUT
20221027220129,FACTORY,0001,ABDALLAH,ZAYUMBA,OUT
20221027220137,FACTORY,0091,MWINYI,KIHAGA,OUT
20221027220145,FACTORY,0026,DAVID,KINDOLE,OUT
20221027220157,FACTORY,0123,VICENT,MBUNGANI,OUT
20221027220312,FACTORY,0110,SAAD,MGULE,OUT
20221027220418,FACTORY,0018,BAKARI,MAULID,OUT
20221027220844,FACTORY,128,YUSUPH,MTAMBO,OUT
20221028060531,FACTORY,0059,JOSEPH,SHENKOME,IN
20221028061526,FACTORY,V008,HAMIS,MFINANGA,IN
20221028062646,FACTORY,0082,MOHAMED,MSAKA,IN
20221028062935,FACTORY,V007,ANDREW,MASSAWE,IN
20221028063103,FACTORY,V005,JOHN,LIMBE,IN
20221028063947,FACTORY,0032,EMMANUEL,MILYANGO,IN
20221028064045,OFFICE,0040,FRANK,MARIKI,IN
20221028064431,FACTORY,0057,JACKSON,MDEMU,IN
20221028064637,FACTORY,0065,HADIJA,KAWAMBWA,IN
20221028064839,FACTORY,0067,KULUTHUM,LUSONZO,IN
20221028064852,FACTORY,0106,REHEMA,SIGE,IN
20221028065109,FACTORY,0142,WILLIAM,USANGA,IN
20221028065415,FACTORY,0068,LAMBART,ABELI,IN
20221028065426,FACTORY,0060,JOYCE,MASHELI,IN
20221028065457,FACTORY,0051,HASSAN,SULEIMAN,IN
20221028065459,OFFICE,0020,BENSON,BIMBONA,IN
20221028065614,FACTORY,0053,HERIETH,KAIMKILWA,IN
20221028065659,FACTORY,0035,EVALISTA,MAKUWA,IN
20221028065705,FACTORY,0117,SHOMARI,SONG'E,IN
20221028065712,FACTORY,0101,RAJABU,RAJABU,IN
20221028065718,FACTORY,0098,PATRICK,ALFRED,IN
20221028065725,FACTORY,V020,LUKAS,KIMBAWALA,IN
20221028065731,FACTORY,0025,DAUDI,KIPENGELE,IN
20221028065802,FACTORY,0024,DAUDI,ISMAIL,IN
20221028065818,FACTORY,0116,SHABANI,NGOGOMI,IN
20221028065852,FACTORY,V004,SAITOTI,SAITOTI,IN
20221028065932,FACTORY,413988,GEOFREY,MOMBO,IN
20221028065953,OFFICE,414152,MARTIN,SHILLA,IN
20221028070130,FACTORY,0088,MWARAMI,KANIKI,IN
20221028070229,FACTORY,0086,MWANAHAMISI,MKALIPA,IN
20221028070237,FACTORY,0083,MOSES,ELIAS,IN
20221028070243,FACTORY,0129,ZAINABU,RIVAVODI,IN
20221028070435,FACTORY,0031,ELIZABETH,SIBHOT,IN
20221028070458,FACTORY,V006,JENIPHA,MUSHI,IN
20221028070607,FACTORY,V021,SAID,MTIMBIA,IN
20221028070653,FACTORY,0062,JUMA,MSHAURI,IN
20221028070715,FACTORY,0137,JANETH,TENDEGA,IN
20221028070715,FACTORY,0137,JANETH,TENDEGA,IN
20221028070805,FACTORY,0056,JACOB,BELLA,IN
20221028070844,FACTORY,0072,MAGRETH,BANDA,IN
20221028071314,FACTORY,V028,RASHID,MRUMA,IN
20221028071424,OFFICE,0134,ALFRED,CHISAWILLO,IN
20221028071717,FACTORY,V014,REHEMA,ALLY,IN
20221028071724,FACTORY,0113,SALUM,MALENDA,IN
20221028071854,FACTORY,V003,ALLY,ALLY,IN
20221028072023,OFFICE,0135,NOAH,MPANGALA,IN
20221028072105,FACTORY,0043,GEORGINA,MILLINGA,IN
20221028072446,OFFICE,V001,FLORA,LISANGA,IN
20221028072456,FACTORY,0084,MRISHO,HAUYESHI,OUT
20221028072538,FACTORY,0013,ALLY,SHAWEJI,OUT
20221028072604,FACTORY,0071,LEONARD,NZIGE,OUT
20221028072610,FACTORY,0045,HAIDARY,KIPUKA,IN
20221028072719,FACTORY,0003,ABDUL,KAPERA,OUT
20221028072725,FACTORY,0042,GABRIEL,MBEYE,OUT
20221028073101,OFFICE,0006,ABRAHAM,MCHOME,IN
20221028075001,FACTORY,111,SAID,RWAMBO,IN
20221028075223,OFFICE,,PATRICK,ODAWA,IN
20221028075540,FACTORY,0132,ELIWAZA,KONGA,IN
20221028075552,OFFICE,0048,HAPPY,AKARO,IN
20221028075553,FACTORY,V013,PENINA,MIKAEL,IN
20221028075600,OFFICE,0008,AGNES,MUHINGA,IN
20221028075626,FACTORY,0133,FIZZA,NJOVU,IN
20221028075724,FACTORY,V024,AMANI,KINYAGA,IN
20221028075846,FACTORY,V009,LIANA,JUMA,IN
20221028080230,FACTORY,V017,JACKLINE,MDEMLE,IN
20221028080302,FACTORY,V016,NURU,LIANA,IN
20221028080309,FACTORY,V018,YUSRA,ALLY,IN
20221028080331,FACTORY,V019,ANASTAZIA,SWAI,IN
20221028080425,FACTORY,V010,MARY,MASAWE,IN
20221028080448,OFFICE,0058,JANETH,SIRIWA,IN
20221028080757,OFFICE,0099,PRISCA,ALPHONCE,IN
20221028080825,FACTORY,136,PETER,MALLYA,IN
20221028081056,FACTORY,V011,SALHA,MAINGO,IN
20221028081801,OFFICE,0124,VICTOR,NGUJI,IN
20221028082325,OFFICE,0076,ANNA, IRENGO,IN
20221028082626,OFFICE,V002,ZAITUNI,SIMBA,IN
20221028083558,OFFICE,0130,SUDI,UKONDWA,IN
20221028093441,OFFICE,413981,VISHAL,KARA,IN
20221028095606,FACTORY,0011,AISHA,MBONDE,IN
20221028095837,FACTORY,0122,VERONICA,MZIA,IN
20221028100503,FACTORY,0073,MAIMUNA,CHAMWITI,IN
20221028100521,FACTORY,0069,LATIFA,MINTANGA,IN
20221028101707,FACTORY,0126,WATENDE,ALLY,IN
20221028102631,FACTORY,0015,ASHA,DIKUNGURUMA,IN
20221028131542,FACTORY,0091,MWINYI,KIHAGA,IN
20221028140007,FACTORY,V008,HAMIS,MFINANGA,OUT
20221028140037,FACTORY,0050,HASSANI,KUNGURUMA,IN
20221028140129,FACTORY,V007,ANDREW,MASSAWE,OUT
20221028140913,FACTORY,0001,ABDALLAH,ZAYUMBA,IN
20221028142057,FACTORY,0047,HAMZA ,SULTAN,IN
20221028142219,FACTORY,0022,CHARLES,KIBAVU,IN
20221028142404,FACTORY,0048,HAPPY,AKARO,OUT
20221028142732,FACTORY,0112,SALUM,LIKONJOGO,IN
20221028142742,FACTORY,0026,DAVID,KINDOLE,IN
20221028142748,FACTORY,0041,FRED,MBUNDA,IN
20221028142802,FACTORY,0067,KULUTHUM,LUSONZO,OUT
20221028142917,FACTORY,V007,MWAMINI,OMARY,IN
20221028142924,FACTORY,V007,MWAMINI,OMARY,IN
20221028143012,FACTORY,0123,VICENT,MBUNGANI,IN
20221028143027,FACTORY,0025,DAUDI,KIPENGELE,OUT
20221028143034,FACTORY,0056,JACOB,BELLA,OUT
20221028143041,FACTORY,0059,JOSEPH,SHENKOME,OUT
20221028143049,FACTORY,0098,PATRICK,ALFRED,OUT
20221028143100,FACTORY,0137,JANETH,TENDEGA,OUT
20221028143100,FACTORY,0137,JANETH,TENDEGA,OUT
20221028143107,FACTORY,0129,ZAINABU,RIVAVODI,OUT
20221028143114,FACTORY,0053,HERIETH,KAIMKILWA,OUT
20221028143119,FACTORY,0082,MOHAMED,MSAKA,OUT
20221028143126,FACTORY,0035,EVALISTA,MAKUWA,OUT
20221028143134,FACTORY,0060,JOYCE,MASHELI,OUT
20221028143146,FACTORY,0030,ELIZABETH,HIZZA,OUT
20221028143153,FACTORY,V021,SAID,MTIMBIA,OUT
20221028143225,FACTORY,0031,ELIZABETH,SIBHOT,OUT
20221028143249,FACTORY,0116,SHABANI,NGOGOMI,OUT
20221028143257,FACTORY,0110,SAAD,MGULE,IN
20221028143334,FACTORY,109,RUDOLF,TAIRO,IN
20221028143401,FACTORY,0024,DAUDI,ISMAIL,OUT
20221028143609,FACTORY,0118,SIKUDHANI,MGENI,IN
20221028143614,FACTORY,0080,MIRAJI,JANGALU,IN
20221028143645,FACTORY,128,YUSUPH,MTAMBO,IN
20221028143704,FACTORY,0117,SHOMARI,SONG'E,OUT
20221028143932,FACTORY,0018,BAKARI,MAULID,IN
20221028144020,FACTORY,0079,MIRAJI,MNGAZIJA,IN
20221028144423,FACTORY,0077,MATTO,MSANGI,IN
20221028144510,FACTORY,0107,REHEMA,KIZONGO,IN
20221028144611,FACTORY,0125,WALTER,MAPUNDA,IN
20221028144704,FACTORY,0016,ASHURA,MWENE,IN
20221028144923,FACTORY,0063,JUMA,HAMISI,IN
20221028145253,OFFICE,0134,ALFRED,CHISAWILLO,OUT
20221028150842,FACTORY,0068,LAMBART,ABELI,OUT
20221028155820,FACTORY,0142,WILLIAM,USANGA,OUT
20221028160038,FACTORY,V005,JOHN,LIMBE,OUT
20221028160306,FACTORY,0088,MWARAMI,KANIKI,OUT
20221028160330,FACTORY,0020,BENSON,BIMBONA,OUT
20221028160337,FACTORY,V003,ALLY,ALLY,OUT
20221028160341,FACTORY,0062,JUMA,MSHAURI,OUT
20221028160346,FACTORY,V028,RASHID,MRUMA,OUT
20221028160440,FACTORY,413988,GEOFREY,MOMBO,OUT
20221028160520,FACTORY,V006,JENIPHA,MUSHI,OUT
20221028160742,FACTORY,V020,LUKAS,KIMBAWALA,OUT
20221028161006,OFFICE,0040,FRANK,MARIKI,OUT
20221028162032,FACTORY,0032,EMMANUEL,MILYANGO,OUT
20221028165720,OFFICE,,PATRICK,ODAWA,OUT
20221028165848,FACTORY,136,PETER,MALLYA,OUT
20221028165943,FACTORY,0045,HAIDARY,KIPUKA,OUT
20221028170026,FACTORY,V018,YUSRA,ALLY,OUT
20221028170113,FACTORY,V017,JACKLINE,MDEMLE,OUT
20221028170119,FACTORY,V019,ANASTAZIA,SWAI,OUT
20221028170157,FACTORY,V010,MARY,MASAWE,OUT
20221028170211,FACTORY,V013,PENINA,MIKAEL,OUT
20221028170219,FACTORY,V009,LIANA,JUMA,OUT
20221028170319,FACTORY,V016,NURU,LIANA,OUT
20221028170325,FACTORY,V014,REHEMA,ALLY,OUT
20221028170331,FACTORY,V011,SALHA,MAINGO,OUT
20221028170508,OFFICE,V002,ZAITUNI,SIMBA,OUT
20221028170526,OFFICE,V001,FLORA,LISANGA,OUT
20221028170742,OFFICE,0076,ANNA, IRENGO,OUT
20221028170803,OFFICE,0124,VICTOR,NGUJI,OUT
20221028170926,OFFICE,413981,VISHAL,KARA,OUT
20221028171246,FACTORY,0008,AGNES,MUHINGA,OUT
20221028171602,OFFICE,0058,JANETH,SIRIWA,OUT
20221028171743,OFFICE,0130,SUDI,UKONDWA,OUT
20221028172637,OFFICE,0135,NOAH,MPANGALA,OUT
20221028181533,FACTORY,0133,FIZZA,NJOVU,OUT
20221028182418,FACTORY,0132,ELIWAZA,KONGA,OUT
20221028184206,FACTORY,0084,MRISHO,HAUYESHI,IN
20221028185105,FACTORY,0013,ALLY,SHAWEJI,IN
20221028185917,FACTORY,0071,LEONARD,NZIGE,IN
20221028190027,FACTORY,0086,MWANAHAMISI,MKALIPA,OUT
20221028190125,FACTORY,0065,HADIJA,KAWAMBWA,OUT
20221028190141,FACTORY,0106,REHEMA,SIGE,OUT
20221028190207,FACTORY,0043,GEORGINA,MILLINGA,OUT
20221028190217,FACTORY,0064,KHADIJA,MAKEYA,OUT
20221028190520,FACTORY,0072,MAGRETH,BANDA,OUT
20221028190555,FACTORY,0057,JACKSON,MDEMU,OUT
20221028190604,FACTORY,0083,MOSES,ELIAS,OUT
20221028190613,FACTORY,0051,HASSAN,SULEIMAN,IN
20221028190618,FACTORY,0051,HASSAN,SULEIMAN,OUT
20221028190656,FACTORY,0042,GABRIEL,MBEYE,IN
20221028191110,FACTORY,0101,RAJABU,RAJABU,OUT
20221028200740,OFFICE,414152,MARTIN,SHILLA,OUT
20221028214211,FACTORY,0003,ABDUL,KAPERA,IN
20221028215833,FACTORY,0011,AISHA,MBONDE,OUT
20221028215851,FACTORY,0022,CHARLES,KIBAVU,OUT
20221028215910,FACTORY,V007,MWAMINI,OMARY,OUT
20221028215913,OFFICE,0047,HAMZA ,SULTAN,OUT
20221028215921,FACTORY,0080,MIRAJI,JANGALU,OUT
20221028215937,FACTORY,0077,MATTO,MSANGI,OUT
20221028215943,FACTORY,0041,FRED,MBUNDA,OUT
20221028220002,FACTORY,0073,MAIMUNA,CHAMWITI,OUT
20221028220008,FACTORY,0063,JUMA,HAMISI,OUT
20221028220014,FACTORY,0126,WATENDE,ALLY,OUT
20221028220020,FACTORY,0107,REHEMA,KIZONGO,OUT
20221028220026,FACTORY,0016,ASHURA,MWENE,OUT
20221028220030,FACTORY,0069,LATIFA,MINTANGA,OUT
20221028220038,FACTORY,0118,SIKUDHANI,MGENI,OUT
20221028220045,FACTORY,0122,VERONICA,MZIA,OUT
20221028220055,FACTORY,0015,ASHA,DIKUNGURUMA,OUT
20221028220112,FACTORY,0050,HASSANI,KUNGURUMA,OUT
20221028220118,FACTORY,0079,MIRAJI,MNGAZIJA,OUT
20221028220219,FACTORY,0112,SALUM,LIKONJOGO,OUT
20221028220247,FACTORY,0110,SAAD,MGULE,OUT
20221028220253,FACTORY,109,RUDOLF,TAIRO,OUT
20221028220300,FACTORY,0123,VICENT,MBUNGANI,OUT
20221028220316,FACTORY,0091,MWINYI,KIHAGA,OUT
20221028220321,FACTORY,0026,DAVID,KINDOLE,OUT
20221028220327,FACTORY,0001,ABDALLAH,ZAYUMBA,OUT
20221028220347,FACTORY,0125,WALTER,MAPUNDA,OUT
20221028220720,FACTORY,0018,BAKARI,MAULID,OUT
20221028220933,FACTORY,128,YUSUPH,MTAMBO,OUT
20221029061806,FACTORY,V008,HAMIS,MFINANGA,IN
20221029062420,FACTORY,0059,JOSEPH,SHENKOME,IN
20221029062545,FACTORY,0082,MOHAMED,MSAKA,IN
20221029063217,OFFICE,0020,BENSON,BIMBONA,IN
20221029063412,FACTORY,0025,DAUDI,KIPENGELE,IN
20221029063547,FACTORY,0056,JACOB,BELLA,IN
20221029063737,FACTORY,V007,ANDREW,MASSAWE,IN
20221029063910,FACTORY,0065,HADIJA,KAWAMBWA,IN
20221029064015,FACTORY,0060,JOYCE,MASHELI,IN
20221029064021,FACTORY,0035,EVALISTA,MAKUWA,IN
20221029064245,FACTORY,0067,KULUTHUM,LUSONZO,IN
20221029064526,FACTORY,V021,SAID,MTIMBIA,IN
20221029064731,FACTORY,0051,HASSAN,SULEIMAN,IN
20221029064807,FACTORY,0083,MOSES,ELIAS,IN
20221029065405,FACTORY,0116,SHABANI,NGOGOMI,IN
20221029065421,FACTORY,0117,SHOMARI,SONG'E,IN
20221029065518,FACTORY,0032,EMMANUEL,MILYANGO,IN
20221029065525,FACTORY,0068,LAMBART,ABELI,IN
20221029065558,FACTORY,V003,ALLY,ALLY,IN
20221029065658,FACTORY,0098,PATRICK,ALFRED,IN
20221029065704,FACTORY,0123,VICENT,MBUNGANI,IN
20221029065754,FACTORY,0057,JACKSON,MDEMU,IN
20221029065817,FACTORY,0106,REHEMA,SIGE,IN
20221029065838,FACTORY,0030,ELIZABETH,HIZZA,IN
20221029065937,OFFICE,0040,FRANK,MARIKI,IN
20221029065939,FACTORY,V004,SAITOTI,SAITOTI,IN
20221029070017,FACTORY,0053,HERIETH,KAIMKILWA,IN
20221029070035,FACTORY,0062,JUMA,MSHAURI,IN
20221029070124,FACTORY,0101,RAJABU,RAJABU,IN
20221029070135,FACTORY,V005,JOHN,LIMBE,IN
20221029070505,FACTORY,0013,ALLY,SHAWEJI,OUT
20221029070512,FACTORY,0142,WILLIAM,USANGA,IN
20221029070620,FACTORY,0043,GEORGINA,MILLINGA,IN
20221029070730,FACTORY,0024,DAUDI,ISMAIL,IN
20221029070800,FACTORY,0031,ELIZABETH,SIBHOT,IN
20221029070835,FACTORY,0071,LEONARD,NZIGE,OUT
20221029070914,FACTORY,0042,GABRIEL,MBEYE,OUT
20221029071025,FACTORY,0086,MWANAHAMISI,MKALIPA,IN
20221029071037,FACTORY,0084,MRISHO,HAUYESHI,OUT
20221029071048,FACTORY,V028,RASHID,MRUMA,IN
20221029071056,FACTORY,0113,SALUM,MALENDA,IN
20221029071314,FACTORY,0064,KHADIJA,MAKEYA,IN
20221029071426,FACTORY,0137,JANETH,TENDEGA,IN
20221029071426,FACTORY,0137,JANETH,TENDEGA,IN
20221029071640,FACTORY,0129,ZAINABU,RIVAVODI,IN
20221029071708,OFFICE,V001,FLORA,LISANGA,IN
20221029071901,FACTORY,0045,HAIDARY,KIPUKA,IN
20221029072048,FACTORY,0072,MAGRETH,BANDA,IN
20221029072154,FACTORY,0003,ABDUL,KAPERA,OUT
20221029072508,OFFICE,0134,ALFRED,CHISAWILLO,IN
20221029073205,OFFICE,0135,NOAH,MPANGALA,IN
20221029074241,FACTORY,413988,GEOFREY,MOMBO,IN
20221029075020,OFFICE,0008,AGNES,MUHINGA,IN
20221029075427,FACTORY,111,SAID,RWAMBO,IN
20221029075446,FACTORY,0132,ELIWAZA,KONGA,IN
20221029075952,FACTORY,V011,SALHA,MAINGO,IN
20221029080013,FACTORY,V013,PENINA,MIKAEL,IN
20221029080019,FACTORY,V014,REHEMA,ALLY,IN
20221029080025,FACTORY,V016,NURU,LIANA,IN
20221029080032,FACTORY,V009,LIANA,JUMA,IN
20221029080040,FACTORY,0088,MWARAMI,KANIKI,IN
20221029080213,FACTORY,V006,JENIPHA,MUSHI,IN
20221029080219,FACTORY,V017,JACKLINE,MDEMLE,IN
20221029080232,FACTORY,V010,MARY,MASAWE,IN
20221029080451,FACTORY,V019,ANASTAZIA,SWAI,IN
20221029080721,OFFICE,V002,ZAITUNI,SIMBA,IN
20221029080746,OFFICE,,PATRICK,ODAWA,IN
20221029080835,OFFICE,414152,MARTIN,SHILLA,IN
20221029081130,FACTORY,0133,FIZZA,NJOVU,IN
20221029081509,OFFICE,0099,PRISCA,ALPHONCE,IN
20221029081523,FACTORY,136,PETER,MALLYA,IN
20221029083643,OFFICE,0130,SUDI,UKONDWA,IN
20221029083958,OFFICE,0124,VICTOR,NGUJI,IN
20221029085641,OFFICE,0006,ABRAHAM,MCHOME,IN
20221029090723,OFFICE,413981,VISHAL,KARA,IN
20221029093647,OFFICE,0040,FRANK,MARIKI,OUT
20221029100015,FACTORY,0011,AISHA,MBONDE,IN
20221029100447,FACTORY,0122,VERONICA,MZIA,IN
20221029102249,FACTORY,0069,LATIFA,MINTANGA,IN
20221029102917,FACTORY,0015,ASHA,DIKUNGURUMA,IN
20221029115815,FACTORY,0035,EVALISTA,MAKUWA,OUT
20221029120104,OFFICE,0020,BENSON,BIMBONA,OUT
20221029120321,FACTORY,0142,WILLIAM,USANGA,OUT
20221029123223,FACTORY,0032,EMMANUEL,MILYANGO,OUT
20221029123614,FACTORY,V004,SAITOTI,SAITOTI,OUT
20221029124121,OFFICE,,PATRICK,ODAWA,OUT
20221029125544,FACTORY,136,PETER,MALLYA,OUT
20221029125630,FACTORY,V008,HAMIS,MFINANGA,OUT
20221029125755,FACTORY,V007,ANDREW,MASSAWE,OUT
20221029125955,FACTORY,V003,ALLY,ALLY,OUT
20221029130101,FACTORY,0088,MWARAMI,KANIKI,OUT
20221029130136,FACTORY,V006,JENIPHA,MUSHI,OUT
20221029130206,OFFICE,0124,VICTOR,NGUJI,OUT
20221029130212,FACTORY,V010,MARY,MASAWE,OUT
20221029130227,FACTORY,V016,NURU,LIANA,OUT
20221029130248,FACTORY,V013,PENINA,MIKAEL,OUT
20221029130258,FACTORY,V017,JACKLINE,MDEMLE,OUT
20221029130304,FACTORY,V019,ANASTAZIA,SWAI,IN
20221029130310,FACTORY,V014,REHEMA,ALLY,OUT
20221029130447,FACTORY,V011,SALHA,MAINGO,OUT
20221029130453,OFFICE,V002,ZAITUNI,SIMBA,OUT
20221029130901,OFFICE,V001,FLORA,LISANGA,OUT
20221029130939,FACTORY,V005,JOHN,LIMBE,OUT
20221029131004,FACTORY,413988,GEOFREY,MOMBO,OUT
20221029131329,FACTORY,0045,HAIDARY,KIPUKA,OUT
20221029131503,OFFICE,0006,ABRAHAM,MCHOME,OUT
20221029132217,OFFICE,0048,HAPPY,AKARO,OUT
20221029134829,FACTORY,0001,ABDALLAH,ZAYUMBA,IN
20221029134835,FACTORY,0050,HASSANI,KUNGURUMA,IN
20221029140114,OFFICE,0099,PRISCA,ALPHONCE,OUT
20221029140130,FACTORY,0079,MIRAJI,MNGAZIJA,IN
20221029140931,FACTORY,0073,MAIMUNA,CHAMWITI,IN
20221029140934,OFFICE,413981,VISHAL,KARA,OUT
20221029141540,FACTORY,0091,MWINYI,KIHAGA,IN
20221029141551,FACTORY,0022,CHARLES,KIBAVU,IN
20221029142511,FACTORY,0112,SALUM,LIKONJOGO,IN
20221029142914,FACTORY,128,YUSUPH,MTAMBO,IN
20221029142936,FACTORY,0030,ELIZABETH,HIZZA,IN
20221029142941,FACTORY,0025,DAUDI,KIPENGELE,OUT
20221029142946,FACTORY,0117,SHOMARI,SONG'E,OUT
20221029142950,FACTORY,0031,ELIZABETH,SIBHOT,OUT
20221029143000,FACTORY,0065,HADIJA,KAWAMBWA,OUT
20221029143006,FACTORY,0098,PATRICK,ALFRED,OUT
20221029143011,FACTORY,0018,BAKARI,MAULID,IN
20221029143017,FACTORY,0116,SHABANI,NGOGOMI,OUT
20221029143025,FACTORY,0059,JOSEPH,SHENKOME,OUT
20221029143040,FACTORY,0082,MOHAMED,MSAKA,OUT
20221029143101,FACTORY,0129,ZAINABU,RIVAVODI,OUT
20221029143110,FACTORY,0060,JOYCE,MASHELI,OUT
20221029143124,FACTORY,0053,HERIETH,KAIMKILWA,OUT
20221029143130,FACTORY,0024,DAUDI,ISMAIL,OUT
20221029143153,FACTORY,0056,JACOB,BELLA,OUT
20221029143202,FACTORY,0041,FRED,MBUNDA,IN
20221029143218,FACTORY,0064,KHADIJA,MAKEYA,OUT
20221029143225,FACTORY,0043,GEORGINA,MILLINGA,OUT
20221029143305,FACTORY,413988,GEOFREY,MOMBO,IN
20221029143349,FACTORY,0110,SAAD,MGULE,IN
20221029143434,FACTORY,0137,JANETH,TENDEGA,OUT
20221029143434,FACTORY,0137,JANETH,TENDEGA,OUT
20221029143606,FACTORY,0068,LAMBART,ABELI,OUT
20221029143637,FACTORY,109,RUDOLF,TAIRO,IN
20221029143825,FACTORY,0118,SIKUDHANI,MGENI,IN
20221029143852,FACTORY,0063,JUMA,HAMISI,IN
20221029143916,OFFICE,0134,ALFRED,CHISAWILLO,OUT
20221029143949,FACTORY,0121,UPENDO,ZANI,IN
20221029144050,FACTORY,0016,ASHURA,MWENE,IN
20221029144126,FACTORY,V021,SAID,MTIMBIA,OUT
20221029144218,FACTORY,V007,MWAMINI,OMARY,IN
20221029144411,OFFICE,0008,AGNES,MUHINGA,OUT
20221029144723,OFFICE,0130,SUDI,UKONDWA,OUT
20221029144758,FACTORY,0126,WATENDE,ALLY,IN
20221029145250,FACTORY,0080,MIRAJI,JANGALU,IN
20221029145749,FACTORY,0026,DAVID,KINDOLE,IN
20221029150501,FACTORY,0107,REHEMA,KIZONGO,IN
20221029151024,OFFICE,0135,NOAH,MPANGALA,OUT
20221029151432,OFFICE,414152,MARTIN,SHILLA,OUT
20221029161739,FACTORY,111,SAID,RWAMBO,OUT
20221029163253,FACTORY,413988,GEOFREY,MOMBO,OUT
20221029163659,FACTORY,0133,FIZZA,NJOVU,OUT
20221029172355,FACTORY,0132,ELIWAZA,KONGA,OUT
20221029183704,FACTORY,0042,GABRIEL,MBEYE,IN
20221029184117,FACTORY,0084,MRISHO,HAUYESHI,IN
20221029184523,FACTORY,0071,LEONARD,NZIGE,IN
20221029185554,FACTORY,0013,ALLY,SHAWEJI,IN
20221029190012,FACTORY,0106,REHEMA,SIGE,OUT
20221029190032,FACTORY,0072,MAGRETH,BANDA,OUT
20221029190044,FACTORY,0067,KULUTHUM,LUSONZO,OUT
20221029190052,FACTORY,0057,JACKSON,MDEMU,OUT
20221029190359,FACTORY,0083,MOSES,ELIAS,OUT
20221029190450,FACTORY,0086,MWANAHAMISI,MKALIPA,OUT
20221029190742,FACTORY,0051,HASSAN,SULEIMAN,OUT
20221029191219,FACTORY,0101,RAJABU,RAJABU,OUT
20221029200631,FACTORY,0016,ASHURA,MWENE,OUT
20221029213908,FACTORY,0050,HASSANI,KUNGURUMA,OUT
20221029213938,FACTORY,0047,HAMZA ,SULTAN,OUT
20221029214712,FACTORY,0003,ABDUL,KAPERA,IN
20221029215841,FACTORY,0011,AISHA,MBONDE,IN
20221029215849,FACTORY,0011,AISHA,MBONDE,OUT
20221029215932,FACTORY,0118,SIKUDHANI,MGENI,OUT
20221029215938,FACTORY,0041,FRED,MBUNDA,OUT
20221029215949,FACTORY,0073,MAIMUNA,CHAMWITI,OUT
20221029215956,FACTORY,0018,BAKARI,MAULID,OUT
20221029220005,FACTORY,0112,SALUM,LIKONJOGO,OUT
20221029220015,FACTORY,0015,ASHA,DIKUNGURUMA,OUT
20221029220021,FACTORY,0122,VERONICA,MZIA,OUT
20221029220027,FACTORY,0091,MWINYI,KIHAGA,OUT
20221029220033,FACTORY,0069,LATIFA,MINTANGA,OUT
20221029220040,FACTORY,0022,CHARLES,KIBAVU,OUT
20221029220047,FACTORY,0107,REHEMA,KIZONGO,OUT
20221029220059,FACTORY,0126,WATENDE,ALLY,OUT
20221029220108,FACTORY,V007,MWAMINI,OMARY,OUT
20221029220239,FACTORY,0063,JUMA,HAMISI,OUT
20221029220246,FACTORY,128,YUSUPH,MTAMBO,OUT
20221029220252,FACTORY,0080,MIRAJI,JANGALU,OUT
20221029220309,FACTORY,0110,SAAD,MGULE,OUT
20221029220317,FACTORY,0001,ABDALLAH,ZAYUMBA,OUT
20221029220332,FACTORY,0079,MIRAJI,MNGAZIJA,OUT
20221029220655,FACTORY,0026,DAVID,KINDOLE,OUT
20221029221106,FACTORY,0121,UPENDO,ZANI,OUT
20221030064448,FACTORY,0065,HADIJA,KAWAMBWA,IN
20221030064454,FACTORY,0035,EVALISTA,MAKUWA,IN
20221030064537,FACTORY,0067,KULUTHUM,LUSONZO,IN
20221030064554,FACTORY,0069,LATIFA,MINTANGA,IN
20221030064607,FACTORY,0126,WATENDE,ALLY,IN
20221030064616,FACTORY,128,YUSUPH,MTAMBO,IN
20221030064634,FACTORY,0051,HASSAN,SULEIMAN,IN
20221030065126,FACTORY,0106,REHEMA,SIGE,IN
20221030065243,FACTORY,0064,KHADIJA,MAKEYA,IN
20221030065330,FACTORY,0053,HERIETH,KAIMKILWA,IN
20221030065340,FACTORY,0122,VERONICA,MZIA,IN
20221030065357,FACTORY,V005,JOHN,LIMBE,IN
20221030065703,FACTORY,0011,AISHA,MBONDE,IN
20221030065750,FACTORY,0015,ASHA,DIKUNGURUMA,IN
20221030065758,FACTORY,0083,MOSES,ELIAS,IN
20221030065917,FACTORY,0057,JACKSON,MDEMU,IN
20221030065925,FACTORY,0101,RAJABU,RAJABU,IN
20221030065955,FACTORY,0043,GEORGINA,MILLINGA,IN
20221030070114,FACTORY,0068,LAMBART,ABELI,IN
20221030070351,FACTORY,0071,LEONARD,NZIGE,OUT
20221030070529,FACTORY,0084,MRISHO,HAUYESHI,OUT
20221030070603,FACTORY,0013,ALLY,SHAWEJI,OUT
20221030071137,FACTORY,0042,GABRIEL,MBEYE,OUT
20221030071207,FACTORY,0003,ABDUL,KAPERA,OUT
20221030071535,FACTORY,0047,HAMZA ,SULTAN,IN
20221030071800,FACTORY,0086,MWANAHAMISI,MKALIPA,IN
20221030071813,FACTORY,0072,MAGRETH,BANDA,IN
20221030081335,FACTORY,0132,ELIWAZA,KONGA,IN
20221030085327,FACTORY,0050,HASSANI,KUNGURUMA,IN
20221030103708,FACTORY,0142,WILLIAM,USANGA,IN
20221030141237,FACTORY,0026,DAVID,KINDOLE,IN
20221030143028,FACTORY,0067,KULUTHUM,LUSONZO,OUT
20221030143037,FACTORY,0011,AISHA,MBONDE,OUT
20221030143045,FACTORY,0069,LATIFA,MINTANGA,OUT
20221030143053,FACTORY,0073,MAIMUNA,CHAMWITI,OUT
20221030143100,FACTORY,0126,WATENDE,ALLY,OUT
20221030143106,FACTORY,0035,EVALISTA,MAKUWA,OUT
20221030143129,FACTORY,0065,HADIJA,KAWAMBWA,OUT
20221030143149,FACTORY,0106,REHEMA,SIGE,OUT
20221030143203,FACTORY,0072,MAGRETH,BANDA,OUT
20221030143215,FACTORY,0043,GEORGINA,MILLINGA,OUT
20221030143246,FACTORY,0053,HERIETH,KAIMKILWA,OUT
20221030143252,FACTORY,0122,VERONICA,MZIA,OUT
20221030143258,FACTORY,0064,KHADIJA,MAKEYA,OUT
20221030143310,FACTORY,0015,ASHA,DIKUNGURUMA,OUT
20221030143353,FACTORY,0086,MWANAHAMISI,MKALIPA,OUT
20221030143630,FACTORY,0068,LAMBART,ABELI,OUT
20221030143708,FACTORY,0047,HAMZA ,SULTAN,OUT
20221030143716,FACTORY,128,YUSUPH,MTAMBO,OUT
20221030144135,FACTORY,V005,JOHN,LIMBE,OUT
20221030163708,FACTORY,0050,HASSANI,KUNGURUMA,OUT
20221030164622,FACTORY,0132,ELIWAZA,KONGA,OUT
20221030175146,FACTORY,0142,WILLIAM,USANGA,OUT
20221030181232,FACTORY,0042,GABRIEL,MBEYE,IN
20221030184046,FACTORY,0084,MRISHO,HAUYESHI,IN
20221030185931,FACTORY,0071,LEONARD,NZIGE,IN
20221030190259,FACTORY,0083,MOSES,ELIAS,OUT
20221030190506,FACTORY,0083,MOSES,ELIAS,OUT
20221030190517,FACTORY,0057,JACKSON,MDEMU,OUT
20221030190611,FACTORY,0101,RAJABU,RAJABU,OUT
20221030190713,FACTORY,0051,HASSAN,SULEIMAN,OUT
20221030190732,FACTORY,0013,ALLY,SHAWEJI,IN
20221030190838,FACTORY,0051,HASSAN,SULEIMAN,OUT
20221030214753,FACTORY,0026,DAVID,KINDOLE,OUT
