20210820061233,FACTORY,0032,EMMANUEL,MILYANGO,IN
20210820062200,FACTORY,0015,ASHA,DIKUNGURUMA,IN
20210820062624,FACTORY,0013,ALLY,SHAWEJI,OUT
20210820063653,FACTORY,0056,JACOB,BELLA,IN
20210820064239,FACTORY,0068,LAMBART,ABELI,IN
20210820064337,FACTORY,0037,FATUMA,MTILILA,IN
20210820064407,FACTORY,0060,JOYCE,MASHELI,IN
20210820064705,FACTORY,0082,MOHAMED,MSAKA,IN
20210820064711,FACTORY,0098,PATRICK,ALFRED,IN
20210820064718,FACTORY,0025,DAUDI,KIPENGELE,IN
20210820064843,FACTORY,0057,JACKSON,MDEMU,IN
20210820064852,FACTORY,0059,JOSEPH,SHENKOME,IN
20210820065126,OFFICE,0020,BENSON,BIMBONA,IN
20210820065228,OFFICE,0135,NOAH,MPANGALA,IN
20210820065406,FACTORY,0018,BAKARI,MAULID,IN
20210820065414,FACTORY,0004,ABDULKADIR,JUMA,IN
20210820065608,FACTORY,0067,KULUTHUM,LUSONZO,IN
20210820065727,FACTORY,0011,AISHA,MBONDE,IN
20210820065732,FACTORY,0030,ELIZABETH,HIZZA,IN
20210820065737,FACTORY,0119,SIKUDHANI,MOHAMED,IN
20210820065747,FACTORY,0142,WILLIAM,USANGA,IN
20210820070026,FACTORY,109,RUDOLF,TAIRO,IN
20210820070103,FACTORY,0069,LATIFA,MINTANGA,OUT
20210820070110,OFFICE,0120,THERESIA,MLAWA,OUT
20210820070116,FACTORY,0100,RAJAB,MMBAGA,IN
20210820070208,FACTORY,0086,MWANAHAMISI,MKALIPA,OUT
20210820070223,FACTORY,0042,GABRIEL,MBEYE,IN
20210820070233,FACTORY,0089,MWASHABANI,SWALEHE,OUT
20210820070239,FACTORY,0031,ELIZABETH,SIBHOT,OUT
20210820070244,FACTORY,0117,SHOMARI,SONG'E,OUT
20210820070303,FACTORY,0016,ASHURA,MWENE,OUT
20210820070310,FACTORY,103,RAMADHANI,MNGAZIJA,OUT
20210820070320,FACTORY,0110,SAAD,MGULE,OUT
20210820070356,FACTORY,0022,CHARLES,KIBAVU,OUT
20210820070421,FACTORY,108,ROSE,GRIGORY,OUT
20210820070548,FACTORY,0096,OCTAVIAN,LUCIAN,OUT
20210820070612,FACTORY,0064,KHADIJA,MAKEYA,OUT
20210820071037,FACTORY,V003,ALLY,ALLY,IN
20210820071043,FACTORY,0101,RAJABU,RAJABU,IN
20210820071051,FACTORY,0079,MIRAJI,MNGAZIJA,IN
20210820071101,FACTORY,0050,HASSANI,KUNGURUMA,IN
20210820071458,FACTORY,0115,SHABANI,KIGA,OUT
20210820071515,FACTORY,0083,MOSES,ELIAS,OUT
20210820071653,FACTORY,0084,MRISHO,HAUYESHI,OUT
20210820071659,FACTORY,0021,BETRAM,NTILLA,OUT
20210820071813,FACTORY,0014,ALLY ,CHANDE,OUT
20210820071907,OFFICE,V001,FLORA,LISANGA,IN
20210820072124,OFFICE,0134,ALFRED,CHISAWILLO,IN
20210820072354,OFFICE,0058,JANETH,SIRIWA,IN
20210820073427,OFFICE,0121,UPENDO,ZANI,IN
20210820073849,FACTORY,0045,HAIDARY,KIPUKA,IN
20210820074306,OFFICE,111,SAID,RWAMBO,IN
20210820075212,FACTORY,0133,FIZZA,NJOVU,IN
20210820075548,FACTORY,136,PETER,MALLYA,IN
20210820075602,OFFICE,0044,HADIJA,KIVINA,IN
20210820080010,OFFICE,0092,NEEMA,LUBAVA,IN
20210820080018,OFFICE,0113,SALUM,MALENDA,IN
20210820080107,OFFICE,0048,HAPPY,AKARO,IN
20210820080528,FACTORY,0132,ELIWAZA,KONGA,IN
20210820080535,OFFICE,0099,PRISCA,ALPHONCE,IN
20210820080835,FACTORY,0088,MWARAMI,KANIKI,IN
20210820081053,OFFICE,00140,MOHAMED,NYANGALIO,IN
20210820081845,OFFICE,0019,BEATRICE,MALLE,IN
20210820082911,OFFICE,0006,ABRAHAM,MCHOME,OUT
20210820083612,OFFICE,0124,VICTOR,NGUJI,IN
20210820083617,OFFICE,0124,VICTOR,NGUJI,IN
20210820083709,OFFICE,0076,ANNA, IRENGO,IN
20210820084644,OFFICE,V002,ZAITUNI,SIMBA,IN
20210820100741,FACTORY,0073,MAIMUNA,CHAMWITI,IN
20210820100844,FACTORY,0087,MWANAMVUA,JUMAA,IN
20210820104455,FACTORY,0126,WATENDE,ALLY,IN
20210820105042,FACTORY,0106,REHEMA,SIGE,IN
20210820105050,FACTORY,0072,MAGRETH,BANDA,IN
20210820105416,FACTORY,0065,HADIJA,KAWAMBWA,IN
20210820130303,FACTORY,0037,FATUMA,MTILILA,OUT
20210820135225,FACTORY,0001,ABDALLAH,ZAYUMBA,IN
20210820135427,OFFICE,0076,ANNA, IRENGO,OUT
20210820140438,FACTORY,0055,IMAMU,KIBINDO,IN
20210820142350,FACTORY,0041,FRED,MBUNDA,IN
20210820142820,FACTORY,0123,VICENT,MBUNGANI,IN
20210820142846,FACTORY,0118,SIKUDHANI,MGENI,IN
20210820142926,FACTORY,0114,SALUM,SALUM,IN
20210820142934,FACTORY,0024,DAUDI,ISMAIL,IN
20210820142949,FACTORY,0063,JUMA,HAMISI,IN
20210820143003,FACTORY,0025,DAUDI,KIPENGELE,OUT
20210820143035,FACTORY,0119,SIKUDHANI,MOHAMED,OUT
20210820143051,FACTORY,0082,MOHAMED,MSAKA,OUT
20210820143057,FACTORY,0098,PATRICK,ALFRED,OUT
20210820143211,FACTORY,0059,JOSEPH,SHENKOME,OUT
20210820143422,FACTORY,0077,MATTO,MSANGI,IN
20210820143437,FACTORY,0018,BAKARI,MAULID,OUT
20210820143601,OFFICE,0047,HAMZA ,SULTAN,IN
20210820143643,FACTORY,0056,JACOB,BELLA,OUT
20210820143756,FACTORY,0050,HASSANI,KUNGURUMA,OUT
20210820143852,FACTORY,0060,JOYCE,MASHELI,OUT
20210820143934,FACTORY,0049,HASHIM,JONGO,IN
20210820143949,FACTORY,0107,REHEMA,KIZONGO,IN
20210820144007,OFFICE,0134,ALFRED,CHISAWILLO,OUT
20210820144230,FACTORY,0125,WALTER,MAPUNDA,IN
20210820144253,FACTORY,0062,JUMA,MSHAURI,IN
20210820144329,FACTORY,0068,LAMBART,ABELI,OUT
20210820144718,FACTORY,109,RUDOLF,TAIRO,OUT
20210820144803,FACTORY,0030,ELIZABETH,HIZZA,OUT
20210820144947,FACTORY,0116,SHABANI,NGOGOMI,IN
20210820145315,OFFICE,0028,DIANA,MASIJA,IN
20210820145408,OFFICE,0092,NEEMA,LUBAVA,OUT
20210820150426,OFFICE,0121,UPENDO,ZANI,OUT
20210820155621,FACTORY,0032,EMMANUEL,MILYANGO,OUT
20210820160737,FACTORY,V003,ALLY,ALLY,OUT
20210820161341,OFFICE,0020,BENSON,BIMBONA,OUT
20210820163058,OFFICE,0124,VICTOR,NGUJI,OUT
20210820163103,OFFICE,0124,VICTOR,NGUJI,OUT
20210820165313,FACTORY,0079,MIRAJI,MNGAZIJA,OUT
20210820170215,OFFICE,111,SAID,RWAMBO,OUT
20210820170241,FACTORY,136,PETER,MALLYA,OUT
20210820170300,FACTORY,0088,MWARAMI,KANIKI,OUT
20210820170328,OFFICE,0058,JANETH,SIRIWA,OUT
20210820170422,OFFICE,0099,PRISCA,ALPHONCE,OUT
20210820170430,OFFICE,0113,SALUM,MALENDA,OUT
20210820170615,OFFICE,0048,HAPPY,AKARO,OUT
20210820170647,OFFICE,0019,BEATRICE,MALLE,OUT
20210820170822,OFFICE,V002,ZAITUNI,SIMBA,OUT
20210820171917,FACTORY,0045,HAIDARY,KIPUKA,OUT
20210820171943,OFFICE,0044,HADIJA,KIVINA,OUT
20210820172054,FACTORY,0133,FIZZA,NJOVU,OUT
20210820172104,FACTORY,0132,ELIWAZA,KONGA,OUT
20210820172115,FACTORY,0142,WILLIAM,USANGA,OUT
20210820175504,OFFICE,0006,ABRAHAM,MCHOME,OUT
20210820180417,OFFICE,V001,FLORA,LISANGA,OUT
20210820180759,OFFICE,0135,NOAH,MPANGALA,OUT
20210820190010,FACTORY,0067,KULUTHUM,LUSONZO,OUT
20210820190025,FACTORY,0015,ASHA,DIKUNGURUMA,OUT
20210820190032,FACTORY,0004,ABDULKADIR,JUMA,OUT
20210820190147,FACTORY,0011,AISHA,MBONDE,OUT
20210820190431,FACTORY,0115,SHABANI,KIGA,IN
20210820190843,FACTORY,0101,RAJABU,RAJABU,OUT
20210820190850,FACTORY,0100,RAJAB,MMBAGA,OUT
20210820191704,FACTORY,0021,BETRAM,NTILLA,IN
20210820191922,FACTORY,0013,ALLY,SHAWEJI,IN
20210820191928,FACTORY,0084,MRISHO,HAUYESHI,IN
20210820192627,FACTORY,0042,GABRIEL,MBEYE,OUT
20210820192634,FACTORY,0057,JACKSON,MDEMU,OUT
20210820194339,FACTORY,0083,MOSES,ELIAS,IN
20210820212505,OFFICE,0014,ALLY ,CHANDE,IN
20210820213502,OFFICE,0120,THERESIA,MLAWA,IN
20210820213659,FACTORY,0064,KHADIJA,MAKEYA,IN
20210820214233,FACTORY,0086,MWANAHAMISI,MKALIPA,IN
20210820215540,FACTORY,0031,ELIZABETH,SIBHOT,IN
20210820215859,FACTORY,0055,IMAMU,KIBINDO,OUT
20210820215907,FACTORY,0024,DAUDI,ISMAIL,OUT
20210820215915,FACTORY,0077,MATTO,MSANGI,OUT
20210820215927,FACTORY,0063,JUMA,HAMISI,OUT
20210820215934,FACTORY,0041,FRED,MBUNDA,OUT
20210820220002,FACTORY,0116,SHABANI,NGOGOMI,OUT
20210820220019,FACTORY,0106,REHEMA,SIGE,OUT
20210820220045,FACTORY,0126,WATENDE,ALLY,OUT
20210820220055,FACTORY,0065,HADIJA,KAWAMBWA,OUT
20210820220104,FACTORY,0087,MWANAMVUA,JUMAA,OUT
20210820220110,FACTORY,0073,MAIMUNA,CHAMWITI,OUT
20210820220118,FACTORY,0107,REHEMA,KIZONGO,OUT
20210820220124,FACTORY,0118,SIKUDHANI,MGENI,OUT
20210820220155,FACTORY,0062,JUMA,MSHAURI,OUT
20210820220202,OFFICE,0047,HAMZA ,SULTAN,OUT
20210820220300,FACTORY,108,ROSE,GRIGORY,IN
20210820220326,FACTORY,0049,HASHIM,JONGO,OUT
20210820220335,FACTORY,0089,MWASHABANI,SWALEHE,IN
20210820220342,FACTORY,0072,MAGRETH,BANDA,OUT
20210820220431,FACTORY,0114,SALUM,SALUM,OUT
20210820220636,FACTORY,0123,VICENT,MBUNGANI,OUT
20210820220649,FACTORY,0125,WALTER,MAPUNDA,OUT
20210820220658,FACTORY,0016,ASHURA,MWENE,IN
20210820221006,FACTORY,0022,CHARLES,KIBAVU,IN
20210820221135,FACTORY,0001,ABDALLAH,ZAYUMBA,OUT
20210820221520,FACTORY,103,RAMADHANI,MNGAZIJA,IN
20210820222631,FACTORY,0110,SAAD,MGULE,IN
20210820224552,FACTORY,0028,DIANA,MASIJA,OUT
20210820225018,FACTORY,0117,SHOMARI,SONG'E,IN
20210820225421,FACTORY,0069,LATIFA,MINTANGA,IN
20210821063143,FACTORY,0025,DAUDI,KIPENGELE,IN
20210821063232,OFFICE,0020,BENSON,BIMBONA,IN
20210821063849,FACTORY,0015,ASHA,DIKUNGURUMA,IN
20210821063857,FACTORY,0060,JOYCE,MASHELI,IN
20210821064112,FACTORY,0059,JOSEPH,SHENKOME,IN
20210821064227,FACTORY,0056,JACOB,BELLA,IN
20210821064405,FACTORY,0032,EMMANUEL,MILYANGO,IN
20210821064431,FACTORY,0082,MOHAMED,MSAKA,IN
20210821064702,FACTORY,0068,LAMBART,ABELI,IN
20210821064817,FACTORY,0100,RAJAB,MMBAGA,IN
20210821065217,FACTORY,0037,FATUMA,MTILILA,IN
20210821065323,FACTORY,0030,ELIZABETH,HIZZA,IN
20210821065334,FACTORY,0067,KULUTHUM,LUSONZO,IN
20210821070108,FACTORY,0050,HASSANI,KUNGURUMA,IN
20210821070116,FACTORY,0069,LATIFA,MINTANGA,OUT
20210821070131,FACTORY,0011,AISHA,MBONDE,IN
20210821070138,FACTORY,0057,JACKSON,MDEMU,IN
20210821070211,FACTORY,0016,ASHURA,MWENE,OUT
20210821070217,FACTORY,0031,ELIZABETH,SIBHOT,OUT
20210821070225,FACTORY,0089,MWASHABANI,SWALEHE,OUT
20210821070231,FACTORY,0117,SHOMARI,SONG'E,OUT
20210821070240,FACTORY,0086,MWANAHAMISI,MKALIPA,OUT
20210821070300,FACTORY,0142,WILLIAM,USANGA,IN
20210821070313,FACTORY,0022,CHARLES,KIBAVU,OUT
20210821070340,FACTORY,0064,KHADIJA,MAKEYA,OUT
20210821070358,FACTORY,108,ROSE,GRIGORY,OUT
20210821070448,FACTORY,0083,MOSES,ELIAS,OUT
20210821070455,FACTORY,0084,MRISHO,HAUYESHI,OUT
20210821070505,FACTORY,0013,ALLY,SHAWEJI,OUT
20210821070528,FACTORY,0120,THERESIA,MLAWA,OUT
20210821070553,FACTORY,0115,SHABANI,KIGA,OUT
20210821070609,OFFICE,0134,ALFRED,CHISAWILLO,IN
20210821070644,FACTORY,0110,SAAD,MGULE,OUT
20210821070750,FACTORY,0021,BETRAM,NTILLA,OUT
20210821070848,OFFICE,V003,ALLY,ALLY,IN
20210821070938,OFFICE,103,RAMADHANI,MNGAZIJA,OUT
20210821071011,FACTORY,0122,VERONICA,MZIA,IN
20210821071434,FACTORY,0042,GABRIEL,MBEYE,IN
20210821071441,OFFICE,109,RUDOLF,TAIRO,IN
20210821071516,FACTORY,0018,BAKARI,MAULID,IN
20210821071611,FACTORY,0096,OCTAVIAN,LUCIAN,OUT
20210821071755,FACTORY,0072,MAGRETH,BANDA,IN
20210821071911,FACTORY,0098,PATRICK,ALFRED,IN
20210821072111,FACTORY,0101,RAJABU,RAJABU,IN
20210821072322,OFFICE,V001,FLORA,LISANGA,IN
20210821072528,FACTORY,0119,SIKUDHANI,MOHAMED,IN
20210821072652,FACTORY,0004,ABDULKADIR,JUMA,IN
20210821073129,FACTORY,0014,ALLY ,CHANDE,OUT
20210821074036,OFFICE,0135,NOAH,MPANGALA,IN
20210821074908,FACTORY,0045,HAIDARY,KIPUKA,IN
20210821074928,OFFICE,0079,MIRAJI,MNGAZIJA,IN
20210821075507,FACTORY,136,PETER,MALLYA,IN
20210821075514,FACTORY,111,SAID,RWAMBO,IN
20210821075536,OFFICE,00140,MOHAMED,NYANGALIO,IN
20210821075557,OFFICE,0058,JANETH,SIRIWA,IN
20210821080136,FACTORY,0133,FIZZA,NJOVU,IN
20210821080140,OFFICE,0044,HADIJA,KIVINA,IN
20210821080403,OFFICE,0113,SALUM,MALENDA,IN
20210821080433,FACTORY,0132,ELIWAZA,KONGA,IN
20210821081220,FACTORY,0121,UPENDO,ZANI,IN
20210821082307,OFFICE,0099,PRISCA,ALPHONCE,IN
20210821082506,OFFICE,0019,BEATRICE,MALLE,IN
20210821083536,OFFICE,0092,NEEMA,LUBAVA,IN
20210821085348,FACTORY,0088,MWARAMI,KANIKI,OUT
20210821085403,FACTORY,0088,MWARAMI,KANIKI,IN
20210821090215,OFFICE,V002,ZAITUNI,SIMBA,IN
20210821090747,OFFICE,0006,ABRAHAM,MCHOME,IN
20210821093349,OFFICE,0124,VICTOR,NGUJI,IN
20210821093354,OFFICE,0124,VICTOR,NGUJI,IN
20210821093630,FACTORY,0087,MWANAMVUA,JUMAA,IN
20210821103821,FACTORY,0106,REHEMA,SIGE,IN
20210821104457,FACTORY,0073,MAIMUNA,CHAMWITI,IN
20210821105451,FACTORY,0126,WATENDE,ALLY,IN
20210821110751,FACTORY,0098,PATRICK,ALFRED,OUT
20210821110934,FACTORY,0065,HADIJA,KAWAMBWA,IN
20210821124153,OFFICE,0142,WILLIAM,USANGA,OUT
20210821124822,OFFICE,0020,BENSON,BIMBONA,OUT
20210821125911,FACTORY,V003,ALLY,ALLY,OUT
20210821130003,FACTORY,0088,MWARAMI,KANIKI,OUT
20210821130012,OFFICE,00140,MOHAMED,NYANGALIO,OUT
20210821130022,OFFICE,0113,SALUM,MALENDA,OUT
20210821130052,OFFICE,0124,VICTOR,NGUJI,OUT
20210821130206,FACTORY,136,PETER,MALLYA,OUT
20210821130259,FACTORY,0037,FATUMA,MTILILA,OUT
20210821130349,OFFICE,0044,HADIJA,KIVINA,OUT
20210821130558,OFFICE,0019,BEATRICE,MALLE,OUT
20210821130607,OFFICE,0092,NEEMA,LUBAVA,OUT
20210821130710,OFFICE,0099,PRISCA,ALPHONCE,OUT
20210821130742,OFFICE,0058,JANETH,SIRIWA,OUT
20210821131546,OFFICE,111,SAID,RWAMBO,OUT
20210821131645,OFFICE,V002,ZAITUNI,SIMBA,OUT
20210821132129,OFFICE,0079,MIRAJI,MNGAZIJA,OUT
20210821132228,OFFICE,0048,HAPPY,AKARO,OUT
20210821133425,OFFICE,V001,FLORA,LISANGA,OUT
20210821141235,FACTORY,0001,ABDALLAH,ZAYUMBA,IN
20210821142505,FACTORY,0114,SALUM,SALUM,IN
20210821142542,FACTORY,0041,FRED,MBUNDA,IN
20210821142740,FACTORY,0055,IMAMU,KIBINDO,IN
20210821142821,OFFICE,0125,WALTER,MAPUNDA,IN
20210821143005,FACTORY,0059,JOSEPH,SHENKOME,OUT
20210821143015,FACTORY,0119,SIKUDHANI,MOHAMED,OUT
20210821143035,FACTORY,0077,MATTO,MSANGI,IN
20210821143113,FACTORY,0025,DAUDI,KIPENGELE,OUT
20210821143150,FACTORY,0056,JACOB,BELLA,OUT
20210821143203,FACTORY,0060,JOYCE,MASHELI,OUT
20210821143311,OFFICE,0047,HAMZA ,SULTAN,IN
20210821143459,FACTORY,0123,VICENT,MBUNGANI,IN
20210821143514,FACTORY,0063,JUMA,HAMISI,IN
20210821143620,FACTORY,0018,BAKARI,MAULID,OUT
20210821143638,FACTORY,0011,AISHA,MBONDE,OUT
20210821143801,OFFICE,0028,DIANA,MASIJA,IN
20210821144058,FACTORY,0024,DAUDI,ISMAIL,IN
20210821144104,FACTORY,0116,SHABANI,NGOGOMI,IN
20210821144149,FACTORY,0030,ELIZABETH,HIZZA,OUT
20210821144305,FACTORY,0068,LAMBART,ABELI,OUT
20210821144518,FACTORY,0082,MOHAMED,MSAKA,OUT
20210821144538,FACTORY,0049,HASHIM,JONGO,IN
20210821144952,OFFICE,0134,ALFRED,CHISAWILLO,OUT
20210821145124,FACTORY,0062,JUMA,MSHAURI,IN
20210821145417,OFFICE,0118,SIKUDHANI,MGENI,IN
20210821145824,FACTORY,0032,EMMANUEL,MILYANGO,OUT
20210821145827,OFFICE,109,RUDOLF,TAIRO,OUT
20210821145950,OFFICE,0067,KULUTHUM,LUSONZO,OUT
20210821150759,FACTORY,0045,HAIDARY,KIPUKA,OUT
20210821150936,FACTORY,0072,MAGRETH,BANDA,OUT
20210821151215,FACTORY,0107,REHEMA,KIZONGO,IN
20210821155042,FACTORY,0050,HASSANI,KUNGURUMA,OUT
20210821163336,FACTORY,0133,FIZZA,NJOVU,OUT
20210821163932,FACTORY,0132,ELIWAZA,KONGA,OUT
20210821184013,OFFICE,0083,MOSES,ELIAS,IN
20210821185551,FACTORY,0084,MRISHO,HAUYESHI,IN
20210821190244,FACTORY,0122,VERONICA,MZIA,OUT
20210821190304,FACTORY,0004,ABDULKADIR,JUMA,OUT
20210821190450,FACTORY,0057,JACKSON,MDEMU,OUT
20210821190515,FACTORY,0042,GABRIEL,MBEYE,OUT
20210821190629,FACTORY,0115,SHABANI,KIGA,IN
20210821190940,FACTORY,0015,ASHA,DIKUNGURUMA,OUT
20210821191427,FACTORY,0100,RAJAB,MMBAGA,OUT
20210821192020,FACTORY,0021,BETRAM,NTILLA,IN
20210821205428,FACTORY,0013,ALLY,SHAWEJI,IN
20210821210019,FACTORY,0101,RAJABU,RAJABU,OUT
20210821210134,OFFICE,0047,HAMZA ,SULTAN,OUT
20210821213025,FACTORY,0041,FRED,MBUNDA,OUT
20210821213256,OFFICE,0120,THERESIA,MLAWA,IN
20210821214118,OFFICE,0016,ASHURA,MWENE,IN
20210821215347,OFFICE,0096,OCTAVIAN,LUCIAN,IN
20210821215505,FACTORY,0055,IMAMU,KIBINDO,OUT
20210821215952,FACTORY,0116,SHABANI,NGOGOMI,OUT
20210821220002,FACTORY,0073,MAIMUNA,CHAMWITI,OUT
20210821220012,FACTORY,0065,HADIJA,KAWAMBWA,OUT
20210821220022,FACTORY,0106,REHEMA,SIGE,OUT
20210821220026,FACTORY,0114,SALUM,SALUM,OUT
20210821220036,FACTORY,0107,REHEMA,KIZONGO,OUT
20210821220041,FACTORY,0077,MATTO,MSANGI,OUT
20210821220046,FACTORY,0024,DAUDI,ISMAIL,OUT
20210821220109,FACTORY,0087,MWANAMVUA,JUMAA,OUT
20210821220114,FACTORY,0123,VICENT,MBUNGANI,OUT
20210821220120,FACTORY,0125,WALTER,MAPUNDA,OUT
20210821220129,FACTORY,0126,WATENDE,ALLY,OUT
20210821220134,FACTORY,0118,SIKUDHANI,MGENI,OUT
20210821220139,FACTORY,0063,JUMA,HAMISI,OUT
20210821220148,FACTORY,0001,ABDALLAH,ZAYUMBA,OUT
20210821220357,FACTORY,0049,HASHIM,JONGO,OUT
20210821220521,FACTORY,0031,ELIZABETH,SIBHOT,IN
20210821220750,OFFICE,0135,NOAH,MPANGALA,OUT
20210821220828,FACTORY,0086,MWANAHAMISI,MKALIPA,IN
20210821220911,OFFICE,0006,ABRAHAM,MCHOME,OUT
20210821222404,FACTORY,0069,LATIFA,MINTANGA,IN
20210821222412,FACTORY,108,ROSE,GRIGORY,IN
20210821222427,FACTORY,0022,CHARLES,KIBAVU,IN
20210821222757,FACTORY,0064,KHADIJA,MAKEYA,IN
20210821223117,FACTORY,103,RAMADHANI,MNGAZIJA,IN
20210821223156,FACTORY,0014,ALLY ,CHANDE,IN
20210821223531,FACTORY,0110,SAAD,MGULE,IN
20210821223609,FACTORY,0117,SHOMARI,SONG'E,IN
20210821224122,FACTORY,0028,DIANA,MASIJA,OUT
20210822060226,FACTORY,0015,ASHA,DIKUNGURUMA,IN
20210822064146,FACTORY,0082,MOHAMED,MSAKA,IN
20210822064416,FACTORY,0087,MWANAMVUA,JUMAA,IN
20210822064905,FACTORY,0126,WATENDE,ALLY,IN
20210822065103,FACTORY,0041,FRED,MBUNDA,IN
20210822065529,FACTORY,0011,AISHA,MBONDE,IN
20210822065557,FACTORY,0025,DAUDI,KIPENGELE,IN
20210822065702,FACTORY,0122,VERONICA,MZIA,IN
20210822065719,FACTORY,0059,JOSEPH,SHENKOME,IN
20210822065737,FACTORY,0067,KULUTHUM,LUSONZO,IN
20210822065943,FACTORY,0023,CLINTON,MKUDE,IN
20210822065951,FACTORY,0071,LEONARD,NZIGE,IN
20210822070155,FACTORY,0069,LATIFA,MINTANGA,OUT
20210822070223,FACTORY,0022,CHARLES,KIBAVU,OUT
20210822070235,FACTORY,0089,MWASHABANI,SWALEHE,OUT
20210822070249,FACTORY,0106,REHEMA,SIGE,IN
20210822070255,FACTORY,108,ROSE,GRIGORY,OUT
20210822070326,FACTORY,0031,ELIZABETH,SIBHOT,OUT
20210822070333,FACTORY,0064,KHADIJA,MAKEYA,OUT
20210822070341,FACTORY,0016,ASHURA,MWENE,OUT
20210822070357,FACTORY,0083,MOSES,ELIAS,OUT
20210822070413,FACTORY,0068,LAMBART,ABELI,IN
20210822070445,FACTORY,103,RAMADHANI,MNGAZIJA,OUT
20210822070450,FACTORY,0117,SHOMARI,SONG'E,OUT
20210822070512,FACTORY,0083,MOSES,ELIAS,OUT
20210822070519,FACTORY,0084,MRISHO,HAUYESHI,OUT
20210822070524,FACTORY,0013,ALLY,SHAWEJI,OUT
20210822070531,FACTORY,0115,SHABANI,KIGA,OUT
20210822070601,FACTORY,0120,THERESIA,MLAWA,OUT
20210822070632,FACTORY,0110,SAAD,MGULE,OUT
20210822070646,FACTORY,0086,MWANAHAMISI,MKALIPA,OUT
20210822070912,FACTORY,0026,DAVID,KINDOLE,IN
20210822071421,FACTORY,0096,OCTAVIAN,LUCIAN,OUT
20210822071713,FACTORY,0050,HASSANI,KUNGURUMA,IN
20210822071823,FACTORY,V003,ALLY,ALLY,OUT
20210822071838,FACTORY,0118,SIKUDHANI,MGENI,IN
20210822071925,FACTORY,0014,ALLY ,CHANDE,OUT
20210822072007,FACTORY,0029,DUNIA,BOGOZO,IN
20210822072025,FACTORY,0051,HASSAN,SULEIMAN,IN
20210822072047,FACTORY,0065,HADIJA,KAWAMBWA,IN
20210822072213,FACTORY,0088,MWARAMI,KANIKI,IN
20210822072239,FACTORY,0073,MAIMUNA,CHAMWITI,IN
20210822072318,FACTORY,0021,BETRAM,NTILLA,OUT
20210822072651,FACTORY,0072,MAGRETH,BANDA,IN
20210822081454,FACTORY,0133,FIZZA,NJOVU,IN
20210822091749,FACTORY,0001,ABDALLAH,ZAYUMBA,IN
20210822105059,OFFICE,0134,ALFRED,CHISAWILLO,IN
20210822142947,FACTORY,0067,KULUTHUM,LUSONZO,IN
20210822142953,FACTORY,0030,ELIZABETH,HIZZA,OUT
20210822143002,FACTORY,0067,KULUTHUM,LUSONZO,OUT
20210822143007,FACTORY,0041,FRED,MBUNDA,OUT
20210822143013,FACTORY,0025,DAUDI,KIPENGELE,OUT
20210822143017,FACTORY,0118,SIKUDHANI,MGENI,OUT
20210822143023,FACTORY,0119,SIKUDHANI,MOHAMED,OUT
20210822143030,FACTORY,0073,MAIMUNA,CHAMWITI,OUT
20210822143034,FACTORY,0082,MOHAMED,MSAKA,OUT
20210822143042,FACTORY,0015,ASHA,DIKUNGURUMA,OUT
20210822143049,FACTORY,0106,REHEMA,SIGE,OUT
20210822143056,FACTORY,0072,MAGRETH,BANDA,OUT
20210822143102,FACTORY,0059,JOSEPH,SHENKOME,OUT
20210822143338,FACTORY,0001,ABDALLAH,ZAYUMBA,OUT
20210822143346,FACTORY,0001,ABDALLAH,ZAYUMBA,OUT
20210822144140,FACTORY,0065,HADIJA,KAWAMBWA,OUT
20210822144528,FACTORY,0142,WILLIAM,USANGA,IN
20210822145131,FACTORY,0068,LAMBART,ABELI,OUT
20210822152952,OFFICE,0133,FIZZA,NJOVU,OUT
20210822164302,FACTORY,0050,HASSANI,KUNGURUMA,OUT
20210822172734,OFFICE,0134,ALFRED,CHISAWILLO,OUT
20210822183139,FACTORY,0003,ABDUL,KAPERA,IN
20210822183147,FACTORY,0081,MOHAMED,MOLLI,IN
20210822183320,FACTORY,0054,IBRAHIM,BABONYE,IN
20210822190005,FACTORY,0011,AISHA,MBONDE,OUT
20210822190025,FACTORY,0087,MWANAMVUA,JUMAA,OUT
20210822190037,FACTORY,0126,WATENDE,ALLY,OUT
20210822190044,FACTORY,0122,VERONICA,MZIA,OUT
20210822190051,FACTORY,0051,HASSAN,SULEIMAN,OUT
20210822190056,FACTORY,0088,MWARAMI,KANIKI,OUT
20210822190111,FACTORY,0071,LEONARD,NZIGE,OUT
20210822190403,FACTORY,0004,ABDULKADIR,JUMA,IN
20210822190527,FACTORY,0026,DAVID,KINDOLE,OUT
20210822190547,FACTORY,0023,CLINTON,MKUDE,OUT
20210822190554,FACTORY,0029,DUNIA,BOGOZO,OUT
20210822192112,FACTORY,0034,ERICK,TIBALILA,IN
20210822193018,FACTORY,0066,KITAMBALA,KITAMBALA,IN
20210822220717,FACTORY,0142,WILLIAM,USANGA,OUT
20210823061251,FACTORY,0096,OCTAVIAN,LUCIAN,IN
20210823063353,FACTORY,0120,THERESIA,MLAWA,IN
20210823063423,FACTORY,0032,EMMANUEL,MILYANGO,IN
20210823063814,OFFICE,0020,BENSON,BIMBONA,IN
20210823064453,FACTORY,0022,CHARLES,KIBAVU,IN
20210823065055,FACTORY,0037,FATUMA,MTILILA,IN
20210823065120,FACTORY,0055,IMAMU,KIBINDO,IN
20210823065230,FACTORY,0117,SHOMARI,SONG'E,IN
20210823065246,FACTORY,0065,HADIJA,KAWAMBWA,IN
20210823065405,FACTORY,0114,SALUM,SALUM,IN
20210823065511,FACTORY,0112,SALUM,LIKONJOGO,IN
20210823065710,FACTORY,0062,JUMA,MSHAURI,IN
20210823065715,FACTORY,0023,CLINTON,MKUDE,IN
20210823065726,FACTORY,0031,ELIZABETH,SIBHOT,IN
20210823065802,FACTORY,0090,MWAZANI,MKINDE,IN
20210823065907,FACTORY,0086,MWANAHAMISI,MKALIPA,IN
20210823070009,FACTORY,0064,KHADIJA,MAKEYA,IN
20210823070039,OFFICE,0135,NOAH,MPANGALA,IN
20210823070047,FACTORY,0051,HASSAN,SULEIMAN,IN
20210823070056,FACTORY,0073,MAIMUNA,CHAMWITI,IN
20210823070225,OFFICE,0047,HAMZA ,SULTAN,IN
20210823070433,FACTORY,0077,MATTO,MSANGI,IN
20210823070702,OFFICE,0142,WILLIAM,USANGA,IN
20210823070744,FACTORY,0004,ABDULKADIR,JUMA,OUT
20210823071053,FACTORY,108,ROSE,GRIGORY,IN
20210823071146,FACTORY,0054,IBRAHIM,BABONYE,OUT
20210823071155,FACTORY,0079,MIRAJI,MNGAZIJA,IN
20210823071214,FACTORY,0071,LEONARD,NZIGE,IN
20210823071609,FACTORY,0081,MOHAMED,MOLLI,OUT
20210823071643,FACTORY,0026,DAVID,KINDOLE,IN
20210823071702,FACTORY,0110,SAAD,MGULE,IN
20210823072031,FACTORY,0066,KITAMBALA,KITAMBALA,OUT
20210823072146,OFFICE,V001,FLORA,LISANGA,IN
20210823072614,OFFICE,V003,ALLY,ALLY,IN
20210823072640,FACTORY,0034,ERICK,TIBALILA,OUT
20210823072648,FACTORY,0034,ERICK,TIBALILA,OUT
20210823072752,FACTORY,0014,ALLY ,CHANDE,IN
20210823073043,FACTORY,0050,HASSANI,KUNGURUMA,IN
20210823073406,FACTORY,0132,ELIWAZA,KONGA,IN
20210823073459,OFFICE,0044,HADIJA,KIVINA,IN
20210823073516,OFFICE,0058,JANETH,SIRIWA,IN
20210823074033,OFFICE,0133,FIZZA,NJOVU,IN
20210823074331,FACTORY,0029,DUNIA,BOGOZO,IN
20210823074431,OFFICE,0130,SUDI,UKONDWA,IN
20210823074525,FACTORY,0045,HAIDARY,KIPUKA,IN
20210823074856,OFFICE,0092,NEEMA,LUBAVA,IN
20210823075347,OFFICE,0113,SALUM,MALENDA,IN
20210823075551,FACTORY,111,SAID,RWAMBO,IN
20210823080129,OFFICE,0019,BEATRICE,MALLE,IN
20210823080140,FACTORY,0088,MWARAMI,KANIKI,IN
20210823080406,OFFICE,0099,PRISCA,ALPHONCE,IN
20210823080604,FACTORY,136,PETER,MALLYA,IN
20210823080649,OFFICE,00140,MOHAMED,NYANGALIO,IN
20210823083329,OFFICE,0076,ANNA, IRENGO,IN
20210823084249,OFFICE,0124,VICTOR,NGUJI,IN
20210823085206,OFFICE,V002,ZAITUNI,SIMBA,IN
20210823085603,FACTORY,0068,LAMBART,ABELI,IN
20210823095754,FACTORY,0087,MWANAMVUA,JUMAA,IN
20210823095951,FACTORY,0011,AISHA,MBONDE,IN
20210823104405,FACTORY,0069,LATIFA,MINTANGA,IN
20210823104540,FACTORY,0069,LATIFA,MINTANGA,IN
20210823130054,FACTORY,0037,FATUMA,MTILILA,OUT
20210823132617,OFFICE,0076,ANNA, IRENGO,OUT
20210823141100,FACTORY,0080,MIRAJI,JANGALU,IN
20210823141254,FACTORY,0016,ASHURA,MWENE,IN
20210823141315,FACTORY,0116,SHABANI,NGOGOMI,IN
20210823142243,FACTORY,0015,ASHA,DIKUNGURUMA,IN
20210823142431,OFFICE,0121,UPENDO,ZANI,IN
20210823142537,FACTORY,0082,MOHAMED,MSAKA,IN
20210823142750,FACTORY,0041,FRED,MBUNDA,IN
20210823142828,FACTORY,0060,JOYCE,MASHELI,IN
20210823142835,FACTORY,0059,JOSEPH,SHENKOME,IN
20210823142850,FACTORY,0063,JUMA,HAMISI,IN
20210823143022,FACTORY,0114,SALUM,SALUM,OUT
20210823143030,FACTORY,0062,JUMA,MSHAURI,OUT
20210823143043,FACTORY,0030,ELIZABETH,HIZZA,IN
20210823143049,FACTORY,0055,IMAMU,KIBINDO,OUT
20210823143057,FACTORY,108,ROSE,GRIGORY,OUT
20210823143204,FACTORY,0024,DAUDI,ISMAIL,IN
20210823143217,FACTORY,0077,MATTO,MSANGI,OUT
20210823143244,FACTORY,0022,CHARLES,KIBAVU,OUT
20210823143350,FACTORY,0090,MWAZANI,MKINDE,OUT
20210823143358,FACTORY,0117,SHOMARI,SONG'E,OUT
20210823143411,FACTORY,0129,ZAINABU,RIVAVODI,OUT
20210823143434,FACTORY,0107,REHEMA,KIZONGO,IN
20210823143441,FACTORY,0110,SAAD,MGULE,OUT
20210823143456,FACTORY,0031,ELIZABETH,SIBHOT,OUT
20210823143704,FACTORY,0018,BAKARI,MAULID,IN
20210823143822,FACTORY,103,RAMADHANI,MNGAZIJA,IN
20210823143916,OFFICE,0134,ALFRED,CHISAWILLO,IN
20210823144359,FACTORY,0120,THERESIA,MLAWA,OUT
20210823144737,FACTORY,0112,SALUM,LIKONJOGO,OUT
20210823144840,FACTORY,109,RUDOLF,TAIRO,IN
20210823144917,FACTORY,0096,OCTAVIAN,LUCIAN,OUT
20210823145314,FACTORY,0050,HASSANI,KUNGURUMA,OUT
20210823145808,OFFICE,0092,NEEMA,LUBAVA,OUT
20210823150007,FACTORY,0014,ALLY ,CHANDE,OUT
20210823150352,OFFICE,0047,HAMZA ,SULTAN,OUT
20210823160445,OFFICE,0020,BENSON,BIMBONA,OUT
20210823160458,OFFICE,0142,WILLIAM,USANGA,OUT
20210823160634,FACTORY,0032,EMMANUEL,MILYANGO,OUT
20210823161922,FACTORY,V003,ALLY,ALLY,OUT
20210823165419,OFFICE,0124,VICTOR,NGUJI,OUT
20210823165424,OFFICE,0124,VICTOR,NGUJI,OUT
20210823170005,FACTORY,0088,MWARAMI,KANIKI,OUT
20210823170008,OFFICE,00140,MOHAMED,NYANGALIO,OUT
20210823170151,FACTORY,136,PETER,MALLYA,OUT
20210823170239,OFFICE,0044,HADIJA,KIVINA,OUT
20210823170256,OFFICE,0113,SALUM,MALENDA,OUT
20210823170902,OFFICE,0019,BEATRICE,MALLE,OUT
20210823170921,OFFICE,V002,ZAITUNI,SIMBA,OUT
20210823171126,OFFICE,0058,JANETH,SIRIWA,OUT
20210823171208,OFFICE,0099,PRISCA,ALPHONCE,OUT
20210823171238,OFFICE,0079,MIRAJI,MNGAZIJA,OUT
20210823171440,FACTORY,0045,HAIDARY,KIPUKA,OUT
20210823171511,OFFICE,0135,NOAH,MPANGALA,OUT
20210823171559,OFFICE,111,SAID,RWAMBO,OUT
20210823172000,FACTORY,0024,DAUDI,ISMAIL,IN
20210823174118,OFFICE,V001,FLORA,LISANGA,OUT
20210823182703,FACTORY,0133,FIZZA,NJOVU,OUT
20210823183202,OFFICE,0132,ELIWAZA,KONGA,OUT
20210823184656,FACTORY,0003,ABDUL,KAPERA,IN
20210823184924,OFFICE,0004,ABDULKADIR,JUMA,IN
20210823190015,FACTORY,0064,KHADIJA,MAKEYA,OUT
20210823190126,FACTORY,0073,MAIMUNA,CHAMWITI,OUT
20210823190244,OFFICE,0065,HADIJA,KAWAMBWA,OUT
20210823190512,FACTORY,0054,IBRAHIM,BABONYE,IN
20210823190529,FACTORY,0086,MWANAHAMISI,MKALIPA,OUT
20210823190755,FACTORY,0051,HASSAN,SULEIMAN,OUT
20210823190801,FACTORY,0034,ERICK,TIBALILA,IN
20210823190917,FACTORY,0029,DUNIA,BOGOZO,OUT
20210823191221,FACTORY,0071,LEONARD,NZIGE,OUT
20210823191321,FACTORY,0023,CLINTON,MKUDE,OUT
20210823191641,FACTORY,0026,DAVID,KINDOLE,OUT
20210823192707,OFFICE,0066,KITAMBALA,KITAMBALA,IN
20210823193620,OFFICE,0130,SUDI,UKONDWA,OUT
20210823205818,FACTORY,0080,MIRAJI,JANGALU,OUT
20210823211538,FACTORY,0001,ABDALLAH,ZAYUMBA,IN
20210823213348,FACTORY,0119,SIKUDHANI,MOHAMED,IN
20210823214803,FACTORY,0125,WALTER,MAPUNDA,IN
20210823214835,FACTORY,0106,REHEMA,SIGE,IN
20210823215120,FACTORY,0025,DAUDI,KIPENGELE,IN
20210823215823,FACTORY,0122,VERONICA,MZIA,IN
20210823215830,FACTORY,0024,DAUDI,ISMAIL,OUT
20210823220012,FACTORY,0116,SHABANI,NGOGOMI,OUT
20210823220024,FACTORY,0016,ASHURA,MWENE,OUT
20210823220037,FACTORY,0015,ASHA,DIKUNGURUMA,OUT
20210823220043,FACTORY,103,RAMADHANI,MNGAZIJA,OUT
20210823220100,FACTORY,0056,JACOB,BELLA,IN
20210823220115,FACTORY,0107,REHEMA,KIZONGO,OUT
20210823220148,FACTORY,0087,MWANAMVUA,JUMAA,OUT
20210823220220,FACTORY,0082,MOHAMED,MSAKA,OUT
20210823220227,FACTORY,0018,BAKARI,MAULID,OUT
20210823220231,FACTORY,0030,ELIZABETH,HIZZA,OUT
20210823220238,FACTORY,0041,FRED,MBUNDA,OUT
20210823220245,FACTORY,0059,JOSEPH,SHENKOME,OUT
20210823220310,FACTORY,0067,KULUTHUM,LUSONZO,IN
20210823220341,FACTORY,0028,DIANA,MASIJA,IN
20210823220348,FACTORY,0063,JUMA,HAMISI,OUT
20210823220354,FACTORY,0011,AISHA,MBONDE,OUT
20210823220359,FACTORY,109,RUDOLF,TAIRO,OUT
20210823220407,FACTORY,0069,LATIFA,MINTANGA,OUT
20210823220555,FACTORY,0123,VICENT,MBUNGANI,IN
20210823220612,FACTORY,0126,WATENDE,ALLY,IN
20210823220736,FACTORY,0060,JOYCE,MASHELI,OUT
20210823220905,FACTORY,0049,HASHIM,JONGO,IN
20210823221232,FACTORY,0118,SIKUDHANI,MGENI,IN
20210823221347,OFFICE,0134,ALFRED,CHISAWILLO,OUT
20210823221710,FACTORY,0121,UPENDO,ZANI,OUT
20210823222030,FACTORY,0068,LAMBART,ABELI,OUT
20210823222623,FACTORY,0005,ABDULLATIF,KAWAMBWA,IN
20210824044737,FACTORY,0001,ABDALLAH,ZAYUMBA,OUT
20210824045925,FACTORY,0005,ABDULLATIF,KAWAMBWA,OUT
20210824063455,OFFICE,0020,BENSON,BIMBONA,IN
20210824063625,FACTORY,0064,KHADIJA,MAKEYA,IN
20210824063815,FACTORY,0120,THERESIA,MLAWA,IN
20210824064136,FACTORY,0046,HAMNE,MAHANYU,IN
20210824065201,FACTORY,0129,ZAINABU,RIVAVODI,IN
20210824065353,OFFICE,0135,NOAH,MPANGALA,IN
20210824065617,FACTORY,0032,EMMANUEL,MILYANGO,IN
20210824065654,FACTORY,0037,FATUMA,MTILILA,IN
20210824065702,FACTORY,0051,HASSAN,SULEIMAN,IN
20210824065855,FACTORY,0142,WILLIAM,USANGA,IN
20210824065914,FACTORY,0073,MAIMUNA,CHAMWITI,IN
20210824070005,FACTORY,0056,JACOB,BELLA,OUT
20210824070011,FACTORY,0071,LEONARD,NZIGE,IN
20210824070017,FACTORY,0025,DAUDI,KIPENGELE,OUT
20210824070024,FACTORY,0023,CLINTON,MKUDE,IN
20210824070030,FACTORY,0119,SIKUDHANI,MOHAMED,OUT
20210824070036,FACTORY,0067,KULUTHUM,LUSONZO,OUT
20210824070046,FACTORY,0114,SALUM,SALUM,IN
20210824070101,FACTORY,0022,CHARLES,KIBAVU,IN
20210824070118,FACTORY,0112,SALUM,LIKONJOGO,IN
20210824070124,FACTORY,0031,ELIZABETH,SIBHOT,IN
20210824070151,OFFICE,0047,HAMZA ,SULTAN,IN
20210824070205,FACTORY,0049,HASHIM,JONGO,OUT
20210824070216,FACTORY,0106,REHEMA,SIGE,OUT
20210824070302,FACTORY,0118,SIKUDHANI,MGENI,OUT
20210824070335,FACTORY,108,ROSE,GRIGORY,IN
20210824070343,FACTORY,0055,IMAMU,KIBINDO,IN
20210824070350,FACTORY,0029,DUNIA,BOGOZO,IN
20210824070359,FACTORY,0080,MIRAJI,JANGALU,IN
20210824070430,FACTORY,0065,HADIJA,KAWAMBWA,IN
20210824070448,FACTORY,0126,WATENDE,ALLY,OUT
20210824070506,FACTORY,0122,VERONICA,MZIA,OUT
20210824070544,FACTORY,0054,IBRAHIM,BABONYE,OUT
20210824070827,FACTORY,0026,DAVID,KINDOLE,IN
20210824070832,FACTORY,0062,JUMA,MSHAURI,IN
20210824070854,FACTORY,0050,HASSANI,KUNGURUMA,IN
20210824070859,FACTORY,0086,MWANAHAMISI,MKALIPA,IN
20210824071006,FACTORY,0096,OCTAVIAN,LUCIAN,IN
20210824071250,FACTORY,0077,MATTO,MSANGI,IN
20210824071543,FACTORY,0117,SHOMARI,SONG'E,IN
20210824071911,FACTORY,0034,ERICK,TIBALILA,OUT
20210824071918,FACTORY,0066,KITAMBALA,KITAMBALA,OUT
20210824071953,OFFICE,0004,ABDULKADIR,JUMA,OUT
20210824071959,OFFICE,V003,ALLY,ALLY,IN
20210824072454,FACTORY,0003,ABDUL,KAPERA,OUT
20210824072720,FACTORY,0014,ALLY ,CHANDE,IN
20210824072955,OFFICE,V001,FLORA,LISANGA,IN
20210824073215,OFFICE,0044,HADIJA,KIVINA,IN
20210824073307,FACTORY,0125,WALTER,MAPUNDA,OUT
20210824073316,FACTORY,0123,VICENT,MBUNGANI,OUT
20210824073333,OFFICE,0092,NEEMA,LUBAVA,IN
20210824073414,OFFICE,0058,JANETH,SIRIWA,IN
20210824073559,OFFICE,0028,DIANA,MASIJA,OUT
20210824075054,FACTORY,0133,FIZZA,NJOVU,IN
20210824075223,FACTORY,0045,HAIDARY,KIPUKA,IN
20210824075316,OFFICE,0048,HAPPY,AKARO,IN
20210824075605,OFFICE,,PATRICK,ODAWA,IN
20210824075936,FACTORY,0079,MIRAJI,MNGAZIJA,IN
20210824080144,OFFICE,0019,BEATRICE,MALLE,IN
20210824080212,OFFICE,00140,MOHAMED,NYANGALIO,IN
20210824080547,OFFICE,0099,PRISCA,ALPHONCE,IN
20210824080559,FACTORY,136,PETER,MALLYA,IN
20210824080632,FACTORY,0088,MWARAMI,KANIKI,IN
20210824081010,FACTORY,111,SAID,RWAMBO,IN
20210824081108,FACTORY,0132,ELIWAZA,KONGA,IN
20210824081523,OFFICE,0124,VICTOR,NGUJI,IN
20210824081528,OFFICE,0124,VICTOR,NGUJI,IN
20210824082232,OFFICE,0130,SUDI,UKONDWA,IN
20210824083018,OFFICE,V002,ZAITUNI,SIMBA,IN
20210824095529,FACTORY,0087,MWANAMVUA,JUMAA,IN
20210824101829,FACTORY,0011,AISHA,MBONDE,IN
20210824103944,FACTORY,0015,ASHA,DIKUNGURUMA,OUT
20210824104502,FACTORY,0069,LATIFA,MINTANGA,IN
20210824130358,FACTORY,0037,FATUMA,MTILILA,OUT
20210824140734,FACTORY,0068,LAMBART,ABELI,IN
20210824141659,FACTORY,0016,ASHURA,MWENE,IN
20210824141708,FACTORY,0059,JOSEPH,SHENKOME,IN
20210824142318,FACTORY,0060,JOYCE,MASHELI,IN
20210824142441,FACTORY,0041,FRED,MBUNDA,IN
20210824142659,FACTORY,0030,ELIZABETH,HIZZA,IN
20210824142903,OFFICE,0121,UPENDO,ZANI,IN
20210824143019,FACTORY,0063,JUMA,HAMISI,IN
20210824143248,FACTORY,0031,ELIZABETH,SIBHOT,OUT
20210824143256,FACTORY,108,ROSE,GRIGORY,OUT
20210824143302,FACTORY,0062,JUMA,MSHAURI,OUT
20210824143325,FACTORY,0080,MIRAJI,JANGALU,OUT
20210824143415,FACTORY,109,RUDOLF,TAIRO,IN
20210824143420,FACTORY,0082,MOHAMED,MSAKA,IN
20210824143430,FACTORY,0055,IMAMU,KIBINDO,OUT
20210824143513,OFFICE,0134,ALFRED,CHISAWILLO,IN
20210824143529,FACTORY,0120,THERESIA,MLAWA,OUT
20210824143556,FACTORY,0112,SALUM,LIKONJOGO,OUT
20210824143602,FACTORY,0077,MATTO,MSANGI,OUT
20210824143623,FACTORY,0022,CHARLES,KIBAVU,OUT
20210824143629,FACTORY,0117,SHOMARI,SONG'E,OUT
20210824143702,FACTORY,0050,HASSANI,KUNGURUMA,OUT
20210824143745,FACTORY,0096,OCTAVIAN,LUCIAN,OUT
20210824143751,FACTORY,0018,BAKARI,MAULID,IN
20210824144203,FACTORY,0107,REHEMA,KIZONGO,IN
20210824144647,FACTORY,0014,ALLY ,CHANDE,OUT
20210824144847,FACTORY,0114,SALUM,SALUM,OUT
20210824145201,OFFICE,0047,HAMZA ,SULTAN,OUT
20210824145450,FACTORY,103,RAMADHANI,MNGAZIJA,IN
20210824145527,FACTORY,0116,SHABANI,NGOGOMI,IN
20210824151209,FACTORY,0129,ZAINABU,RIVAVODI,OUT
20210824151558,OFFICE,0092,NEEMA,LUBAVA,OUT
20210824160105,FACTORY,0032,EMMANUEL,MILYANGO,OUT
20210824160508,OFFICE,0142,WILLIAM,USANGA,OUT
20210824161833,OFFICE,0020,BENSON,BIMBONA,OUT
20210824165244,OFFICE,0058,JANETH,SIRIWA,OUT
20210824165248,FACTORY,0079,MIRAJI,MNGAZIJA,OUT
20210824165922,FACTORY,136,PETER,MALLYA,OUT
20210824170005,FACTORY,0088,MWARAMI,KANIKI,OUT
20210824170130,OFFICE,0044,HADIJA,KIVINA,OUT
20210824170432,OFFICE,0130,SUDI,UKONDWA,OUT
20210824170445,OFFICE,V001,FLORA,LISANGA,OUT
20210824170721,OFFICE,0099,PRISCA,ALPHONCE,OUT
20210824170813,OFFICE,0113,SALUM,MALENDA,OUT
20210824171413,OFFICE,V002,ZAITUNI,SIMBA,OUT
20210824171513,FACTORY,0045,HAIDARY,KIPUKA,OUT
20210824171535,OFFICE,0048,HAPPY,AKARO,OUT
20210824171748,OFFICE,111,SAID,RWAMBO,OUT
20210824172446,OFFICE,0124,VICTOR,NGUJI,OUT
20210824172451,OFFICE,0124,VICTOR,NGUJI,OUT
20210824172813,OFFICE,0135,NOAH,MPANGALA,OUT
20210824173123,OFFICE,0019,BEATRICE,MALLE,OUT
20210824183327,FACTORY,0133,FIZZA,NJOVU,OUT
20210824183338,FACTORY,0132,ELIWAZA,KONGA,OUT
20210824185340,FACTORY,0004,ABDULKADIR,JUMA,IN
20210824185911,FACTORY,0034,ERICK,TIBALILA,IN
20210824185932,FACTORY,0046,HAMNE,MAHANYU,OUT
20210824190005,FACTORY,0073,MAIMUNA,CHAMWITI,OUT
20210824190023,FACTORY,0065,HADIJA,KAWAMBWA,OUT
20210824190032,FACTORY,0086,MWANAHAMISI,MKALIPA,OUT
20210824190038,FACTORY,0064,KHADIJA,MAKEYA,OUT
20210824190833,FACTORY,0051,HASSAN,SULEIMAN,OUT
20210824190939,FACTORY,0071,LEONARD,NZIGE,OUT
20210824190946,FACTORY,0029,DUNIA,BOGOZO,OUT
20210824190954,FACTORY,0026,DAVID,KINDOLE,OUT
20210824191050,FACTORY,0023,CLINTON,MKUDE,OUT
20210824191316,FACTORY,0054,IBRAHIM,BABONYE,IN
20210824191548,FACTORY,0003,ABDUL,KAPERA,IN
20210824193506,OFFICE,00140,MOHAMED,NYANGALIO,OUT
20210824194058,OFFICE,0066,KITAMBALA,KITAMBALA,IN
20210824211545,FACTORY,0082,MOHAMED,MSAKA,OUT
20210824211732,FACTORY,0041,FRED,MBUNDA,OUT
20210824213814,FACTORY,0119,SIKUDHANI,MOHAMED,IN
20210824214017,FACTORY,0067,KULUTHUM,LUSONZO,IN
20210824214613,FACTORY,0125,WALTER,MAPUNDA,IN
20210824215853,FACTORY,0025,DAUDI,KIPENGELE,IN
20210824220001,FACTORY,0106,REHEMA,SIGE,IN
20210824220021,FACTORY,0059,JOSEPH,SHENKOME,OUT
20210824220026,FACTORY,0063,JUMA,HAMISI,OUT
20210824220035,FACTORY,0016,ASHURA,MWENE,OUT
20210824220043,FACTORY,0015,ASHA,DIKUNGURUMA,OUT
20210824220048,FACTORY,0069,LATIFA,MINTANGA,OUT
20210824220100,FACTORY,0018,BAKARI,MAULID,OUT
20210824220105,FACTORY,103,RAMADHANI,MNGAZIJA,OUT
20210824220120,FACTORY,0011,AISHA,MBONDE,OUT
20210824220209,FACTORY,0107,REHEMA,KIZONGO,OUT
20210824220214,FACTORY,0030,ELIZABETH,HIZZA,OUT
20210824220233,FACTORY,0087,MWANAMVUA,JUMAA,OUT
20210824220328,FACTORY,0116,SHABANI,NGOGOMI,OUT
20210824220500,FACTORY,109,RUDOLF,TAIRO,OUT
20210824220523,FACTORY,0028,DIANA,MASIJA,IN
20210824220546,OFFICE,0121,UPENDO,ZANI,OUT
20210824220626,FACTORY,0060,JOYCE,MASHELI,OUT
20210824220835,OFFICE,0134,ALFRED,CHISAWILLO,OUT
20210824221138,FACTORY,0126,WATENDE,ALLY,IN
20210824221331,FACTORY,0049,HASHIM,JONGO,IN
20210824221533,FACTORY,0122,VERONICA,MZIA,IN
20210824222019,FACTORY,0056,JACOB,BELLA,IN
20210824222134,FACTORY,0123,VICENT,MBUNGANI,IN
20210824222930,FACTORY,0068,LAMBART,ABELI,OUT
20210824223908,FACTORY,0118,SIKUDHANI,MGENI,IN
20210824224241,FACTORY,0005,ABDULLATIF,KAWAMBWA,IN
20210825061734,FACTORY,0032,EMMANUEL,MILYANGO,IN
20210825063615,FACTORY,0120,THERESIA,MLAWA,IN
20210825064140,OFFICE,0020,BENSON,BIMBONA,IN
20210825065209,FACTORY,0065,HADIJA,KAWAMBWA,OUT
20210825065332,FACTORY,0090,MWAZANI,MKINDE,IN
20210825065343,FACTORY,0064,KHADIJA,MAKEYA,IN
20210825065353,FACTORY,0112,SALUM,LIKONJOGO,IN
20210825065412,FACTORY,0022,CHARLES,KIBAVU,IN
20210825065435,FACTORY,0046,HAMNE,MAHANYU,IN
20210825065531,FACTORY,0055,IMAMU,KIBINDO,IN
20210825065619,FACTORY,0041,FRED,MBUNDA,IN
20210825065643,FACTORY,0037,FATUMA,MTILILA,IN
20210825065707,FACTORY,0129,ZAINABU,RIVAVODI,IN
20210825065836,FACTORY,0117,SHOMARI,SONG'E,IN
20210825065954,FACTORY,0067,KULUTHUM,LUSONZO,OUT
20210825070000,FACTORY,0029,DUNIA,BOGOZO,IN
20210825070005,FACTORY,0031,ELIZABETH,SIBHOT,IN
20210825070027,FACTORY,0119,SIKUDHANI,MOHAMED,OUT
20210825070042,FACTORY,0118,SIKUDHANI,MGENI,OUT
20210825070115,FACTORY,0025,DAUDI,KIPENGELE,OUT
20210825070122,FACTORY,0106,REHEMA,SIGE,OUT
20210825070203,FACTORY,0049,HASHIM,JONGO,OUT
20210825070249,FACTORY,108,ROSE,GRIGORY,IN
20210825070254,FACTORY,0023,CLINTON,MKUDE,IN
20210825070321,FACTORY,0056,JACOB,BELLA,OUT
20210825070322,OFFICE,0047,HAMZA ,SULTAN,IN
20210825070349,FACTORY,0004,ABDULKADIR,JUMA,OUT
20210825070433,FACTORY,0005,ABDULLATIF,KAWAMBWA,OUT
20210825070503,FACTORY,0026,DAVID,KINDOLE,IN
20210825070535,FACTORY,0073,MAIMUNA,CHAMWITI,IN
20210825070550,OFFICE,0135,NOAH,MPANGALA,IN
20210825070617,FACTORY,0126,WATENDE,ALLY,OUT
20210825070643,FACTORY,0122,VERONICA,MZIA,OUT
20210825070831,FACTORY,0071,LEONARD,NZIGE,IN
20210825070837,FACTORY,0086,MWANAHAMISI,MKALIPA,IN
20210825071018,FACTORY,0096,OCTAVIAN,LUCIAN,IN
20210825071025,FACTORY,0050,HASSANI,KUNGURUMA,IN
20210825071107,FACTORY,0028,DIANA,MASIJA,OUT
20210825071115,FACTORY,0082,MOHAMED,MSAKA,IN
20210825071328,FACTORY,0123,VICENT,MBUNGANI,OUT
20210825071338,FACTORY,0125,WALTER,MAPUNDA,OUT
20210825071451,FACTORY,0077,MATTO,MSANGI,IN
20210825071612,OFFICE,V001,FLORA,LISANGA,IN
20210825071623,FACTORY,0066,KITAMBALA,KITAMBALA,OUT
20210825071756,FACTORY,0062,JUMA,MSHAURI,IN
20210825071919,OFFICE,V003,ALLY,ALLY,IN
20210825072311,FACTORY,0054,IBRAHIM,BABONYE,OUT
20210825072641,FACTORY,0034,ERICK,TIBALILA,OUT
20210825072729,FACTORY,0051,HASSAN,SULEIMAN,IN
20210825072751,OFFICE,0058,JANETH,SIRIWA,IN
20210825072828,FACTORY,0003,ABDUL,KAPERA,OUT
20210825074038,FACTORY,0014,ALLY ,CHANDE,IN
20210825075207,OFFICE,0044,HADIJA,KIVINA,IN
20210825075525,FACTORY,111,SAID,RWAMBO,IN
20210825075742,OFFICE,0048,HAPPY,AKARO,IN
20210825075829,FACTORY,0132,ELIWAZA,KONGA,IN
20210825075907,OFFICE,00140,MOHAMED,NYANGALIO,IN
20210825075935,OFFICE,0133,FIZZA,NJOVU,IN
20210825080059,FACTORY,136,PETER,MALLYA,IN
20210825080112,FACTORY,0088,MWARAMI,KANIKI,IN
20210825080253,OFFICE,0099,PRISCA,ALPHONCE,IN
20210825080338,OFFICE,0092,NEEMA,LUBAVA,IN
20210825080403,OFFICE,0019,BEATRICE,MALLE,IN
20210825080657,OFFICE,,PATRICK,ODAWA,IN
20210825080833,OFFICE,0113,SALUM,MALENDA,IN
20210825081953,FACTORY,0045,HAIDARY,KIPUKA,IN
20210825083030,OFFICE,0130,SUDI,UKONDWA,IN
20210825083445,OFFICE,0124,VICTOR,NGUJI,IN
20210825083450,OFFICE,0124,VICTOR,NGUJI,IN
20210825084843,OFFICE,V002,ZAITUNI,SIMBA,IN
20210825095939,FACTORY,0011,AISHA,MBONDE,IN
20210825100523,FACTORY,0087,MWANAMVUA,JUMAA,IN
20210825102040,FACTORY,0069,LATIFA,MINTANGA,IN
20210825102054,FACTORY,0079,MIRAJI,MNGAZIJA,IN
20210825110627,FACTORY,0015,ASHA,DIKUNGURUMA,IN
20210825125144,FACTORY,0117,SHOMARI,SONG'E,OUT
20210825130118,FACTORY,0037,FATUMA,MTILILA,OUT
20210825134627,OFFICE,0089,MWASHABANI,SWALEHE,IN
20210825141057,FACTORY,0114,SALUM,SALUM,IN
20210825141903,FACTORY,0098,PATRICK,ALFRED,IN
20210825142558,FACTORY,103,RAMADHANI,MNGAZIJA,IN
20210825142618,FACTORY,0059,JOSEPH,SHENKOME,IN
20210825142846,FACTORY,0030,ELIZABETH,HIZZA,IN
20210825143005,FACTORY,0022,CHARLES,KIBAVU,OUT
20210825143050,FACTORY,0041,FRED,MBUNDA,IN
20210825143101,FACTORY,0016,ASHURA,MWENE,IN
20210825143122,FACTORY,0024,DAUDI,ISMAIL,IN
20210825143135,FACTORY,0090,MWAZANI,MKINDE,OUT
20210825143204,FACTORY,0077,MATTO,MSANGI,OUT
20210825143213,FACTORY,108,ROSE,GRIGORY,OUT
20210825143237,FACTORY,0063,JUMA,HAMISI,IN
20210825143248,FACTORY,0062,JUMA,MSHAURI,OUT
20210825143254,FACTORY,0116,SHABANI,NGOGOMI,IN
20210825143514,FACTORY,0018,BAKARI,MAULID,IN
20210825143526,FACTORY,0031,ELIZABETH,SIBHOT,OUT
20210825143615,FACTORY,0096,OCTAVIAN,LUCIAN,OUT
20210825143706,FACTORY,0121,UPENDO,ZANI,IN
20210825143741,FACTORY,0050,HASSANI,KUNGURUMA,OUT
20210825143847,OFFICE,0134,ALFRED,CHISAWILLO,IN
20210825143905,FACTORY,0120,THERESIA,MLAWA,OUT
20210825143927,FACTORY,0107,REHEMA,KIZONGO,IN
20210825144047,FACTORY,0112,SALUM,LIKONJOGO,OUT
20210825144111,FACTORY,0055,IMAMU,KIBINDO,OUT
20210825144346,FACTORY,0082,MOHAMED,MSAKA,OUT
20210825144727,FACTORY,109,RUDOLF,TAIRO,IN
20210825145002,FACTORY,0080,MIRAJI,JANGALU,IN
20210825145946,FACTORY,0014,ALLY ,CHANDE,OUT
20210825150004,OFFICE,0047,HAMZA ,SULTAN,IN
20210825150740,OFFICE,0092,NEEMA,LUBAVA,OUT
20210825151959,FACTORY,0110,SAAD,MGULE,IN
20210825160633,FACTORY,0032,EMMANUEL,MILYANGO,OUT
20210825161529,OFFICE,0020,BENSON,BIMBONA,OUT
20210825162913,OFFICE,0124,VICTOR,NGUJI,OUT
20210825162918,OFFICE,0124,VICTOR,NGUJI,OUT
20210825165942,FACTORY,0045,HAIDARY,KIPUKA,OUT
20210825170038,FACTORY,0079,MIRAJI,MNGAZIJA,OUT
20210825170102,OFFICE,00140,MOHAMED,NYANGALIO,OUT
20210825170152,FACTORY,136,PETER,MALLYA,OUT
20210825170153,OFFICE,0130,SUDI,UKONDWA,OUT
20210825170157,FACTORY,0088,MWARAMI,KANIKI,OUT
20210825170314,OFFICE,0113,SALUM,MALENDA,OUT
20210825170327,OFFICE,0044,HADIJA,KIVINA,OUT
20210825170731,OFFICE,V002,ZAITUNI,SIMBA,OUT
20210825170816,OFFICE,0019,BEATRICE,MALLE,OUT
20210825170940,OFFICE,0058,JANETH,SIRIWA,OUT
20210825171011,OFFICE,0099,PRISCA,ALPHONCE,OUT
20210825171202,OFFICE,V001,FLORA,LISANGA,OUT
20210825171332,OFFICE,111,SAID,RWAMBO,OUT
20210825171511,OFFICE,,PATRICK,ODAWA,OUT
20210825171836,OFFICE,0135,NOAH,MPANGALA,OUT
20210825171900,OFFICE,0142,WILLIAM,USANGA,OUT
20210825173018,OFFICE,0048,HAPPY,AKARO,OUT
20210825181907,OFFICE,0135,NOAH,MPANGALA,IN
20210825182244,FACTORY,0133,FIZZA,NJOVU,OUT
20210825182251,FACTORY,0132,ELIWAZA,KONGA,OUT
20210825183406,FACTORY,0051,HASSAN,SULEIMAN,OUT
20210825183537,OFFICE,0135,NOAH,MPANGALA,OUT
20210825190101,FACTORY,0064,KHADIJA,MAKEYA,OUT
20210825190126,FACTORY,0073,MAIMUNA,CHAMWITI,OUT
20210825190137,FACTORY,0086,MWANAHAMISI,MKALIPA,OUT
20210825190144,OFFICE,0089,MWASHABANI,SWALEHE,OUT
20210825190410,FACTORY,0046,HAMNE,MAHANYU,OUT
20210825190451,FACTORY,0065,HADIJA,KAWAMBWA,OUT
20210825190629,OFFICE,0004,ABDULKADIR,JUMA,IN
20210825190708,FACTORY,0129,ZAINABU,RIVAVODI,OUT
20210825190721,FACTORY,0034,ERICK,TIBALILA,IN
20210825191036,OFFICE,0066,KITAMBALA,KITAMBALA,IN
20210825191450,FACTORY,0071,LEONARD,NZIGE,OUT
20210825191523,FACTORY,0054,IBRAHIM,BABONYE,IN
20210825191848,FACTORY,0023,CLINTON,MKUDE,OUT
20210825191910,FACTORY,0003,ABDUL,KAPERA,IN
20210825192218,FACTORY,0029,DUNIA,BOGOZO,OUT
20210825192421,FACTORY,0026,DAVID,KINDOLE,OUT
20210825214630,FACTORY,0068,LAMBART,ABELI,IN
20210825215807,FACTORY,0060,JOYCE,MASHELI,IN
20210825215932,FACTORY,0028,DIANA,MASIJA,IN
20210825220002,FACTORY,0015,ASHA,DIKUNGURUMA,OUT
20210825220008,FACTORY,103,RAMADHANI,MNGAZIJA,OUT
20210825220017,FACTORY,0016,ASHURA,MWENE,OUT
20210825220025,FACTORY,0098,PATRICK,ALFRED,OUT
20210825220031,FACTORY,0080,MIRAJI,JANGALU,OUT
20210825220037,FACTORY,0018,BAKARI,MAULID,OUT
20210825220046,FACTORY,0087,MWANAMVUA,JUMAA,OUT
20210825220051,FACTORY,0059,JOSEPH,SHENKOME,OUT
20210825220059,FACTORY,0011,AISHA,MBONDE,OUT
20210825220105,FACTORY,0116,SHABANI,NGOGOMI,OUT
20210825220116,FACTORY,0069,LATIFA,MINTANGA,OUT
20210825220142,FACTORY,0030,ELIZABETH,HIZZA,OUT
20210825220205,FACTORY,0063,JUMA,HAMISI,OUT
20210825220211,FACTORY,0024,DAUDI,ISMAIL,OUT
20210825220227,FACTORY,0107,REHEMA,KIZONGO,OUT
20210825220600,FACTORY,0125,WALTER,MAPUNDA,IN
20210825220647,FACTORY,0123,VICENT,MBUNGANI,IN
20210825220814,FACTORY,0114,SALUM,SALUM,OUT
20210825220839,FACTORY,0025,DAUDI,KIPENGELE,IN
20210825220848,FACTORY,0119,SIKUDHANI,MOHAMED,IN
20210825220922,FACTORY,0056,JACOB,BELLA,IN
20210825220954,FACTORY,0049,HASHIM,JONGO,IN
20210825221017,FACTORY,0110,SAAD,MGULE,OUT
20210825221314,FACTORY,0122,VERONICA,MZIA,IN
20210825221514,FACTORY,0106,REHEMA,SIGE,IN
20210825221809,OFFICE,0121,UPENDO,ZANI,OUT
20210825221914,FACTORY,0118,SIKUDHANI,MGENI,IN
20210825221935,FACTORY,0005,ABDULLATIF,KAWAMBWA,IN
20210825222026,OFFICE,0134,ALFRED,CHISAWILLO,OUT
20210825222340,FACTORY,0067,KULUTHUM,LUSONZO,IN
20210825222904,FACTORY,0126,WATENDE,ALLY,IN
20210826063504,FACTORY,0120,THERESIA,MLAWA,IN
20210826064541,FACTORY,0022,CHARLES,KIBAVU,IN
20210826064622,FACTORY,0046,HAMNE,MAHANYU,IN
20210826064831,FACTORY,0032,EMMANUEL,MILYANGO,IN
20210826064930,OFFICE,0135,NOAH,MPANGALA,IN
20210826065022,FACTORY,0041,FRED,MBUNDA,IN
20210826065131,OFFICE,0020,BENSON,BIMBONA,IN
20210826065216,FACTORY,0055,IMAMU,KIBINDO,IN
20210826065539,FACTORY,0065,HADIJA,KAWAMBWA,IN
20210826065613,FACTORY,0090,MWAZANI,MKINDE,IN
20210826065855,FACTORY,0037,FATUMA,MTILILA,IN
20210826065901,FACTORY,0142,WILLIAM,USANGA,IN
20210826065906,OFFICE,0047,HAMZA ,SULTAN,IN
20210826070006,FACTORY,0112,SALUM,LIKONJOGO,IN
20210826070013,FACTORY,0056,JACOB,BELLA,OUT
20210826070019,FACTORY,0119,SIKUDHANI,MOHAMED,OUT
20210826070027,FACTORY,0067,KULUTHUM,LUSONZO,OUT
20210826070032,FACTORY,0118,SIKUDHANI,MGENI,OUT
20210826070038,FACTORY,0106,REHEMA,SIGE,OUT
20210826070058,FACTORY,0049,HASHIM,JONGO,OUT
20210826070104,FACTORY,0025,DAUDI,KIPENGELE,OUT
20210826070136,FACTORY,0129,ZAINABU,RIVAVODI,IN
20210826070147,FACTORY,0064,KHADIJA,MAKEYA,IN
20210826070232,FACTORY,0005,ABDULLATIF,KAWAMBWA,OUT
20210826070308,FACTORY,0126,WATENDE,ALLY,OUT
20210826070443,FACTORY,0122,VERONICA,MZIA,OUT
20210826070617,FACTORY,0031,ELIZABETH,SIBHOT,IN
20210826070631,FACTORY,0060,JOYCE,MASHELI,IN
20210826070640,FACTORY,0060,JOYCE,MASHELI,OUT
20210826070646,FACTORY,0013,ALLY,SHAWEJI,IN
20210826070720,OFFICE,0124,VICTOR,NGUJI,IN
20210826070725,OFFICE,0124,VICTOR,NGUJI,IN
20210826070758,FACTORY,0073,MAIMUNA,CHAMWITI,IN
20210826070819,OFFICE,V003,ALLY,ALLY,IN
20210826070839,FACTORY,0062,JUMA,MSHAURI,IN
20210826070845,FACTORY,0115,SHABANI,KIGA,IN
20210826070858,FACTORY,0086,MWANAHAMISI,MKALIPA,IN
20210826070921,FACTORY,108,ROSE,GRIGORY,IN
20210826070921,FACTORY,108,ROSE,GRIGORY,IN
20210826070936,FACTORY,0117,SHOMARI,SONG'E,IN
20210826070947,FACTORY,0082,MOHAMED,MSAKA,IN
20210826071109,OFFICE,,PATRICK,ODAWA,IN
20210826071247,FACTORY,0125,WALTER,MAPUNDA,OUT
20210826071309,FACTORY,0123,VICENT,MBUNGANI,OUT
20210826071330,FACTORY,0084,MRISHO,HAUYESHI,IN
20210826071542,FACTORY,0077,MATTO,MSANGI,IN
20210826071720,FACTORY,0054,IBRAHIM,BABONYE,OUT
20210826071728,FACTORY,0004,ABDULKADIR,JUMA,OUT
20210826072352,FACTORY,0096,OCTAVIAN,LUCIAN,IN
20210826072615,FACTORY,0050,HASSANI,KUNGURUMA,IN
20210826072836,FACTORY,0014,ALLY ,CHANDE,IN
20210826072843,FACTORY,0003,ABDUL,KAPERA,OUT
20210826072920,FACTORY,0034,ERICK,TIBALILA,OUT
20210826073219,OFFICE,V001,FLORA,LISANGA,IN
20210826073301,FACTORY,0066,KITAMBALA,KITAMBALA,OUT
20210826073515,OFFICE,0028,DIANA,MASIJA,OUT
20210826074437,OFFICE,0058,JANETH,SIRIWA,IN
20210826074941,OFFICE,00140,MOHAMED,NYANGALIO,IN
20210826075202,OFFICE,0044,HADIJA,KIVINA,IN
20210826075341,OFFICE,0092,NEEMA,LUBAVA,IN
20210826075615,OFFICE,0048,HAPPY,AKARO,IN
20210826075631,FACTORY,0079,MIRAJI,MNGAZIJA,IN
20210826075703,FACTORY,136,PETER,MALLYA,IN
20210826075713,FACTORY,0133,FIZZA,NJOVU,IN
20210826075717,OFFICE,0076,ANNA, IRENGO,IN
20210826075854,FACTORY,0132,ELIWAZA,KONGA,IN
20210826080014,FACTORY,111,SAID,RWAMBO,IN
20210826080611,FACTORY,0045,HAIDARY,KIPUKA,IN
20210826080643,OFFICE,0113,SALUM,MALENDA,IN
20210826080722,OFFICE,0099,PRISCA,ALPHONCE,IN
20210826081026,OFFICE,0019,BEATRICE,MALLE,IN
20210826083818,OFFICE,0130,SUDI,UKONDWA,IN
20210826083900,OFFICE,V002,ZAITUNI,SIMBA,IN
20210826100438,FACTORY,0011,AISHA,MBONDE,IN
20210826101022,FACTORY,0087,MWANAMVUA,JUMAA,IN
20210826103323,FACTORY,0015,ASHA,DIKUNGURUMA,IN
20210826130039,FACTORY,0037,FATUMA,MTILILA,OUT
20210826132818,OFFICE,0076,ANNA, IRENGO,OUT
20210826141342,FACTORY,0059,JOSEPH,SHENKOME,IN
20210826142035,OFFICE,0134,ALFRED,CHISAWILLO,IN
20210826142054,FACTORY,0016,ASHURA,MWENE,IN
20210826142421,FACTORY,0098,PATRICK,ALFRED,IN
20210826142720,FACTORY,103,RAMADHANI,MNGAZIJA,IN
20210826142734,FACTORY,0024,DAUDI,ISMAIL,IN
20210826142739,FACTORY,0116,SHABANI,NGOGOMI,IN
20210826142748,FACTORY,0089,MWASHABANI,SWALEHE,IN
20210826142826,FACTORY,0114,SALUM,SALUM,IN
20210826142913,FACTORY,0030,ELIZABETH,HIZZA,IN
20210826143014,FACTORY,0041,FRED,MBUNDA,OUT
20210826143022,FACTORY,0080,MIRAJI,JANGALU,IN
20210826143053,FACTORY,0090,MWAZANI,MKINDE,OUT
20210826143103,FACTORY,0077,MATTO,MSANGI,OUT
20210826143138,FACTORY,0063,JUMA,HAMISI,IN
20210826143208,FACTORY,0022,CHARLES,KIBAVU,OUT
20210826143234,FACTORY,108,ROSE,GRIGORY,OUT
20210826143318,FACTORY,0050,HASSANI,KUNGURUMA,OUT
20210826143357,FACTORY,0117,SHOMARI,SONG'E,OUT
20210826143424,FACTORY,0055,IMAMU,KIBINDO,OUT
20210826143547,FACTORY,0031,ELIZABETH,SIBHOT,OUT
20210826143631,FACTORY,0082,MOHAMED,MSAKA,OUT
20210826143644,FACTORY,0096,OCTAVIAN,LUCIAN,OUT
20210826143822,FACTORY,0107,REHEMA,KIZONGO,IN
20210826143847,OFFICE,0121,UPENDO,ZANI,IN
20210826143932,FACTORY,0112,SALUM,LIKONJOGO,OUT
20210826144334,OFFICE,0047,HAMZA ,SULTAN,OUT
20210826144354,FACTORY,0120,THERESIA,MLAWA,OUT
20210826144758,FACTORY,109,RUDOLF,TAIRO,IN
20210826145125,FACTORY,0018,BAKARI,MAULID,IN
20210826145452,FACTORY,0014,ALLY ,CHANDE,OUT
20210826150822,OFFICE,0092,NEEMA,LUBAVA,OUT
20210826152104,FACTORY,0110,SAAD,MGULE,IN
20210826160125,FACTORY,0032,EMMANUEL,MILYANGO,OUT
20210826162552,OFFICE,0020,BENSON,BIMBONA,OUT
20210826165509,OFFICE,0124,VICTOR,NGUJI,OUT
20210826165514,OFFICE,0124,VICTOR,NGUJI,OUT
20210826170027,FACTORY,0088,MWARAMI,KANIKI,OUT
20210826170108,FACTORY,136,PETER,MALLYA,OUT
20210826170342,OFFICE,00140,MOHAMED,NYANGALIO,OUT
20210826170535,OFFICE,0044,HADIJA,KIVINA,OUT
20210826170831,OFFICE,111,SAID,RWAMBO,OUT
20210826170856,FACTORY,0045,HAIDARY,KIPUKA,OUT
20210826170914,OFFICE,0058,JANETH,SIRIWA,OUT
20210826170942,OFFICE,0135,NOAH,MPANGALA,OUT
20210826171029,OFFICE,0048,HAPPY,AKARO,OUT
20210826171246,OFFICE,V001,FLORA,LISANGA,OUT
20210826171554,FACTORY,0079,MIRAJI,MNGAZIJA,OUT
20210826171901,OFFICE,0019,BEATRICE,MALLE,OUT
20210826172024,OFFICE,V002,ZAITUNI,SIMBA,OUT
20210826172031,OFFICE,0130,SUDI,UKONDWA,OUT
20210826172338,OFFICE,0099,PRISCA,ALPHONCE,OUT
20210826184927,OFFICE,,PATRICK,ODAWA,OUT
20210826185041,FACTORY,0100,RAJAB,MMBAGA,IN
20210826185939,FACTORY,0065,HADIJA,KAWAMBWA,IN
20210826190002,FACTORY,0073,MAIMUNA,CHAMWITI,OUT
20210826190136,FACTORY,0046,HAMNE,MAHANYU,OUT
20210826190145,FACTORY,0129,ZAINABU,RIVAVODI,OUT
20210826190222,FACTORY,0064,KHADIJA,MAKEYA,OUT
20210826190335,FACTORY,0115,SHABANI,KIGA,OUT
20210826190348,FACTORY,0013,ALLY,SHAWEJI,OUT
20210826190456,FACTORY,0086,MWANAHAMISI,MKALIPA,OUT
20210826191435,FACTORY,0101,RAJABU,RAJABU,IN
20210826191621,FACTORY,0021,BETRAM,NTILLA,IN
20210826191847,OFFICE,0133,FIZZA,NJOVU,OUT
20210826192221,FACTORY,0083,MOSES,ELIAS,OUT
20210826192356,FACTORY,0042,GABRIEL,MBEYE,IN
20210826192513,FACTORY,0132,ELIWAZA,KONGA,OUT
20210826192556,FACTORY,0084,MRISHO,HAUYESHI,OUT
20210826192857,OFFICE,0142,WILLIAM,USANGA,OUT
20210826200048,FACTORY,0057,JACKSON,MDEMU,IN
20210826214351,FACTORY,0068,LAMBART,ABELI,IN
20210826214856,FACTORY,0067,KULUTHUM,LUSONZO,IN
20210826215000,OFFICE,0028,DIANA,MASIJA,IN
20210826215036,FACTORY,0122,VERONICA,MZIA,IN
20210826215638,FACTORY,0005,ABDULLATIF,KAWAMBWA,IN
20210826215940,FACTORY,0125,WALTER,MAPUNDA,IN
20210826220002,FACTORY,0098,PATRICK,ALFRED,OUT
20210826220009,FACTORY,0015,ASHA,DIKUNGURUMA,OUT
20210826220019,FACTORY,0016,ASHURA,MWENE,OUT
20210826220024,FACTORY,0114,SALUM,SALUM,OUT
20210826220032,FACTORY,0089,MWASHABANI,SWALEHE,OUT
20210826220037,FACTORY,0080,MIRAJI,JANGALU,OUT
20210826220044,FACTORY,0018,BAKARI,MAULID,OUT
20210826220050,FACTORY,0059,JOSEPH,SHENKOME,OUT
20210826220056,FACTORY,0030,ELIZABETH,HIZZA,OUT
20210826220140,FACTORY,103,RAMADHANI,MNGAZIJA,OUT
20210826220145,FACTORY,0116,SHABANI,NGOGOMI,OUT
20210826220155,FACTORY,0107,REHEMA,KIZONGO,OUT
20210826220200,FACTORY,0119,SIKUDHANI,MOHAMED,IN
20210826220206,FACTORY,0123,VICENT,MBUNGANI,IN
20210826220215,FACTORY,0087,MWANAMVUA,JUMAA,OUT
20210826220220,FACTORY,0063,JUMA,HAMISI,OUT
20210826220227,FACTORY,0011,AISHA,MBONDE,OUT
20210826220233,FACTORY,0024,DAUDI,ISMAIL,OUT
20210826220352,FACTORY,0069,LATIFA,MINTANGA,OUT
20210826220717,OFFICE,0134,ALFRED,CHISAWILLO,OUT
20210826220942,FACTORY,0106,REHEMA,SIGE,IN
20210826220957,FACTORY,0060,JOYCE,MASHELI,IN
20210826221012,FACTORY,0025,DAUDI,KIPENGELE,IN
20210826221336,FACTORY,0121,UPENDO,ZANI,OUT
20210826221512,FACTORY,109,RUDOLF,TAIRO,OUT
20210826221540,FACTORY,0110,SAAD,MGULE,OUT
20210826221547,FACTORY,0118,SIKUDHANI,MGENI,IN
20210826221729,FACTORY,0126,WATENDE,ALLY,IN
20210826221843,FACTORY,0049,HASHIM,JONGO,IN
20210826224306,FACTORY,0056,JACOB,BELLA,IN
20210827021955,FACTORY,0142,WILLIAM,USANGA,OUT
20210827060433,FACTORY,0032,EMMANUEL,MILYANGO,IN
20210827063914,OFFICE,0020,BENSON,BIMBONA,IN
20210827064109,FACTORY,0120,THERESIA,MLAWA,IN
20210827064236,FACTORY,0022,CHARLES,KIBAVU,IN
20210827065229,FACTORY,0082,MOHAMED,MSAKA,IN
20210827065246,OFFICE,0028,DIANA,MASIJA,OUT
20210827065614,FACTORY,0037,FATUMA,MTILILA,IN
20210827065642,FACTORY,0041,FRED,MBUNDA,IN
20210827065648,FACTORY,0112,SALUM,LIKONJOGO,IN
20210827065740,FACTORY,108,ROSE,GRIGORY,IN
20210827065750,FACTORY,0013,ALLY,SHAWEJI,IN
20210827065756,FACTORY,0005,ABDULLATIF,KAWAMBWA,OUT
20210827065939,FACTORY,0055,IMAMU,KIBINDO,IN
20210827070006,FACTORY,0129,ZAINABU,RIVAVODI,IN
20210827070013,FACTORY,0067,KULUTHUM,LUSONZO,OUT
20210827070021,FACTORY,0119,SIKUDHANI,MOHAMED,OUT
20210827070034,FACTORY,0118,SIKUDHANI,MGENI,OUT
20210827070047,FACTORY,0049,HASHIM,JONGO,OUT
20210827070058,FACTORY,0106,REHEMA,SIGE,OUT
20210827070116,FACTORY,0025,DAUDI,KIPENGELE,OUT
20210827070201,OFFICE,0047,HAMZA ,SULTAN,IN
20210827070235,FACTORY,0056,JACOB,BELLA,OUT
20210827070241,FACTORY,0115,SHABANI,KIGA,IN
20210827070320,FACTORY,0084,MRISHO,HAUYESHI,IN
20210827070327,FACTORY,0073,MAIMUNA,CHAMWITI,IN
20210827070411,FACTORY,0090,MWAZANI,MKINDE,IN
20210827070432,FACTORY,0083,MOSES,ELIAS,IN
20210827070456,FACTORY,0117,SHOMARI,SONG'E,IN
20210827070541,OFFICE,0135,NOAH,MPANGALA,IN
20210827070706,FACTORY,0060,JOYCE,MASHELI,OUT
20210827070736,FACTORY,0077,MATTO,MSANGI,IN
20210827070754,OFFICE,V003,ALLY,ALLY,IN
20210827070853,FACTORY,0126,WATENDE,ALLY,OUT
20210827071008,FACTORY,0122,VERONICA,MZIA,OUT
20210827071142,FACTORY,0031,ELIZABETH,SIBHOT,IN
20210827071151,FACTORY,0064,KHADIJA,MAKEYA,IN
20210827071201,FACTORY,0065,HADIJA,KAWAMBWA,IN
20210827071233,FACTORY,0062,JUMA,MSHAURI,IN
20210827071524,FACTORY,0046,HAMNE,MAHANYU,IN
20210827071940,OFFICE,0124,VICTOR,NGUJI,IN
20210827071945,OFFICE,0124,VICTOR,NGUJI,IN
20210827072041,FACTORY,0101,RAJABU,RAJABU,OUT
20210827072311,FACTORY,0100,RAJAB,MMBAGA,OUT
20210827072334,FACTORY,0021,BETRAM,NTILLA,OUT
20210827072430,FACTORY,0014,ALLY ,CHANDE,IN
20210827072824,FACTORY,0068,LAMBART,ABELI,OUT
20210827072957,OFFICE,0058,JANETH,SIRIWA,IN
20210827073234,FACTORY,0123,VICENT,MBUNGANI,OUT
20210827073316,OFFICE,V001,FLORA,LISANGA,IN
20210827073323,OFFICE,0092,NEEMA,LUBAVA,IN
20210827073329,OFFICE,0044,HADIJA,KIVINA,IN
20210827073551,FACTORY,0057,JACKSON,MDEMU,OUT
20210827073558,FACTORY,0042,GABRIEL,MBEYE,OUT
20210827073815,FACTORY,0125,WALTER,MAPUNDA,OUT
20210827074012,OFFICE,0079,MIRAJI,MNGAZIJA,IN
20210827074114,OFFICE,0050,HASSANI,KUNGURUMA,IN
20210827074823,OFFICE,0133,FIZZA,NJOVU,IN
20210827075344,OFFICE,00140,MOHAMED,NYANGALIO,IN
20210827075612,FACTORY,111,SAID,RWAMBO,IN
20210827075839,OFFICE,,PATRICK,ODAWA,IN
20210827075901,OFFICE,0048,HAPPY,AKARO,IN
20210827075943,FACTORY,136,PETER,MALLYA,IN
20210827080203,FACTORY,0086,MWANAHAMISI,MKALIPA,IN
20210827081032,OFFICE,0099,PRISCA,ALPHONCE,IN
20210827081038,FACTORY,0088,MWARAMI,KANIKI,IN
20210827081259,OFFICE,0019,BEATRICE,MALLE,IN
20210827081502,FACTORY,0132,ELIWAZA,KONGA,IN
20210827081754,FACTORY,0045,HAIDARY,KIPUKA,IN
20210827083434,OFFICE,0130,SUDI,UKONDWA,IN
20210827084753,OFFICE,V002,ZAITUNI,SIMBA,IN
20210827092738,FACTORY,0142,WILLIAM,USANGA,IN
20210827100200,FACTORY,0011,AISHA,MBONDE,IN
20210827101048,FACTORY,0087,MWANAMVUA,JUMAA,IN
20210827103659,FACTORY,0069,LATIFA,MINTANGA,IN
20210827103828,FACTORY,0015,ASHA,DIKUNGURUMA,IN
20210827130009,FACTORY,0037,FATUMA,MTILILA,OUT
20210827135907,OFFICE,0089,MWASHABANI,SWALEHE,IN
20210827141616,FACTORY,0110,SAAD,MGULE,IN
20210827141652,OFFICE,0121,UPENDO,ZANI,IN
20210827142334,FACTORY,0059,JOSEPH,SHENKOME,IN
20210827142750,FACTORY,0024,DAUDI,ISMAIL,IN
20210827142816,FACTORY,0030,ELIZABETH,HIZZA,IN
20210827142954,OFFICE,0114,SALUM,SALUM,IN
20210827143018,FACTORY,0063,JUMA,HAMISI,IN
20210827143131,FACTORY,0050,HASSANI,KUNGURUMA,OUT
20210827143219,FACTORY,108,ROSE,GRIGORY,OUT
20210827143225,FACTORY,0018,BAKARI,MAULID,IN
20210827143231,FACTORY,0090,MWAZANI,MKINDE,OUT
20210827143232,OFFICE,0134,ALFRED,CHISAWILLO,IN
20210827143242,FACTORY,0096,OCTAVIAN,LUCIAN,IN
20210827143254,FACTORY,0116,SHABANI,NGOGOMI,IN
20210827143304,FACTORY,0080,MIRAJI,JANGALU,IN
20210827143311,FACTORY,0055,IMAMU,KIBINDO,OUT
20210827143330,FACTORY,0077,MATTO,MSANGI,OUT
20210827143339,FACTORY,0022,CHARLES,KIBAVU,OUT
20210827143345,FACTORY,0041,FRED,MBUNDA,OUT
20210827143443,FACTORY,0031,ELIZABETH,SIBHOT,OUT
20210827143449,FACTORY,0117,SHOMARI,SONG'E,OUT
20210827143600,FACTORY,0016,ASHURA,MWENE,IN
20210827143839,FACTORY,109,RUDOLF,TAIRO,IN
20210827143846,FACTORY,0098,PATRICK,ALFRED,IN
20210827143949,FACTORY,0120,THERESIA,MLAWA,OUT
20210827143950,OFFICE,0047,HAMZA ,SULTAN,OUT
20210827144014,FACTORY,0014,ALLY ,CHANDE,OUT
20210827144059,FACTORY,103,RAMADHANI,MNGAZIJA,IN
20210827144302,FACTORY,0107,REHEMA,KIZONGO,IN
20210827144650,FACTORY,0082,MOHAMED,MSAKA,OUT
20210827144709,FACTORY,0112,SALUM,LIKONJOGO,OUT
20210827154559,OFFICE,0058,JANETH,SIRIWA,OUT
20210827155557,OFFICE,0092,NEEMA,LUBAVA,OUT
20210827161238,FACTORY,0032,EMMANUEL,MILYANGO,OUT
20210827162201,OFFICE,0020,BENSON,BIMBONA,OUT
20210827162614,OFFICE,0124,VICTOR,NGUJI,OUT
20210827162619,OFFICE,0124,VICTOR,NGUJI,OUT
20210827165354,FACTORY,0079,MIRAJI,MNGAZIJA,OUT
20210827170249,OFFICE,0130,SUDI,UKONDWA,OUT
20210827170308,FACTORY,136,PETER,MALLYA,OUT
20210827170315,FACTORY,0088,MWARAMI,KANIKI,OUT
20210827170524,OFFICE,0044,HADIJA,KIVINA,OUT
20210827171231,OFFICE,0135,NOAH,MPANGALA,OUT
20210827173013,OFFICE,V002,ZAITUNI,SIMBA,OUT
20210827173218,OFFICE,0019,BEATRICE,MALLE,OUT
20210827174437,OFFICE,0048,HAPPY,AKARO,OUT
20210827175532,OFFICE,0099,PRISCA,ALPHONCE,OUT
20210827181410,OFFICE,V001,FLORA,LISANGA,OUT
20210827182613,OFFICE,0142,WILLIAM,USANGA,OUT
20210827183539,FACTORY,0045,HAIDARY,KIPUKA,OUT
20210827184417,FACTORY,0045,HAIDARY,KIPUKA,OUT
20210827185534,FACTORY,0133,FIZZA,NJOVU,OUT
20210827185653,FACTORY,0132,ELIWAZA,KONGA,OUT
20210827190008,FACTORY,0046,HAMNE,MAHANYU,OUT
20210827190043,OFFICE,0042,GABRIEL,MBEYE,IN
20210827190216,FACTORY,0065,HADIJA,KAWAMBWA,OUT
20210827190223,FACTORY,0073,MAIMUNA,CHAMWITI,OUT
20210827190439,FACTORY,0100,RAJAB,MMBAGA,IN
20210827190511,FACTORY,0086,MWANAHAMISI,MKALIPA,OUT
20210827190536,FACTORY,0129,ZAINABU,RIVAVODI,OUT
20210827190542,FACTORY,0064,KHADIJA,MAKEYA,OUT
20210827191014,FACTORY,0115,SHABANI,KIGA,OUT
20210827191037,FACTORY,0013,ALLY,SHAWEJI,OUT
20210827191438,FACTORY,0101,RAJABU,RAJABU,IN
20210827191621,FACTORY,0083,MOSES,ELIAS,OUT
20210827191808,OFFICE,0013,ALLY,SHAWEJI,OUT
20210827191813,FACTORY,0084,MRISHO,HAUYESHI,OUT
20210827192525,FACTORY,0021,BETRAM,NTILLA,IN
20210827193157,OFFICE,,PATRICK,ODAWA,OUT
20210827201017,FACTORY,0057,JACKSON,MDEMU,IN
20210827204127,OFFICE,00140,MOHAMED,NYANGALIO,OUT
20210827205518,OFFICE,111,SAID,RWAMBO,OUT
20210827205527,OFFICE,0113,SALUM,MALENDA,OUT
20210827215306,FACTORY,0030,ELIZABETH,HIZZA,OUT
20210827215345,OFFICE,0067,KULUTHUM,LUSONZO,IN
20210827215424,OFFICE,0106,REHEMA,SIGE,IN
20210827215621,FACTORY,0068,LAMBART,ABELI,IN
20210827215711,FACTORY,0080,MIRAJI,JANGALU,OUT
20210827215845,FACTORY,0089,MWASHABANI,SWALEHE,OUT
20210827215959,FACTORY,0069,LATIFA,MINTANGA,OUT
20210827220009,FACTORY,0098,PATRICK,ALFRED,OUT
20210827220030,FACTORY,0063,JUMA,HAMISI,OUT
20210827220045,FACTORY,0016,ASHURA,MWENE,OUT
20210827220133,FACTORY,0087,MWANAMVUA,JUMAA,OUT
20210827220141,FACTORY,0114,SALUM,SALUM,OUT
20210827220151,FACTORY,0024,DAUDI,ISMAIL,OUT
20210827220159,FACTORY,0119,SIKUDHANI,MOHAMED,IN
20210827220209,FACTORY,0059,JOSEPH,SHENKOME,OUT
20210827220236,FACTORY,0011,AISHA,MBONDE,OUT
20210827220246,FACTORY,0015,ASHA,DIKUNGURUMA,OUT
20210827220252,FACTORY,0107,REHEMA,KIZONGO,OUT
20210827220258,FACTORY,0018,BAKARI,MAULID,OUT
20210827220304,FACTORY,103,RAMADHANI,MNGAZIJA,OUT
20210827220309,FACTORY,0116,SHABANI,NGOGOMI,OUT
20210827220316,FACTORY,0110,SAAD,MGULE,OUT
20210827220401,FACTORY,0118,SIKUDHANI,MGENI,IN
20210827220646,FACTORY,0096,OCTAVIAN,LUCIAN,OUT
20210827220829,FACTORY,0060,JOYCE,MASHELI,IN
20210827220847,FACTORY,0049,HASHIM,JONGO,IN
20210827220931,FACTORY,0121,UPENDO,ZANI,OUT
20210827221210,OFFICE,0134,ALFRED,CHISAWILLO,OUT
20210827221232,FACTORY,0123,VICENT,MBUNGANI,IN
20210827221327,FACTORY,0122,VERONICA,MZIA,IN
20210827221437,FACTORY,0005,ABDULLATIF,KAWAMBWA,IN
20210827221507,FACTORY,0025,DAUDI,KIPENGELE,IN
20210827221645,FACTORY,0126,WATENDE,ALLY,IN
20210827222423,FACTORY,0125,WALTER,MAPUNDA,IN
20210827222600,FACTORY,109,RUDOLF,TAIRO,OUT
20210827224028,FACTORY,0028,DIANA,MASIJA,IN
20210828062711,FACTORY,0032,EMMANUEL,MILYANGO,IN
20210828063908,FACTORY,0120,THERESIA,MLAWA,IN
20210828064049,OFFICE,0020,BENSON,BIMBONA,IN
20210828064428,FACTORY,108,ROSE,GRIGORY,IN
20210828064916,FACTORY,0084,MRISHO,HAUYESHI,IN
20210828065411,FACTORY,0083,MOSES,ELIAS,IN
20210828065534,FACTORY,0112,SALUM,LIKONJOGO,IN
20210828065717,FACTORY,0050,HASSANI,KUNGURUMA,IN
20210828065725,FACTORY,0090,MWAZANI,MKINDE,IN
20210828065730,FACTORY,0082,MOHAMED,MSAKA,IN
20210828065807,FACTORY,0013,ALLY,SHAWEJI,IN
20210828065851,FACTORY,0005,ABDULLATIF,KAWAMBWA,OUT
20210828065902,FACTORY,0055,IMAMU,KIBINDO,IN
20210828065909,FACTORY,0115,SHABANI,KIGA,IN
20210828070003,FACTORY,0118,SIKUDHANI,MGENI,OUT
20210828070009,FACTORY,0025,DAUDI,KIPENGELE,OUT
20210828070020,FACTORY,0106,REHEMA,SIGE,OUT
20210828070026,FACTORY,0067,KULUTHUM,LUSONZO,OUT
20210828070032,FACTORY,0119,SIKUDHANI,MOHAMED,OUT
20210828070041,FACTORY,0056,JACOB,BELLA,OUT
20210828070048,FACTORY,0049,HASHIM,JONGO,OUT
20210828070113,FACTORY,0060,JOYCE,MASHELI,OUT
20210828070145,FACTORY,0037,FATUMA,MTILILA,IN
20210828070235,FACTORY,0073,MAIMUNA,CHAMWITI,IN
20210828070330,FACTORY,0126,WATENDE,ALLY,OUT
20210828070351,FACTORY,0065,HADIJA,KAWAMBWA,IN
20210828070402,FACTORY,0122,VERONICA,MZIA,OUT
20210828070423,FACTORY,0046,HAMNE,MAHANYU,IN
20210828070444,FACTORY,0142,WILLIAM,USANGA,IN
20210828070453,FACTORY,0041,FRED,MBUNDA,IN
20210828070502,FACTORY,0014,ALLY ,CHANDE,IN
20210828070514,FACTORY,0031,ELIZABETH,SIBHOT,IN
20210828070630,OFFICE,0047,HAMZA ,SULTAN,IN
20210828070701,FACTORY,0100,RAJAB,MMBAGA,OUT
20210828070711,FACTORY,0101,RAJABU,RAJABU,OUT
20210828070746,FACTORY,0077,MATTO,MSANGI,IN
20210828070803,FACTORY,0129,ZAINABU,RIVAVODI,IN
20210828070829,FACTORY,0057,JACKSON,MDEMU,OUT
20210828071030,FACTORY,0123,VICENT,MBUNGANI,OUT
20210828071038,FACTORY,0021,BETRAM,NTILLA,OUT
20210828071348,FACTORY,0125,WALTER,MAPUNDA,OUT
20210828071455,FACTORY,0117,SHOMARI,SONG'E,IN
20210828072003,FACTORY,0068,LAMBART,ABELI,OUT
20210828072048,FACTORY,0042,GABRIEL,MBEYE,OUT
20210828072233,OFFICE,0135,NOAH,MPANGALA,IN
20210828072234,FACTORY,0086,MWANAHAMISI,MKALIPA,IN
20210828074111,OFFICE,0028,DIANA,MASIJA,OUT
20210828074936,FACTORY,0132,ELIWAZA,KONGA,IN
20210828075004,OFFICE,0044,HADIJA,KIVINA,IN
20210828075304,OFFICE,111,SAID,RWAMBO,IN
20210828075348,OFFICE,00140,MOHAMED,NYANGALIO,IN
20210828075639,OFFICE,0133,FIZZA,NJOVU,IN
20210828075906,OFFICE,0113,SALUM,MALENDA,IN
20210828080109,OFFICE,,PATRICK,ODAWA,IN
20210828080438,FACTORY,136,PETER,MALLYA,IN
20210828080551,FACTORY,0045,HAIDARY,KIPUKA,IN
20210828080630,FACTORY,0079,MIRAJI,MNGAZIJA,IN
20210828080708,OFFICE,0048,HAPPY,AKARO,IN
20210828081111,FACTORY,0088,MWARAMI,KANIKI,IN
20210828082554,OFFICE,0019,BEATRICE,MALLE,IN
20210828082646,OFFICE,0099,PRISCA,ALPHONCE,IN
20210828083509,OFFICE,0092,NEEMA,LUBAVA,IN
20210828083608,OFFICE,0130,SUDI,UKONDWA,IN
20210828085441,OFFICE,V002,ZAITUNI,SIMBA,OUT
20210828085455,OFFICE,V002,ZAITUNI,SIMBA,IN
20210828090115,FACTORY,0064,KHADIJA,MAKEYA,IN
20210828091950,FACTORY,0062,JUMA,MSHAURI,IN
20210828092613,OFFICE,0124,VICTOR,NGUJI,IN
20210828100030,FACTORY,0011,AISHA,MBONDE,IN
20210828103928,FACTORY,0069,LATIFA,MINTANGA,IN
20210828105317,FACTORY,0015,ASHA,DIKUNGURUMA,IN
20210828105918,FACTORY,0016,ASHURA,MWENE,IN
20210828112950,OFFICE,0019,BEATRICE,MALLE,OUT
20210828123049,OFFICE,0087,MWANAMVUA,JUMAA,IN
20210828130007,FACTORY,136,PETER,MALLYA,OUT
20210828130038,OFFICE,,PATRICK,ODAWA,OUT
20210828130142,FACTORY,0088,MWARAMI,KANIKI,OUT
20210828130303,FACTORY,0037,FATUMA,MTILILA,OUT
20210828130305,OFFICE,V002,ZAITUNI,SIMBA,OUT
20210828130409,OFFICE,0130,SUDI,UKONDWA,OUT
20210828131615,OFFICE,0048,HAPPY,AKARO,OUT
20210828131700,OFFICE,0099,PRISCA,ALPHONCE,OUT
20210828131739,OFFICE,0044,HADIJA,KIVINA,OUT
20210828132016,OFFICE,0124,VICTOR,NGUJI,OUT
20210828132021,OFFICE,0124,VICTOR,NGUJI,OUT
20210828133633,FACTORY,0079,MIRAJI,MNGAZIJA,OUT
20210828134915,FACTORY,0032,EMMANUEL,MILYANGO,OUT
20210828140859,FACTORY,0059,JOSEPH,SHENKOME,IN
20210828141757,OFFICE,0121,UPENDO,ZANI,IN
20210828142642,OFFICE,0114,SALUM,SALUM,IN
20210828142718,FACTORY,0098,PATRICK,ALFRED,IN
20210828142753,FACTORY,0050,HASSANI,KUNGURUMA,OUT
20210828142839,FACTORY,0018,BAKARI,MAULID,IN
20210828143048,FACTORY,0041,FRED,MBUNDA,OUT
20210828143117,FACTORY,103,RAMADHANI,MNGAZIJA,IN
20210828143127,FACTORY,0065,HADIJA,KAWAMBWA,OUT
20210828143153,FACTORY,0055,IMAMU,KIBINDO,OUT
20210828143202,FACTORY,0022,CHARLES,KIBAVU,OUT
20210828143232,OFFICE,0047,HAMZA ,SULTAN,OUT
20210828143256,FACTORY,108,ROSE,GRIGORY,OUT
20210828143303,FACTORY,0090,MWAZANI,MKINDE,OUT
20210828143306,FACTORY,0031,ELIZABETH,SIBHOT,OUT
20210828143316,FACTORY,0073,MAIMUNA,CHAMWITI,OUT
20210828143325,FACTORY,0112,SALUM,LIKONJOGO,OUT
20210828143346,FACTORY,0117,SHOMARI,SONG'E,OUT
20210828143405,FACTORY,0120,THERESIA,MLAWA,OUT
20210828143513,FACTORY,0080,MIRAJI,JANGALU,IN
20210828143828,FACTORY,0064,KHADIJA,MAKEYA,OUT
20210828143847,FACTORY,0116,SHABANI,NGOGOMI,IN
20210828143900,FACTORY,0082,MOHAMED,MSAKA,OUT
20210828144021,FACTORY,0030,ELIZABETH,HIZZA,IN
20210828144320,FACTORY,0107,REHEMA,KIZONGO,IN
20210828144850,OFFICE,0142,WILLIAM,USANGA,OUT
20210828144859,FACTORY,0024,DAUDI,ISMAIL,IN
20210828145057,FACTORY,0063,JUMA,HAMISI,IN
20210828145529,FACTORY,0110,SAAD,MGULE,IN
20210828150133,OFFICE,0134,ALFRED,CHISAWILLO,IN
20210828151130,FACTORY,109,RUDOLF,TAIRO,IN
20210828151346,OFFICE,00140,MOHAMED,NYANGALIO,OUT
20210828152012,FACTORY,0014,ALLY ,CHANDE,OUT
20210828152212,OFFICE,0092,NEEMA,LUBAVA,OUT
20210828152627,FACTORY,0089,MWASHABANI,SWALEHE,IN
20210828152954,OFFICE,111,SAID,RWAMBO,OUT
20210828153009,OFFICE,V001,FLORA,LISANGA,OUT
20210828153046,OFFICE,0113,SALUM,MALENDA,OUT
20210828153722,OFFICE,0020,BENSON,BIMBONA,OUT
20210828160931,FACTORY,0132,ELIWAZA,KONGA,OUT
20210828165009,FACTORY,0045,HAIDARY,KIPUKA,OUT
20210828170211,OFFICE,0135,NOAH,MPANGALA,OUT
20210828171007,FACTORY,0133,FIZZA,NJOVU,OUT
20210828183325,FACTORY,0016,ASHURA,MWENE,OUT
20210828190201,FACTORY,0046,HAMNE,MAHANYU,OUT
20210828190443,FACTORY,0021,BETRAM,NTILLA,IN
20210828190610,FACTORY,0042,GABRIEL,MBEYE,IN
20210828190623,FACTORY,0057,JACKSON,MDEMU,IN
20210828190710,FACTORY,0129,ZAINABU,RIVAVODI,IN
20210828190717,FACTORY,0083,MOSES,ELIAS,OUT
20210828190927,FACTORY,0086,MWANAHAMISI,MKALIPA,OUT
20210828191033,FACTORY,0013,ALLY,SHAWEJI,OUT
20210828191040,FACTORY,0100,RAJAB,MMBAGA,IN
20210828191118,FACTORY,0115,SHABANI,KIGA,OUT
20210828192303,FACTORY,0101,RAJABU,RAJABU,IN
20210828204616,OFFICE,0119,SIKUDHANI,MOHAMED,IN
20210828205325,OFFICE,0106,REHEMA,SIGE,IN
20210828205417,OFFICE,0126,WATENDE,ALLY,IN
20210828205705,OFFICE,0067,KULUTHUM,LUSONZO,IN
20210828211105,OFFICE,0134,ALFRED,CHISAWILLO,OUT
20210828213527,FACTORY,0060,JOYCE,MASHELI,IN
20210828214320,FACTORY,0125,WALTER,MAPUNDA,IN
20210828215923,FACTORY,0098,PATRICK,ALFRED,OUT
20210828215949,FACTORY,0011,AISHA,MBONDE,OUT
20210828215953,FACTORY,0030,ELIZABETH,HIZZA,OUT
20210828220058,FACTORY,0087,MWANAMVUA,JUMAA,OUT
20210828220128,FACTORY,0089,MWASHABANI,SWALEHE,OUT
20210828220138,FACTORY,0107,REHEMA,KIZONGO,OUT
20210828220144,FACTORY,0024,DAUDI,ISMAIL,OUT
20210828220152,FACTORY,0114,SALUM,SALUM,OUT
20210828220159,FACTORY,0059,JOSEPH,SHENKOME,OUT
20210828220303,FACTORY,0015,ASHA,DIKUNGURUMA,OUT
20210828220318,FACTORY,0015,ASHA,DIKUNGURUMA,OUT
20210828220330,FACTORY,0116,SHABANI,NGOGOMI,OUT
20210828220337,FACTORY,0080,MIRAJI,JANGALU,OUT
20210828220401,FACTORY,0123,VICENT,MBUNGANI,IN
20210828220425,FACTORY,0069,LATIFA,MINTANGA,OUT
20210828220431,FACTORY,0018,BAKARI,MAULID,OUT
20210828220439,FACTORY,0025,DAUDI,KIPENGELE,IN
20210828220650,FACTORY,0063,JUMA,HAMISI,OUT
20210828220802,FACTORY,0110,SAAD,MGULE,OUT
20210828221513,FACTORY,0028,DIANA,MASIJA,IN
20210828221800,FACTORY,0118,SIKUDHANI,MGENI,IN
20210828221942,FACTORY,103,RAMADHANI,MNGAZIJA,OUT
20210828222007,FACTORY,0121,UPENDO,ZANI,OUT
20210828222232,FACTORY,109,RUDOLF,TAIRO,OUT
20210828222635,FACTORY,0056,JACOB,BELLA,IN
20210828223048,FACTORY,0049,HASHIM,JONGO,IN
20210828223357,FACTORY,0005,ABDULLATIF,KAWAMBWA,IN
20210829060637,OFFICE,0047,HAMZA ,SULTAN,IN
20210829061745,OFFICE,0088,MWARAMI,KANIKI,IN
20210829061900,OFFICE,0086,MWANAHAMISI,MKALIPA,IN
20210829061921,OFFICE,0064,KHADIJA,MAKEYA,IN
20210829064458,FACTORY,0087,MWANAMVUA,JUMAA,IN
20210829064902,FACTORY,0022,CHARLES,KIBAVU,IN
20210829064933,FACTORY,0003,ABDUL,KAPERA,IN
20210829065536,FACTORY,0054,IBRAHIM,BABONYE,IN
20210829065728,FACTORY,0066,KITAMBALA,KITAMBALA,IN
20210829065744,FACTORY,0031,ELIZABETH,SIBHOT,IN
20210829065752,FACTORY,0046,HAMNE,MAHANYU,IN
20210829065807,FACTORY,0112,SALUM,LIKONJOGO,IN
20210829065926,FACTORY,0067,KULUTHUM,LUSONZO,OUT
20210829070002,FACTORY,0119,SIKUDHANI,MOHAMED,OUT
20210829070046,FACTORY,0005,ABDULLATIF,KAWAMBWA,OUT
20210829070114,FACTORY,0125,WALTER,MAPUNDA,OUT
20210829070123,FACTORY,0118,SIKUDHANI,MGENI,OUT
20210829070129,FACTORY,0123,VICENT,MBUNGANI,OUT
20210829070207,FACTORY,0025,DAUDI,KIPENGELE,OUT
20210829070221,FACTORY,0101,RAJABU,RAJABU,OUT
20210829070238,FACTORY,0106,REHEMA,SIGE,OUT
20210829070245,FACTORY,0100,RAJAB,MMBAGA,OUT
20210829070254,FACTORY,0126,WATENDE,ALLY,OUT
20210829070320,FACTORY,0122,VERONICA,MZIA,OUT
20210829070326,FACTORY,0122,VERONICA,MZIA,OUT
20210829070334,FACTORY,0049,HASHIM,JONGO,OUT
20210829070434,FACTORY,0056,JACOB,BELLA,OUT
20210829070442,FACTORY,108,ROSE,GRIGORY,IN
20210829070506,FACTORY,0060,JOYCE,MASHELI,OUT
20210829070558,FACTORY,0011,AISHA,MBONDE,IN
20210829070634,FACTORY,0037,FATUMA,MTILILA,IN
20210829070649,FACTORY,0042,GABRIEL,MBEYE,OUT
20210829070724,FACTORY,0057,JACKSON,MDEMU,OUT
20210829070755,FACTORY,0129,ZAINABU,RIVAVODI,IN
20210829070851,FACTORY,0073,MAIMUNA,CHAMWITI,IN
20210829070905,FACTORY,0004,ABDULKADIR,JUMA,IN
20210829071203,FACTORY,0034,ERICK,TIBALILA,IN
20210829071441,FACTORY,0021,BETRAM,NTILLA,OUT
20210829071449,FACTORY,0050,HASSANI,KUNGURUMA,IN
20210829071614,FACTORY,0117,SHOMARI,SONG'E,IN
20210829073152,FACTORY,0068,LAMBART,ABELI,OUT
20210829073225,FACTORY,0069,LATIFA,MINTANGA,IN
20210829074430,FACTORY,0015,ASHA,DIKUNGURUMA,IN
20210829075700,FACTORY,0132,ELIWAZA,KONGA,IN
20210829081121,FACTORY,0028,DIANA,MASIJA,OUT
20210829081358,FACTORY,0110,SAAD,MGULE,IN
20210829100633,FACTORY,0142,WILLIAM,USANGA,IN
20210829120801,OFFICE,,PATRICK,ODAWA,IN
20210829133807,OFFICE,0047,HAMZA ,SULTAN,OUT
20210829134557,OFFICE,0121,UPENDO,ZANI,IN
20210829134723,OFFICE,0086,MWANAHAMISI,MKALIPA,OUT
20210829143107,FACTORY,0037,FATUMA,MTILILA,OUT
20210829143128,FACTORY,0088,MWARAMI,KANIKI,OUT
20210829143232,FACTORY,0064,KHADIJA,MAKEYA,OUT
20210829143238,FACTORY,108,ROSE,GRIGORY,OUT
20210829143244,FACTORY,0011,AISHA,MBONDE,OUT
20210829143253,FACTORY,0069,LATIFA,MINTANGA,OUT
20210829143259,FACTORY,0022,CHARLES,KIBAVU,OUT
20210829143306,FACTORY,0087,MWANAMVUA,JUMAA,OUT
20210829143319,FACTORY,0129,ZAINABU,RIVAVODI,OUT
20210829143354,FACTORY,0073,MAIMUNA,CHAMWITI,OUT
20210829143533,FACTORY,0117,SHOMARI,SONG'E,OUT
20210829143621,FACTORY,0046,HAMNE,MAHANYU,OUT
20210829143819,FACTORY,0112,SALUM,LIKONJOGO,OUT
20210829143836,FACTORY,0031,ELIZABETH,SIBHOT,OUT
20210829144400,FACTORY,0015,ASHA,DIKUNGURUMA,OUT
20210829144524,FACTORY,0110,SAAD,MGULE,OUT
20210829144904,FACTORY,0050,HASSANI,KUNGURUMA,IN
20210829144941,FACTORY,0050,HASSANI,KUNGURUMA,OUT
20210829182402,FACTORY,0132,ELIWAZA,KONGA,OUT
20210829182812,FACTORY,0142,WILLIAM,USANGA,OUT
20210829184831,FACTORY,0029,DUNIA,BOGOZO,IN
20210829184840,FACTORY,0023,CLINTON,MKUDE,IN
20210829185528,FACTORY,0004,ABDULKADIR,JUMA,OUT
20210829185612,FACTORY,0071,LEONARD,NZIGE,IN
20210829190228,FACTORY,0054,IBRAHIM,BABONYE,OUT
20210829190929,FACTORY,0034,ERICK,TIBALILA,OUT
20210829191412,FACTORY,0066,KITAMBALA,KITAMBALA,OUT
20210829192104,FACTORY,0003,ABDUL,KAPERA,OUT
20210829211626,FACTORY,0051,HASSAN,SULEIMAN,IN
20210829221733,FACTORY,0121,UPENDO,ZANI,OUT
20210830053644,OFFICE,0020,BENSON,BIMBONA,IN
20210830055031,OFFICE,0135,NOAH,MPANGALA,IN
20210830060236,OFFICE,0134,ALFRED,CHISAWILLO,IN
20210830060958,OFFICE,0028,DIANA,MASIJA,IN
20210830061351,OFFICE,0019,BEATRICE,MALLE,IN
20210830063052,FACTORY,0032,EMMANUEL,MILYANGO,IN
20210830063337,OFFICE,0044,HADIJA,KIVINA,IN
20210830064159,FACTORY,0056,JACOB,BELLA,IN
20210830064217,FACTORY,0003,ABDUL,KAPERA,IN
20210830064433,FACTORY,0060,JOYCE,MASHELI,IN
20210830064748,FACTORY,0025,DAUDI,KIPENGELE,IN
20210830064757,OFFICE,0048,HAPPY,AKARO,IN
20210830065109,FACTORY,0018,BAKARI,MAULID,IN
20210830065119,FACTORY,0098,PATRICK,ALFRED,IN
20210830065133,FACTORY,0081,MOHAMED,MOLLI,IN
20210830065345,FACTORY,0116,SHABANI,NGOGOMI,IN
20210830065408,FACTORY,0059,JOSEPH,SHENKOME,IN
20210830065416,OFFICE,,PATRICK,ODAWA,IN
20210830065427,FACTORY,0090,MWAZANI,MKINDE,IN
20210830065445,FACTORY,0004,ABDULKADIR,JUMA,IN
20210830065453,FACTORY,0080,MIRAJI,JANGALU,IN
20210830065527,FACTORY,0030,ELIZABETH,HIZZA,IN
20210830065750,FACTORY,0112,SALUM,LIKONJOGO,IN
20210830065811,FACTORY,0034,ERICK,TIBALILA,IN
20210830065833,FACTORY,0054,IBRAHIM,BABONYE,IN
20210830065913,FACTORY,0067,KULUTHUM,LUSONZO,IN
20210830070050,FACTORY,0129,ZAINABU,RIVAVODI,IN
20210830070058,FACTORY,0119,SIKUDHANI,MOHAMED,IN
20210830070107,FACTORY,0069,LATIFA,MINTANGA,IN
20210830070147,FACTORY,0071,LEONARD,NZIGE,OUT
20210830070228,FACTORY,0123,VICENT,MBUNGANI,IN
20210830070300,FACTORY,0023,CLINTON,MKUDE,OUT
20210830070331,OFFICE,0113,SALUM,MALENDA,IN
20210830070342,OFFICE,0092,NEEMA,LUBAVA,IN
20210830070416,FACTORY,0029,DUNIA,BOGOZO,OUT
20210830070452,FACTORY,0051,HASSAN,SULEIMAN,OUT
20210830070500,FACTORY,0066,KITAMBALA,KITAMBALA,IN
20210830070528,OFFICE,0099,PRISCA,ALPHONCE,IN
20210830070604,FACTORY,0037,FATUMA,MTILILA,IN
20210830070735,FACTORY,0122,VERONICA,MZIA,IN
20210830070826,FACTORY,0126,WATENDE,ALLY,IN
20210830071342,FACTORY,0026,DAVID,KINDOLE,OUT
20210830071557,FACTORY,0082,MOHAMED,MSAKA,IN
20210830071700,OFFICE,V002,ZAITUNI,SIMBA,IN
20210830071830,OFFICE,00140,MOHAMED,NYANGALIO,IN
20210830072410,OFFICE,V001,FLORA,LISANGA,IN
20210830073341,OFFICE,0130,SUDI,UKONDWA,IN
20210830074614,FACTORY,103,RAMADHANI,MNGAZIJA,IN
20210830075317,FACTORY,0088,MWARAMI,KANIKI,IN
20210830075324,FACTORY,0133,FIZZA,NJOVU,IN
20210830075711,FACTORY,0079,MIRAJI,MNGAZIJA,IN
20210830075736,FACTORY,111,SAID,RWAMBO,IN
20210830075748,FACTORY,0045,HAIDARY,KIPUKA,IN
20210830075812,FACTORY,0132,ELIWAZA,KONGA,IN
20210830080517,FACTORY,136,PETER,MALLYA,IN
20210830081508,OFFICE,0124,VICTOR,NGUJI,IN
20210830081514,OFFICE,0124,VICTOR,NGUJI,IN
20210830101544,FACTORY,0015,ASHA,DIKUNGURUMA,IN
