20210710061234,OFFICE,0057,JACKSON,MDEMU,IN
20210710062849,OFFICE,0025,DAUDI,KIPENGELE,IN
20210710062947,OFFICE,0087,MWANAMVUA,JUMAA,IN
20210710063116,OFFICE,0035,EVALISTA,MAKUWA,IN
20210710063200,OFFICE,0120,THERESIA,MLAWA,IN
20210710063940,OFFICE,0020,BENSON,BIMBONA,IN
20210710064806,FACTORY,0059,JOSEPH,SHENKOME,IN
20210710064940,FACTORY,0032,EMMANUEL,MILYANGO,IN
20210710065021,OFFICE,111,SAID,RWAMBO,IN
20210710065202,FACTORY,0015,ASHA,DIKUNGURUMA,IN
20210710065210,FACTORY,0016,ASHURA,MWENE,IN
20210710065305,FACTORY,0090,MWAZANI,MKINDE,IN
20210710065341,FACTORY,0022,CHARLES,KIBAVU,IN
20210710065356,FACTORY,0098,PATRICK,ALFRED,IN
20210710065535,FACTORY,0068,LAMBART,ABELI,OUT
20210710065546,FACTORY,0068,LAMBART,ABELI,IN
20210710065552,FACTORY,0068,LAMBART,ABELI,IN
20210710065640,FACTORY,0017,ATHUMANI,MOHAMED,IN
20210710065916,OFFICE,0047,HAMZA ,SULTAN,IN
20210710070043,FACTORY,0082,MOHAMED,MSAKA,IN
20210710070131,FACTORY,0018,BAKARI,MAULID,IN
20210710070255,FACTORY,0069,LATIFA,MINTANGA,IN
20210710070301,FACTORY,128,YUSUPH,MTAMBO,IN
20210710070455,FACTORY,0054,IBRAHIM,BABONYE,OUT
20210710070514,FACTORY,0071,LEONARD,NZIGE,IN
20210710070537,FACTORY,0129,ZAINABU,RIVAVODI,IN
20210710070543,FACTORY,0046,HAMNE,MAHANYU,IN
20210710070550,FACTORY,108,ROSE,GRIGORY,IN
20210710070623,OFFICE,0042,GABRIEL,MBEYE,IN
20210710070652,FACTORY,0123,VICENT,MBUNGANI,IN
20210710070755,FACTORY,0013,ALLY,SHAWEJI,IN
20210710070916,FACTORY,0137,JANETH,TENDEGA,OUT
20210710070916,FACTORY,0137,JANETH,TENDEGA,OUT
20210710070955,FACTORY,0101,RAJABU,RAJABU,OUT
20210710071152,FACTORY,0051,HASSAN,SULEIMAN,IN
20210710071449,OFFICE,0028,DIANA,MASIJA,OUT
20210710071605,FACTORY,0077,MATTO,MSANGI,IN
20210710071753,FACTORY,109,RUDOLF,TAIRO,OUT
20210710072105,FACTORY,105,RAMADHANI,KASSIM,IN
20210710072325,FACTORY,0031,ELIZABETH,SIBHOT,IN
20210710072446,FACTORY,0043,GEORGINA,MILLINGA,IN
20210710072634,FACTORY,0026,DAVID,KINDOLE,OUT
20210710072922,OFFICE,0135,NOAH,MPANGALA,IN
20210710073328,FACTORY,0050,HASSANI,KUNGURUMA,IN
20210710074149,FACTORY,0072,MAGRETH,BANDA,IN
20210710074330,OFFICE,103,RAMADHANI,MNGAZIJA,IN
20210710074822,OFFICE,0008,AGNES,MUHINGA,IN
20210710074936,FACTORY,0079,MIRAJI,MNGAZIJA,IN
20210710075226,FACTORY,0064,KHADIJA,MAKEYA,IN
20210710075533,FACTORY,0089,MWASHABANI,SWALEHE,IN
20210710075608,OFFICE,0044,HADIJA,KIVINA,IN
20210710075812,OFFICE,0058,JANETH,SIRIWA,IN
20210710080822,OFFICE,0113,SALUM,MALENDA,IN
20210710081040,OFFICE,0040,FRANK,MARIKI,IN
20210710081206,OFFICE,V003,ALLY,ALLY,IN
20210710081303,FACTORY,0045,HAIDARY,KIPUKA,IN
20210710081558,OFFICE,0133,FIZZA,NJOVU,IN
20210710082520,FACTORY,0110,SAAD,MGULE,IN
20210710082914,OFFICE,0019,BEATRICE,MALLE,IN
20210710084530,OFFICE,0006,ABRAHAM,MCHOME,IN
20210710091511,OFFICE,0130,SUDI,UKONDWA,IN
20210710091525,OFFICE,V002,ZAITUNI,SIMBA,IN
20210710095823,FACTORY,0122,VERONICA,MZIA,IN
20210710100127,FACTORY,0011,AISHA,MBONDE,IN
20210710103120,FACTORY,0126,WATENDE,ALLY,IN
20210710111534,FACTORY,0086,MWANAHAMISI,MKALIPA,IN
20210710122704,FACTORY,0013,ALLY,SHAWEJI,OUT
20210710125342,OFFICE,0020,BENSON,BIMBONA,OUT
20210710125452,FACTORY,0079,MIRAJI,MNGAZIJA,OUT
20210710130147,FACTORY,0088,MWARAMI,KANIKI,OUT
20210710130302,OFFICE,0040,FRANK,MARIKI,OUT
20210710131100,OFFICE,0044,HADIJA,KIVINA,OUT
20210710131113,OFFICE,0058,JANETH,SIRIWA,OUT
20210710131137,OFFICE,0048,HAPPY,AKARO,OUT
20210710131757,OFFICE,V002,ZAITUNI,SIMBA,OUT
20210710131819,OFFICE,0019,BEATRICE,MALLE,OUT
20210710132833,OFFICE,0130,SUDI,UKONDWA,OUT
20210710133041,OFFICE,0008,AGNES,MUHINGA,OUT
20210710140740,OFFICE,111,SAID,RWAMBO,OUT
20210710141131,FACTORY,0001,ABDALLAH,ZAYUMBA,IN
20210710141416,FACTORY,0003,ABDUL,KAPERA,IN
20210710141833,OFFICE,0006,ABRAHAM,MCHOME,OUT
20210710142413,FACTORY,0004,ABDULKADIR,JUMA,IN
20210710142433,FACTORY,0132,ELIWAZA,KONGA,IN
20210710142528,FACTORY,0116,SHABANI,NGOGOMI,IN
20210710142618,FACTORY,0055,IMAMU,KIBINDO,IN
20210710142839,FACTORY,0041,FRED,MBUNDA,IN
20210710142851,FACTORY,0029,DUNIA,BOGOZO,IN
20210710142851,OFFICE,0134,ALFRED,CHISAWILLO,IN
20210710142859,FACTORY,0032,EMMANUEL,MILYANGO,OUT
20210710142939,FACTORY,0030,ELIZABETH,HIZZA,IN
20210710142945,FACTORY,0031,ELIZABETH,SIBHOT,OUT
20210710143006,FACTORY,0089,MWASHABANI,SWALEHE,OUT
20210710143013,FACTORY,0090,MWAZANI,MKINDE,OUT
20210710143028,FACTORY,0018,BAKARI,MAULID,OUT
20210710143035,FACTORY,0017,ATHUMANI,MOHAMED,OUT
20210710143043,FACTORY,0025,DAUDI,KIPENGELE,OUT
20210710143106,FACTORY,0059,JOSEPH,SHENKOME,OUT
20210710143117,FACTORY,0087,MWANAMVUA,JUMAA,OUT
20210710143126,FACTORY,0022,CHARLES,KIBAVU,OUT
20210710143135,FACTORY,0014,ALLY ,CHANDE,IN
20210710143158,FACTORY,0016,ASHURA,MWENE,OUT
20210710143228,FACTORY,0064,KHADIJA,MAKEYA,OUT
20210710143234,FACTORY,0091,MWINYI,KIHAGA,IN
20210710143239,OFFICE,0077,MATTO,MSANGI,OUT
20210710143240,FACTORY,108,ROSE,GRIGORY,OUT
20210710143248,FACTORY,0024,DAUDI,ISMAIL,IN
20210710143356,FACTORY,0035,EVALISTA,MAKUWA,OUT
20210710143413,FACTORY,0110,SAAD,MGULE,OUT
20210710143450,FACTORY,0098,PATRICK,ALFRED,OUT
20210710143505,FACTORY,128,YUSUPH,MTAMBO,OUT
20210710143511,FACTORY,0071,LEONARD,NZIGE,OUT
20210710143630,OFFICE,0047,HAMZA ,SULTAN,OUT
20210710143805,FACTORY,0051,HASSAN,SULEIMAN,IN
20210710143810,FACTORY,0004,ABDULKADIR,JUMA,IN
20210710143815,FACTORY,0068,LAMBART,ABELI,OUT
20210710143821,FACTORY,0117,SHOMARI,SONG'E,IN
20210710143828,FACTORY,0114,SALUM,SALUM,IN
20210710143922,FACTORY,0034,ERICK,TIBALILA,IN
20210710143927,OFFICE,0121,UPENDO,ZANI,IN
20210710143956,FACTORY,0073,MAIMUNA,CHAMWITI,IN
20210710144347,FACTORY,V007,MWAMINI,OMARY,IN
20210710144433,FACTORY,0023,CLINTON,MKUDE,IN
20210710144441,FACTORY,0063,JUMA,HAMISI,IN
20210710144453,FACTORY,0042,GABRIEL,MBEYE,OUT
20210710144520,FACTORY,0057,JACKSON,MDEMU,OUT
20210710145130,FACTORY,0082,MOHAMED,MSAKA,OUT
20210710145221,OFFICE,0120,THERESIA,MLAWA,OUT
20210710145616,FACTORY,0123,VICENT,MBUNGANI,OUT
20210710145718,FACTORY,0049,HASHIM,JONGO,IN
20210710145726,OFFICE,103,RAMADHANI,MNGAZIJA,OUT
20210710145917,FACTORY,0045,HAIDARY,KIPUKA,OUT
20210710150004,FACTORY,0072,MAGRETH,BANDA,OUT
20210710150900,OFFICE,V003,ALLY,ALLY,OUT
20210710150925,OFFICE,0113,SALUM,MALENDA,OUT
20210710151017,FACTORY,0133,FIZZA,NJOVU,OUT
20210710151100,FACTORY,0005,ABDULLATIF,KAWAMBWA,IN
20210710151532,FACTORY,0106,REHEMA,SIGE,IN
20210710153745,FACTORY,0080,MIRAJI,JANGALU,IN
20210710153833,FACTORY,0050,HASSANI,KUNGURUMA,OUT
20210710160450,FACTORY,0107,REHEMA,KIZONGO,IN
20210710181449,OFFICE,0135,NOAH,MPANGALA,OUT
20210710190134,FACTORY,0129,ZAINABU,RIVAVODI,OUT
20210710190314,FACTORY,0015,ASHA,DIKUNGURUMA,OUT
20210710190353,FACTORY,0069,LATIFA,MINTANGA,OUT
20210710190410,FACTORY,0043,GEORGINA,MILLINGA,OUT
20210710214625,FACTORY,0084,MRISHO,HAUYESHI,IN
20210710215332,FACTORY,0026,DAVID,KINDOLE,IN
20210710215502,FACTORY,0137,JANETH,TENDEGA,IN
20210710215502,FACTORY,0137,JANETH,TENDEGA,IN
20210710215511,FACTORY,0055,IMAMU,KIBINDO,OUT
20210710215518,FACTORY,0054,IBRAHIM,BABONYE,IN
20210710215545,FACTORY,0081,MOHAMED,MOLLI,IN
20210710215740,FACTORY,0024,DAUDI,ISMAIL,OUT
20210710215856,FACTORY,0024,DAUDI,ISMAIL,OUT
20210710215906,FACTORY,0041,FRED,MBUNDA,OUT
20210710215912,FACTORY,0116,SHABANI,NGOGOMI,OUT
20210710215917,FACTORY,0117,SHOMARI,SONG'E,OUT
20210710215930,FACTORY,0023,CLINTON,MKUDE,OUT
20210710215936,FACTORY,0073,MAIMUNA,CHAMWITI,OUT
20210710215947,FACTORY,0030,ELIZABETH,HIZZA,OUT
20210710215957,FACTORY,0029,DUNIA,BOGOZO,OUT
20210710220004,FACTORY,V007,MWAMINI,OMARY,OUT
20210710220015,FACTORY,0106,REHEMA,SIGE,OUT
20210710220021,FACTORY,0126,WATENDE,ALLY,OUT
20210710220039,OFFICE,0114,SALUM,SALUM,OUT
20210710220042,FACTORY,0004,ABDULKADIR,JUMA,OUT
20210710220103,FACTORY,0086,MWANAHAMISI,MKALIPA,OUT
20210710220125,FACTORY,0063,JUMA,HAMISI,OUT
20210710220131,FACTORY,0011,AISHA,MBONDE,OUT
20210710220142,FACTORY,0107,REHEMA,KIZONGO,OUT
20210710220148,FACTORY,0049,HASHIM,JONGO,OUT
20210710220154,FACTORY,0122,VERONICA,MZIA,OUT
20210710220201,FACTORY,0014,ALLY ,CHANDE,OUT
20210710220246,FACTORY,109,RUDOLF,TAIRO,IN
20210710220246,OFFICE,0134,ALFRED,CHISAWILLO,OUT
20210710220318,FACTORY,0001,ABDALLAH,ZAYUMBA,OUT
20210710220325,FACTORY,0091,MWINYI,KIHAGA,OUT
20210710220338,FACTORY,0034,ERICK,TIBALILA,OUT
20210710220539,FACTORY,0005,ABDULLATIF,KAWAMBWA,OUT
20210710220546,FACTORY,0080,MIRAJI,JANGALU,OUT
20210710220554,FACTORY,0003,ABDUL,KAPERA,OUT
20210710220858,FACTORY,0132,ELIWAZA,KONGA,OUT
20210710221509,FACTORY,0101,RAJABU,RAJABU,IN
20210710221830,OFFICE,0121,UPENDO,ZANI,OUT
20210710222745,OFFICE,0028,DIANA,MASIJA,IN
20210711061453,FACTORY,0015,ASHA,DIKUNGURUMA,IN
20210711063413,OFFICE,0087,MWANAMVUA,JUMAA,IN
20210711063552,OFFICE,0126,WATENDE,ALLY,IN
20210711063748,FACTORY,0035,EVALISTA,MAKUWA,IN
20210711064553,OFFICE,0120,THERESIA,MLAWA,IN
20210711065357,OFFICE,0089,MWASHABANI,SWALEHE,OUT
20210711065424,OFFICE,0043,GEORGINA,MILLINGA,IN
20210711065612,FACTORY,0071,LEONARD,NZIGE,IN
20210711065718,FACTORY,0046,HAMNE,MAHANYU,IN
20210711065733,FACTORY,0064,KHADIJA,MAKEYA,IN
20210711065846,FACTORY,0090,MWAZANI,MKINDE,IN
20210711070126,FACTORY,0051,HASSAN,SULEIMAN,IN
20210711070138,OFFICE,0073,MAIMUNA,CHAMWITI,IN
20210711070145,FACTORY,0137,JANETH,TENDEGA,OUT
20210711070145,FACTORY,0137,JANETH,TENDEGA,OUT
20210711070154,FACTORY,0068,LAMBART,ABELI,IN
20210711070215,OFFICE,0106,REHEMA,SIGE,IN
20210711070507,FACTORY,0101,RAJABU,RAJABU,OUT
20210711070515,FACTORY,0054,IBRAHIM,BABONYE,OUT
20210711070602,FACTORY,128,YUSUPH,MTAMBO,IN
20210711070631,FACTORY,109,RUDOLF,TAIRO,OUT
20210711070739,FACTORY,0011,AISHA,MBONDE,IN
20210711070858,FACTORY,0026,DAVID,KINDOLE,OUT
20210711071112,FACTORY,0084,MRISHO,HAUYESHI,OUT
20210711071131,FACTORY,0081,MOHAMED,MOLLI,OUT
20210711071219,FACTORY,0122,VERONICA,MZIA,IN
20210711071225,FACTORY,0016,ASHURA,MWENE,IN
20210711071231,FACTORY,0069,LATIFA,MINTANGA,IN
20210711071732,FACTORY,0110,SAAD,MGULE,IN
20210711071810,OFFICE,0028,DIANA,MASIJA,OUT
20210711072452,FACTORY,108,ROSE,GRIGORY,IN
20210711072535,OFFICE,0047,HAMZA ,SULTAN,IN
20210711074053,FACTORY,0032,EMMANUEL,MILYANGO,IN
20210711074208,OFFICE,0042,GABRIEL,MBEYE,IN
20210711084144,OFFICE,0133,FIZZA,NJOVU,IN
20210711140303,OFFICE,0004,ABDULKADIR,JUMA,IN
20210711141308,FACTORY,0003,ABDUL,KAPERA,IN
20210711142223,FACTORY,0023,CLINTON,MKUDE,IN
20210711142933,FACTORY,0015,ASHA,DIKUNGURUMA,OUT
20210711142939,FACTORY,0089,MWASHABANI,SWALEHE,OUT
20210711142946,FACTORY,0090,MWAZANI,MKINDE,OUT
20210711143003,FACTORY,0035,EVALISTA,MAKUWA,OUT
20210711143010,FACTORY,0016,ASHURA,MWENE,OUT
20210711143017,FACTORY,0069,LATIFA,MINTANGA,OUT
20210711143026,FACTORY,108,ROSE,GRIGORY,OUT
20210711143033,FACTORY,0126,WATENDE,ALLY,OUT
20210711143044,FACTORY,0087,MWANAMVUA,JUMAA,OUT
20210711143051,FACTORY,0064,KHADIJA,MAKEYA,OUT
20210711143058,FACTORY,0046,HAMNE,MAHANYU,OUT
20210711143105,FACTORY,0073,MAIMUNA,CHAMWITI,OUT
20210711143116,FACTORY,0011,AISHA,MBONDE,OUT
20210711143123,FACTORY,0043,GEORGINA,MILLINGA,OUT
20210711143130,FACTORY,0122,VERONICA,MZIA,OUT
20210711143239,FACTORY,0034,ERICK,TIBALILA,IN
20210711143301,FACTORY,0051,HASSAN,SULEIMAN,OUT
20210711143323,OFFICE,0106,REHEMA,SIGE,OUT
20210711143402,OFFICE,0047,HAMZA ,SULTAN,OUT
20210711143422,OFFICE,0121,UPENDO,ZANI,IN
20210711143504,FACTORY,0110,SAAD,MGULE,OUT
20210711143512,FACTORY,0071,LEONARD,NZIGE,OUT
20210711143545,FACTORY,128,YUSUPH,MTAMBO,OUT
20210711143552,FACTORY,0068,LAMBART,ABELI,OUT
20210711144007,FACTORY,0133,FIZZA,NJOVU,OUT
20210711144037,OFFICE,0120,THERESIA,MLAWA,OUT
20210711144113,FACTORY,0029,DUNIA,BOGOZO,IN
20210711144915,FACTORY,0057,JACKSON,MDEMU,OUT
20210711145044,FACTORY,0042,GABRIEL,MBEYE,OUT
20210711152324,FACTORY,0032,EMMANUEL,MILYANGO,OUT
20210711152531,OFFICE,0132,ELIWAZA,KONGA,IN
20210711221229,FACTORY,0132,ELIWAZA,KONGA,OUT
20210711221325,FACTORY,0029,DUNIA,BOGOZO,OUT
20210711222126,OFFICE,0121,UPENDO,ZANI,OUT
20210711222844,FACTORY,0023,CLINTON,MKUDE,OUT
20210711222850,FACTORY,0003,ABDUL,KAPERA,OUT
20210711222903,FACTORY,0034,ERICK,TIBALILA,OUT
20210711223410,OFFICE,0004,ABDULKADIR,JUMA,OUT
20210712062124,OFFICE,111,SAID,RWAMBO,IN
20210712062918,FACTORY,0087,MWANAMVUA,JUMAA,IN
20210712063205,OFFICE,0020,BENSON,BIMBONA,IN
20210712063219,OFFICE,0001,ABDALLAH,ZAYUMBA,IN
20210712064602,OFFICE,0134,ALFRED,CHISAWILLO,IN
20210712064820,FACTORY,0035,EVALISTA,MAKUWA,IN
20210712064848,FACTORY,0084,MRISHO,HAUYESHI,IN
20210712065152,FACTORY,0122,VERONICA,MZIA,IN
20210712065218,FACTORY,0022,CHARLES,KIBAVU,IN
20210712065434,FACTORY,0116,SHABANI,NGOGOMI,IN
20210712065557,FACTORY,0011,AISHA,MBONDE,IN
20210712065639,FACTORY,0041,FRED,MBUNDA,IN
20210712065929,FACTORY,0126,WATENDE,ALLY,IN
20210712065939,FACTORY,V007,MWAMINI,OMARY,IN
20210712065947,FACTORY,0046,HAMNE,MAHANYU,IN
20210712065952,FACTORY,0055,IMAMU,KIBINDO,IN
20210712070003,FACTORY,0123,VICENT,MBUNGANI,IN
20210712070219,FACTORY,0081,MOHAMED,MOLLI,IN
20210712070235,FACTORY,0129,ZAINABU,RIVAVODI,IN
20210712070406,FACTORY,0091,MWINYI,KIHAGA,IN
20210712070555,FACTORY,0073,MAIMUNA,CHAMWITI,IN
20210712070946,FACTORY,0024,DAUDI,ISMAIL,IN
20210712071052,FACTORY,0086,MWANAHAMISI,MKALIPA,IN
20210712071425,FACTORY,0063,JUMA,HAMISI,IN
20210712071710,OFFICE,0044,HADIJA,KIVINA,IN
20210712071720,FACTORY,0077,MATTO,MSANGI,IN
20210712071726,FACTORY,105,RAMADHANI,KASSIM,IN
20210712071819,FACTORY,0072,MAGRETH,BANDA,IN
20210712071953,FACTORY,0005,ABDULLATIF,KAWAMBWA,IN
20210712072219,OFFICE,0028,DIANA,MASIJA,IN
20210712072219,FACTORY,0110,SAAD,MGULE,IN
20210712072405,FACTORY,0054,IBRAHIM,BABONYE,IN
20210712072908,FACTORY,0106,REHEMA,SIGE,IN
20210712073026,FACTORY,0031,ELIZABETH,SIBHOT,IN
20210712073225,FACTORY,0049,HASHIM,JONGO,IN
20210712073244,FACTORY,0101,RAJABU,RAJABU,IN
20210712073445,OFFICE,0058,JANETH,SIRIWA,IN
20210712073703,OFFICE,0040,FRANK,MARIKI,IN
20210712073850,OFFICE,0008,AGNES,MUHINGA,IN
20210712075746,FACTORY,0142,WILLIAM,USANGA,IN
20210712080007,FACTORY,0079,MIRAJI,MNGAZIJA,IN
20210712080028,OFFICE,0048,HAPPY,AKARO,IN
20210712080359,OFFICE,0113,SALUM,MALENDA,IN
20210712080912,OFFICE,0019,BEATRICE,MALLE,IN
20210712080930,OFFICE,,PATRICK,ODAWA,IN
20210712081248,OFFICE,0133,FIZZA,NJOVU,IN
20210712081321,FACTORY,0045,HAIDARY,KIPUKA,IN
20210712081702,FACTORY,0088,MWARAMI,KANIKI,IN
20210712082515,OFFICE,V002,ZAITUNI,SIMBA,IN
20210712083032,OFFICE,0130,SUDI,UKONDWA,IN
20210712083334,OFFICE,0076,ANNA, IRENGO,IN
20210712083901,OFFICE,0006,ABRAHAM,MCHOME,IN
20210712101558,FACTORY,0069,LATIFA,MINTANGA,IN
20210712102344,FACTORY,0015,ASHA,DIKUNGURUMA,IN
20210712104325,FACTORY,0043,GEORGINA,MILLINGA,IN
20210712105807,FACTORY,0064,KHADIJA,MAKEYA,IN
20210712111516,OFFICE,0130,SUDI,UKONDWA,OUT
20210712120120,FACTORY,0005,ABDULLATIF,KAWAMBWA,OUT
20210712141144,FACTORY,0068,LAMBART,ABELI,IN
20210712142221,FACTORY,0071,LEONARD,NZIGE,IN
20210712142345,FACTORY,0132,ELIWAZA,KONGA,IN
20210712142618,FACTORY,103,RAMADHANI,MNGAZIJA,IN
20210712142623,FACTORY,0016,ASHURA,MWENE,IN
20210712142655,FACTORY,0114,SALUM,SALUM,IN
20210712142829,FACTORY,0056,JACOB,BELLA,IN
20210712142834,FACTORY,0137,JANETH,TENDEGA,IN
20210712142834,FACTORY,0137,JANETH,TENDEGA,IN
20210712142842,FACTORY,0018,BAKARI,MAULID,IN
20210712142932,FACTORY,0017,ATHUMANI,MOHAMED,IN
20210712142938,FACTORY,0059,JOSEPH,SHENKOME,OUT
20210712142947,FACTORY,0090,MWAZANI,MKINDE,IN
20210712142956,FACTORY,0057,JACKSON,MDEMU,IN
20210712143004,FACTORY,0025,DAUDI,KIPENGELE,IN
20210712143009,FACTORY,0041,FRED,MBUNDA,OUT
20210712143018,FACTORY,0077,MATTO,MSANGI,OUT
20210712143037,FACTORY,0026,DAVID,KINDOLE,IN
20210712143051,FACTORY,109,RUDOLF,TAIRO,IN
20210712143143,FACTORY,0087,MWANAMVUA,JUMAA,OUT
20210712143149,FACTORY,0042,GABRIEL,MBEYE,IN
20210712143155,FACTORY,V007,MWAMINI,OMARY,OUT
20210712143305,FACTORY,0055,IMAMU,KIBINDO,OUT
20210712143337,FACTORY,0024,DAUDI,ISMAIL,OUT
20210712143349,FACTORY,0080,MIRAJI,JANGALU,IN
20210712143442,FACTORY,0035,EVALISTA,MAKUWA,OUT
20210712143448,FACTORY,0067,KULUTHUM,LUSONZO,IN
20210712143516,FACTORY,0022,CHARLES,KIBAVU,OUT
20210712143521,FACTORY,0084,MRISHO,HAUYESHI,OUT
20210712143609,FACTORY,0031,ELIZABETH,SIBHOT,OUT
20210712143645,FACTORY,0049,HASHIM,JONGO,OUT
20210712143741,FACTORY,0107,REHEMA,KIZONGO,IN
20210712143802,FACTORY,0081,MOHAMED,MOLLI,OUT
20210712143819,FACTORY,0063,JUMA,HAMISI,OUT
20210712143858,FACTORY,108,ROSE,GRIGORY,IN
20210712143904,FACTORY,0054,IBRAHIM,BABONYE,OUT
20210712143910,FACTORY,0129,ZAINABU,RIVAVODI,OUT
20210712143928,FACTORY,0001,ABDALLAH,ZAYUMBA,OUT
20210712143934,FACTORY,0091,MWINYI,KIHAGA,OUT
20210712144436,FACTORY,0089,MWASHABANI,SWALEHE,IN
20210712144454,FACTORY,0101,RAJABU,RAJABU,OUT
20210712144500,FACTORY,0123,VICENT,MBUNGANI,OUT
20210712144521,FACTORY,128,YUSUPH,MTAMBO,IN
20210712144551,OFFICE,0076,ANNA, IRENGO,IN
20210712144558,OFFICE,0076,ANNA, IRENGO,OUT
20210712144744,OFFICE,0134,ALFRED,CHISAWILLO,OUT
20210712145033,OFFICE,0028,DIANA,MASIJA,OUT
20210712150304,FACTORY,0051,HASSAN,SULEIMAN,IN
20210712161610,OFFICE,0020,BENSON,BIMBONA,OUT
20210712163345,FACTORY,0032,EMMANUEL,MILYANGO,OUT
20210712170001,FACTORY,0088,MWARAMI,KANIKI,OUT
20210712170300,OFFICE,0044,HADIJA,KIVINA,OUT
20210712170308,OFFICE,0040,FRANK,MARIKI,OUT
20210712170342,FACTORY,0110,SAAD,MGULE,OUT
20210712170423,OFFICE,0006,ABRAHAM,MCHOME,OUT
20210712171449,FACTORY,0116,SHABANI,NGOGOMI,OUT
20210712171825,OFFICE,V002,ZAITUNI,SIMBA,OUT
20210712172002,OFFICE,0008,AGNES,MUHINGA,OUT
20210712172913,OFFICE,0019,BEATRICE,MALLE,OUT
20210712173036,OFFICE,,PATRICK,ODAWA,OUT
20210712173150,OFFICE,0048,HAPPY,AKARO,OUT
20210712181416,OFFICE,0142,WILLIAM,USANGA,OUT
20210712182120,OFFICE,0133,FIZZA,NJOVU,OUT
20210712185635,FACTORY,0086,MWANAHAMISI,MKALIPA,OUT
20210712190006,FACTORY,0106,REHEMA,SIGE,OUT
20210712190013,FACTORY,0073,MAIMUNA,CHAMWITI,OUT
20210712190018,FACTORY,0072,MAGRETH,BANDA,OUT
20210712190027,FACTORY,0046,HAMNE,MAHANYU,OUT
20210712190131,FACTORY,0122,VERONICA,MZIA,OUT
20210712190240,FACTORY,0011,AISHA,MBONDE,OUT
20210712190443,FACTORY,0126,WATENDE,ALLY,OUT
20210712190543,OFFICE,0120,THERESIA,MLAWA,IN
20210712195610,FACTORY,0079,MIRAJI,MNGAZIJA,OUT
20210712200500,OFFICE,111,SAID,RWAMBO,OUT
20210712201747,FACTORY,105,RAMADHANI,KASSIM,OUT
20210712204408,OFFICE,V003,ALLY,ALLY,OUT
20210712204424,OFFICE,0113,SALUM,MALENDA,OUT
20210712212250,FACTORY,0045,HAIDARY,KIPUKA,OUT
20210712214409,FACTORY,0029,DUNIA,BOGOZO,IN
20210712214638,FACTORY,0034,ERICK,TIBALILA,IN
20210712215223,FACTORY,0003,ABDUL,KAPERA,IN
20210712215546,FACTORY,0014,ALLY ,CHANDE,IN
20210712215716,FACTORY,0023,CLINTON,MKUDE,IN
20210712215826,FACTORY,0004,ABDULKADIR,JUMA,IN
20210712215918,FACTORY,0089,MWASHABANI,SWALEHE,OUT
20210712215925,FACTORY,0090,MWAZANI,MKINDE,OUT
20210712215954,FACTORY,0107,REHEMA,KIZONGO,OUT
20210712220000,FACTORY,0017,ATHUMANI,MOHAMED,OUT
20210712220008,FACTORY,0067,KULUTHUM,LUSONZO,OUT
20210712220014,FACTORY,0016,ASHURA,MWENE,OUT
20210712220020,FACTORY,0030,ELIZABETH,HIZZA,IN
20210712220027,FACTORY,0056,JACOB,BELLA,OUT
20210712220030,OFFICE,0114,SALUM,SALUM,OUT
20210712220035,FACTORY,0069,LATIFA,MINTANGA,OUT
20210712220041,FACTORY,103,RAMADHANI,MNGAZIJA,OUT
20210712220052,FACTORY,0015,ASHA,DIKUNGURUMA,OUT
20210712220058,FACTORY,0025,DAUDI,KIPENGELE,OUT
20210712220105,FACTORY,0080,MIRAJI,JANGALU,OUT
20210712220111,FACTORY,0018,BAKARI,MAULID,OUT
20210712220116,FACTORY,0059,JOSEPH,SHENKOME,OUT
20210712220138,FACTORY,128,YUSUPH,MTAMBO,OUT
20210712220149,FACTORY,128,YUSUPH,MTAMBO,OUT
20210712220221,OFFICE,0047,HAMZA ,SULTAN,OUT
20210712220520,FACTORY,0057,JACKSON,MDEMU,OUT
20210712220532,FACTORY,0071,LEONARD,NZIGE,OUT
20210712220634,FACTORY,0042,GABRIEL,MBEYE,OUT
20210712220641,FACTORY,0051,HASSAN,SULEIMAN,OUT
20210712220654,FACTORY,108,ROSE,GRIGORY,OUT
20210712220712,FACTORY,0064,KHADIJA,MAKEYA,OUT
20210712220722,FACTORY,0043,GEORGINA,MILLINGA,OUT
20210712220819,FACTORY,0137,JANETH,TENDEGA,OUT
20210712220819,FACTORY,0137,JANETH,TENDEGA,OUT
20210712221144,FACTORY,109,RUDOLF,TAIRO,OUT
20210712221306,FACTORY,0132,ELIWAZA,KONGA,OUT
20210712221315,FACTORY,0026,DAVID,KINDOLE,OUT
20210712223319,FACTORY,0068,LAMBART,ABELI,OUT
20210713061321,OFFICE,111,SAID,RWAMBO,IN
20210713061933,FACTORY,0054,IBRAHIM,BABONYE,IN
20210713063147,FACTORY,0087,MWANAMVUA,JUMAA,IN
20210713063351,FACTORY,0001,ABDALLAH,ZAYUMBA,IN
20210713064144,OFFICE,0020,BENSON,BIMBONA,IN
20210713064651,FACTORY,0041,FRED,MBUNDA,IN
20210713064833,OFFICE,0134,ALFRED,CHISAWILLO,IN
20210713064938,FACTORY,0055,IMAMU,KIBINDO,IN
20210713065135,FACTORY,0022,CHARLES,KIBAVU,IN
20210713065318,FACTORY,0035,EVALISTA,MAKUWA,IN
20210713065407,FACTORY,0081,MOHAMED,MOLLI,IN
20210713065827,OFFICE,0028,DIANA,MASIJA,IN
20210713065935,FACTORY,0032,EMMANUEL,MILYANGO,IN
20210713065942,FACTORY,0004,ABDULKADIR,JUMA,OUT
20210713070004,FACTORY,0029,DUNIA,BOGOZO,OUT
20210713070010,FACTORY,0116,SHABANI,NGOGOMI,IN
20210713070016,FACTORY,0011,AISHA,MBONDE,IN
20210713070024,FACTORY,0023,CLINTON,MKUDE,OUT
20210713070054,FACTORY,0084,MRISHO,HAUYESHI,IN
20210713070101,FACTORY,0046,HAMNE,MAHANYU,IN
20210713070138,FACTORY,V007,MWAMINI,OMARY,IN
20210713070157,FACTORY,0031,ELIZABETH,SIBHOT,IN
20210713070202,FACTORY,0123,VICENT,MBUNGANI,IN
20210713070221,FACTORY,0122,VERONICA,MZIA,IN
20210713070256,FACTORY,0126,WATENDE,ALLY,IN
20210713070341,FACTORY,0091,MWINYI,KIHAGA,IN
20210713070427,FACTORY,0024,DAUDI,ISMAIL,IN
20210713070450,FACTORY,0030,ELIZABETH,HIZZA,OUT
20210713070502,FACTORY,0101,RAJABU,RAJABU,IN
20210713070517,FACTORY,0129,ZAINABU,RIVAVODI,IN
20210713070549,OFFICE,0120,THERESIA,MLAWA,OUT
20210713070624,FACTORY,0073,MAIMUNA,CHAMWITI,IN
20210713070703,FACTORY,0106,REHEMA,SIGE,IN
20210713070810,FACTORY,105,RAMADHANI,KASSIM,IN
20210713070852,FACTORY,0034,ERICK,TIBALILA,OUT
20210713071023,FACTORY,0003,ABDUL,KAPERA,OUT
20210713071041,FACTORY,0077,MATTO,MSANGI,IN
20210713071311,FACTORY,0063,JUMA,HAMISI,IN
20210713071355,FACTORY,0014,ALLY ,CHANDE,OUT
20210713071427,FACTORY,0086,MWANAHAMISI,MKALIPA,IN
20210713071528,FACTORY,0118,SIKUDHANI,MGENI,IN
20210713072230,FACTORY,0072,MAGRETH,BANDA,IN
20210713072846,OFFICE,0008,AGNES,MUHINGA,IN
20210713073535,OFFICE,0044,HADIJA,KIVINA,IN
20210713073805,FACTORY,0049,HASHIM,JONGO,IN
20210713074043,OFFICE,0058,JANETH,SIRIWA,IN
20210713075132,OFFICE,0048,HAPPY,AKARO,IN
20210713075554,FACTORY,0110,SAAD,MGULE,IN
20210713075751,FACTORY,0142,WILLIAM,USANGA,IN
20210713075951,OFFICE,0040,FRANK,MARIKI,IN
20210713080306,FACTORY,0045,HAIDARY,KIPUKA,IN
20210713080800,FACTORY,0079,MIRAJI,MNGAZIJA,IN
20210713080808,FACTORY,0088,MWARAMI,KANIKI,IN
20210713081027,OFFICE,0019,BEATRICE,MALLE,IN
20210713081227,OFFICE,,PATRICK,ODAWA,IN
20210713081316,OFFICE,0113,SALUM,MALENDA,IN
20210713081344,OFFICE,V003,ALLY,ALLY,IN
20210713081627,OFFICE,0133,FIZZA,NJOVU,IN
20210713082011,OFFICE,0006,ABRAHAM,MCHOME,IN
20210713082821,OFFICE,V002,ZAITUNI,SIMBA,IN
20210713095526,OFFICE,0089,MWASHABANI,SWALEHE,IN
20210713101358,FACTORY,0015,ASHA,DIKUNGURUMA,IN
20210713101425,OFFICE,0069,LATIFA,MINTANGA,IN
20210713102144,FACTORY,0043,GEORGINA,MILLINGA,IN
20210713102638,OFFICE,0076,ANNA, IRENGO,IN
20210713112637,OFFICE,0050,HASSANI,KUNGURUMA,IN
20210713112827,FACTORY,0064,KHADIJA,MAKEYA,IN
20210713115711,OFFICE,0072,MAGRETH,BANDA,OUT
20210713123533,FACTORY,0024,DAUDI,ISMAIL,OUT
20210713141357,FACTORY,0068,LAMBART,ABELI,IN
20210713141951,FACTORY,128,YUSUPH,MTAMBO,IN
20210713142041,FACTORY,0057,JACKSON,MDEMU,IN
20210713142426,FACTORY,0059,JOSEPH,SHENKOME,IN
20210713142513,FACTORY,0067,KULUTHUM,LUSONZO,IN
20210713142519,FACTORY,0016,ASHURA,MWENE,IN
20210713142526,FACTORY,0026,DAVID,KINDOLE,IN
20210713142544,FACTORY,0137,JANETH,TENDEGA,IN
20210713142544,FACTORY,0137,JANETH,TENDEGA,IN
20210713142552,FACTORY,0132,ELIWAZA,KONGA,IN
20210713142624,OFFICE,0047,HAMZA ,SULTAN,IN
20210713142749,FACTORY,0042,GABRIEL,MBEYE,IN
20210713142817,FACTORY,0051,HASSAN,SULEIMAN,IN
20210713142839,FACTORY,0090,MWAZANI,MKINDE,IN
20210713142848,FACTORY,0056,JACOB,BELLA,IN
20210713143011,FACTORY,0005,ABDULLATIF,KAWAMBWA,IN
20210713143017,FACTORY,0071,LEONARD,NZIGE,IN
20210713143022,FACTORY,0017,ATHUMANI,MOHAMED,IN
20210713143029,FACTORY,103,RAMADHANI,MNGAZIJA,IN
20210713143034,FACTORY,0041,FRED,MBUNDA,OUT
20210713143042,FACTORY,0077,MATTO,MSANGI,OUT
20210713143209,FACTORY,0118,SIKUDHANI,MGENI,OUT
20210713143219,FACTORY,0035,EVALISTA,MAKUWA,OUT
20210713143226,FACTORY,V007,MWAMINI,OMARY,OUT
20210713143251,FACTORY,0084,MRISHO,HAUYESHI,OUT
20210713143311,FACTORY,0031,ELIZABETH,SIBHOT,OUT
20210713143347,FACTORY,0081,MOHAMED,MOLLI,OUT
20210713143353,FACTORY,0091,MWINYI,KIHAGA,OUT
20210713143453,FACTORY,0129,ZAINABU,RIVAVODI,OUT
20210713143459,FACTORY,0116,SHABANI,NGOGOMI,OUT
20210713143508,FACTORY,109,RUDOLF,TAIRO,IN
20210713143516,FACTORY,0054,IBRAHIM,BABONYE,OUT
20210713143524,FACTORY,0063,JUMA,HAMISI,OUT
20210713143550,FACTORY,0114,SALUM,SALUM,IN
20210713143557,FACTORY,0022,CHARLES,KIBAVU,OUT
20210713143610,FACTORY,0055,IMAMU,KIBINDO,OUT
20210713143620,FACTORY,0049,HASHIM,JONGO,OUT
20210713143922,FACTORY,0107,REHEMA,KIZONGO,IN
20210713144049,OFFICE,0134,ALFRED,CHISAWILLO,OUT
20210713144322,FACTORY,0001,ABDALLAH,ZAYUMBA,OUT
20210713144751,FACTORY,108,ROSE,GRIGORY,IN
20210713144759,FACTORY,0101,RAJABU,RAJABU,OUT
20210713144812,FACTORY,0123,VICENT,MBUNGANI,OUT
20210713144949,FACTORY,0025,DAUDI,KIPENGELE,IN
20210713145256,FACTORY,0080,MIRAJI,JANGALU,IN
20210713150635,OFFICE,0028,DIANA,MASIJA,OUT
20210713154003,FACTORY,0079,MIRAJI,MNGAZIJA,OUT
20210713155347,OFFICE,0076,ANNA, IRENGO,OUT
20210713160749,FACTORY,0032,EMMANUEL,MILYANGO,OUT
20210713162437,OFFICE,0020,BENSON,BIMBONA,OUT
