20201201062553,FACTORY,0017,ATHUMANI,MOHAMED,IN
20201201062848,FACTORY,0086,MWANAHAMISI,MKALIPA,IN
20201201063554,FACTORY,0101,RAJABU,RAJABU,IN
20201201063751,FACTORY,0065,HADIJA,KAWAMBWA,IN
20201201064049,FACTORY,0083,MOSES,ELIAS,IN
20201201064102,,0122,VERONICA,MZIA,IN
20201201064108,FACTORY,0118,SIKUDHANI,MGENI,IN
20201201064116,FACTORY,0063,JUMA,HAMISI,IN
20201201064232,OFFICE,00140,MOHAMED,NYANGALIO,IN
20201201064245,FACTORY,0041,FRED,MBUNDA,IN
20201201064553,FACTORY,0054,IBRAHIM,BABONYE,IN
20201201064814,FACTORY,0073,MAIMUNA,CHAMWITI,IN
20201201064857,FACTORY,0091,MWINYI,KIHAGA,IN
20201201064911,FACTORY,V007,MWAMINI,OMARY,IN
20201201065026,FACTORY,0055,IMAMU,KIBINDO,IN
20201201065038,FACTORY,111,SAID,RWAMBO,IN
20201201065122,FACTORY,0100,RAJAB,MMBAGA,IN
20201201065146,FACTORY,0001,ABDALLAH,ZAYUMBA,IN
20201201065152,FACTORY,0001,ABDALLAH,ZAYUMBA,IN
20201201065218,FACTORY,0046,HAMNE,MAHANYU,IN
20201201065345,,108,ROSE,GRIGORY,IN
20201201065359,,0088,MWARAMI,KANIKI,IN
20201201065413,,109,RUDOLF,TAIRO,IN
20201201065517,FACTORY,0116,SHABANI,NGOGOMI,IN
20201201065524,FACTORY,0024,DAUDI,ISMAIL,IN
20201201065533,FACTORY,0106,REHEMA,SIGE,IN
20201201065720,,136,PETER,MALLYA,IN
20201201065928,FACTORY,0022,CHARLES,KIBAVU,IN
20201201070003,FACTORY,0084,MRISHO,HAUYESHI,IN
20201201070019,FACTORY,0035,EVALISTA,MAKUWA,IN
20201201070025,FACTORY,0129,ZAINABU,RIVAVODI,IN
20201201070033,FACTORY,0064,KHADIJA,MAKEYA,IN
20201201070043,FACTORY,0004,ABDULKADIR,JUMA,OUT
20201201070050,FACTORY,0081,MOHAMED,MOLLI,IN
20201201070108,OFFICE,103,RAMADHANI,MNGAZIJA,IN
20201201070139,FACTORY,0039,FLORA,CHANG'AMIKE,IN
20201201070203,FACTORY,0115,SHABANI,KIGA,OUT
20201201070255,FACTORY,0068,LAMBART,ABELI,IN
20201201070503,FACTORY,0029,DUNIA,BOGOZO,OUT
20201201070511,FACTORY,0023,CLINTON,MKUDE,OUT
20201201070554,FACTORY,0034,ERICK,TIBALILA,OUT
20201201070611,FACTORY,0005,ABDULLATIF,KAWAMBWA,IN
20201201070754,FACTORY,0021,BETRAM,NTILLA,IN
20201201071234,FACTORY,0049,HASHIM,JONGO,IN
20201201071355,,0043,GEORGINA,MILLINGA,IN
20201201071401,,0043,GEORGINA,MILLINGA,OUT
20201201071439,FACTORY,0117,SHOMARI,SONG'E,IN
20201201071446,FACTORY,0066,KITAMBALA,KITAMBALA,OUT
20201201071453,,0123,VICENT,MBUNGANI,OUT
20201201071505,OFFICE,0028,DIANA,MASIJA,IN
20201201071528,,0096,OCTAVIAN,LUCIAN,OUT
20201201071621,,0125,WALTER,MAPUNDA,OUT
20201201072326,OFFICE,0120,THERESIA,MLAWA,IN
20201201072700,FACTORY,0044,HADIJA,KIVINA,IN
20201201073026,FACTORY,0026,DAVID,KINDOLE,OUT
20201201073035,FACTORY,0050,HASSANI,KUNGURUMA,OUT
20201201073904,OFFICE,V001,FLORA,LISANGA,IN
20201201074225,OFFICE,V002,ZAITUNI,SIMBA,IN
20201201074413,FACTORY,0072,MAGRETH,BANDA,IN
20201201075101,OFFICE,0048,HAPPY,AKARO,IN
20201201075200,,0008,AGNES,MUHINGA,IN
20201201075223,,0079,MIRAJI,MNGAZIJA,IN
20201201075239,OFFICE,0020,BENSON,BIMBONA,IN
20201201075301,FACTORY,0045,HAIDARY,KIPUKA,IN
20201201075404,,0058,JANETH,SIRIWA,IN
20201201075414,OFFICE,0135,NOAH,MPANGALA,IN
20201201075554,OFFICE,0113,SALUM,MALENDA,IN
20201201075628,OFFICE,0142,WILLIAM,USANGA,IN
20201201080111,,0099,PRISCA,ALPHONCE,IN
20201201080143,OFFICE,0114,SALUM,SALUM,IN
20201201080421,OFFICE,0134,ALFRED,CHISAWILLO,IN
20201201080842,OFFICE,0133,FIZZA,NJOVU,IN
20201201080924,OFFICE,0019,BEATRICE,MALLE,IN
20201201081303,OFFICE,0092,NEEMA,LUBAVA,IN
20201201081607,OFFICE,0012,AKIDA,NSEKELA,IN
20201201081915,OFFICE,V003,ALLY,ALLY,IN
20201201082047,FACTORY,105,RAMADHANI,KASSIM,IN
20201201084816,OFFICE,0130,SUDI,UKONDWA,IN
20201201090933,OFFICE,0124,VICTOR,NGUJI,IN
20201201093502,OFFICE,,PATRICK,ODAWA,IN
20201201114141,OFFICE,0006,ABRAHAM,MCHOME,IN
20201201135036,,0122,VERONICA,MZIA,OUT
20201201135046,,0058,JANETH,SIRIWA,OUT
20201201135124,,0137,JANETH,TENDEGA,IN
20201201135124,,0137,JANETH,TENDEGA,IN
20201201140618,FACTORY,0037,FATUMA,MTILILA,IN
20201201140841,OFFICE,0121,UPENDO,ZANI,IN
20201201140950,OFFICE,0132,ELIWAZA,KONGA,IN
20201201141327,FACTORY,0057,JACKSON,MDEMU,IN
20201201141334,FACTORY,0003,ABDUL,KAPERA,IN
20201201141340,FACTORY,0013,ALLY,SHAWEJI,IN
20201201141405,FACTORY,0051,HASSAN,SULEIMAN,IN
20201201141902,FACTORY,0069,LATIFA,MINTANGA,IN
20201201142029,FACTORY,0110,SAAD,MGULE,IN
20201201142034,FACTORY,0119,SIKUDHANI,MOHAMED,IN
20201201142158,FACTORY,0025,DAUDI,KIPENGELE,IN
20201201142333,FACTORY,0112,SALUM,LIKONJOGO,IN
20201201142405,FACTORY,0080,MIRAJI,JANGALU,IN
20201201142412,FACTORY,0090,MWAZANI,MKINDE,IN
20201201142419,FACTORY,0098,PATRICK,ALFRED,IN
20201201142425,FACTORY,0056,JACOB,BELLA,IN
20201201142431,FACTORY,0059,JOSEPH,SHENKOME,IN
20201201142533,FACTORY,0089,MWASHABANI,SWALEHE,IN
20201201142553,FACTORY,0087,MWANAMVUA,JUMAA,IN
20201201142623,FACTORY,0067,KULUTHUM,LUSONZO,IN
20201201142633,FACTORY,0060,JOYCE,MASHELI,IN
20201201142639,FACTORY,0031,ELIZABETH,SIBHOT,IN
20201201142642,FACTORY,0082,MOHAMED,MSAKA,IN
20201201142732,FACTORY,0015,ASHA,DIKUNGURUMA,IN
20201201142759,,0014,ALLY ,CHANDE,IN
20201201142931,FACTORY,0071,LEONARD,NZIGE,IN
20201201143003,FACTORY,0118,SIKUDHANI,MGENI,OUT
20201201143012,FACTORY,0035,EVALISTA,MAKUWA,OUT
20201201143021,FACTORY,0065,HADIJA,KAWAMBWA,OUT
20201201143026,FACTORY,0017,ATHUMANI,MOHAMED,OUT
20201201143039,FACTORY,0068,LAMBART,ABELI,OUT
20201201143046,FACTORY,0083,MOSES,ELIAS,OUT
20201201143054,FACTORY,0041,FRED,MBUNDA,OUT
20201201143119,,0011,AISHA,MBONDE,IN
20201201143127,FACTORY,0049,HASHIM,JONGO,IN
20201201143135,FACTORY,0107,REHEMA,KIZONGO,IN
20201201143142,FACTORY,0046,HAMNE,MAHANYU,OUT
20201201143147,FACTORY,0018,BAKARI,MAULID,IN
20201201143154,FACTORY,0106,REHEMA,SIGE,OUT
20201201143201,FACTORY,0084,MRISHO,HAUYESHI,OUT
20201201143207,FACTORY,V007,MWAMINI,OMARY,OUT
20201201143227,FACTORY,0039,FLORA,CHANG'AMIKE,OUT
20201201143235,FACTORY,0086,MWANAHAMISI,MKALIPA,OUT
20201201143310,FACTORY,0073,MAIMUNA,CHAMWITI,OUT
20201201143329,FACTORY,0054,IBRAHIM,BABONYE,OUT
20201201143336,FACTORY,0091,MWINYI,KIHAGA,OUT
20201201143343,FACTORY,0117,SHOMARI,SONG'E,OUT
20201201143410,OFFICE,0042,GABRIEL,MBEYE,IN
20201201143551,FACTORY,0024,DAUDI,ISMAIL,OUT
20201201143603,OFFICE,0062,JUMA,MSHAURI,IN
20201201143604,FACTORY,0063,JUMA,HAMISI,OUT
20201201143639,FACTORY,0101,RAJABU,RAJABU,OUT
20201201143645,FACTORY,0022,CHARLES,KIBAVU,OUT
20201201143714,FACTORY,0126,WATENDE,ALLY,IN
20201201143756,FACTORY,0055,IMAMU,KIBINDO,OUT
20201201143816,FACTORY,0129,ZAINABU,RIVAVODI,OUT
20201201143843,FACTORY,128,YUSUPH,MTAMBO,IN
20201201143945,FACTORY,0064,KHADIJA,MAKEYA,OUT
20201201144010,FACTORY,0100,RAJAB,MMBAGA,OUT
20201201144032,FACTORY,0114,SALUM,SALUM,OUT
20201201144313,,108,ROSE,GRIGORY,OUT
20201201145102,FACTORY,0001,ABDALLAH,ZAYUMBA,OUT
20201201145126,FACTORY,0005,ABDULLATIF,KAWAMBWA,OUT
20201201145357,,136,PETER,MALLYA,OUT
20201201145652,FACTORY,0021,BETRAM,NTILLA,OUT
20201201150606,OFFICE,0120,THERESIA,MLAWA,OUT
20201201151109,OFFICE,0072,MAGRETH,BANDA,OUT
20201201151439,FACTORY,0032,EMMANUEL,MILYANGO,IN
20201201155543,OFFICE,105,RAMADHANI,KASSIM,OUT
20201201160955,,0088,MWARAMI,KANIKI,OUT
20201201170011,OFFICE,0124,VICTOR,NGUJI,OUT
20201201170044,,0008,AGNES,MUHINGA,OUT
20201201170256,,0079,MIRAJI,MNGAZIJA,OUT
20201201170300,FACTORY,0045,HAIDARY,KIPUKA,OUT
20201201170454,OFFICE,,PATRICK,ODAWA,OUT
20201201170550,FACTORY,0116,SHABANI,NGOGOMI,IN
20201201170823,OFFICE,0113,SALUM,MALENDA,OUT
20201201171049,OFFICE,V003,ALLY,ALLY,OUT
20201201171123,FACTORY,0050,HASSANI,KUNGURUMA,OUT
20201201171306,OFFICE,0006,ABRAHAM,MCHOME,OUT
20201201171436,OFFICE,103,RAMADHANI,MNGAZIJA,OUT
20201201171555,OFFICE,0047,HAMZA ,SULTAN,OUT
20201201171605,OFFICE,111,SAID,RWAMBO,OUT
20201201171644,OFFICE,0012,AKIDA,NSEKELA,OUT
20201201171720,OFFICE,0134,ALFRED,CHISAWILLO,OUT
20201201171744,OFFICE,0048,HAPPY,AKARO,OUT
20201201171801,OFFICE,0020,BENSON,BIMBONA,OUT
20201201171915,OFFICE,0133,FIZZA,NJOVU,OUT
20201201173536,OFFICE,00140,MOHAMED,NYANGALIO,OUT
20201201180441,OFFICE,0019,BEATRICE,MALLE,OUT
20201201180456,OFFICE,0135,NOAH,MPANGALA,OUT
20201201182551,FACTORY,0032,EMMANUEL,MILYANGO,OUT
20201201184722,OFFICE,0130,SUDI,UKONDWA,OUT
20201201191050,FACTORY,0087,MWANAMVUA,JUMAA,OUT
20201201192632,OFFICE,V002,ZAITUNI,SIMBA,OUT
20201201193745,OFFICE,0092,NEEMA,LUBAVA,OUT
20201201193808,OFFICE,0044,HADIJA,KIVINA,OUT
20201201193844,OFFICE,V001,FLORA,LISANGA,OUT
20201201201407,,0011,AISHA,MBONDE,OUT
20201201202121,,0099,PRISCA,ALPHONCE,OUT
20201201202822,OFFICE,0142,WILLIAM,USANGA,OUT
20201201213028,OFFICE,0023,CLINTON,MKUDE,IN
20201201214538,FACTORY,0029,DUNIA,BOGOZO,IN
20201201214913,FACTORY,0115,SHABANI,KIGA,IN
20201201215100,FACTORY,0004,ABDULKADIR,JUMA,IN
20201201215501,FACTORY,0026,DAVID,KINDOLE,IN
20201201215716,OFFICE,0028,DIANA,MASIJA,IN
20201201215849,FACTORY,0034,ERICK,TIBALILA,IN
20201201220002,FACTORY,0082,MOHAMED,MSAKA,OUT
20201201220008,FACTORY,0056,JACOB,BELLA,OUT
20201201220014,FACTORY,0025,DAUDI,KIPENGELE,OUT
20201201220021,FACTORY,0089,MWASHABANI,SWALEHE,OUT
20201201220028,FACTORY,0069,LATIFA,MINTANGA,OUT
20201201220034,FACTORY,0119,SIKUDHANI,MOHAMED,OUT
20201201220039,FACTORY,0098,PATRICK,ALFRED,OUT
20201201220044,FACTORY,0067,KULUTHUM,LUSONZO,OUT
20201201220056,FACTORY,0037,FATUMA,MTILILA,OUT
20201201220112,FACTORY,0071,LEONARD,NZIGE,OUT
20201201220117,FACTORY,0031,ELIZABETH,SIBHOT,OUT
20201201220128,FACTORY,0015,ASHA,DIKUNGURUMA,OUT
20201201220134,FACTORY,0090,MWAZANI,MKINDE,OUT
20201201220141,FACTORY,0057,JACKSON,MDEMU,OUT
20201201220206,FACTORY,0003,ABDUL,KAPERA,OUT
20201201220213,FACTORY,0126,WATENDE,ALLY,OUT
20201201220219,FACTORY,0018,BAKARI,MAULID,OUT
20201201220227,FACTORY,0062,JUMA,MSHAURI,OUT
20201201220233,FACTORY,0060,JOYCE,MASHELI,OUT
20201201220242,FACTORY,0080,MIRAJI,JANGALU,OUT
20201201220248,FACTORY,0112,SALUM,LIKONJOGO,OUT
20201201220254,FACTORY,0042,GABRIEL,MBEYE,OUT
20201201220305,FACTORY,0059,JOSEPH,SHENKOME,OUT
20201201220347,,0014,ALLY ,CHANDE,OUT
20201201220354,,0137,JANETH,TENDEGA,OUT
20201201220354,,0137,JANETH,TENDEGA,OUT
20201201220403,FACTORY,0051,HASSAN,SULEIMAN,OUT
20201201220426,FACTORY,0107,REHEMA,KIZONGO,OUT
20201201220436,FACTORY,128,YUSUPH,MTAMBO,OUT
20201201220451,FACTORY,0013,ALLY,SHAWEJI,OUT
20201201220609,FACTORY,0066,KITAMBALA,KITAMBALA,IN
20201201220706,OFFICE,0121,UPENDO,ZANI,OUT
20201201220940,FACTORY,0110,SAAD,MGULE,OUT
20201201221625,FACTORY,0132,ELIWAZA,KONGA,OUT
