20160630081356,SA6,900110,RASHID,ISSA,IDENT
20160630081437,SA6,900055,VERONICA,MBAZIGWA,IDENT
20160630081503,SA1,900030,JUMANNE,LUMBU,IDENT
20160630081514,SA6,900280,TADEO,MWINGIZI,IDENT
20160630081516,SA4,900941,KULWA,MSUMA,IDENT
20160630081534,SA6,900629,MICHAEL,ZAMBETAKIS,IDENT
20160630081545,SA6,900462,MANDZEL,KWIMBA,IDENT
20160630081553,SA6,900460,LAMECK,ASSETO,IDENT
20160630081843,SA6,900682,BENEDICT,ELIAS,IDENT
20160630081901,SA6,900174,SOSTHENES,MUKAMA,IDENT
20160630082031,SA6,900184,JASPER,NGURUBE,IDENT
20160630082121,SA1,900503,JANE,RWEHUMBIZA,IDENT
20160630082204,SA6,900131,FRANK,MAKWABU,IDENT
20160630082223,SA6,900108,NORAH,CLEMENCE,IDENT
20160630082255,SA1,901577,SALEEM,KHATRI,IDENT
20160630082415,SA6,900137,HERIETH,MWELI,IDENT
20160630082456,SA1,900780,THEO,MAPUNDA,IDENT
20160630082552,SA6,900644,FARIDA,RUBANZA,IDENT
20160630082744,SA1,900505,JESCA,MATECHI,IDENT
20160630083058,SA6,E045,SURESH,PS,IDENT
20160630083410,SA6,901436,HAMISI,KAVINGA,IDENT
20160630084036,SA6,E067,ANKIT,JAIN,IDENT
20160630084040,SA6,900389,AHMAD,KINDUMA,IDENT
20160630084050,SA6,900387,ADAM,KINGU,IDENT
20160630085235,SA6,900011,BLANTINA,MLOWE,IDENT
20160630090310,SA6,901558,CONSOLATA,MDEMU,IDENT
20160630090539,SA6,900681,ABUBAKARI,MGAZA,IDENT
20160630100122,SA6,900574,FURAHA,MSAMBWA,IDENT
20160630111049,SA6,900116,ASHA,ALLY,IDENT
20160630121729,SA6,E077,SUMIT,BHATNAGAR,IDENT
20160630130606,SA1,900281,NAYOPA,MTENDECHI,IDENT
20160630130917,SA6,900028,JUMANNE,MRISHO,IDENT
20160630131521,SA1,900272,ISRAEL,GYUNA,IDENT
20160630131620,SA6,900175,TEDDY,SIMON,IDENT
20160630131626,SA6,900044,REGINARD,MSHANGA,IDENT
20160630131741,SA6,900582,ZABRON,TOSSI,IDENT
20160630131835,SA6,900046,SALUM,NDEGE,IDENT
20160630132243,SA6,900435,HASSAN,NKHAMBI,IDENT
20160630132322,SA6,900037,MOHAMED,MKALA,IDENT
20160630133115,SA5,901412,ELIA,NGWALI,IDENT
20160630133210,SA5,901322,SARAH,ALLY,IDENT
20160630133249,SA6,900140,IGNATUS,MLANGWA,IDENT
20160630133309,SA6,900010,BITSON,MWASILE,IDENT
20160630133312,SA5,901403,RUBUNDA,NJELELE,IDENT
20160630133334,SA5,901289,CONSOLATHA,RAPHAEL,IDENT
20160630133440,SA5,901383,JOAN,OMANDI,IDENT
20160630133523,SA5,901012,FATUMA,KABUMA,IDENT
20160630133534,SA4,901027,EDDA,MWAKIBINGWA,IDENT
20160630133541,SA5,901390,SHABANI,HUSEN,IDENT
20160630133602,SA6,900138,HUSSEIN,SHABANI,IDENT
20160630133607,SA6,900399,ATHUMANI,JUMA,IDENT
20160630133619,SA6,900685,VICTOR,MBUNDAMILA,IDENT
20160630133627,SA2,901094,MARTINA,FISSO,IDENT
20160630133635,SA2,901198,MANEO,ATHUMANI,IDENT
20160630133636,SA4,900974,ZAWADI,SADIKI,IDENT
20160630133640,SA2,901167,KELVIN,NGOZI,IDENT
20160630133644,SA4,900999,ROSE,MWAMAKOLA,IDENT
20160630133654,SA6,900611,EVARIST,MPINGAURUGU,IDENT
20160630133655,SA4,900913,ASHURA,NGUMBE,IDENT
20160630133700,SA5,901090,HADIJA,JUMA,IDENT
20160630133706,SA5,901230,KUDRA,BAKARI,IDENT
20160630133726,SA5,901340,FELIX,MAKANYA,IDENT
20160630133726,SA4,901104,MWANAHAWA,HASSAN,IDENT
20160630133741,SA2,901035,AGNES,NKONJELWA,IDENT
20160630133746,SA4,901135,REHEMA,OMARY,IDENT
20160630133750,SA4,901190,NEEMA,MNYALAPE,IDENT
20160630133750,SA2,900905,AMINA,MUHIDINI,IDENT
20160630133752,SA6,900543,JOHN,MAGANYA,IDENT
20160630133755,SA4,900959,REHEMA,LYOWA,IDENT
20160630133810,SA4,901186,FROLA,KILIMA,IDENT
20160630133815,SA4,901181,ASNA,SPRIAN,IDENT
20160630133822,SA4,901107,MUHIDINI,HASSAN,IDENT
20160630133828,SA4,901133,HUSNA,SENGAMBA,IDENT
20160630133839,SA4,901238,MARIAM,SELEMANI,IDENT
20160630133857,SA4,901030,VERONICA,WANGWE,IDENT
20160630133902,SA4,900997,MARY,ONDURU,IDENT
20160630133905,SA5,901179,AMANDA,KWEZI,IDENT
20160630133906,SA4,901015,JOYCE,CHACHA,IDENT
20160630133910,SA5,901255,ASHA,BILALI,IDENT
20160630133912,SA4,901229,ANNA,NGAPONDA,IDENT
20160630133918,SA4,901136,HONORATA,SHAYO,IDENT
20160630133920,SA5,901112,BUSHRA,SALUM,IDENT
20160630133922,SA2,901109,AMINA,MNYIFUNA,IDENT
20160630133924,SA4,900899,MAGDALENA,SIMAO,IDENT
20160630133924,SA5,901256,AVERINA,AMANDUS,IDENT
20160630133928,SA4,901247,KULUTHUM,CHILEMILE,IDENT
20160630133932,SA4,901114,FARIDA,AMBLOS,IDENT
20160630133936,SA4,901129,FELISTA,NYAHENGE,IDENT
20160630133940,SA2,901150,CHRISTINA,MBODE,IDENT
20160630133941,SA4,901234,ANITHA,AHALIELI,IDENT
20160630133942,SA6,900447,JOSEPH,LUSANA,IDENT
20160630133945,SA2,901192,ASMA,KONDO,IDENT
20160630133949,SA6,900112,ABDALLAH,MIKALAMBILO,IDENT
20160630133955,SA4,901132,HEAVENLIGHT,NKYA,IDENT
20160630133958,SA6,900703,MUSSA,MTALI,IDENT
20160630134000,SA4,901251,GATI,NYANTUMAN,IDENT
20160630134002,SA4,901113,ELIZABETH,SHIRIMA,IDENT
20160630134008,SA4,901021,NEEMA ,MWANGO,IDENT
20160630134012,SA4,900908,SALMA,RWAMBANO,IDENT
20160630134017,SA4,900885,AMINA,MZARA,IDENT
20160630134022,SA4,901105,MTUMWA,ALLY,IDENT
20160630134025,SA4,901037,FADINA,IBRAHIM,IDENT
20160630134028,SA4,900879,RAHMA,KILO,IDENT
20160630134034,SA4,901183,YASINTA,MKIWA,IDENT
20160630134035,SA3,900943,MWAMINI,MPANGULE,IDENT
20160630134041,SA4,901241,FATUMA,JUMA,IDENT
20160630134044,SA4,900846,SARA,CHIDUNI,IDENT
20160630134047,SA4,901013,YASINTA,SHELUBANZI,IDENT
20160630134050,SA4,901017,CATHERINE,NYEMA,IDENT
20160630134052,SA4,901123,REBECA,KALOFU,IDENT
20160630134055,SA4,901023,AMINA,CHAKWE,IDENT
20160630134100,SA4,900985,BAHATI,SARAPIONI,IDENT
20160630134111,SA4,901245,EVERINA,MKETO,IDENT
20160630134116,SA4,901244,SWAUMU,HIMBU,IDENT
20160630134122,SA4,901164,SWAUMU,KAYANDA,IDENT
20160630134126,SA4,901274,AMINA,KAHABUKA,IDENT
20160630134129,SA4,901175,SALMA,RAMADHAN,IDENT
20160630134134,SA4,900883,EDINA,ABED,IDENT
20160630134139,SA4,901124,TABIA,OMARY,IDENT
20160630134147,SA4,901189,KURUTHUM,KHAMISI,IDENT
20160630134152,SA2,900894,NURU,MAKANDE,IDENT
20160630134153,SA4,900904,ANNA,MAGEMBE,IDENT
20160630134156,SA4,901034,STAMILI,MUSSA,IDENT
20160630134159,SA4,900878,AISHA,KIZINGA,IDENT
20160630134201,SA5,901295,ELLASIA,WILLIUM,IDENT
20160630134204,SA4,901029,MARIAM,MWETEMBO,IDENT
20160630134232,SA5,901297,STELLA,MAKUNDI,IDENT
20160630134238,SA5,901409,MAGRETH,NGOSI,IDENT
20160630134247,SA4,901261,ZAINA,KILWANDA,IDENT
20160630134250,SA5,901284,MOHAMED,IDDI,IDENT
20160630134255,SA4,900972,SAFINA,ABEID,IDENT
20160630134255,SA5,901345,ALHAJI,KIHIYO,IDENT
20160630134259,SA4,900993,MARIAM,MSUMALI,IDENT
20160630134259,SA5,901282,ADAM,MUSSA,IDENT
20160630134304,SA4,900947,ANNA,GODISON,IDENT
20160630134307,SA4,900996,LILIAN,RASHIDI,IDENT
20160630134316,SA4,901043,ANNA,JOHN,IDENT
20160630134318,SA5,901218,JANE,RYOBA,IDENT
20160630134321,SA4,901032,MARISELINA,NGULI,IDENT
20160630134324,SA4,900862,EDINA,MWAKYOMA,IDENT
20160630134326,SA5,901381,DOROSTA,CLEMANCE,IDENT
20160630134328,SA4,901276,COSTASIA,LUCAS,IDENT
20160630134331,SA4,901182,RENIFRIDA,NGUMBU,IDENT
20160630134333,SA4,901026,FATUMA,KONYO,IDENT
20160630134334,SA2,900916,SABINA,KINGIMALI,IDENT
20160630134338,SA4,901168,REHEMA ,MWASOMOLA,IDENT
20160630134341,SA2,900932,MONICA,LIGOMBAIKA,IDENT
20160630134342,SA4,900927,SAADA,SALUM,IDENT
20160630134344,SA5,901219,MARIAM,MUSSA,IDENT
20160630134345,SA2,901067,HELENA,SAMWELI,IDENT
20160630134346,SA1,900801,DAVID ,MWANJA,IDENT
20160630134349,SA4,901160,SAUDA,MCHECHE,IDENT
20160630134352,SA1,900808,HEONANI,BAJANA,IDENT
20160630134354,SA4,900856,MWAJAMBU,HAMAD,IDENT
20160630134354,SA5,901185,JOYCE,SAMWEL,IDENT
20160630134359,SA4,900921,MWAJUMA,IDDI,IDENT
20160630134401,SA6,900049,SIHABA,NAKIPENGELE,IDENT
20160630134401,SA5,901246,VERONICA,MTENGWA,IDENT
20160630134402,SA3,900919,ANNA,MPUGE,IDENT
20160630134404,SA4,901095,BEATA,KOMBA,IDENT
20160630134405,SA2,901162,MWANAHARUSI,MOHAMED,IDENT
20160630134414,SA4,901127,ZAHARA,MBELWA,IDENT
20160630134416,SA1,900748,EDWARD,DAWSON,IDENT
20160630134421,SA4,901212,JASMINI,MOHAMED,IDENT
20160630134425,SA5,901283,KEDMOND,KAMOGA,IDENT
20160630134429,SA1,900816,MICHAEL,HUSEIN,IDENT
20160630134432,SA4,900962,JOSEPH,ELISAFI,IDENT
20160630134444,SA4,900917,SALMA,DIWILE,IDENT
20160630134447,SA4,901194,ELINA,ABEL,IDENT
20160630134453,SA5,901413,LEILA,KIMBENGELE,IDENT
20160630134457,SA5,901414,EMMANUEL,BANDIKO,IDENT
20160630134459,SA2,901096,SAMWELI,MANGARE,IDENT
20160630134501,SA4,901195,RAYMOND,BUKOJI,IDENT
20160630134507,SA4,901235,TUMAIN,MUNGURE,IDENT
20160630134508,SA1,900807,GODRICH,MCHOMVU,IDENT
20160630134511,SA2,900964,RAPHAEL,MBOKO,IDENT
20160630134513,SA1,900799,RAJABU,RUBASHA,IDENT
20160630134515,SA2,901202,VITALIS,KESSI,IDENT
20160630134520,SA2,900863,ANNA,MICHAEL,IDENT
20160630134521,SA5,901366,LYDIA,MAKENE,IDENT
20160630134524,SA4,900925,REGINA,THOMAS,IDENT
20160630134525,SA5,901426,TABU,SUPHIANI,IDENT
20160630134532,SA4,901187,MONICA,SHEMBONI,IDENT
20160630134534,SA4,901193,VICTORIA,MWAMPEGETE,IDENT
20160630134539,SA4,901108,AISHA,WILLIUM,IDENT
20160630134543,SA1,900154,MWAJUMA,MSAKUZI,IDENT
20160630134545,SA4,900967,FATUMA,MTAMBUA,IDENT
20160630134604,SA4,901174,BETH,NGADADA,IDENT
20160630134611,SA4,900867,AISHA,KIUMBA,IDENT
20160630134617,SA4,901137,SOFIA,KIUMBE,IDENT
20160630134622,SA4,901046,GRADIS,MAGANA,IDENT
20160630134623,SA1,900730,UHURU,MARWA,IDENT
20160630134636,SA2,900981,FIDES,MONGI,IDENT
20160630134637,SA5,901303,TAUSI,KATULA,IDENT
20160630134644,SA2,900961,ELIZABETH,FRANCISCO,IDENT
20160630134647,SA2,900934,MWAJABU,MARIDADI,IDENT
20160630134652,SA4,901143,LINES,PILLI,IDENT
20160630134656,SA4,900953,JANE,LUSENDELA,IDENT
20160630134705,SA4,901042,FARIDA,NDAUKE,IDENT
20160630134712,SA5,901377,HUSSEIN,MANYEMBA,IDENT
20160630134718,SA5,901308,MADINA,ATHUMANI,IDENT
20160630134721,SA2,900902,SAKINA,MAWEMBA,IDENT
20160630134722,SA3,901098,GERALD,MBAUKA,IDENT
20160630134724,SA2,901004,ZAHARA,YANGE,IDENT
20160630134736,SA5,900850,ROSE,KITALI,IDENT
20160630134743,SA4,900983,RUKIA,KONDO,IDENT
20160630134750,SA4,901063,RACHEL,MZOROZORO,IDENT
20160630134753,SA5,901410,ALFRED,MUGHWAI,IDENT
20160630134755,SA4,901155,GRACE,MUHONO,IDENT
20160630134806,SA3,901196,BONIPHACE,NGESI,IDENT
20160630134810,SA4,901215,MWANAIDI,KOLOKO,IDENT
20160630134813,SA4,901052,SUZANA,NAPANGA,IDENT
20160630134816,SA4,900897,SWAUMU,SAIDI,IDENT
20160630134821,SA4,900988,UPENDO,PETER,IDENT
20160630134826,SA4,900865,CHRISTINA,MAGOWELA,IDENT
20160630134841,SA4,900906,MARYSTELA,MCHOME,IDENT
20160630134847,SA4,100821,AGNESS,MEJA,IDENT
20160630134849,SA4,901050,MARIAM,SAIDI,IDENT
20160630134904,SA5,901371,YASINTA,LEKERI,IDENT
20160630134909,SA5,901429,REHEMA,MAZEKU,IDENT
20160630134920,SA4,901047,MWAJUMA,HAMIS,IDENT
20160630134925,SA4,901122,NEEMA,FANUEL,IDENT
20160630134929,SA4,901140,ASHURA,MGENI,IDENT
20160630134935,SA4,901253,JOYCE,KESI,IDENT
20160630134939,SA1,900792,IDDI,IDDI,IDENT
20160630134939,SA6,900139,IDD,YUSUFU,IDENT
20160630134942,SA2,900914,HAWA,MWIMBE,IDENT
20160630134947,SA1,900415,EMMANUEL,JONAS,IDENT
20160630134952,SA5,901321,ELIZABET,MHIMBA,IDENT
20160630134953,SA2,900998,ASHA,MOHAMED,IDENT
20160630134954,SA4,900901,NEEMA,NYAKOKI,IDENT
20160630134959,SA5,901347,JAMES,MAJIJI,IDENT
20160630134959,SA1,900823,TADEO,MAPEMA,IDENT
20160630135004,SA5,901313,FATUMA,KAUNDA,IDENT
20160630135004,SA1,900721,GISELA,SHAYO,IDENT
20160630135012,SA1,900736,KANUNU,THABIT,IDENT
20160630135018,SA1,900766,JUDITH,GEOFREY,IDENT
20160630135021,SA5,901354,AISHAH,OTHUMANI,IDENT
20160630135026,SA4,901022,SILIVIA,SHAYO,IDENT
20160630135029,SA4,901089,HARUNA,ATHUMANI,IDENT
20160630135032,SA6,900056,YESAYA,NTUNDUU,IDENT
20160630135034,SA4,900939,STELLA,MAGOGWA,IDENT
20160630135037,SA1,900716,JUMA,JUMANNE,IDENT
20160630135039,SA5,901288,EPIPHANIA,LUKWI,IDENT
20160630135042,SA1,900777,MNADI,MRAJAA,IDENT
20160630135043,SA5,901392,STELLA,MTALLO,IDENT
20160630135044,SA4,900890,OLIVER,UDOBA,IDENT
20160630135047,SA1,900731,HUSSAIN,HAMADI,IDENT
20160630135057,SA2,900945,ELIZABETH,MREMA,IDENT
20160630135059,SA1,900728,JAMAL,MRISHO,IDENT
20160630135101,SA3,900898,RUKIA,MATAUKA,IDENT
20160630135103,SA2,901115,FROLA,SIKWEMBE,IDENT
20160630135104,SA3,900860,AGNESS,LUHUNGO,IDENT
20160630135104,SA4,900951,MWAJUMA,AIDAN,IDENT
20160630135105,SA1,900758,MOHAMEDY,ATHUMANI,IDENT
20160630135107,SA2,900936,SOPHIA,MBONDE,IDENT
20160630135110,SA2,901152,STELLA,MWAKATOBE,IDENT
20160630135111,SA4,901059,JAZIRA,RAMADHANI,IDENT
20160630135113,SA2,900930,TABIA,DOGOLI,IDENT
20160630135117,SA4,901271,RACHEL,MCHOVU,IDENT
20160630135123,SA4,901025,ASHURA,HAMISI,IDENT
20160630135132,SA4,901171,ESTHER,MUNGUTI,IDENT
20160630135141,SA2,901051,HABIBA,PAZZI,IDENT
20160630135141,SA4,901045,ASHURA,KATULA,IDENT
20160630135149,SA4,901242,ISSA,MFAUME,IDENT
20160630135153,SA2,901217,VIVIAN,MWANGATA,IDENT
20160630135154,SA4,901117,HIDAYA,MASOUD,IDENT
20160630135158,SA6,900567,BAKARI,BELEKETE,IDENT
20160630135211,SA1,900802,EMANUEL,SILAYO,IDENT
20160630135223,SA1,900211,BARAKA,MAKI,IDENT
20160630135223,SA4,900851,SOPHIA,ZONGORI,IDENT
20160630135228,SA6,900245,ABDALLAH,KIMULIMULI,IDENT
20160630135231,SA6,900005,ALLY,MFUNGWE,IDENT
20160630135241,SA4,901111,ASIA,MSHAMU,IDENT
20160630135247,SA4,901211,ANNA,KIMARO,IDENT
20160630135247,SA5,901374,NASRA,HAMADI,IDENT
20160630135249,SA3,901092,ASIA,JUMA,IDENT
20160630135250,SA1,900045,SAIDI,MNDOLWA,IDENT
20160630135253,SA5,901319,CHRISTINA,TATI,IDENT
20160630135256,SA5,901331,DIANA,KABYEMELA,IDENT
20160630135300,SA4,901130,NURU,DAUDI,IDENT
20160630135303,SA5,901293,JOHARI,MAHARIA,IDENT
20160630135334,SA4,901184,GRACE,NGALABA,IDENT
20160630135337,SA4,901173,BAHATI,MAKAMBA,IDENT
20160630135339,SA1,900477,RAMADHANI,LUBASHA,IDENT
20160630135341,SA4,900994,MWAISHA,MWAMOTO,IDENT
20160630135341,SA6,900556,REGINA,NDALUHEKEYE,IDENT
20160630135344,SA4,900881,ZAINABU,SAIDI,IDENT
20160630135349,SA4,901243,PLAKSEDA,AKIZAMUNGU,IDENT
20160630135406,SA4,901237,ZUBEDA,KIMARO,IDENT
20160630135406,SA1,900776,ZUBERI,MOHAMED,IDENT
20160630135411,SA5,901170,BAHATI,SHABANI,IDENT
20160630135418,SA1,900244,YOHA,MSANGI,IDENT
20160630135424,SA1,900240,SOSTHENES,MANYAMA,IDENT
20160630135425,SA6,900473,NAOMI,GONDA,IDENT
20160630135429,SA5,901277,NEEMA,UISO,IDENT
20160630135433,SA1,900727,GEORGE,GREAD,IDENT
20160630135447,SA1,900738,MOHAMED,NGODA,IDENT
20160630135450,SA1,900786,FARAJI,KILUWA,IDENT
20160630135455,SA2,900884,HADIJA,GOGO,IDENT
20160630135500,SA1,900743,JUMA,ISEMA,IDENT
20160630135503,SA1,900750,JACOB,KAWALE,IDENT
20160630135506,SA1,900729,MOHAMED,KOMBO,IDENT
20160630135511,SA1,900773,FELIX,CHRISTOPHER,IDENT
20160630135512,SA5,901076,AGNESS,NGAPONDA,IDENT
20160630135515,SA1,900737,EXPEDTO,MKONGWE,IDENT
20160630135526,SA4,901078,NASMA,LINOGA,IDENT
20160630135530,SA5,901336,ISMAIL,MHINA,IDENT
20160630135532,SA4,900931,JOHARI,KIMARO,IDENT
20160630135539,SA1,900217,FRED,JAMES,IDENT
20160630135543,SA6,900662,ABDALLAH,ABEID,IDENT
20160630135553,SA2,901203,STANLEY,KIGUNGA,IDENT
20160630135602,SA4,900970,MARIA,ELIESEL,IDENT
20160630135627,SA5,901363,ZUCRA,SWEDI,IDENT
20160630135652,SA1,101945,JAMES,VALENTINE,IDENT
20160630135707,SA1,900787,YOHANA,NGEREZA,IDENT
20160630135738,SA2,901097,EMANUEL,MSOKWA,IDENT
20160630135744,SA5,200018,ABDALAH,SUDY,IDENT
20160630135755,SA1,900759,ELIAS,YAKOB,IDENT
20160630135756,SA4,900922,BAHATI,SALEHE,IDENT
20160630135808,SA4,901263,JAMIRA,SAIDI,IDENT
20160630135814,SA2,901254,NURAT,JAFARI,IDENT
20160630135829,SA5,901379,JUMA,MAKALA,IDENT
20160630135829,SA6,900579,GRAYSON,KUNZUGALA,IDENT
20160630135835,SA2,900991,CHRISTINA,JAILOS,IDENT
20160630135848,SA5,901400,DANIEL,MAKAYA,IDENT
20160630135848,SA2,900986,KAUSE,ABDALLAH,IDENT
20160630135856,SA6,900404,BRYANT,NYENYEMBE,IDENT
20160630135908,SA2,901024,ASIA,KARATA,IDENT
20160630135916,SA6,900161,PILLI ,MOHAMED,IDENT
20160630135918,SA5,901349,HABIBU,BAKARI,IDENT
20160630135923,SA4,900933,WINFRIDA,LUSEBA,IDENT
20160630135929,SA5,901405,ABDANI,SHILLA,IDENT
20160630135933,SA5,901365,JOYCE,SWILLAH,IDENT
20160630135936,SA1,900825,TITO,MWAMBE,IDENT
20160630135942,SA5,901393,HADIJA,JUMA,IDENT
20160630135955,SA1,900403,BEDA,YUDA,IDENT
20160630140003,SA3,901070,FLORA,MSAMLA,IDENT
20160630140006,SA5,901411,AMINA,MUSA,IDENT
20160630140009,SA5,901323,AMINA,HAMISI,IDENT
20160630140011,SA5,901430,JOYCE,SEMWENDA,IDENT
20160630140011,SA4,901074,VERONICA,KIMWAGA,IDENT
20160630140013,SA5,901425,HIDAYA,KASSIM,IDENT
20160630140014,SA4,901226,MARTHA,MAKASHA,IDENT
20160630140017,SA4,901014,LUCY,THOMAS,IDENT
20160630140020,SA5,901427,JESCA,NGUMBU,IDENT
20160630140022,SA5,901312,VUMILIA,NDEGE,IDENT
20160630140024,SA4,901120,MERCY,MONGI,IDENT
20160630140027,SA5,901066,ZULEHA,MOHAMED,IDENT
20160630140032,SA4,901116,GRACE,KAHANGE,IDENT
20160630140035,SA4,901007,MODESTA,JOGOO,IDENT
20160630140038,SA5,901404,AWAZI,SALIM,IDENT
20160630140041,SA4,901028,REHEMA,KWENGWEGU,IDENT
20160630140041,SA5,901406,PASCAL,STANLEY,IDENT
20160630140044,SA4,901053,DORIS,JOHN,IDENT
20160630140046,SA5,901292,SARA,YOEL,IDENT
20160630140047,SA4,900888,AMINA,NGAINA,IDENT
20160630140048,SA5,901423,CONSOLATHA,JOSEPH,IDENT
20160630140050,SA6,900170,REHEMA,CHINUNJE,IDENT
20160630140051,SA4,900966,ZUHURA,KIJIMBO,IDENT
20160630140052,SA5,901305,DIANA,KIBASA,IDENT
20160630140053,SA2,901044,SUZANA,KIMARO,IDENT
20160630140056,SA4,901222,DEBORA,FILIPATALI,IDENT
20160630140057,SA5,901388,OSWALD,SHILLA,IDENT
20160630140100,SA4,901100,REHEMA,SALEHE,IDENT
20160630140104,SA4,901001,AMINA,MUYA,IDENT
20160630140121,SA5,901058,HAMIDA,MATIPA,IDENT
20160630140122,SA4,900911,NEEMA,URASSA,IDENT
20160630140122,SA1,900820,SALUM,KAISI,IDENT
20160630140124,SA4,901163,SIJALI,MKELE,IDENT
20160630140127,SA4,901018,AISHA,KIBINDO,IDENT
20160630140129,SA5,901285,THABIT,ALLY,IDENT
20160630140131,SA4,901559,MARIAM,JUMA,IDENT
20160630140137,SA5,901394,TERESIA,MHAMBO,IDENT
20160630140137,SA4,901057,ANNA,KITOMARY,IDENT
20160630140139,SA4,900968,TAUSI,SIMBA,IDENT
20160630140139,SA2,901081,PILI,MDEDE,IDENT
20160630140144,SA4,901033,TATU,ISSA,IDENT
20160630140144,SA2,901154,SALAMA,ALLY,IDENT
20160630140149,SA4,901216,ASHA,RAMADHANI,IDENT
20160630140150,SA5,901316,ZUHURA,HAMIS,IDENT
20160630140154,SA4,901106,MARYNIA,KAYOMBO,IDENT
20160630140206,SA2,900948,VERONICA,MFILINGE,IDENT
20160630140208,SA4,900958,SOPHIA,LIKONGO,IDENT
20160630140216,SA5,901317,ASHA,HAMISI,IDENT
20160630140216,SA4,901121,MWATANGA,ALLY,IDENT
20160630140217,SA3,900955,MWANAHAMISI,MAKUNGANYA,IDENT
20160630140223,SA1,900216,ELLY,MKONGWE,IDENT
20160630140223,SA5,901300,ANNA,TEMBA,IDENT
20160630140230,SA5,901036,AZIZA,MANGETU,IDENT
20160630140235,SA1,900805,FRANK ,JABIR,IDENT
20160630140236,SA4,901131,ESTA,KWEKA,IDENT
20160630140242,SA2,901223,HAPPY,MKWEPU,IDENT
20160630140246,SA2,900990,JANE,MHONGOLE,IDENT
20160630140248,SA1,900772,ERICK,KAZIMOTO,IDENT
20160630140252,SA2,901134,NURU,MULONGANILE,IDENT
20160630140254,SA4,900935,ZAINABU,SINGANO,IDENT
20160630140307,SA4,900956,DIANA,LEMA,IDENT
20160630140317,SA6,900580,BARAKA,MAGAFU,IDENT
20160630140322,SA5,901299,SAUDA,MATOWELA,IDENT
20160630140324,SA3,901101,RAJABU,MOHAMMED,IDENT
20160630140328,SA5,901380,BISURA,MCHELEO,IDENT
20160630140329,SA3,900892,MWANIA,PEMBE,IDENT
20160630140330,SA4,901264,HADIJA,RAMADHANI,IDENT
20160630140331,SA3,900989,AMINA,CHITWANGWA,IDENT
20160630140332,SA5,901304,SOPHIA,ALLY,IDENT
20160630140347,SA6,900048,SHELLA,MFAUME,IDENT
20160630140358,SA5,901385,ABDALLA,MGAYA,IDENT
20160630140358,SA4,901153,MAGRETH,ZANUARI,IDENT
20160630140403,SA4,901252,JENIPHA,CHIZA,IDENT
20160630140417,SA2,900873,SELEN,JUMA,IDENT
20160630140422,SA1,900719,STEPHAN,SIMON,IDENT
20160630140423,SA2,900923,HELENA,KHAJI,IDENT
20160630140425,SA6,900451,KASSIM,MALICK,IDENT
20160630140426,SA1,900790,ISIHAKA,IDDI,IDENT
20160630140428,SA5,901286,AGNES,LUCAS,IDENT
20160630140429,SA4,900946,RAHMA,MWIMBA,IDENT
20160630140431,SA2,900877,IRENE,GABRIEL,IDENT
20160630140435,SA2,901176,FATUMA,MASOUD,IDENT
20160630140440,SA1,900789,KAMPBONA,PASCAL,IDENT
20160630140442,SA3,901086,ELIWAZA,MWIGOHA,IDENT
20160630140443,SA2,900987,PILLY,MWAWILA,IDENT
20160630140444,SA4,901144,ESTHER,NAPENGWA,IDENT
20160630140444,SA5,901418,ISAYA ,SAWASAWA,IDENT
20160630140444,SA6,900478,RAPHAEL,SENKONDO,IDENT
20160630140448,SA2,901071,YUNIS,NDAIGA,IDENT
20160630140451,SA3,900886,ELIZABERTH,KIJA,IDENT
20160630140453,SA1,900735,ZAINABU,MOHAMEDI,IDENT
20160630140458,SA3,901210,ROSE,CHUWA,IDENT
20160630140502,SA3,901200,INOCENT , KIFUMU,IDENT
20160630140506,SA4,901236,FATIMA,ALLY,IDENT
20160630140507,SA3,900876,MWASITI,MAULID,IDENT
20160630140510,SA3,901062,RASHID,MDOE,IDENT
20160630140516,SA3,900960,AGNESS,NAWAHIGA,IDENT
20160630140517,SA1,900778,MARIAM,MICHAEL,IDENT
20160630140519,SA3,900907,PAULINA,DEVA,IDENT
20160630140523,SA1,900771,DATIUS,MARTINE,IDENT
20160630140524,SA2,900975,EDINA,MZUNGU,IDENT
20160630140524,SA3,901110,ASHA,MPELA,IDENT
20160630140527,SA2,900895,CATHERINE,CHIGOGOLO,IDENT
20160630140529,SA3,900880,MWANAHAMISI,MAREKANO,IDENT
20160630140530,SA1,900811,JUMA,HUMBE,IDENT
20160630140533,SA6,900572,DOTO,KAJOGOO,IDENT
20160630140535,SA3,90086,FRIDA,MKUMBO,IDENT
20160630140538,SA1,900824,TITO,MGOVANO,IDENT
20160630140547,SA3,900896,HADIJA , KIHEGO,IDENT
20160630140556,SA2,901148,IBRAHIM,MZENTO,IDENT
20160630140556,SA1,900456,KHALIFA,BASHILI,IDENT
20160630140601,SA1,900209,ANGELA,MBESIGWE,IDENT
20160630140607,SA1,900571,FRANK,MALIMA,IDENT
20160630140616,SA3,900949,MUHINA,GOMBE,IDENT
20160630140618,SA1,900788,DEBORA,MWASOMOLA,IDENT
20160630140619,SA6,900406,CHAUREMBO,MWINYI,IDENT
20160630140624,SA4,901191,ROSE,BENARD,IDENT
20160630140624,SA2,901016,HALIFA,MOHAMED,IDENT
20160630140627,SA5,901301,TUKAE,MUSA,IDENT
20160630140635,SA5,901302,ASHA,SHOMARI,IDENT
20160630140636,SA1,900768,FILAN,FATAEL,IDENT
20160630140644,SA2,901158,ALOYCE,IZINA,IDENT
20160630140645,SA1,900569,JAMES,MWANDU,IDENT
20160630140648,SA2,900900,HELENA,SENZUGWAKO,IDENT
20160630140648,SA1,900779,MUSTAFA,HAMISI,IDENT
20160630140718,SA4,901003,SALAMA,KADALA,IDENT
20160630140722,SA6,900162,PILLY,MANENO,IDENT
20160630140723,SA4,901119,LINA,MLAWA,IDENT
20160630140730,SA4,901177,ASHA,MAVENGELO,IDENT
20160630140739,SA4,900971,NAOMI,SAMWELI,IDENT
20160630140746,SA4,900926,AMINA,KONDO,IDENT
20160630140746,SA5,901348,DAVID,NGELESHI,IDENT
20160630140751,SA3,900872,ZALAU,NGWELE,IDENT
20160630140754,SA4,900952,SALAMA,MOHAMAD,IDENT
20160630140756,SA1,900764,OMBENI,MICHAEL,IDENT
20160630140758,SA4,901102,ORIVER,DAUD,IDENT
20160630140758,SA5,901324,MARIAM,YAHAYA,IDENT
20160630140806,SA1,900821,SAWA,SWAHA,IDENT
20160630140807,SA4,901213,HABIBA,NJIKU,IDENT
20160630140810,SA1,900578,MTARI,MAGINGA,IDENT
20160630140817,SA4,900924,DEBORA,HOSSA,IDENT
20160630140819,SA1,900798,ATHUMAN,SEIF,IDENT
20160630140822,SA4,901206,AISHA,MKUMBA,IDENT
20160630140825,SA1,900720,FRANCIS,RAFAEL,IDENT
20160630140828,SA4,900861,MWAJABU,BAKARI,IDENT
20160630140831,SA4,900882,WINIFRIDA,MALISELINO,IDENT
20160630140831,SA1,900437,HUSSEIN,MBONDE,IDENT
20160630140832,SA6,900586,MOHAMED,SOLOKA,IDENT
20160630140835,SA2,901060,MARTHA,GABRIEL,IDENT
20160630140835,SA1,900781,GERALD,JOHN,IDENT
20160630140836,SA4,901157,DAVID,JUMA,IDENT
20160630140839,SA4,901141,HADIJA,SALUM,IDENT
20160630140839,SA2,901049,REDEMTA,DANIEL,IDENT
20160630140843,SA4,901029,MARIAM,OMAR,IDENT
20160630140846,SA2,901204,SOPHIA,LUGOME,IDENT
20160630140850,SA6,900422,FURAHA,MWAKIFWAMB,IDENT
20160630140855,SA5,901399,DIANA,NDONGO,IDENT
20160630140855,SA4,901225,NOELA,YALOT,IDENT
20160630140904,SA4,901172,AGNES,STEVEN,IDENT
20160630140907,SA1,900794,ADAM,SALTIELY,IDENT
20160630140913,SA4,901232,ZAMDA,HASSAN,IDENT
20160630140915,SA5,901350,ALFRED,CHARLES,IDENT
20160630140923,SA4,901146,MARTHA,MAKOTI,IDENT
20160630140933,SA1,900817,MOSES,MASENGA,IDENT
20160630140933,SA3,900875,ASHA,MALINBWI,IDENT
20160630140938,SA1,900815,METHOD,DEDA,IDENT
20160630140953,SA5,901395,HASHIM,HAIZA,IDENT
20160630140959,SA5,901384,JOSHUA,KITUNDU,IDENT
20160630141005,SA2,901085,ELIZABETH,NYAMBO,IDENT
20160630141005,SA1,900455,KHALFAN,OMARI,IDENT
20160630141006,SA6,900489,TUMAINI,MNZAVA,IDENT
20160630141010,SA2,901039,JULIANA,SUKU,IDENT
20160630141021,SA4,900942,CHRISTINA,MWENDA,IDENT
20160630141030,SA4,901257,FRIDA,MHELELA,IDENT
20160630141030,SA1,900213,BEDASTUS,PIUS,IDENT
20160630141031,SA2,901065,ZAINABU,KARUMUNA,IDENT
20160630141036,SA4,901221,TEDDY,MAGAMBO,IDENT
20160630141045,SA2,901091,FARIDA,LYIMO,IDENT
20160630141106,SA2,901038,AMINA,MDOE,IDENT
20160630141112,SA4,901145,ADELINA,MALEMA,IDENT
20160630141123,SA4,901169,VERONICA,LECHIPYA,IDENT
20160630141126,SA4,900973,SHARIFA,LIYAYA,IDENT
20160630141128,SA5,901389,OMARY,JUMA,IDENT
20160630141134,SA4,901165,FATUMA,ABDALLAH,IDENT
20160630141141,SA1,900783,DAMIAN,ALONE,IDENT
20160630141144,SA4,901019,ASHA,NGAMBA,IDENT
20160630141147,SA1,900769,JAMES,MACKLINE,IDENT
20160630141150,SA1,900751,TUSKAR,HALFANI,IDENT
20160630141154,SA4,900870,GOMERY,DAUDI,IDENT
20160630141201,SA4,901002,MARIAM,SABURI,IDENT
20160630141203,SA1,900490,TWAHA,MGUHI,IDENT
20160630141216,SA6,900647,JOHANSEN,MPANJU,IDENT
20160630141232,SA3,901205,JAMILA,MASONGI,IDENT
20160630141233,SA6,900166,RAMADHANI,KIPENGELE,IDENT
20160630141239,SA3,901227,MWAMVITA,MWAIPOPO,IDENT
20160630141249,SA2,901103,MWATANGA,DIENI,IDENT
20160630141330,SA1,900760,OMARY,MHAGAMA,IDENT
20160630141335,SA1,900793,ABDUL,MAINGO,IDENT
20160630141338,SA1,900827,YASIN,MUSSA,IDENT
20160630141343,SA1,900723,SAIDI,JUMANE,IDENT
20160630141352,SA3,900965,HERMAN,MAKOKO,IDENT
20160630141355,SA1,900210,ASHA,HUSSEIN,IDENT
20160630141359,SA1,900742,PROSPER,POLITHO,IDENT
20160630141403,SA5,901279,NEEMA, GODFREY,IDENT
20160630141407,SA1,900746,GEDION,BUTENGE,IDENT
20160630141412,SA5,901396,EDWIN,KIPUYO,IDENT
20160630141418,SA1,900450,JUMA,RAMADHANI,IDENT
20160630141419,SA2,901268,ANITHA,KWIMBA,IDENT
20160630141436,SA5,901126,YUNIS,LULANDALA,IDENT
20160630141458,SA1,900749,EZEKIEL,SOLO,IDENT
20160630141509,SA6,900164,RAMADHANI ,BAKARI,IDENT
20160630141510,SA1,900818,PASCAL,MIKONDO,IDENT
20160630141515,SA4,901249,HILDA,MWAZEMBE,IDENT
20160630141528,SA4,901093,SHARON,IBRAHIM,IDENT
20160630141546,SA2,901259,SHOMARY,MRISHO,IDENT
20160630141556,SA4,901005,HADIJJA,KIJUU,IDENT
20160630141605,SA4,901161,NURU,MOHAMED,IDENT
20160630141610,SA4,901250,JENIPHA,DAMIAN,IDENT
20160630141617,SA4,900937,UPENDO,MLEWA,IDENT
20160630141638,SA6,901149,EPIFANI, MBOKO,IDENT
20160630141712,SA2,900954,HABIBA,MDOSE,IDENT
20160630141718,SA4,901118,LILIAN,MREMA,IDENT
20160630141743,SA5,901330,SAVELINA ,KASHASHA,IDENT
20160630141750,SA4,900928,MARIA,MAGWE,IDENT
20160630141755,SA4,900918,MARIAM,RAMADHANI,IDENT
20160630141800,SA2,900982,MWANAKOMBO,KHALID,IDENT
20160630141823,SA2,900889,SALMA,MWAWILA,IDENT
20160630141828,SA1,900752,SIMON,MAPUNDA,IDENT
20160630141832,SA1,900761,CHRISTOPHER,MFUNGO,IDENT
20160630141849,SA6,900417,FABIAN,FABIAN,IDENT
20160630141905,SA4,901233,SAMI,MTITIMA,IDENT
20160630141913,SA4,901207,AISHA,ABEID,IDENT
20160630141944,SA3,900887,ELITABETH,GOMELO,IDENT
20160630141947,SA6,900476,RAMADHANI,IDD,IDENT
20160630141951,SA4,901156,SAID,HAMISI,IDENT
20160630141952,SA1,900757,JOSEPH,HEMA,IDENT
20160630141954,SA2,901266,AZIZA,KAKOMBE,IDENT
20160630142000,SA1,900296,SAVERY,KAJELA,IDENT
20160630142030,SA3,901069,ELIZABETH,MRAMU,IDENT
20160630142047,SA5,901376,ZAINABU ,SALUM,IDENT
20160630142102,SA2,901000,AGNES,MTYANGILE,IDENT
20160630142122,SA2,901258,ATHUMAN,KILINDU,IDENT
20160630142144,SA4,900984,SALAMA,BIGE,IDENT
20160630142146,SA6,900396,ANDREW,MSANGI,IDENT
20160630142205,SA3,900871,MWANAHAMISI,NDOLWA,IDENT
20160630142213,SA1,900684,ABDUL,IMAMU,IDENT
20160630142221,SA4,900929,HALIMA,SEIF,IDENT
20160630142225,SA1,900228,KAGERA,MSAMBUSI,IDENT
20160630142243,SA4,901008,GRESS,KOBA,IDENT
20160630142244,SA5,900849,IRENE,MMARI,IDENT
20160630142253,SA4,901267,NEEMA ,MWAMANYE,IDENT
20160630142333,SA6,900658,MWASITI,LABOA,IDENT
20160630142427,SA4,901208,SARAH,MWINANI,IDENT
20160630142523,SA3,901064,SAID,RAMADHANI,IDENT
20160630142533,SA1,900001,ABDALLAH,JUMANNE,IDENT
20160630142540,SA1,900001,ABDALLAH,JUMANNE,IDENT
20160630142557,SA4,900893,JOYCE,MCHOMVU,IDENT
20160630142633,SA5,901368,NAOMI,YUSUPH,IDENT
20160630142637,SA5,901298,SWAUMU,MZIRAI,IDENT
20160630142650,SA3,901220,AGNESS,MWAMBENGO,IDENT
20160630142655,SA4,900847,ZAINABU,SINGANO,IDENT
20160630142700,SA4,901142,SOPHIA,YUSUPH,IDENT
20160630142724,SA5,901355,HALIMA,SANANE,IDENT
20160630142729,SA5,901364,SALAFINA,KISAPI,IDENT
20160630142735,SA2,900912,MWAJUMA,KITANI,IDENT
20160630142748,SA5,901356,ZAMDA,NGWABAYA,IDENT
20160630142754,SA5,901367,BEATHA,MLOSO,IDENT
20160630142807,SA5,901372,PORTINA,MSALA,IDENT
20160630142905,SA4,901139,HAPPY ,ZAKAYO,IDENT
20160630142911,SA4,901128,ZAITUNI,SOGOI,IDENT
20160630142921,SA4,901224,ANNA,NYAKAPALA,IDENT
20160630142945,SA5,901369,RECHO,MSHUMBUSI,IDENT
20160630142950,SA4,901228,CESILIA,MBABUYE,IDENT
20160630143010,SA4,901077,CONSOLATH,MATERU,IDENT
20160630143037,SA4,900995,MARY,KIAMA,IDENT
20160630143319,SA4,901197,RASHID,NJERAN,IDENT
20160630143434,SA1,900410,DAVID,JOSEPH,IDENT
20160630143612,SA6,900115,AKIDA,DUGANGE,IDENT
20160630143627,SA1,900243,YOHANA,ALLY,IDENT
20160630143642,SA6,900159,PAMELA,KUSALIKA,IDENT
20160630143805,SA4,901125,TAUSI,SHABANI,IDENT
20160630144016,SA1,900218,GEDDY,SONENGA,IDENT
20160630144240,SA6,900169,REHEMA,YUSUFU,IDENT
20160630144248,SA6,900487,STEPHEN,KAMBWEMBWE,IDENT
20160630144345,SA3,900963,MWAZANI,SAIDI,IDENT
20160630144346,SA6,900050,STANLEY,JEREMIAH,IDENT
20160630144438,SA1,900739,EMENUEL,KYEJO,IDENT
20160630144447,SA1,900745,YUSUPH,NGAPAWA,IDENT
20160630144607,SA2,900844,AISHA,MSOMI,IDENT
20160630144722,SA3,900920,PILLI,SAIDI,IDENT
20160630144744,SA1,900232,MATIKO ,MICHAEL,IDENT
20160630144841,SA4,901269,AISHA,HALFAN,IDENT
20160630144849,SA4,100956,HADIJA,SALUM,IDENT
20160630145052,SA1,900207,ADELE,NJOCHOLA,IDENT
20160630145059,SA1,900233,MUSSSA,ABDALLAH,IDENT
20160630145106,SA1,900756,HUSSEIN,KANDORO,IDENT
20160630145709,SA6,900168,RAZAKI,MTINDA,IDENT
20160630145709,SA4,900910,ZAINABU,SADALLAH,IDENT
20160630150145,SA6,900135,HALIMA,NGAMZI,IDENT
20160630151253,SA1,900724,HASANI,MRISHO,IDENT
20160630151622,SA6,900134,GRACE,KIM,IDENT
20160630152209,SA2,901272,NDEKESIO,SIKAWA,IDENT
20160630152835,SA1,900712,JUMA,JUMBE,IDENT
20160630152849,SA6,900128,ENELES,MBWAGA,IDENT
20160630153321,SA6,900120,BENEDICTO,MBOKO,IDENT
20160630155838,SA6,900107,MSELEM,MSELEM,IDENT
20160630160048,SA6,900111,SALUM,SAIDI,IDENT
20160630160058,SA5,901326,ALLY,MBONDE,IDENT
20160630160226,SA3,901073,SALMA,MUHARAMU,IDENT
20160630160230,SA3,901031,AMINA,BAKARI,IDENT
20160630160247,SA6,900431,HAMADI,ZUBERI,IDENT
20160630160318,SA1,900804,FROLAH,MPONDO,IDENT
20160630160325,SA6,900271,HUSNA,SAID,IDENT
20160630160326,SA1,900224,JABIRI,AMANZI,IDENT
20160630160339,SA2,901006,RUKIA,ALLY,IDENT
20160630160433,SA6,900127,DUNCAN,MHANDO,IDENT
20160630160437,SA6,900133,GEORGE,GIDION,IDENT
20160630160449,SA6,900385,ABDALLAH,MOHAMED,IDENT
20160630160525,SA6,900681,ABUBAKARI,MGAZA,IDENT
20160630160552,SA4,901099,TAUS,MUSTAPHA,IDENT
20160630160604,SA6,900402,BARAKA,MVUNGI,IDENT
20160630160605,SA3,901248,MAGRETH,MASAWE,IDENT
20160630160641,SA6,900099,AMIN,JUMA,IDENT
20160630160835,SA6,900291,RASHIDI,MUSSSA,IDENT
20160630160844,SA6,900591,RASHID ,MUNKENDA,IDENT
20160630160847,SA6,900649,ZUBEDA,MANDIA,IDENT
20160630160901,SA6,900581,SAADA,MUHINTE,IDENT
20160630160931,SA6,900155,MWANAFATIMA,MATIPA,IDENT
20160630161003,SA1,900843,KHALFANI,SHABAN,IDENT
20160630161015,SA5,901294,RATIFA,KAPINGA,IDENT
20160630161048,SA6,900484,SHANI,MOHAMED,IDENT
20160630161156,SA6,900458,KIBWANA,SAIDI,IDENT
20160630161314,SA1,900655,ZAINAB,JERECKO,IDENT
20160630161314,SA6,900171,ROBERT,MFUNI,IDENT
20160630161318,SA2,900969,JEMA,SALUM,IDENT
20160630161426,SA1,900030,JUMANNE,LUMBU,IDENT
20160630161608,SA5,901382,KONDO,MOHAMED,IDENT
20160630161617,SA6,900472,MWALIMU,SELEMANI,IDENT
20160630161701,SA5,901334,SHAIBU,KASANGA,IDENT
20160630161832,SA6,900009,ASHA,HAMISI,IDENT
20160630161842,SA6,900439,IDDI,MOHAMED,IDENT
20160630161847,SA6,900393,ALLY,MTWALE,IDENT
20160630161858,SA6,900454,KHALFAN,AMOUR,IDENT
20160630161930,SA6,900029,JUMANNE,MBONDE,IDENT
20160630162144,SA6,900057,ZAITUNI,ABDALLAH,IDENT
20160630162210,SA5,901327,EMERY,MSUNGU,IDENT
20160630162344,SA6,900110,RASHID,ISSA,IDENT
20160630162944,SA1,900225,JOHN,FREDRICK,IDENT
20160630163346,SA2,100638,AMINA,CHETE,IDENT
20160630163355,SA2,100624,HALIMA,KAMOTE,IDENT
20160630163403,SA2,101587,SHAMIM,FUNDI,IDENT
20160630163412,SA2,100633,HADIJA,MMANGA,IDENT
20160630163608,SA2,200320,OMARI,OMAR,IDENT
20160630163851,SA2,100596,ISMAIL,RAMADHANI,IDENT
20160630165015,SA1,900710,NICHOLAS,KAPANDE,IDENT
20160630165107,SA6,900432,HAMZA,ABDALLAH,IDENT
20160630165646,SA6,E043,VAGEESH,KUMAR,IDENT
20160630165752,SA1,900780,THEO,MAPUNDA,IDENT
20160630170010,SA6,900184,JASPER,NGURUBE,IDENT
20160630170025,SA2,101510,SALOME,DUA,IDENT
20160630170039,SA2,901075,AGATHA,JAMALI,IDENT
20160630170048,SA2,901079,AGNESS,HAJI,IDENT
20160630170058,SA4,900874,LUCY,ELIAS,IDENT
20160630170058,SA2,901083,EDINA,JOHN,IDENT
20160630170111,SA2,901009,MOSHI,SAIDI,IDENT
20160630170135,SA6,900397,ANNA,MOSHI,IDENT
20160630170145,SA4,901055,FATUMA,MUHANDO,IDENT
20160630170150,SA4,901084,MARIA ,SANGA,IDENT
20160630170152,SA6,900041,NELSON,MTEMI,IDENT
20160630170155,SA2,900978,ELIZABETH,ZAE,IDENT
20160630170202,SA1,900503,JANE,RWEHUMBIZA,IDENT
20160630170211,SA2,901072,TATU,ATHUMAN,IDENT
20160630170215,SA6,901560,FREDRICK,MUSHI,IDENT
20160630170219,SA6,900043,RANI,MOHAR,IDENT
20160630170221,SA4,901209,MIRIAM,MNDEWA,IDENT
20160630170223,SA2,900938,ISMAIL,THOMAS,IDENT
20160630170234,SA2,901040,LUCY,AGASTINO,IDENT
20160630170235,SA6,900445,JOHN,MASUNGWA,IDENT
20160630170251,SA3,900979,FATUMA,MSAKUZI,IDENT
20160630170312,SA2,900976,LUCY,STANLEY,IDENT
20160630170349,SA2,901273,HELLEN,KIZWALO,IDENT
20160630170407,SA6,900701,MATHEW,NDANSHAU,IDENT
20160630170415,SA6,900620,AYOUB,MTAFUNGWA,IDENT
20160630170430,SA2,901011,JANE,SIMON,IDENT
20160630170435,SA6,900143,JACKLINE,MAIGA,IDENT
20160630170437,SA6,900143,JACKLINE,MAIGA,IDENT
20160630170439,SA2,900957,HADIJA,MKOTA,IDENT
20160630170526,SA4,901020,VICTORIA,MWALUANDA,IDENT
20160630170535,SA6,900408,COLLMAN,KISISA,IDENT
20160630170606,SA6,900682,BENEDICT,ELIAS,IDENT
20160630170626,SA1,900459,KULWA,MLYASANZA,IDENT
20160630170642,SA6,900560,DEOGRASIAS,STEPHIN,IDENT
20160630170650,SA4,901041,JACKLINI,MBOYA,IDENT
20160630170704,SA5,901278,HENRY ,CHELULA,IDENT
20160630170712,SA6,900390,ALBERT,KANENDA,IDENT
20160630170744,SA6,900488,THOBIAS,KIWELU,IDENT
20160630170754,SA6,900055,VERONICA,MBAZIGWA,IDENT
20160630170759,SA6,900644,FARIDA,RUBANZA,IDENT
20160630170804,SA6,101110,ESTER,THEOOFIL,IDENT
20160630170913,SA6,900016,FATUMA,HAMISI,IDENT
20160630170954,SA6,901440,UMMY,KWANGALA,IDENT
20160630171039,SA6,900114,ABEID,MOHAMED,IDENT
20160630171118,SA6,900430,GWAKISA,MWAKASAGURE,IDENT
20160630171124,SA6,101880,RICHARD,MAKASI,IDENT
20160630171129,SA6,900418			,FELIX,WAUSA,IDENT
20160630171202,SA5,901332,NASRA,MSANYA,IDENT
20160630171212,SA5,901329,ELIWA ,SHAO,IDENT
20160630171248,SA5,901333,NEEMA,KILUZIA,IDENT
20160630171248,SA6,900116,ASHA,ALLY,IDENT
20160630171301,SA6,901265,FRANK ,RUZIGA,IDENT
20160630171309,SA6,900452,KENNEDY,KIMARO,IDENT
20160630171326,SA6,900414,EMMANUEL ,SERAPHINE,IDENT
20160630171432,SA6,900257,ENGLIBERTH,DAUDI,IDENT
20160630171450,SA6,900468,MICHAEL,IBRAHIM,IDENT
20160630171510,SA5,901339,JAMES,MKONO,IDENT
20160630171511,SA6,900400,BAHATI,LUBUVA,IDENT
20160630171550,SA6,900108,NORAH,CLEMENCE,IDENT
20160630171632,SA6,901558,CONSOLATA,MDEMU,IDENT
20160630171635,SA6,900644,FARIDA,RUBANZA,IDENT
20160630171639,SA6,900644,FARIDA,RUBANZA,IDENT
20160630171647,SA6,900389,AHMAD,KINDUMA,IDENT
20160630171743,SA6,900464,MARTHA,MWIKOLA,IDENT
20160630171750,SA6,900280,TADEO,MWINGIZI,IDENT
20160630171803,SA6,900481,RICHARD,KWEYAMBA,IDENT
20160630171832,SA6,900126,DORIKA,MALYANGO,IDENT
20160630171901,SA6,901438,MARY,JOSEPH,IDENT
20160630172216,SA6,900494,YOHANA,LUSANA,IDENT
20160630172418,SA5,200171,RESPICIUS, NDYAMUKAMWA,IDENT
20160630172517,SA6,900011,BLANTINA,MLOWE,IDENT
20160630172915,SA1,900708,OMARY,ABDALLAH,IDENT
20160630172935,SA6,900435,HASSAN,NKHAMBI,IDENT
20160630173018,SA1,900236,PENDO,MAGIGE,IDENT
20160630173046,SA5,901335,YONA,MAPELELE,IDENT
20160630173159,SA6,E076,KAILASH,MONEN,IDENT
20160630173252,SA6,900144,JANE,MWAKABULUFU,IDENT
20160630173610,SA1,900098,TATU,MTUPA,IDENT
20160630173707,SA1,901575,LINDA,MLAY,IDENT
20160630173710,SA6,900467,MBARUKU,OSWAD,IDENT
20160630173717,SA1,900706,MECKLEEN,NANGEDA,IDENT
20160630173726,SA1,900235,PAULO,MGEMA,IDENT
20160630173731,SA6,E041,JAGAN MOHAN,YERUVA,IDENT
20160630174000,SA6,E078,SANJAY,GOYAL,IDENT
20160630174010,SA6,900130,FATUMA,CHOMBO,IDENT
20160630174133,SA6,E037,SRINIVAS,DANTU,IDENT
20160630174307,SA1,900506,JOE ,MATANDU,IDENT
20160630174544,SA6,E060,ANOOP,TIWARI,IDENT
20160630174548,SA6,E032,SANKARAN,JAYARAM,IDENT
20160630174552,SA6,E068,RANJEET SINGH,SAINI,IDENT
20160630174708,SA6,900629,MICHAEL,ZAMBETAKIS,IDENT
20160630174712,SA6,E069,SHANTANU,KULKARNI,IDENT
20160630174738,SA1,900157,MZEE,KONDOWE,IDENT
20160630174746,SA1,900239,SOPHIA,MUSHI,IDENT
20160630174800,SA6,900583,REGINALD,MICHAEL,IDENT
20160630174803,SA1,900024,JOSEPH,TWALIB,IDENT
20160630174805,SA6,900109,AMANI,NYAKARASHI,IDENT
20160630174812,SA1,900852,LEONCE,BARONGO,IDENT
20160630174819,SA1,900687,PROTUS,RUWANDA,IDENT
20160630174829,SA1,900645,PETER,MTOLELA,IDENT
20160630175009,SA1,101115,ATHUUMANI,HEMEDI,IDENT
20160630175122,SA1,900425,GEORGE,JOSEPH,IDENT
20160630175159,SA1,900709,MRISHO,ATHUMANI,IDENT
20160630175445,SA6,900462,MANDZEL,KWIMBA,IDENT
20160630175657,SA6,900436,HONEST,MATEMU,IDENT
20160630175742,SA6,900446,JOSEPH,KIBASA,IDENT
20160630175807,SA1,101530,SIMON,YOHANA,IDENT
20160630175901,SA6,900407,CHRISTIAN ,NGONYANI,IDENT
20160630175927,SA1,900715,ELIASI,KIZITO,IDENT
20160630180118,SA1,900513,SALEHE,BAKARI,IDENT
20160630180235,SA6,900470,MODEST,NJAU,IDENT
20160630180329,SA1,901577,SALEEM,KHATRI,IDENT
20160630180535,SA6,900420,FRANCIS,TESHA,IDENT
20160630180953,SA1,900505,JESCA,MATECHI,IDENT
20160630180955,SA1,101140,FAUSTINI,MGIMBA,IDENT
20160630181019,SA6,900416,ERICK,DAUD,IDENT
20160630181211,SA1,101531,RASHIDI,BAKARI,IDENT
20160630181405,SA6,900123,CHARLES,LUSWETULA,IDENT
20160630181432,SA6,E079,BALASUBRAMANIAM,M,IDENT
20160630181451,SA4,900944,FROLA,KAMARA,IDENT
20160630181518,SA6,900413,ELIBAHATI,JOSEPH,IDENT
20160630181521,SA6,900398,ARSEN, RWEBANGILA	,IDENT
20160630181613,SA6,901436,HAMISI,KAVINGA,IDENT
20160630181622,SA6,900465,MARTIN,KIDUNGU,IDENT
20160630181649,SA6,E067,ANKIT,JAIN,IDENT
20160630181912,SA6,900387,ADAM,KINGU,IDENT
20160630182031,SA1,901557,WALTER,MAYA,IDENT
20160630182126,SA6,900262,FRIDA, MWAMBEGELE,IDENT
20160630182322,SA1,900231,MARKO,SHIMIZI,IDENT
20160630182439,SA6,900460,LAMECK,ASSETO,IDENT
20160630182734,SA6,900584,LUCY,MACHAI,IDENT
20160630172425,SA2,901444,BAKARI,KITILA,IDENT
20160630173713,SA3,901449,BONIFAS,ANGANILE,IDENT
20160630173722,SA3,900940,JUMANNE,ZONGO,IDENT
20160630174715,SA2,200348,JONASI,LUCAS,IDENT
20160630175115,SA2,200313,GADISON,ROSENIUS,IDENT
20160630181219,SA2,901446,DANIEL,MBARUKA,IDENT
20160630181500,SA2,901451,JUSTINE,MKUDE,IDENT
20160630181745,SA2,901441,CHRISTOPHER ,MUSHI,IDENT
20160630181818,SA2,901534,MASANJA,JUMA,IDENT
20160630181944,SA2,100603,EDWIN,OWINO,IDENT
20160630182045,SA2,100597,NOVATI,TARIMO,IDENT
20160630182054,SA2,900859,MASANGULA,MASANGURA,IDENT
20160630182703,SA2,901450,FARIDA,JUMA,IDENT
20160630183029,SA3,901068,CATHERINE,MATENGO,IDENT
20160630183117,SA2,200316,DENIS,JOHNSON,IDENT
20160630183316,SA1,900457,KHAMISI,MASUMBUKO,IDENT
20160630183424,SA6,901432,AMINA,SOGOI,IDENT
20160630183430,SA6,901434,JOSEPHINA,HAU,IDENT
20160630183448,SA1,900222,HENRY,NGOWI,IDENT
20160630183526,SA2,901445,KARIM,MJAKA,IDENT
20160630183541,SA2,200309,RAMADHANI,KIHILE,IDENT
20160630183543,SA2,200351,MICHAEL,MICHAEL,IDENT
20160630183546,SA2,200314,DEO,SAKAYA,IDENT
20160630183729,SA2,100566,MKWAYA,TONGOLA,IDENT
20160630183818,SA2,200347,SHABILU,MOHAMMED,IDENT
20160630184300,SA6,900174,SOSTHENES,MUKAMA,IDENT
20160630184511,SA1,900219,GEORGE,SAMATA,IDENT
20160630184654,SA2,100664,JUMA,MUSSA,IDENT
20160630184737,SA2,200318,JOSHUA , PAULO,IDENT
20160630185336,SA6,E077,SUMIT,BHATNAGAR,IDENT
20160630185341,SA6,E021,RAJA,SWAMINATHAN,IDENT
20160630185348,SA6,E045,SURESH,PS,IDENT
20160630185831,SA4,900941,KULWA,MSUMA,IDENT
20160630185846,SA6,900448,JOSEPH,MKELEBE,IDENT
20160630190535,SA1,900429,GOODLUCK,LYAHONA,IDENT
20160630191831,SA6,900156,MWANAISHA,UWESU,IDENT
20160630191903,SA2,200349,FRANK,MOSHI,IDENT
20160630191906,SA1,900466,MATHEW,PHILIP,IDENT
20160630191959,SA6,900173,SHARIFA,MRISHO,IDENT
20160630192758,SA1,900411,DEO,JULIUS,IDENT
20160630193011,SA2,901452,STEVEN,CHUWA,IDENT
20160630193120,SA6,900574,FURAHA,MSAMBWA,IDENT
20160630193126,SA6,901435,FILES,MBANDO,IDENT
20160630193250,SA6,E013,GIRIRAJ,SHARMA,IDENT
20160630193614,SA6,900137,HERIETH,MWELI,IDENT
20160630193708,SA6,900268,GWANTWA,MWASYEBULE,IDENT
20160630193716,SA6,900292,ROSE,CHIKAWE,IDENT
20160630194311,SA2,901447,MASHAKA,MATEKELE,IDENT
20160630194334,SA2,901453,JOHNSON,MUNISI,IDENT
20160630194722,SA6,900103,FREDNAND,JACKSON,IDENT
20160630194814,SA6,900131,FRANK,MAKWABU,IDENT
20160630194935,SA2,200311,DAVID,BWILE,IDENT
20160630195000,SA6,900165,RAMADHANI,NYENJE,IDENT
20160630195056,SA6,900142,IRENE,MREMA,IDENT
20160630195437,SA2,200312,BARAKA,KATEGILE,IDENT
20160630195755,SA6,900056,YESAYA,NTUNDUU,IDENT
20160630195804,SA6,900151,LISSY,KIGONJOLA,IDENT
20160630200108,SA6,900627,BAHATI,KAPIGA,IDENT
20160630200303,SA6,900661,ADILILA,KONGA,IDENT
20160630200415,SA6,900132,FRIDA,KIGWA,IDENT
20160630200416,SA2,100635,JULIUS,MUNISHI,IDENT
20160630201214,SA6,900002,ABDALLAH,MWEYO,IDENT
20160630201255,SA1,900594,GASPER,MATALO,IDENT
20160630201307,SA1,900001,ABDALLAH,JUMANNE,IDENT
20160630201652,SA1,900281,NAYOPA,MTENDECHI,IDENT
20160630202245,SA1,900542,POUL,KIBELA,IDENT
20160630202443,SA6,900611,EVARIST,MPINGAURUGU,IDENT
20160630203103,SA1,900249,AMIRI,MZEE,IDENT
20160630203716,SA6,900019,HAMISI,MADODO,IDENT
20160630203758,SA6,900543,JOHN,MAGANYA,IDENT
20160630203811,SA6,900543,JOHN,MAGANYA,IDENT
20160630205300,SA6,900051,SUDI,KHALFANI,IDENT
20160630210940,SA1,900814,MARTIN,MUHANDO,IDENT
20160630210947,SA6,900046,SALUM,NDEGE,IDENT
20160630211131,SA1,900825,TITO,MWAMBE,IDENT
20160630211547,SA1,900795,ALLY,LIKIWA,IDENT
20160630211754,SA1,900822,MENRUFU,PILLY,IDENT
20160630211913,SA1,900734,REHEMA,NKYA,IDENT
20160630211917,SA1,900154,MWAJUMA,MSAKUZI,IDENT
20160630212615,SA1,900777,MNADI,MRAJAA,IDENT
20160630212622,SA1,900809,JAMES,MWENDA,IDENT
20160630212832,SA1,900736,KANUNU,THABIT,IDENT
20160630212846,SA1,900571,FRANK,MALIMA,IDENT
20160630212854,SA1,900730,UHURU,MARWA,IDENT
20160630212919,SA1,900217,FRED,JAMES,IDENT
20160630212923,SA1,900787,YOHANA,NGEREZA,IDENT
20160630212933,SA1,900786,FARAJI,KILUWA,IDENT
20160630212945,SA1,900211,BARAKA,MAKI,IDENT
20160630212951,SA1,900216,ELLY,MKONGWE,IDENT
20160630213014,SA1,900738,MOHAMED,NGODA,IDENT
20160630213033,SA1,900716,JUMA,JUMANNE,IDENT
20160630213146,SA1,900750,JACOB,KAWALE,IDENT
20160630213159,SA1,900384,ABDALLA,SAIDI,IDENT
20160630213223,SA1,900386,ABDALLAH ,RAMADHANI,IDENT
20160630213232,SA1,900240,SOSTHENES,MANYAMA,IDENT
20160630213241,SA1,900731,HUSSAIN,HAMADI,IDENT
20160630213246,SA1,900776,ZUBERI,MOHAMED,IDENT
20160630213427,SA6,900449,JUMA,SANGAYA,IDENT
20160630213602,SA5,901387,GODFREY,YALED,IDENT
20160630213604,SA4,900866,FLORA,DAMAS,IDENT
20160630213605,SA5,901281,JOSEPH,MUSUGULI,IDENT
20160630213609,SA5,901386,SHAMSI,MUHITI,IDENT
20160630213621,SA1,900721,GISELA,SHAYO,IDENT
20160630213629,SA1,900766,JUDITH,GEOFREY,IDENT
20160630213632,SA5,901397,LINETH,KYARUS,IDENT
20160630213634,SA1,900743,JUMA,ISEMA,IDENT
20160630213639,SA1,900759,ELIAS,YAKOB,IDENT
20160630213649,SA6,900148,JUDITH,MALISA,IDENT
20160630213652,SA5,901351,BARNABA,EDWARD,IDENT
20160630213659,SA5,901422,EMMANUEL,KHALIDI,IDENT
20160630213708,SA1,101945,JAMES,VALENTINE,IDENT
20160630213714,SA1,900792,IDDI,IDDI,IDENT
20160630213722,SA1,900242,WILSON,ANYNGISE,IDENT
20160630213722,SA5,901280,WHITNESS,MSAGATI,IDENT
20160630213727,SA1,900733,ALHAJI,IDD,IDENT
20160630213742,SA6,900447,JOSEPH,LUSANA,IDENT
20160630213747,SA1,900768,FILAN,FATAEL,IDENT
20160630213802,SA5,901402,ALLY,SELEMAN,IDENT
20160630213811,SA4,900915,DOROTHEA,KILO,IDENT
20160630214016,SA4,900891,HINESS,KAAYA,IDENT
20160630214039,SA1,900758,MOHAMEDY,ATHUMANI,IDENT
20160630214140,SA5,901309,SALMA,RAFIKI,IDENT
20160630214157,SA1,900718,WILSON,ALOIS,IDENT
20160630214213,SA6,900124,DAUDI,ELIFALETH,IDENT
20160630214306,SA1,900773,FELIX,CHRISTOPHER,IDENT
20160630214326,SA1,900729,MOHAMED,KOMBO,IDENT
20160630214455,SA1,900727,GEORGE,GREAD,IDENT
20160630214458,SA6,900568,GODWIN,KIRIA,IDENT
20160630214504,SA5,901353,DOREEN,MDOE,IDENT
20160630214509,SA5,900853,DEVOTHA,ELIAS,IDENT
20160630214520,SA5,901320,REHEMA,ALLY,IDENT
20160630214525,SA5,901428,YOHANA,LEONARD,IDENT
20160630214528,SA5,901338,WAZIRI,WAZIRI,IDENT
20160630214539,SA1,900463,MARTENUS,MAPESA,IDENT
20160630214540,SA6,900480,RASHID,MOHAMED,IDENT
20160630214540,SA4,900868,MAIMUNA,JARUFU,IDENT
20160630214555,SA1,900442,ITIKA,DICKSON,IDENT
20160630214632,SA5,901373,ADELA,MSAGA,IDENT
20160630214645,SA5,901315,FIDEA,AGUSTINO,IDENT
20160630214649,SA1,900820,SALUM,KAISI,IDENT
20160630214726,SA1,900213,BEDASTUS,PIUS,IDENT
20160630214806,SA4,900864,TECLA,SAMWEL,IDENT
20160630214841,SA5,901307,MATRIDA,CHUVAKA,IDENT
20160630214847,SA5,901311,LOYCE,MASKINI,IDENT
20160630214851,SA5,901291,AISHA,ISSA,IDENT
20160630214910,SA5,901409,MAGRETH,NGOSI,IDENT
20160630214914,SA5,901297,STELLA,MAKUNDI,IDENT
20160630214919,SA5,901370,MARIAM,MJELELE,IDENT
20160630214922,SA5,901288,EPIPHANIA,LUKWI,IDENT
20160630214926,SA1,900728,JAMAL,MRISHO,IDENT
20160630214936,SA5,901290,AGNES,SALAWA,IDENT
20160630214939,SA1,900426,GESAGA,RAMADHANI,IDENT
20160630214941,SA6,900391,ALLY,MASHAURI,IDENT
20160630214944,SA4,900903,RUKIA,MOHAMED,IDENT
20160630214951,SA5,901345,ALHAJI,KIHIYO,IDENT
20160630214954,SA5,901410,ALFRED,MUGHWAI,IDENT
20160630214955,SA1,900775,SABATO,JULIUS,IDENT
20160630214956,SA5,901403,RUBUNDA,NJELELE,IDENT
20160630215003,SA1,900227,JOSEPH,NGANILWA,IDENT
20160630215017,SA5,901378,HOYCE,TILLYA,IDENT
20160630215031,SA1,900726,ABDALLAH,CHOBO,IDENT
20160630215041,SA1,900717,GODFREY,LAMBAU,IDENT
20160630215050,SA1,900762,SAID,MOHAMED,IDENT
20160630215101,SA1,900741,ERICK,LUWUNGO,IDENT
20160630215114,SA1,900800,NAPEGWA,JACOB,IDENT
20160630215119,SA5,901377,HUSSEIN,MANYEMBA,IDENT
20160630215145,SA1,900748,EDWARD,DAWSON,IDENT
20160630215151,SA6,900474,PHILBERT,MATOGO,IDENT
20160630215227,SA3,901202,VITALIS,KESSI,IDENT
20160630215238,SA5,901283,KEDMOND,KAMOGA,IDENT
20160630215254,SA1,900421,FRANK ,MUSHI,IDENT
20160630215312,SA1,900754,ROBERT,JORAM,IDENT
20160630215315,SA5,901282,ADAM,MUSSA,IDENT
20160630215316,SA1,900770,ANDERSON,KIKOTI,IDENT
20160630215325,SA1,900858,MUHSIN,ATHUMANI,IDENT
20160630215329,SA5,901296,STELLA,LUGOME,IDENT
20160630215336,SA1,900799,RAJABU,RUBASHA,IDENT
20160630215342,SA1,900477,RAMADHANI,LUBASHA,IDENT
20160630215347,SA1,900456,KHALIFA,BASHILI,IDENT
20160630215352,SA6,900703,MUSSA,MTALI,IDENT
20160630215353,SA1,900755,NICHALAUS,AUGUSTINO,IDENT
20160630215355,SA3,900977,MWANAHAMISI,MUNKUNDA,IDENT
20160630215359,SA1,900808,HEONANI,BAJANA,IDENT
20160630215413,SA1,900220,HAMISI,NJOCHOLA,IDENT
20160630215419,SA5,901417,REHEMA,SINDANO,IDENT
20160630215422,SA1,900747,ADAM,MASALE,IDENT
20160630215422,SA5,900855,SINAHIA,OMARI,IDENT
20160630215430,SA5,901295,ELLASIA,WILLIUM,IDENT
20160630215438,SA5,901429,REHEMA,MAZEKU,IDENT
20160630215445,SA1,900744,SILVESTER,KAHINDI,IDENT
20160630215449,SA5,901331,DIANA,KABYEMELA,IDENT
20160630215453,SA1,900784,WILLIAM,MSOLOKA,IDENT
20160630215454,SA6,900444,JOHN,MEDA,IDENT
20160630215455,SA5,901319,CHRISTINA,TATI,IDENT
20160630215504,SA5,901284,MOHAMED,IDDI,IDENT
20160630215506,SA4,901183,YASINTA,MKIWA,IDENT
20160630215510,SA5,901394,TERESIA,MHAMBO,IDENT
20160630215515,SA4,901027,EDDA,MWAKIBINGWA,IDENT
20160630215515,SA5,901322,SARAH,ALLY,IDENT
20160630215518,SA5,901293,JOHARI,MAHARIA,IDENT
20160630215523,SA5,901360,MARRY,MASULUBE,IDENT
20160630215540,SA3,901201,DEOGRATIUS,KESSY,IDENT
20160630215547,SA5,901340,FELIX,MAKANYA,IDENT
20160630215607,SA5,901414,EMMANUEL,BANDIKO,IDENT
20160630215609,SA4,901194,ELINA,ABEL,IDENT
20160630215611,SA5,901343,SEBASTIAN,KIPINGU,IDENT
20160630215618,SA5,901412,ELIA,NGWALI,IDENT
20160630215634,SA4,901184,GRACE,NGALABA,IDENT
20160630215643,SA6,900473,NAOMI,GONDA,IDENT
20160630215654,SA1,900774,MBEWE,ELIUS,IDENT
20160630215655,SA4,900934,MWAJABU,MARIDADI,IDENT
20160630215658,SA6,900478,RAPHAEL,SENKONDO,IDENT
20160630215700,SA4,901004,ZAHARA,YANGE,IDENT
20160630215711,SA5,901361,MARRY,MLIUNJA,IDENT
20160630215705,SA2,900964,RAPHAEL,MBOKO,IDENT
20160630215721,SA2,901167,KELVIN,NGOZI,IDENT
20160630215723,SA1,900782,JANETH,DADAA,IDENT
20160630215724,SA4,900999,ROSE,MWAMAKOLA,IDENT
20160630215733,SA4,901108,AISHA,WILLIUM,IDENT
20160630215733,SA1,900767,GLADNESS,KAIRUKI,IDENT
20160630215749,SA5,901313,FATUMA,KAUNDA,IDENT
20160630215754,SA4,901034,STAMILI,MUSSA,IDENT
20160630215756,SA5,901416,YONA,MUSA,IDENT
20160630215821,SA5,901045,ASHURA,KATULA,IDENT
20160630215825,SA5,901230,KUDRA,BAKARI,IDENT
20160630215828,SA5,901347,JAMES,MAJIJI,IDENT
20160630215834,SA4,900890,OLIVER,UDOBA,IDENT
20160630215848,SA4,900970,MARIA,ELIESEL,IDENT
20160630215850,SA5,901303,TAUSI,KATULA,IDENT
20160630215855,SA3,901096,SAMWELI,MANGARE,IDENT
20160630215855,SA5,901363,ZUCRA,SWEDI,IDENT
20160630215904,SA5,901381,DOROSTA,CLEMANCE,IDENT
20160630215904,SA3,900863,ANNA,MICHAEL,IDENT
20160630215906,SA6,900138,HUSSEIN,SHABANI,IDENT
20160630215906,SA2,901203,STANLEY,KIGUNGA,IDENT
20160630215909,SA5,901392,STELLA,MTALLO,IDENT
20160630215914,SA6,900662,ABDALLAH,ABEID,IDENT
20160630215916,SA4,901195,RAYMOND,BUKOJI,IDENT
20160630215918,SA5,901354,AISHAH,OTHUMANI,IDENT
20160630215920,SA6,900399,ATHUMANI,JUMA,IDENT
20160630215921,SA1,900732,ELIA,FRANCIS,IDENT
20160630215921,SA5,901390,SHABANI,HUSEN,IDENT
20160630215930,SA5,901366,LYDIA,MAKENE,IDENT
20160630215937,SA5,901043,ANNA,JOHN,IDENT
20160630215945,SA5,900953,JANE,LUSENDELA,IDENT
20160630215954,SA5,901365,JOYCE,SWILLAH,IDENT
20160630220001,SA4,901124,TABIA,OMARY,IDENT
20160630220002,SA3,900879,RAHMA,KILO,IDENT
20160630220004,SA4,901261,ZAINA,KILWANDA,IDENT
20160630220008,SA5,901029,MARIAM,MWETEMBO,IDENT
20160630220009,SA1,900826,VITALIS,HOTTI,IDENT
20160630220009,SA4,901143,LINES,PILLI,IDENT
20160630220012,SA4,901089,HARUNA,ATHUMANI,IDENT
20160630220013,SA1,900440,IDRISA,KIMARO,IDENT
20160630220016,SA1,900810,JOSEPH,JULIUS,IDENT
20160630220019,SA4,901022,SILIVIA,SHAYO,IDENT
20160630220020,SA3,901098,GERALD,MBAUKA,IDENT
20160630220026,SA4,900962,JOSEPH,ELISAFI,IDENT
20160630220027,SA5,900904,ANNA,MAGEMBE,IDENT
20160630220029,SA2,900950,ASHURA,ATHUMAN,IDENT
20160630220031,SA5,901017,CATHERINE,NYEMA,IDENT
20160630220034,SA4,901171,ESTHER,MUNGUTI,IDENT
20160630220037,SA4,901129,FELISTA,NYAHENGE,IDENT
20160630220042,SA4,901132,HEAVENLIGHT,NKYA,IDENT
20160630220044,SA5,901090,HADIJA,JUMA,IDENT
20160630220046,SA4,901127,ZAHARA,MBELWA,IDENT
20160630220051,SA4,900988,UPENDO,PETER,IDENT
20160630220056,SA4,901276,COSTASIA,LUCAS,IDENT
20160630220103,SA4,901063,RACHEL,MZOROZORO,IDENT
20160630220106,SA5,901155,GRACE,MUHONO,IDENT
20160630220109,SA4,900913,ASHURA,NGUMBE,IDENT
20160630220110,SA5,900981,FIDES,MONGI,IDENT
20160630220113,SA5,901219,MARIAM,MUSSA,IDENT
20160630220116,SA5,900951,MWAJUMA,AIDAN,IDENT
20160630220119,SA5,901012,FATUMA,KABUMA,IDENT
20160630220123,SA4,900881,ZAINABU,SAIDI,IDENT
20160630220128,SA4,901152,STELLA,MWAKATOBE,IDENT
20160630220133,SA5,901140,ASHURA,MGENI,IDENT
20160630220133,SA4,900901,NEEMA,NYAKOKI,IDENT
20160630220139,SA5,200018,ABDALAH,SUDY,IDENT
20160630220141,SA5,901076,AGNESS,NGAPONDA,IDENT
20160630220143,SA4,901059,JAZIRA,RAMADHANI,IDENT
20160630220148,SA5,901023,AMINA,CHAKWE,IDENT
20160630220151,SA5,901371,YASINTA,LEKERI,IDENT
20160630220154,SA4,901244,SWAUMU,HIMBU,IDENT
20160630220156,SA5,900997,MARY,ONDURU,IDENT
20160630220157,SA4,900898,RUKIA,MATAUKA,IDENT
20160630220201,SA5,900996,LILIAN,RASHIDI,IDENT
20160630220203,SA5,901030,VERONICA,WANGWE,IDENT
20160630220207,SA5,901114,FARIDA,AMBLOS,IDENT
20160630220209,SA4,901179,AMANDA,KWEZI,IDENT
20160630220051,SA2,901162,MWANAHARUSI,MOHAMED,IDENT
20160630220057,SA3,900883,EDINA,ABED,IDENT
20160630220102,SA2,900930,TABIA,DOGOLI,IDENT
20160630220111,SA2,901164,SWAUMU,KAYANDA,IDENT
20160630220118,SA2,901175,SALMA,RAMADHAN,IDENT
20160630220128,SA2,901067,HELENA,SAMWELI,IDENT
20160630220134,SA2,900860,AGNESS,LUHUNGO,IDENT
20160630220139,SA2,901217,VIVIAN,MWANGATA,IDENT
20160630220148,SA2,901192,ASMA,KONDO,IDENT
20160630220153,SA3,901051,HABIBA,PAZZI,IDENT
20160630220157,SA2,901094,MARTINA,FISSO,IDENT
20160630220212,SA2,901229,ANNA,NGAPONDA,IDENT
20160630220215,SA5,901160,SAUDA,MCHECHE,IDENT
20160630220220,SA4,901181,ASNA,SPRIAN,IDENT
20160630220224,SA4,900878,AISHA,KIZINGA,IDENT
20160630220225,SA2,900932,MONICA,LIGOMBAIKA,IDENT
20160630220226,SA5,901241,FATUMA,JUMA,IDENT
20160630220229,SA5,900865,CHRISTINA,MAGOWELA,IDENT
20160630220231,SA4,900862,EDINA,MWAKYOMA,IDENT
20160630220233,SA5,901380,BISURA,MCHELEO,IDENT
20160630220238,SA5,901253,JOYCE,KESI,IDENT
20160630220238,SA2,900998,ASHA,MOHAMED,IDENT
20160630220242,SA4,901173,BAHATI,MAKAMBA,IDENT
20160630220246,SA6,900582,ZABRON,TOSSI,IDENT
20160630220246,SA5,901383,JOAN,OMANDI,IDENT
20160630220247,SA2,901095,BEATA,KOMBA,IDENT
20160630220249,SA5,901374,NASRA,HAMADI,IDENT
20160630220254,SA5,901375,PILLI,CHOLOGONDO,IDENT
20160630220254,SA4,100821,AGNESS,MEJA,IDENT
20160630220256,SA2,900884,HADIJA,GOGO,IDENT
20160630220257,SA5,901321,ELIZABET,MHIMBA,IDENT
20160630220300,SA4,901117,HIDAYA,MASOUD,IDENT
20160630220302,SA5,900972,SAFINA,ABEID,IDENT
20160630220307,SA5,901137,SOFIA,KIUMBE,IDENT
20160630220307,SA2,900961,ELIZABETH,FRANCISCO,IDENT
20160630220309,SA4,900993,MARIAM,MSUMALI,IDENT
20160630220314,SA4,901048,HALIMA,IDDI,IDENT
20160630220314,SA2,901109,AMINA,MNYIFUNA,IDENT
20160630220319,SA4,901211,ANNA,KIMARO,IDENT
20160630220324,SA4,901255,ASHA,BILALI,IDENT
20160630220324,SA2,900916,SABINA,KINGIMALI,IDENT
20160630220329,SA4,901274,AMINA,KAHABUKA,IDENT
20160630220331,SA2,900897,SWAUMU,SAIDI,IDENT
20160630220339,SA5,901112,BUSHRA,SALUM,IDENT
20160630220343,SA3,900919,ANNA,MPUGE,IDENT
20160630220348,SA5,901344,JACKSON,ATANUS,IDENT
20160630220354,SA5,901419,JENIPHA,MWILONGO,IDENT
20160630220358,SA5,901346,FRANK,MANDI,IDENT
20160630220359,SA4,900939,STELLA,MAGOGWA,IDENT
20160630220402,SA4,900867,AISHA,KIUMBA,IDENT
20160630220404,SA5,901289,CONSOLATHA,RAPHAEL,IDENT
20160630220413,SA5,901314,JANE,NYAGAWA,IDENT
20160630220414,SA4,901052,SUZANA,NAPANGA,IDENT
20160630220429,SA4,901013,YASINTA,SHELUBANZI,IDENT
20160630220445,SA4,901107,MUHIDINI,HASSAN,IDENT
20160630220453,SA5,901308,MADINA,ATHUMANI,IDENT
20160630220459,SA4,900985,BAHATI,SARAPIONI,IDENT
20160630220503,SA6,900580,BARAKA,MAGAFU,IDENT
20160630220503,SA5,901306,VAILETH,NGULO,IDENT
20160630220506,SA4,901168,REHEMA ,MWASOMOLA,IDENT
20160630220511,SA4,900917,SALMA,DIWILE,IDENT
20160630220517,SA4,900994,MWAISHA,MWAMOTO,IDENT
20160630220529,SA1,900812,LEONARD,NYANGO,IDENT
20160630220537,SA4,901025,ASHURA,HAMISI,IDENT
20160630220539,SA5,900967,FATUMA,MTAMBUA,IDENT
20160630220539,SA4,901026,FATUMA,KONYO,IDENT
20160630220542,SA1,900740,SPEDICTOR,NGOGO,IDENT
20160630220543,SA5,901398,MAGRETH,LUGERA,IDENT
20160630220550,SA5,901212,JASMINI,MOHAMED,IDENT
20160630220555,SA4,901104,MWANAHAWA,HASSAN,IDENT
20160630220603,SA4,901136,HONORATA,SHAYO,IDENT
20160630220616,SA5,901413,LEILA,KIMBENGELE,IDENT
20160630220625,SA4,901122,NEEMA,FANUEL,IDENT
20160630220639,SA4,900974,ZAWADI,SADIKI,IDENT
20160630220644,SA4,901263,JAMIRA,SAIDI,IDENT
20160630220659,SA5,901401,GASPAL,MKOBA,IDENT
20160630220701,SA4,901042,FARIDA,NDAUKE,IDENT
20160630220704,SA6,900112,ABDALLAH,MIKALAMBILO,IDENT
20160630220707,SA4,901198,MANEO,ATHUMANI,IDENT
20160630220612,SA3,901097,EMANUEL,MSOKWA,IDENT
20160630220621,SA3,900936,SOPHIA,MBONDE,IDENT
20160630220651,SA2,901264,HADIJA,RAMADHANI,IDENT
20160630220700,SA2,901055,ZAINABU,OMARY,IDENT
20160630220716,SA3,900851,SOPHIA,ZONGORI,IDENT
20160630220719,SA4,901271,RACHEL,MCHOVU,IDENT
20160630220721,SA6,900579,GRAYSON,KUNZUGALA,IDENT
20160630220723,SA4,900894,NURU,MAKANDE,IDENT
20160630220726,SA6,900575,CHRISTINA ,SENYANGWA,IDENT
20160630220730,SA4,901215,MWANAIDI,KOLOKO,IDENT
20160630220739,SA4,901050,MARIAM,SAIDI,IDENT
20160630220743,SA4,901247,KULUTHUM,CHILEMILE,IDENT
20160630220746,SA6,900572,DOTO,KAJOGOO,IDENT
20160630220750,SA4,901174,BETH,NGADADA,IDENT
20160630220806,SA6,900404,BRYANT,NYENYEMBE,IDENT
20160630220821,SA4,900914,HAWA,MWIMBE,IDENT
20160630220830,SA4,901218,JANE,RYOBA,IDENT
20160630220851,SA4,901113,ELIZABETH,SHIRIMA,IDENT
20160630220851,SA5,901328,MARRY,SHOO,IDENT
20160630220854,SA2,901078,NASMA,LINOGA,IDENT
20160630220903,SA4,901047,MWAJUMA,HAMIS,IDENT
20160630220904,SA3,900908,SALMA,RWAMBANO,IDENT
20160630220944,SA5,901391,GEOFREY,MAPESA,IDENT
20160630220945,SA4,900947,ANNA,GODISON,IDENT
20160630220947,SA3,900931,JOHARI,KIMARO,IDENT
20160630221016,SA6,900139,IDD,YUSUFU,IDENT
20160630221035,SA3,901246,VERONICA,MTENGWA,IDENT
20160630221055,SA5,901277,NEEMA,UISO,IDENT
20160630221118,SA5,901342,ANDREW,KILUGWA,IDENT
20160630221155,SA4,900902,SAKINA,MAWEMBA,IDENT
20160630221129,SA3,900885,AMINA,MZARA,IDENT
20160630221134,SA3,900906,MARYSTELA,MCHOME,IDENT
20160630221209,SA3,901115,FROLA,SIKWEMBE,IDENT
20160630221215,SA3,900925,REGINA,THOMAS,IDENT
20160630221220,SA3,901032,MARISELINA,NGULI,IDENT
20160630221234,SA4,901170,BAHATI,SHABANI,IDENT
20160630221245,SA4,900846,SARA,CHIDUNI,IDENT
20160630221304,SA4,901193,VICTORIA,MWAMPEGETE,IDENT
20160630221313,SA4,901130,NURU,DAUDI,IDENT
20160630221333,SA3,901150,CHRISTINA,MBODE,IDENT
20160630221338,SA3,901237,ZUBEDA,KIMARO,IDENT
20160630221342,SA4,901111,ASIA,MSHAMU,IDENT
20160630221344,SA3,900933,WINFRIDA,LUSEBA,IDENT
20160630221353,SA4,901092,ASIA,JUMA,IDENT
20160630221409,SA4,900899,MAGDALENA,SIMAO,IDENT
20160630221413,SA4,901185,JOYCE,SAMWEL,IDENT
20160630221415,SA4,901123,REBECA,KALOFU,IDENT
20160630221434,SA3,901251,GATI,NYANTUMAN,IDENT
20160630221441,SA5,901336,ISMAIL,MHINA,IDENT
20160630221450,SA6,900161,PILLI ,MOHAMED,IDENT
20160630221504,SA6,900567,BAKARI,BELEKETE,IDENT
20160630221533,SA6,900556,REGINA,NDALUHEKEYE,IDENT
20160630221539,SA4,901242,ISSA,MFAUME,IDENT
20160630221546,SA4,901256,AVERINA,AMANDUS,IDENT
20160630221553,SA6,900469,MICHAEL,MDACHI,IDENT
20160630221556,SA4,901190,NEEMA,MNYALAPE,IDENT
20160630221607,SA1,900410,DAVID,JOSEPH,IDENT
20160630221607,SA4,901234,ANITHA,AHALIELI,IDENT
20160630221622,SA4,901135,REHEMA,OMARY,IDENT
20160630221636,SA4,901046,GRADIS,MAGANA,IDENT
20160630221645,SA4,901187,MONICA,SHEMBONI,IDENT
20160630221649,SA1,900813,LEONARD,PETER,IDENT
20160630221657,SA4,901238,MARIAM,SELEMANI,IDENT
20160630221705,SA4,901182,RENIFRIDA,NGUMBU,IDENT
20160630221712,SA4,901235,TUMAIN,MUNGURE,IDENT
20160630221725,SA3,900921,MWAJUMA,IDDI,IDENT
20160630221838,SA3,901105,MTUMWA,ALLY,IDENT
20160630221852,SA4,901133,HUSNA,SENGAMBA,IDENT
20160630222523,SA3,901196,BONIPHACE,NGESI,IDENT
20160630222545,SA6,900170,REHEMA,CHINUNJE,IDENT
20160630222659,SA4,900983,RUKIA,KONDO,IDENT
20160630222643,SA3,901189,KURUTHUM,KHAMISI,IDENT
20160630222702,SA3,900945,ELIZABETH,MREMA,IDENT
20160630222712,SA3,901186,FROLA,KILIMA,IDENT
20160630222715,SA4,901015,JOYCE,CHACHA,IDENT
20160630222734,SA3,900943,MWAMINI,MPANGULE,IDENT
20160630222743,SA3,901037,FADINA,IBRAHIM,IDENT
20160630222847,SA6,900140,IGNATUS,MLANGWA,IDENT
20160630222945,SA3,900927,SAADA,SALUM,IDENT
20160630223305,SA3,901035,AGNES,NKONJELWA,IDENT
20160630223336,SA3,900856,MWAJAMBU,HAMAD,IDENT
20160630223452,SA3,900959,REHEMA,LYOWA,IDENT
20160630223456,SA3,900905,AMINA,MUHIDINI,IDENT
20160630224357,SA3,901021,NEEMA ,MWANGO,IDENT
20160630225229,SA6,900175,TEDDY,SIMON,IDENT
20160630225309,SA6,900025,JOYCE,MAGANGA,IDENT
20160701051925,SA6,900135,HALIMA,NGAMZI,IDENT
20160701052737,SA1,900281,NAYOPA,MTENDECHI,IDENT
20160701053024,SA1,900001,ABDALLAH,JUMANNE,IDENT
20160701053122,SA5,901131,ESTA,KWEKA,IDENT
20160701053422,SA5,901396,EDWIN,KIPUYO,IDENT
20160701053426,SA5,901388,OSWALD,SHILLA,IDENT
20160701053442,SA4,901056,ANGELA,MWAKAPALILA,IDENT
20160701053447,SA4,901102,ORIVER,DAUD,IDENT
20160701053449,SA5,901389,OMARY,JUMA,IDENT
20160701053537,SA4,901005,HADIJJA,KIJUU,IDENT
20160701053548,SA4,901028,REHEMA,KWENGWEGU,IDENT
20160701053620,SA4,901120,MERCY,MONGI,IDENT
20160701053631,SA4,900960,AGNESS,NAWAHIGA,IDENT
20160701053643,SA5,901356,ZAMDA,NGWABAYA,IDENT
20160701053645,SA4,901103,MWATANGA,DIENI,IDENT
20160701053656,SA5,901411,AMINA,MUSA,IDENT
20160701053708,SA5,901350,ALFRED,CHARLES,IDENT
20160701053709,SA6,900168,RAZAKI,MTINDA,IDENT
20160701053714,SA5,901341,JESSE,JEREMIA,IDENT
20160701053735,SA3,900949,MUHINA,GOMBE,IDENT
20160701053738,SA4,900968,TAUSI,SIMBA,IDENT
20160701053738,SA5,901349,HABIBU,BAKARI,IDENT
20160701053742,SA4,900984,SALAMA,BIGE,IDENT
20160701053745,SA4,901128,ZAITUNI,SOGOI,IDENT
20160701053745,SA3,900969,JEMA,SALUM,IDENT
20160701053752,SA3,900871,MWANAHAMISI,NDOLWA,IDENT
20160701053801,SA4,901204,SOPHIA,LUGOME,IDENT
20160701053810,SA4,901145,ADELINA,MALEMA,IDENT
20160701053819,SA4,901216,ASHA,RAMADHANI,IDENT
20160701053833,SA5,901191,ROSE,BENARD,IDENT
20160701053837,SA4,900995,MARY,KIAMA,IDENT
20160701053840,SA5,901411,AMINA,MUSA,IDENT
20160701053842,SA3,900886,ELIZABERTH,KIJA,IDENT
20160701053856,SA3,900989,AMINA,CHITWANGWA,IDENT
20160701053900,SA4,900872,ZALAU,NGWELE,IDENT
20160701053907,SA4,901036,AZIZA,MANGETU,IDENT
20160701053913,SA4,900861,MWAJABU,BAKARI,IDENT
20160701053918,SA5,901405,ABDANI,SHILLA,IDENT
20160701053921,SA6,900019,HAMISI,MADODO,IDENT
20160701053933,SA6,900162,PILLY,MANENO,IDENT
20160701053934,SA4,901206,AISHA,MKUMBA,IDENT
20160701053946,SA4,901118,LILIAN,MREMA,IDENT
20160701053947,SA5,901279,NEEMA, GODFREY,IDENT
20160701054040,SA4,901559,MARIAM,JUMA,IDENT
20160701054044,SA6,900448,JOSEPH,MKELEBE,IDENT
20160701054047,SA4,901001,AMINA,MUYA,IDENT
20160701054108,SA4,901014,LUCY,THOMAS,IDENT
20160701054112,SA4,901225,NOELA,YALOT,IDENT
20160701054122,SA4,900966,ZUHURA,KIJIMBO,IDENT
20160701054125,SA4,901213,HABIBA,NJIKU,IDENT
20160701054130,SA5,901385,ABDALLA,MGAYA,IDENT
20160701054138,SA4,900973,SHARIFA,LIYAYA,IDENT
20160701054158,SA4,901161,NURU,MOHAMED,IDENT
20160701054137,SA3,900892,MWANIA,PEMBE,IDENT
20160701054218,SA5,901298,SWAUMU,MZIRAI,IDENT
20160701054219,SA3,900887,ELITABETH,GOMELO,IDENT
20160701054223,SA5,901302,ASHA,SHOMARI,IDENT
20160701054225,SA4,901031,AMINA,BAKARI,IDENT
20160701054237,SA4,901233,SAMI,MTITIMA,IDENT
20160701054241,SA4,901207,AISHA,ABEID,IDENT
20160701054306,SA4,901093,SHARON,IBRAHIM,IDENT
20160701054306,SA6,900056,YESAYA,NTUNDUU,IDENT
20160701054310,SA6,900159,PAMELA,KUSALIKA,IDENT
20160701054310,SA4,900937,UPENDO,MLEWA,IDENT
20160701054318,SA4,901053,DORIS,JOHN,IDENT
20160701054321,SA5,901391,GEOFREY,MAPESA,IDENT
20160701054325,SA4,901254,NURAT,JAFARI,IDENT
20160701054348,SA4,900918,MARIAM,RAMADHANI,IDENT
20160701054354,SA6,901149,EPIFANI, MBOKO,IDENT
20160701054405,SA5,901285,THABIT,ALLY,IDENT
20160701054410,SA4,900888,AMINA,NGAINA,IDENT
20160701054412,SA5,901393,HADIJA,JUMA,IDENT
20160701054414,SA4,901091,FARIDA,LYIMO,IDENT
20160701054421,SA5,901369,RECHO,MSHUMBUSI,IDENT
20160701054432,SA3,900896,HADIJA , KIHEGO,IDENT
20160701054439,SA4,901252,JENIPHA,CHIZA,IDENT
20160701054442,SA6,900169,REHEMA,YUSUFU,IDENT
20160701054445,SA4,901220,AGNESS,MWAMBENGO,IDENT
20160701054507,SA4,901081,PILI,MDEDE,IDENT
20160701054525,SA1,900814,MARTIN,MUHANDO,IDENT
20160701054531,SA4,901222,DEBORA,FILIPATALI,IDENT
20160701054536,SA6,900127,DUNCAN,MHANDO,IDENT
20160701054538,SA4,901236,FATIMA,ALLY,IDENT
20160701054540,SA5,901418,ISAYA ,SAWASAWA,IDENT
20160701054556,SA1,900411,DEO,JULIUS,IDENT
20160701054602,SA1,900794,ADAM,SALTIELY,IDENT
20160701054606,SA4,901169,VERONICA,LECHIPYA,IDENT
20160701054612,SA5,901301,TUKAE,MUSA,IDENT
20160701054617,SA4,900958,SOPHIA,LIKONGO,IDENT
20160701054624,SA4,901146,MARTHA,MAKOTI,IDENT
20160701054647,SA4,900870,GOMERY,DAUDI,IDENT
20160701054650,SA1,900805,FRANK ,JABIR,IDENT
20160701054708,SA5,901317,ASHA,HAMISI,IDENT
20160701054625,SA2,900965,HERMAN,MAKOKO,IDENT
20160701054718,SA2,901227,MWAMVITA,MWAIPOPO,IDENT
20160701054721,SA4,901177,ASHA,MAVENGELO,IDENT
20160701054734,SA4,901029,MARIAM,OMAR,IDENT
20160701054754,SA2,901000,AGNES,MTYANGILE,IDENT
20160701054801,SA5,901286,AGNES,LUCAS,IDENT
20160701054801,SA2,901070,FLORA,MSAMLA,IDENT
20160701054806,SA4,900900,HELENA,SENZUGWAKO,IDENT
20160701054807,SA6,900647,JOHANSEN,MPANJU,IDENT
20160701054811,SA4,900873,SELEN,JUMA,IDENT
20160701054811,SA2,901039,JULIANA,SUKU,IDENT
20160701054815,SA4,901018,AISHA,KIBINDO,IDENT
20160701054821,SA2,900889,SALMA,MWAWILA,IDENT
20160701054824,SA4,900952,SALAMA,MOHAMAD,IDENT
20160701054829,SA5,901364,SALAFINA,KISAPI,IDENT
20160701054834,SA5,901324,MARIAM,YAHAYA,IDENT
20160701054839,SA2,901065,ZAINABU,KARUMUNA,IDENT
20160701054853,SA2,901258,ATHUMAN,KILINDU,IDENT
20160701054902,SA4,901116,GRACE,KAHANGE,IDENT
20160701054908,SA5,901427,JESCA,NGUMBU,IDENT
20160701054915,SA4,901008,GRESS,KOBA,IDENT
20160701054923,SA3,901200,INOCENT , KIFUMU,IDENT
20160701054923,SA2,901071,YUNIS,NDAIGA,IDENT
20160701054930,SA4,901165,FATUMA,ABDALLAH,IDENT
20160701054934,SA3,900880,MWANAHAMISI,MAREKANO,IDENT
20160701054934,SA4,901232,ZAMDA,HASSAN,IDENT
20160701054936,SA6,900134,GRACE,KIM,IDENT
20160701054940,SA2,900954,HABIBA,MDOSE,IDENT
20160701054950,SA4,901057,ANNA,KITOMARY,IDENT
20160701054953,SA4,900991,CHRISTINA,JAILOS,IDENT
20160701054959,SA4,901138,JOYCE,CHEMRA,IDENT
20160701055001,SA1,900767,GLADNESS,KAIRUKI,IDENT
20160701055001,SA2,900844,AISHA,MSOMI,IDENT
20160701055004,SA4,900987,PILLY,MWAWILA,IDENT
20160701055006,SA1,900747,ADAM,MASALE,IDENT
20160701055007,SA4,901119,LINA,MLAWA,IDENT
20160701055008,SA6,900164,RAMADHANI ,BAKARI,IDENT
20160701055015,SA6,900010,BITSON,MWASILE,IDENT
20160701055016,SA2,901266,AZIZA,KAKOMBE,IDENT
20160701055016,SA4,900975,EDINA,MZUNGU,IDENT
20160701055021,SA4,901061,MWAJUMA,ABDALLAH,IDENT
20160701055025,SA4,901019,ASHA,NGAMBA,IDENT
20160701055027,SA5,901250,JENIPHA,DAMIAN,IDENT
20160701055029,SA1,900782,JANETH,DADAA,IDENT
20160701055034,SA5,901299,SAUDA,MATOWELA,IDENT
20160701055035,SA4,901086,ELIWAZA,MWIGOHA,IDENT
20160701055037,SA1,900222,HENRY,NGOWI,IDENT
20160701055038,SA5,901292,SARA,YOEL,IDENT
20160701055043,SA4,900999,ROSE,MWAMAKOLA,IDENT
20160701055045,SA5,901368,NAOMI,YUSUPH,IDENT
20160701055047,SA4,901249,HILDA,MWAZEMBE,IDENT
20160701055047,SA1,901557,WALTER,MAYA,IDENT
20160701055049,SA5,901355,HALIMA,SANANE,IDENT
20160701055049,SA6,900586,MOHAMED,SOLOKA,IDENT
20160701055051,SA4,900907,PAULINA,DEVA,IDENT
20160701055101,SA4,901020,VICTORIA,MWALUANDA,IDENT
20160701055104,SA4,901066,ZULEHA,MOHAMED,IDENT
20160701055106,SA1,900795,ALLY,LIKIWA,IDENT
20160701055110,SA4,901125,TAUSI,SHABANI,IDENT
20160701055126,SA4,901077,CONSOLATH,MATERU,IDENT
20160701055137,SA4,901172,AGNES,STEVEN,IDENT
20160701055142,SA4,901163,SIJALI,MKELE,IDENT
20160701055147,SA4,90086,FRIDA,MKUMBO,IDENT
20160701055148,SA5,901058,HAMIDA,MATIPA,IDENT
20160701055151,SA5,901376,ZAINABU ,SALUM,IDENT
20160701055151,SA4,901141,HADIJA,SALUM,IDENT
20160701055203,SA4,900990,JANE,MHONGOLE,IDENT
20160701055204,SA5,901126,YUNIS,LULANDALA,IDENT
20160701055206,SA4,901106,MARYNIA,KAYOMBO,IDENT
20160701055212,SA4,901139,HAPPY ,ZAKAYO,IDENT
20160701055054,SA3,900986,KAUSE,ABDALLAH,IDENT
20160701055057,SA3,900920,PILLI,SAIDI,IDENT
20160701055137,SA2,901049,REDEMTA,DANIEL,IDENT
20160701055220,SA4,900875,ASHA,MALINBWI,IDENT
20160701055223,SA5,901399,DIANA,NDONGO,IDENT
20160701055227,SA5,901226,MARTHA,MAKASHA,IDENT
20160701055229,SA4,900895,CATHERINE,CHIGOGOLO,IDENT
20160701055231,SA2,900955,MWANAHAMISI,MAKUNGANYA,IDENT
20160701055241,SA4,900923,HELENA,KHAJI,IDENT
20160701055243,SA5,901384,JOSHUA,KITUNDU,IDENT
20160701055246,SA4,901074,VERONICA,KIMWAGA,IDENT
20160701055248,SA5,901343,SEBASTIAN,KIPINGU,IDENT
20160701055249,SA3,901201,DEOGRATIUS,KESSY,IDENT
20160701055249,SA4,900935,ZAINABU,SINGANO,IDENT
20160701055251,SA5,901423,CONSOLATHA,JOSEPH,IDENT
20160701055251,SA2,901006,RUKIA,ALLY,IDENT
20160701055254,SA5,901305,DIANA,KIBASA,IDENT
20160701055258,SA1,900594,GASPER,MATALO,IDENT
20160701055300,SA5,901395,HASHIM,HAIZA,IDENT
20160701055302,SA2,901073,SALMA,MUHARAMU,IDENT
20160701055318,SA4,900893,JOYCE,MCHOMVU,IDENT
20160701055324,SA3,901062,RASHID,MDOE,IDENT
20160701055326,SA4,901157,DAVID,JUMA,IDENT
20160701055335,SA6,900658,MWASITI,LABOA,IDENT
20160701055347,SA4,901228,CESILIA,MBABUYE,IDENT
20160701055354,SA5,901304,SOPHIA,ALLY,IDENT
20160701055356,SA6,900476,RAMADHANI,IDD,IDENT
20160701055401,SA4,901197,RASHID,NJERAN,IDENT
20160701055401,SA3,901016,HALIFA,MOHAMED,IDENT
20160701055418,SA5,901367,BEATHA,MLOSO,IDENT
20160701055418,SA4,901248,MAGRETH,MASAWE,IDENT
20160701055420,SA4,901248,MAGRETH,MASAWE,IDENT
20160701055433,SA5,901344,JACKSON,ATANUS,IDENT
20160701055434,SA1,900742,PROSPER,POLITHO,IDENT
20160701055436,SA2,901099,TAUS,MUSTAPHA,IDENT
20160701055441,SA6,900396,ANDREW,MSANGI,IDENT
20160701055444,SA2,901060,MARTHA,GABRIEL,IDENT
20160701055444,SA4,901003,SALAMA,KADALA,IDENT
20160701055451,SA1,900232,MATIKO ,MICHAEL,IDENT
20160701055452,SA5,901346,FRANK,MANDI,IDENT
20160701055453,SA2,900948,VERONICA,MFILINGE,IDENT
20160701055505,SA2,900936,SOPHIA,MBONDE,IDENT
20160701055505,SA4,900928,MARIA,MAGWE,IDENT
20160701055519,SA4,900877,IRENE,GABRIEL,IDENT
20160701055521,SA3,901069,ELIZABETH,MRAMU,IDENT
20160701055525,SA4,901269,AISHA,HALFAN,IDENT
20160701055532,SA5,901425,HIDAYA,KASSIM,IDENT
20160701055534,SA5,901430,JOYCE,SEMWENDA,IDENT
20160701055547,SA5,901406,PASCAL,STANLEY,IDENT
20160701055554,SA1,900735,ZAINABU,MOHAMEDI,IDENT
20160701055600,SA1,900578,MTARI,MAGINGA,IDENT
20160701055605,SA1,900821,SAWA,SWAHA,IDENT
20160701055606,SA5,901315,FIDEA,AGUSTINO,IDENT
20160701055611,SA5,900855,SINAHIA,OMARI,IDENT
20160701055615,SA5,901296,STELLA,LUGOME,IDENT
20160701055617,SA4,901176,FATUMA,MASOUD,IDENT
20160701055618,SA1,900717,GODFREY,LAMBAU,IDENT
20160701055619,SA5,901306,VAILETH,NGULO,IDENT
20160701055624,SA5,901307,MATRIDA,CHUVAKA,IDENT
20160701055627,SA1,900218,GEDDY,SONENGA,IDENT
20160701055629,SA5,901428,YOHANA,LEONARD,IDENT
20160701055634,SA4,900922,BAHATI,SALEHE,IDENT
20160701055634,SA5,901290,AGNES,SALAWA,IDENT
20160701055637,SA1,900749,EZEKIEL,SOLO,IDENT
20160701055641,SA5,901311,LOYCE,MASKINI,IDENT
20160701055644,SA1,900789,KAMPBONA,PASCAL,IDENT
20160701055646,SA4,900942,CHRISTINA,MWENDA,IDENT
20160701055652,SA4,901153,MAGRETH,ZANUARI,IDENT
20160701055652,SA1,900233,MUSSSA,ABDALLAH,IDENT
20160701055653,SA5,901300,ANNA,TEMBA,IDENT
20160701055656,SA4,901257,FRIDA,MHELELA,IDENT
20160701055659,SA1,900745,YUSUPH,NGAPAWA,IDENT
20160701055700,SA4,901205,JAMILA,MASONGI,IDENT
20160701055703,SA4,901121,MWATANGA,ALLY,IDENT
20160701055704,SA1,900739,EMENUEL,KYEJO,IDENT
20160701055705,SA4,901221,TEDDY,MAGAMBO,IDENT
20160701055711,SA6,900489,TUMAINI,MNZAVA,IDENT
20160701055553,SA2,900982,MWANAKOMBO,KHALID,IDENT
20160701055646,SA2,901134,NURU,MULONGANILE,IDENT
20160701055702,SA2,901101,RAJABU,MOHAMMED,IDENT
20160701055713,SA2,901148,IBRAHIM,MZENTO,IDENT
20160701055726,SA4,901156,SAID,HAMISI,IDENT
20160701055726,SA2,901267,NEEMA ,MWAMANYE,IDENT
20160701055736,SA4,900956,DIANA,LEMA,IDENT
20160701055738,SA6,900114,ABEID,MOHAMED,IDENT
20160701055742,SA4,900971,NAOMI,SAMWELI,IDENT
20160701055743,SA6,900417,FABIAN,FABIAN,IDENT
20160701055744,SA1,900774,MBEWE,ELIUS,IDENT
20160701055745,SA5,901320,REHEMA,ALLY,IDENT
20160701055747,SA4,900847,ZAINABU,SINGANO,IDENT
20160701055750,SA5,901417,REHEMA,SINDANO,IDENT
20160701055752,SA4,901033,TATU,ISSA,IDENT
20160701055756,SA5,901314,JANE,NYAGAWA,IDENT
20160701055759,SA4,900929,HALIMA,SEIF,IDENT
20160701055802,SA5,901309,SALMA,RAFIKI,IDENT
20160701055809,SA4,900911,NEEMA,URASSA,IDENT
20160701055811,SA2,901024,ASIA,KARATA,IDENT
20160701055820,SA4,901100,REHEMA,SALEHE,IDENT
20160701055823,SA5,901402,ALLY,SELEMAN,IDENT
20160701055823,SA1,900227,JOSEPH,NGANILWA,IDENT
20160701055833,SA1,900770,ANDERSON,KIKOTI,IDENT
20160701055838,SA5,901401,GASPAL,MKOBA,IDENT
20160701055853,SA4,901002,MARIAM,SABURI,IDENT
20160701055854,SA5,901291,AISHA,ISSA,IDENT
20160701055900,SA5,901422,EMMANUEL,KHALIDI,IDENT
20160701055906,SA4,901142,SOPHIA,YUSUPH,IDENT
20160701055910,SA5,901386,SHAMSI,MUHITI,IDENT
20160701055915,SA5,901342,ANDREW,KILUGWA,IDENT
20160701055918,SA4,901275,SALOME,KINUNDA,IDENT
20160701055923,SA4,901223,HAPPY,MKWEPU,IDENT
20160701055926,SA5,901281,JOSEPH,MUSUGULI,IDENT
20160701055927,SA4,901110,ASHA,MPELA,IDENT
20160701055928,SA6,900124,DAUDI,ELIFALETH,IDENT
20160701055934,SA4,901224,ANNA,NYAKAPALA,IDENT
20160701055936,SA4,900926,AMINA,KONDO,IDENT
20160701055941,SA1,900775,SABATO,JULIUS,IDENT
20160701055949,SA1,900790,ISIHAKA,IDDI,IDENT
20160701055954,SA1,900719,STEPHAN,SIMON,IDENT
20160701055959,SA1,900781,GERALD,JOHN,IDENT
20160701060001,SA4,900946,RAHMA,MWIMBA,IDENT
20160701060017,SA1,900733,ALHAJI,IDD,IDENT
20160701060023,SA4,901268,ANITHA,KWIMBA,IDENT
20160701060024,SA5,901316,ZUHURA,HAMIS,IDENT
20160701060028,SA1,900490,TWAHA,MGUHI,IDENT
20160701060032,SA1,900817,MOSES,MASENGA,IDENT
20160701060034,SA2,901158,ALOYCE,IZINA,IDENT
20160701060042,SA3,900864,TECLA,SAMWEL,IDENT
20160701060044,SA5,901360,MARRY,MASULUBE,IDENT
20160701060046,SA1,900815,METHOD,DEDA,IDENT
20160701060051,SA5,901370,MARIAM,MJELELE,IDENT
20160701060053,SA1,900809,JAMES,MWENDA,IDENT
20160701060057,SA4,900882,WINIFRIDA,MALISELINO,IDENT
20160701060101,SA5,901361,MARRY,MLIUNJA,IDENT
20160701060106,SA5,900849,IRENE,MMARI,IDENT
20160701060114,SA1,900455,KHALFAN,OMARI,IDENT
20160701060117,SA1,900813,LEONARD,PETER,IDENT
20160701060120,SA5,901348,DAVID,NGELESHI,IDENT
20160701060126,SA5,901353,DOREEN,MDOE,IDENT
20160701060127,SA1,900827,YASIN,MUSSA,IDENT
20160701060140,SA1,900800,NAPEGWA,JACOB,IDENT
20160701060145,SA4,901055,ZAINABU,OMARY,IDENT
20160701060146,SA1,900441,ISSA,KAISI,IDENT
20160701060153,SA1,900746,GEDION,BUTENGE,IDENT
20160701060156,SA5,901351,BARNABA,EDWARD,IDENT
20160701060109,SA3,901166,SAUDA,MAULID,IDENT
20160701060132,SA2,901154,SALAMA,ALLY,IDENT
20160701060216,SA1,900744,SILVESTER,KAHINDI,IDENT
20160701060224,SA1,900755,NICHALAUS,AUGUSTINO,IDENT
20160701060229,SA1,900718,WILSON,ALOIS,IDENT
20160701060232,SA5,901419,JENIPHA,MWILONGO,IDENT
20160701060235,SA2,101510,SALOME,DUA,IDENT
20160701060242,SA1,900793,ABDUL,MAINGO,IDENT
20160701060243,SA5,901328,MARRY,SHOO,IDENT
20160701060253,SA5,901397,LINETH,KYARUS,IDENT
20160701060256,SA5,901378,HOYCE,TILLYA,IDENT
20160701060257,SA4,901208,SARAH,MWINANI,IDENT
20160701060302,SA5,901398,MAGRETH,LUGERA,IDENT
20160701060307,SA5,901373,ADELA,MSAGA,IDENT
20160701060311,SA2,901044,SUZANA,KIMARO,IDENT
20160701060312,SA5,901358,MWANAHAMIS ,MSUYA,IDENT
20160701060321,SA1,900210,ASHA,HUSSEIN,IDENT
20160701060323,SA2,901259,SHOMARY,MRISHO,IDENT
20160701060325,SA1,900858,MUHSIN,ATHUMANI,IDENT
20160701060331,SA1,900542,POUL,KIBELA,IDENT
20160701060333,SA2,900912,MWAJUMA,KITANI,IDENT
20160701060336,SA2,900876,MWASITI,MAULID,IDENT
20160701060339,SA1,900812,LEONARD,NYANGO,IDENT
20160701060343,SA6,900115,AKIDA,DUGANGE,IDENT
20160701060344,SA5,901375,PILLI,CHOLOGONDO,IDENT
20160701060344,SA4,901144,ESTHER,NAPENGWA,IDENT
20160701060355,SA5,901338,WAZIRI,WAZIRI,IDENT
20160701060355,SA1,900752,SIMON,MAPUNDA,IDENT
20160701060401,SA4,900924,DEBORA,HOSSA,IDENT
20160701060406,SA1,900826,VITALIS,HOTTI,IDENT
20160701060415,SA1,900751,TUSKAR,HALFANI,IDENT
20160701060420,SA1,900723,SAIDI,JUMANE,IDENT
20160701060425,SA1,900756,HUSSEIN,KANDORO,IDENT
20160701060435,SA4,900903,RUKIA,MOHAMED,IDENT
20160701060441,SA4,900950,ASHURA,ATHUMAN,IDENT
20160701060445,SA1,900249,AMIRI,MZEE,IDENT
20160701060454,SA1,900440,IDRISA,KIMARO,IDENT
20160701060455,SA4,900868,MAIMUNA,JARUFU,IDENT
20160701060455,SA5,900853,DEVOTHA,ELIAS,IDENT
20160701060504,SA1,900822,MENRUFU,PILLY,IDENT
20160701060505,SA4,900891,HINESS,KAAYA,IDENT
20160701060527,SA4,900866,FLORA,DAMAS,IDENT
20160701060539,SA6,E032,SANKARAN,JAYARAM,IDENT
20160701060600,SA1,900786,FARAJI,KILUWA,IDENT
20160701060610,SA6,900568,GODWIN,KIRIA,IDENT
20160701060611,SA5,901404,AWAZI,SALIM,IDENT
20160701060612,SA1,900810,JOSEPH,JULIUS,IDENT
20160701060614,SA5,901323,AMINA,HAMISI,IDENT
20160701060615,SA6,900148,JUDITH,MALISA,IDENT
20160701060619,SA6,900120,BENEDICTO,MBOKO,IDENT
20160701060623,SA1,900569,JAMES,MWANDU,IDENT
20160701060626,SA1,900772,ERICK,KAZIMOTO,IDENT
20160701060630,SA4,100956,HADIJA,SALUM,IDENT
20160701060632,SA1,900798,ATHUMAN,SEIF,IDENT
20160701060634,SA5,901280,WHITNESS,MSAGATI,IDENT
20160701060635,SA6,900051,SUDI,KHALFANI,IDENT
20160701060646,SA6,900422,FURAHA,MWAKIFWAMB,IDENT
20160701060654,SA6,900046,SALUM,NDEGE,IDENT
20160701060703,SA6,900444,JOHN,MEDA,IDENT
20160701060710,SA1,900754,ROBERT,JORAM,IDENT
20160701060711,SA2,901270,NAOMI,OBONG,IDENT
20160701060720,SA2,901064,SAID,RAMADHANI,IDENT
20160701060730,SA1,900762,SAID,MOHAMED,IDENT
20160701060808,SA1,900459,KULWA,MLYASANZA,IDENT
20160701060820,SA1,900784,WILLIAM,MSOLOKA,IDENT
20160701060825,SA1,900764,OMBENI,MICHAEL,IDENT
20160701060834,SA1,900384,ABDALLA,SAIDI,IDENT
20160701060839,SA1,900760,OMARY,MHAGAMA,IDENT
20160701060844,SA1,900437,HUSSEIN,MBONDE,IDENT
20160701060850,SA1,900757,JOSEPH,HEMA,IDENT
20160701060902,SA5,901387,GODFREY,YALED,IDENT
20160701060907,SA1,900783,DAMIAN,ALONE,IDENT
20160701060943,SA1,900763,SALEHE,NJAGE,IDENT
20160701060958,SA6,900449,JUMA,SANGAYA,IDENT
20160701061015,SA6,900474,PHILBERT,MATOGO,IDENT
20160701061051,SA6,900575,CHRISTINA ,SENYANGWA,IDENT
20160701061054,SA5,901330,SAVELINA ,KASHASHA,IDENT
20160701061125,SA6,900543,JOHN,MAGANYA,IDENT
20160701061129,SA6,900543,JOHN,MAGANYA,IDENT
20160701061159,SA5,901312,VUMILIA,NDEGE,IDENT
20160701061223,SA6,900406,CHAUREMBO,MWINYI,IDENT
20160701061242,SA1,900450,JUMA,RAMADHANI,IDENT
20160701061251,SA1,900463,MARTENUS,MAPESA,IDENT
20160701061259,SA3,900977,MWANAHAMISI,MUNKUNDA,IDENT
20160701061313,SA1,900716,JUMA,JUMANNE,IDENT
20160701061324,SA1,900824,TITO,MGOVANO,IDENT
20160701061337,SA1,900228,KAGERA,MSAMBUSI,IDENT
20160701061355,SA6,900480,RASHID,MOHAMED,IDENT
20160701061406,SA1,900386,ABDALLAH ,RAMADHANI,IDENT
20160701061434,SA1,900442,ITIKA,DICKSON,IDENT
20160701061439,SA1,900426,GESAGA,RAMADHANI,IDENT
20160701061628,SA6,900261,FRANCIS,MAKOTI,IDENT
20160701061643,SA1,900811,JUMA,HUMBE,IDENT
20160701061724,SA1,900724,HASANI,MRISHO,IDENT
20160701061733,SA1,900720,FRANCIS,RAFAEL,IDENT
20160701061742,SA1,900771,DATIUS,MARTINE,IDENT
20160701061750,SA1,900732,ELIA,FRANCIS,IDENT
20160701061807,SA6,900469,MICHAEL,MDACHI,IDENT
20160701061904,SA1,900207,ADELE,NJOCHOLA,IDENT
20160701061917,SA6,900661,ADILILA,KONGA,IDENT
20160701062006,SA1,900421,FRANK ,MUSHI,IDENT
20160701062207,SA6,900166,RAMADHANI,KIPENGELE,IDENT
20160701062315,SA6,900391,ALLY,MASHAURI,IDENT
20160701062511,SA1,900769,JAMES,MACKLINE,IDENT
20160701062645,SA1,900788,DEBORA,MWASOMOLA,IDENT
20160701062712,SA1,900779,MUSTAFA,HAMISI,IDENT
20160701062722,SA6,900050,STANLEY,JEREMIAH,IDENT
20160701062800,SA6,900028,JUMANNE,MRISHO,IDENT
20160701062929,SA6,900015,EMMANUEL ,CLEMENT,IDENT
20160701062949,SA1,900272,ISRAEL,GYUNA,IDENT
20160701062956,SA1,900272,ISRAEL,GYUNA,IDENT
20160701063015,SA1,900209,ANGELA,MBESIGWE,IDENT
20160701063113,SA1,900429,GOODLUCK,LYAHONA,IDENT
20160701063349,SA4,900915,DOROTHEA,KILO,IDENT
20160701063444,SA6,900446,JOSEPH,KIBASA,IDENT
20160701063512,SA1,900726,ABDALLAH,CHOBO,IDENT
20160701064307,SA1,900740,SPEDICTOR,NGOGO,IDENT
20160701064311,SA1,900242,WILSON,ANYNGISE,IDENT
20160701064330,SA1,900231,MARKO,SHIMIZI,IDENT
20160701064429,SA1,900741,ERICK,LUWUNGO,IDENT
20160701064516,SA1,900466,MATHEW,PHILIP,IDENT
20160701064523,SA1,900804,FROLAH,MPONDO,IDENT
20160701064525,SA6,900171,ROBERT,MFUNI,IDENT
20160701064755,SA1,900220,HAMISI,NJOCHOLA,IDENT
20160701064947,SA6,900420,FRANCIS,TESHA,IDENT
20160701065035,SA2,901087,REHEMA,CHETE,IDENT
20160701065305,SA1,900765,REBECA,GIDEON,IDENT
20160701065455,SA6,900002,ABDALLAH,MWEYO,IDENT
20160701065651,SA6,900133,GEORGE,GIDION,IDENT
20160701065712,SA5,901294,RATIFA,KAPINGA,IDENT
20160701065801,SA6,900116,ASHA,ALLY,IDENT
20160701065807,SA6,900039,MWAJABU,ALLY,IDENT
20160701065908,SA6,900123,CHARLES,LUSWETULA,IDENT
20160701070034,SA6,900481,RICHARD,KWEYAMBA,IDENT
20160701070258,SA6,101110,ESTER,THEOOFIL,IDENT
20160701070617,SA1,900243,YOHANA,ALLY,IDENT
20160701070803,SA5,901327,EMERY,MSUNGU,IDENT
20160701071256,SA6,900432,HAMZA,ABDALLAH,IDENT
20160701071516,SA6,900389,AHMAD,KINDUMA,IDENT
20160701072106,SA6,900143,JACKLINE,MAIGA,IDENT
20160701072151,SA6,901434,JOSEPHINA,HAU,IDENT
20160701072326,SA6,900385,ABDALLAH,MOHAMED,IDENT
20160701072335,SA6,E022,SANDEEP,KHARVE,IDENT
20160701072448,SA6,900470,MODEST,NJAU,IDENT
20160701072544,SA6,900144,JANE,MWAKABULUFU,IDENT
20160701073226,SA5,901278,HENRY ,CHELULA,IDENT
20160701073305,SA6,101880,RICHARD,MAKASI,IDENT
20160701073606,SA6,900387,ADAM,KINGU,IDENT
20160701073646,SA2,901109,AMINA,MNYIFUNA,IDENT
20160701073757,SA6,900132,FRIDA,KIGWA,IDENT
20160701073912,SA2,901072,TATU,ATHUMAN,IDENT
20160701073918,SA6,900029,JUMANNE,MBONDE,IDENT
20160701074136,SA1,901575,LINDA,MLAY,IDENT
20160701074149,SA6,900560,DEOGRASIAS,STEPHIN,IDENT
20160701074206,SA6,900397,ANNA,MOSHI,IDENT
20160701074218,SA2,901040,LUCY,AGASTINO,IDENT
20160701074345,SA4,900941,KULWA,MSUMA,IDENT
20160701074422,SA2,901083,EDINA,JOHN,IDENT
20160701074424,SA5,901326,ALLY,MBONDE,IDENT
20160701074433,SA6,900016,FATUMA,HAMISI,IDENT
20160701074439,SA2,900976,LUCY,STANLEY,IDENT
20160701074451,SA2,901009,MOSHI,SAIDI,IDENT
20160701074505,SA2,900978,ELIZABETH,ZAE,IDENT
20160701074526,SA2,901085,ELIZABETH,NYAMBO,IDENT
20160701074618,SA1,900714,STIVINI,STIVINI,IDENT
20160701074625,SA1,101128,ISSA,RAMADHANI,IDENT
20160701074635,SA1,900515,SHOMARI,KIMBWEMBWE,IDENT
20160701074648,SA1,900499,HASSAN,HAULE,IDENT
20160701074724,SA1,900500,HEMEDI,KANIKI,IDENT
20160701074728,SA6,900271,HUSNA,SAID,IDENT
20160701074737,SA1,900098,TATU,MTUPA,IDENT
20160701074743,SA1,900780,THEO,MAPUNDA,IDENT
20160701074801,SA6,900262,FRIDA, MWAMBEGELE,IDENT
20160701074816,SA2,200311,DAVID,BWILE,IDENT
20160701074828,SA2,200320,OMARI,OMAR,IDENT
20160701074836,SA2,200312,BARAKA,KATEGILE,IDENT
20160701074839,SA3,900957,HADIJA,MKOTA,IDENT
20160701074840,SA6,900494,YOHANA,LUSANA,IDENT
20160701074851,SA2,200347,SHABILU,MOHAMMED,IDENT
20160701074900,SA6,900703,MUSSA,MTALI,IDENT
20160701074903,SA2,100596,ISMAIL,RAMADHANI,IDENT
20160701074908,SA6,E041,JAGAN MOHAN,YERUVA,IDENT
20160701074922,SA1,900707,ATHUMANI,SALEHE,IDENT
20160701074927,SA4,901239,SAKINA,KIZEE,IDENT
20160701074930,SA1,101124,KHALIDI,KASSIMU,IDENT
20160701074936,SA6,901265,FRANK ,RUZIGA,IDENT
20160701074939,SA2,200321,HEMED,KAZEMBE,IDENT
20160701074942,SA3,900938,ISMAIL,THOMAS,IDENT
20160701074944,SA2,200348,JONASI,LUCAS,IDENT
20160701074949,SA2,101513,HADIJA,MPAMBA,IDENT
20160701074956,SA2,200349,FRANK,MOSHI,IDENT
20160701075008,SA2,900859,MASANGULA,MASANGURA,IDENT
20160701075024,SA2,100633,HADIJA,MMANGA,IDENT
20160701075029,SA1,101115,ATHUUMANI,HEMEDI,IDENT
20160701075037,SA2,901450,FARIDA,JUMA,IDENT
20160701075049,SA2,100597,NOVATI,TARIMO,IDENT
20160701075055,SA1,900712,JUMA,JUMBE,IDENT
20160701075102,SA1,101114,ABUBAKARI,KHALIDI,IDENT
20160701075107,SA1,900843,KHALFANI,SHABAN,IDENT
20160701075112,SA1,101123,KHAMISI ,PEMBE,IDENT
20160701075118,SA1,200053,MIKIDADI,NGODU,IDENT
20160701075123,SA1,900502,IMAM,AJABU,IDENT
20160701075138,SA1,101140,FAUSTINI,MGIMBA,IDENT
20160701075150,SA5,901339,JAMES,MKONO,IDENT
20160701075100,SA2,901534,MASANJA,JUMA,IDENT
20160701075109,SA2,901444,BAKARI,KITILA,IDENT
20160701075123,SA2,100638,AMINA,CHETE,IDENT
20160701075130,SA2,100566,MKWAYA,TONGOLA,IDENT
20160701075233,SA2,200309,RAMADHANI,KIHILE,IDENT
20160701075242,SA1,101531,RASHIDI,BAKARI,IDENT
20160701075250,SA6,900472,MWALIMU,SELEMANI,IDENT
20160701075304,SA6,900465,MARTIN,KIDUNGU,IDENT
20160701075310,SA6,900393,ALLY,MTWALE,IDENT
20160701075324,SA6,E076,KAILASH,MONEN,IDENT
20160701075346,SA2,100624,HALIMA,KAMOTE,IDENT
20160701075356,SA2,901446,DANIEL,MBARUKA,IDENT
20160701075356,SA6,E021,RAJA,SWAMINATHAN,IDENT
20160701075401,SA6,900184,JASPER,NGURUBE,IDENT
20160701075404,SA2,101587,SHAMIM,FUNDI,IDENT
20160701075412,SA2,100635,JULIUS,MUNISHI,IDENT
20160701075425,SA2,901038,AMINA,MDOE,IDENT
20160701075429,SA6,900126,DORIKA,MALYANGO,IDENT
20160701075434,SA2,200314,DEO,SAKAYA,IDENT
20160701075445,SA2,901041,JACKLINI,MBOYA,IDENT
20160701075452,SA5,200171,RESPICIUS, NDYAMUKAMWA,IDENT
20160701075458,SA6,900629,MICHAEL,ZAMBETAKIS,IDENT
20160701075459,SA2,901084,MARIA ,SANGA,IDENT
20160701075501,SA5,901334,SHAIBU,KASANGA,IDENT
20160701075515,SA6,900660,IDDI,ALLY,IDENT
20160701075523,SA1,101118,MANENO,RAMADHANI,IDENT
20160701075528,SA1,101588,ATHUMAN,SALIM,IDENT
20160701075532,SA6,900292,ROSE,CHIKAWE,IDENT
20160701075538,SA6,900100,AROBOGAST,MOGELLA,IDENT
20160701075558,SA4,900910,ZAINABU,SADALLAH,IDENT
20160701075619,SA1,900507,KANTI,KADIRI,IDENT
20160701075706,SA1,900687,PROTUS,RUWANDA,IDENT
20160701075707,SA4,901273,HELLEN,KIZWALO,IDENT
20160701075631,SA3,901068,CATHERINE,MATENGO,IDENT
20160701075646,SA2,901079,AGNESS,HAJI,IDENT
20160701075707,SA2,900940,JUMANNE,ZONGO,IDENT
20160701075721,SA6,E079,BALASUBRAMANIAM,M,IDENT
20160701075722,SA2,901075,AGATHA,JAMALI,IDENT
20160701075723,SA4,901209,MIRIAM,MNDEWA,IDENT
20160701075732,SA6,901435,FILES,MBANDO,IDENT
20160701075737,SA2,900979,FATUMA,MSAKUZI,IDENT
20160701075757,SA2,901055,FATUMA,MUHANDO,IDENT
20160701075811,SA2,100664,JUMA,MUSSA,IDENT
20160701075822,SA1,101529,SELEMAN,RAMADHANI,IDENT
20160701075824,SA2,901452,STEVEN,CHUWA,IDENT
20160701075825,SA6,901560,FREDRICK,MUSHI,IDENT
20160701075831,SA6,900462,MANDZEL,KWIMBA,IDENT
20160701075836,SA1,900497,EMANUEL,NGIMBUZI,IDENT
20160701075839,SA2,901453,JOHNSON,MUNISI,IDENT
20160701075841,SA1,900710,NICHOLAS,KAPANDE,IDENT
20160701075846,SA6,E043,VAGEESH,KUMAR,IDENT
20160701075847,SA1,101530,SIMON,YOHANA,IDENT
20160701075851,SA2,901441,CHRISTOPHER ,MUSHI,IDENT
20160701075852,SA6,E037,SRINIVAS,DANTU,IDENT
20160701075858,SA6,901440,UMMY,KWANGALA,IDENT
20160701075902,SA6,E060,ANOOP,TIWARI,IDENT
20160701075903,SA1,900706,MECKLEEN,NANGEDA,IDENT
20160701075905,SA6,900418			,FELIX,WAUSA,IDENT
20160701075908,SA1,900547,COLMAN,KIWALE,IDENT
20160701075910,SA6,900436,HONEST,MATEMU,IDENT
20160701075914,SA1,900513,SALEHE,BAKARI,IDENT
20160701075919,SA6,900591,RASHID ,MUNKENDA,IDENT
20160701075922,SA6,900581,SAADA,MUHINTE,IDENT
20160701075928,SA1,900715,ELIASI,KIZITO,IDENT
20160701075935,SA6,900682,BENEDICT,ELIAS,IDENT
20160701075958,SA2,901447,MASHAKA,MATEKELE,IDENT
20160701080015,SA2,900874,LUCY,ELIAS,IDENT
20160701080021,SA6,900107,MSELEM,MSELEM,IDENT
20160701080026,SA6,900435,HASSAN,NKHAMBI,IDENT
20160701080046,SA6,900414,EMMANUEL ,SERAPHINE,IDENT
20160701080103,SA6,900017,FIKA,JOMSON,IDENT
20160701080106,SA6,900431,HAMADI,ZUBERI,IDENT
20160701080128,SA6,901438,MARY,JOSEPH,IDENT
20160701080134,SA6,900268,GWANTWA,MWASYEBULE,IDENT
20160701080140,SA5,901335,YONA,MAPELELE,IDENT
20160701080229,SA5,901382,KONDO,MOHAMED,IDENT
20160701080230,SA1,900708,OMARY,ABDALLAH,IDENT
20160701080235,SA6,900173,SHARIFA,MRISHO,IDENT
20160701080247,SA6,900458,KIBWANA,SAIDI,IDENT
20160701080253,SA6,900257,ENGLIBERTH,DAUDI,IDENT
20160701080259,SA6,900128,ENELES,MBWAGA,IDENT
20160701080304,SA6,900439,IDDI,MOHAMED,IDENT
20160701080351,SA4,900944,FROLA,KAMARA,IDENT
20160701080415,SA5,901329,ELIWA ,SHAO,IDENT
20160701080420,SA6,900156,MWANAISHA,UWESU,IDENT
20160701080426,SA6,900488,THOBIAS,KIWELU,IDENT
20160701080432,SA6,900460,LAMECK,ASSETO,IDENT
20160701080433,SA1,900235,PAULO,MGEMA,IDENT
20160701080436,SA6,900468,MICHAEL,IBRAHIM,IDENT
20160701080447,SA6,900007,ANNA,DUA,IDENT
20160701080455,SA6,900174,SOSTHENES,MUKAMA,IDENT
20160701080457,SA1,900709,MRISHO,ATHUMANI,IDENT
20160701080459,SA6,900445,JOHN,MASUNGWA,IDENT
20160701080502,SA6,900103,FREDNAND,JACKSON,IDENT
20160701080505,SA6,900131,FRANK,MAKWABU,IDENT
20160701080510,SA6,900407,CHRISTIAN ,NGONYANI,IDENT
20160701080513,SA6,900009,ASHA,HAMISI,IDENT
20160701080518,SA6,E013,GIRIRAJ,SHARMA,IDENT
20160701080532,SA1,900224,JABIRI,AMANZI,IDENT
20160701080539,SA1,900645,PETER,MTOLELA,IDENT
20160701080541,SA5,901333,NEEMA,KILUZIA,IDENT
20160701080556,SA1,900236,PENDO,MAGIGE,IDENT
20160701080605,SA6,900701,MATHEW,NDANSHAU,IDENT
20160701080615,SA1,900504,JEREMIA,TONNO,IDENT
20160701080622,SA1,101143,ISMAIL,KONDO,IDENT
20160701080628,SA6,900043,RANI,MOHAR,IDENT
20160701080633,SA1,900503,JANE,RWEHUMBIZA,IDENT
20160701080641,SA1,900157,MZEE,KONDOWE,IDENT
20160701080646,SA6,900430,GWAKISA,MWAKASAGURE,IDENT
20160701080700,SA6,900464,MARTHA,MWIKOLA,IDENT
20160701080708,SA1,900753,ALBERT,MASAWE,IDENT
20160701080555,SA2,200313,GADISON,ROSENIUS,IDENT
20160701080607,SA2,200318,JOSHUA , PAULO,IDENT
20160701080638,SA2,200351,MICHAEL,MICHAEL,IDENT
20160701080646,SA2,200316,DENIS,JOHNSON,IDENT
20160701080719,SA6,900151,LISSY,KIGONJOLA,IDENT
20160701080734,SA6,900574,FURAHA,MSAMBWA,IDENT
20160701080803,SA6,900165,RAMADHANI,NYENJE,IDENT
20160701080809,SA6,900004,AGATHA,KAYOMBO,IDENT
20160701080825,SA6,900660,IDDI,ALLY,IDENT
20160701080851,SA6,901439,MUSA,MZEE,IDENT
20160701080857,SA6,900467,MBARUKU,OSWAD,IDENT
20160701080907,SA6,900390,ALBERT,KANENDA,IDENT
20160701080914,SA6,900485,SHUFAA,ABEID,IDENT
20160701080939,SA6,900620,AYOUB,MTAFUNGWA,IDENT
20160701081018,SA6,900400,BAHATI,LUBUVA,IDENT
20160701081027,SA1,900219,GEORGE,SAMATA,IDENT
20160701081030,SA6,900416,ERICK,DAUD,IDENT
20160701081131,SA6,E077,SUMIT,BHATNAGAR,IDENT
20160701081135,SA1,900225,JOHN,FREDRICK,IDENT
20160701081146,SA1,900024,JOSEPH,TWALIB,IDENT
20160701081158,SA6,E069,SHANTANU,KULKARNI,IDENT
