20170630085417,SA6,900629,MICHAEL,ZAMBETAKIS,IDENT
20170630085952,SA6,900108,NORAH,CLEMENCE,IDENT
20170630090638,SA6,900580,BARAKA,MAGAFU,IDENT
20170630091721,SA6,900043,RANI,MOHAR,IDENT
20170630093900,SA6,901438,MARY,JOSEPH,IDENT
20170630095123,SA6,900100,AROBOGAST,MOGELLA,IDENT
20170630103040,SA1,900515,SHOMARI,KIMBWEMBWE,IDENT
20170630103702,SA6,900257,ENGLIBERTH,DAUDI,IDENT
20170630120355,SA6,E078,SANJAY,GOYAL,IDENT
20170630120749,SA6,900270,HASSAN,KIGWIO,IDENT
20170630122626,SA6,901581,PROSPER,KATABALWA,IDENT
20170630124322,SA6,E077,SUMIT,BHATNAGAR,IDENT
20170630124325,SA6,E060,ANOOP,TIWARI,IDENT
20170630125011,SA6,900035,MOHAMED,HAUSI,IDENT
20170630125258,SA6,900055,VERONICA,MBAZIGWA,IDENT
20170630130053,SA6,900544,YUSUPH,MTUTUMA,IDENT
20170630130207,SA6,900054,THOMAS,MGABO,IDENT
20170630130828,SA6,900251,AMRI,WAZIRI,IDENT
20170630131625,SA1,900237,SHOMARI,SELEMANI,IDENT
20170630131906,SA6,900006,ANDREW,JOSEPH,IDENT
20170630131941,SA6,900689,IRENE,MOSHI,IDENT
20170630132104,SA6,900627,BAHATI,KAPIGA,IDENT
20170630132109,SA6,900120,BENEDICTO,MBOKO,IDENT
20170630132638,SA6,900261,FRANCIS,MAKOTI,IDENT
20170630132913,SA6,900025,JOYCE,MAGANGA,IDENT
20170630133002,SA6,900140,IGNATUS,MLANGWA,IDENT
20170630133010,SA4,901080,SALOME,DUA,IDENT
20170630133101,SA6,900015,EMMANUEL ,CLEMENT,IDENT
20170630133314,SA6,900480,RASHID,MOHAMED,IDENT
20170630133354,SA4,901155,GRACE,MUHONO,IDENT
20170630133427,SA5,901298,SWAUMU,MZIRAI,IDENT
20170630133432,SA5,901324,MARIAM,YAHAYA,IDENT
20170630133438,SA5,901368,NAOMI,YUSUPH,IDENT
20170630133454,SA5,901386,SHAMSI,MUHITI,IDENT
20170630133458,SA4,901114,FARIDA,AMBLOS,IDENT
20170630133503,SA4,901135,REHEMA,OMARY,IDENT
20170630133509,SA5,901071,YUNIS,NDAIGA,IDENT
20170630133512,SA5,901281,JOSEPH,MUSUGULI,IDENT
20170630133520,SA4,901179,AMANDA,KWEZI,IDENT
20170630133612,SA4,901112,BUSHRA,SALUM,IDENT
20170630133618,SA1,900747,ADAM,MASALE,IDENT
20170630133625,SA4,901186,FROLA,KILIMA,IDENT
20170630133630,SA4,901231,ASHA,DUTCH,IDENT
20170630133641,SA1,900784,WILLIAM,MSOLOKA,IDENT
20170630133644,SA1,900797,ASHAM,MUSA,IDENT
20170630133650,SA4,901032,MARISELINA,NGULI,IDENT
20170630133658,SA4,901234,ANITHA,AHALIELI,IDENT
20170630133703,SA4,901173,BAHATI,MAKAMBA,IDENT
20170630133711,SA4,900883,EDINA,ABED,IDENT
20170630133716,SA4,901174,BETH,NGADADA,IDENT
20170630133722,SA4,900899,MAGDALENA,SIMAO,IDENT
20170630133725,SA5,901314,JANE,NYAGAWA,IDENT
20170630133727,SA4,901117,HIDAYA,MASOUD,IDENT
20170630133730,SA5,901280,WHITNESS,MSAGATI,IDENT
20170630133731,SA4,901190,NEEMA,MNYALAPE,IDENT
20170630133734,SA1,900741,ERICK,LUWUNGO,IDENT
20170630133736,SA4,901235,TUMAIN,MUNGURE,IDENT
20170630133748,SA4,901107,MUHIDINI,HASSAN,IDENT
20170630133816,SA6,900433,HARUNI,MKAMA,IDENT
20170630133819,SA4,900983,RUKIA,KONDO,IDENT
20170630133823,SA5,901381,DOROSTA,CLEMANCE,IDENT
20170630133824,SA4,901027,EDDA,MWAKIBINGWA,IDENT
20170630133830,SA4,901130,NURU,DAUDI,IDENT
20170630133832,SA6,900582,ZABRON,TOSSI,IDENT
20170630133859,SA5,901359,VILET,MHELUKA,IDENT
20170630133905,SA4,901181,ASNA,SPRIAN,IDENT
20170630133920,SA4,901168,REHEMA ,MWASOMOLA,IDENT
20170630133925,SA4,901271,RACHEL,MCHOVU,IDENT
20170630133932,SA4,901256,AVERINA,AMANDUS,IDENT
20170630133937,SA4,900879,RAHMA,KILO,IDENT
20170630133943,SA4,901180,FURAHA,TEMBA,IDENT
20170630133949,SA1,900775,SABATO,JULIUS,IDENT
20170630133954,SA1,900755,NICHALAUS,AUGUSTINO,IDENT
20170630133956,SA5,901152,STELLA,MWAKATOBE,IDENT
20170630134015,SA4,901132,HEAVENLIGHT,NKYA,IDENT
20170630134021,SA4,901241,FATUMA,JUMA,IDENT
20170630134052,SA4,900927,SAADA,SALUM,IDENT
20170630134058,SA4,901245,EVERINA,MKETO,IDENT
20170630134103,SA4,900921,MWAJUMA,IDDI,IDENT
20170630134107,SA4,901246,VERONICA,MTENGWA,IDENT
20170630134112,SA4,901176,FATUMA,MASOUD,IDENT
20170630134131,SA5,901198,MANEO,ATHUMANI,IDENT
20170630134136,SA5,901098,GERALD,MBAUKA,IDENT
20170630134215,SA5,900898,RUKIA,MATAUKA,IDENT
20170630134223,SA5,900894,NURU,MAKANDE,IDENT
20170630134228,SA5,901012,FATUMA,KABUMA,IDENT
20170630134233,SA5,900860,AGNESS,LUHUNGO,IDENT
20170630134118,SA4,900996,LILIAN,RASHIDI,IDENT
20170630134123,SA4,901243,PLAKSEDA,AKIZAMUNGU,IDENT
20170630134129,SA4,901041,JACKLINI,MBOYA,IDENT
20170630134143,SA4,900993,MARIAM,MSUMALI,IDENT
20170630134148,SA4,901118,LILIAN,MREMA,IDENT
20170630134152,SA4,901129,FELISTA,NYAHENGE,IDENT
20170630134157,SA4,901007,MODESTA,JOGOO,IDENT
20170630134203,SA4,901011,JANE,SIMON,IDENT
20170630134209,SA4,900978,ELIZABETH,ZAE,IDENT
20170630134214,SA4,900865,CHRISTINA,MAGOWELA,IDENT
20170630134219,SA4,901230,KUDRA,BAKARI,IDENT
20170630134225,SA4,901050,MARIAM,SAIDI,IDENT
20170630134231,SA4,900968,TAUSI,SIMBA,IDENT
20170630134234,SA4,901042,FARIDA,NDAUKE,IDENT
20170630134238,SA4,901026,FATUMA,KONYO,IDENT
20170630134243,SA4,900878,AISHA,KIZINGA,IDENT
20170630134249,SA4,901160,SAUDA,MCHECHE,IDENT
20170630134259,SA4,901247,KULUTHUM,CHILEMILE,IDENT
20170630134305,SA4,901089,HARUNA,ATHUMANI,IDENT
20170630134312,SA4,901034,STAMILI,MUSSA,IDENT
20170630134318,SA4,901140,ASHURA,MGENI,IDENT
20170630134326,SA4,901023,AMINA,CHAKWE,IDENT
20170630134332,SA4,901113,ELIZABETH,SHIRIMA,IDENT
20170630134337,SA5,901364,SALAFINA,KISAPI,IDENT
20170630134337,SA4,901009,MOSHI,SAIDI,IDENT
20170630134343,SA4,901127,ZAHARA,MBELWA,IDENT
20170630134348,SA4,901045,ASHURA,KATULA,IDENT
20170630134349,SA5,901390,SHABANI,HUSEN,IDENT
20170630134354,SA4,901105,MTUMWA,ALLY,IDENT
20170630134359,SA4,900953,JANE,LUSENDELA,IDENT
20170630134407,SA4,900997,MARY,ONDURU,IDENT
20170630134411,SA5,900917,SALMA,DIWILE,IDENT
20170630134412,SA4,900906,MARYSTELA,MCHOME,IDENT
20170630134417,SA5,900863,ANNA,MICHAEL,IDENT
20170630134436,SA4,901253,JOYCE,KESI,IDENT
20170630134439,SA5,901148,IBRAHIM,MZENTO,IDENT
20170630134451,SA4,901022,SILIVIA,SHAYO,IDENT
20170630134455,SA5,901380,BISURA,MCHELEO,IDENT
20170630134500,SA4,900957,HADIJA,MKOTA,IDENT
20170630134502,SA5,900915,DOROTHEA,KILO,IDENT
20170630134506,SA4,900868,MAIMUNA,JARUFU,IDENT
20170630134510,SA4,900846,SARA,CHIDUNI,IDENT
20170630134515,SA4,901029,MARIAM,MWETEMBO,IDENT
20170630134515,SA1,900384,ABDALLA,SAIDI,IDENT
20170630134521,SA4,901219,MARIAM,MUSSA,IDENT
20170630134521,SA5,901291,AISHA,ISSA,IDENT
20170630134526,SA4,901047,MWAJUMA,HAMIS,IDENT
20170630134532,SA4,900890,OLIVER,UDOBA,IDENT
20170630134537,SA4,901091,FARIDA,LYIMO,IDENT
20170630134542,SA4,901170,BAHATI,SHABANI,IDENT
20170630134545,SA5,901046,GRADIS,MAGANA,IDENT
20170630134549,SA4,900992,AGNES,MEJA,IDENT
20170630134554,SA4,901052,SUZANA,NAPANGA,IDENT
20170630134556,SA5,901255,ASHA,BILALI,IDENT
20170630134607,SA5,901354,AISHAH,OTHUMANI,IDENT
20170630134608,SA4,900844,AISHA,MSOMI,IDENT
20170630134612,SA5,901356,ZAMDA,NGWABAYA,IDENT
20170630134621,SA5,901346,FRANK,MANDI,IDENT
20170630134632,SA4,901043,ANNA,JOHN,IDENT
20170630134633,SA5,900914,HAWA,MWIMBE,IDENT
20170630134639,SA5,901366,LYDIA,MAKENE,IDENT
20170630134650,SA4,901164,SWAUMU,KAYANDA,IDENT
20170630134650,SA5,901320,REHEMA,ALLY,IDENT
20170630134655,SA4,901060,MARTHA,GABRIEL,IDENT
20170630134658,SA6,900473,NAOMI,GONDA,IDENT
20170630134701,SA4,901049,REDEMTA,DANIEL,IDENT
20170630134705,SA4,901065,ZAINABU,KARUMUNA,IDENT
20170630134708,SA6,900010,BITSON,MWASILE,IDENT
20170630134713,SA4,900943,MWAMINI,MPANGULE,IDENT
20170630134716,SA6,900037,MOHAMED,MKALA,IDENT
20170630134724,SA4,900945,ELIZABETH,MREMA,IDENT
20170630134734,SA6,900662,ABDALLAH,ABEID,IDENT
20170630134746,SA4,900988,UPENDO,PETER,IDENT
20170630134751,SA4,901111,ASIA,MSHAMU,IDENT
20170630134802,SA1,900442,ITIKA,DICKSON,IDENT
20170630134803,SA4,901184,GRACE,NGALABA,IDENT
20170630134805,SA5,901417,REHEMA,SINDANO,IDENT
20170630134809,SA4,901244,SWAUMU,HIMBU,IDENT
20170630134825,SA4,901187,MONICA,SHEMBONI,IDENT
20170630134852,SA5,901336,ISMAIL,MHINA,IDENT
20170630134855,SA6,900112,ABDALLAH,MIKALAMBILO,IDENT
20170630134855,SA5,901402,ALLY,SELEMAN,IDENT
20170630134858,SA4,900885,AMINA,MZARA,IDENT
20170630134859,SA1,900764,OMBENI,MICHAEL,IDENT
20170630134900,SA5,901362,JULIETH,GODFREY,IDENT
20170630134904,SA4,901143,LINES,PILLI,IDENT
20170630134916,SA4,901123,REBECA,KALOFU,IDENT
20170630134917,SA5,901363,ZUCRA,SWEDI,IDENT
20170630134921,SA4,901197,RASHID,NJERAN,IDENT
20170630134922,SA5,900901,NEEMA,NYAKOKI,IDENT
20170630134927,SA5,901297,STELLA,MAKUNDI,IDENT
20170630134946,SA4,900933,WINFRIDA,LUSEBA,IDENT
20170630134950,SA4,901185,JOYCE,SAMWEL,IDENT
20170630134958,SA4,900970,MARIA,ELIESEL,IDENT
20170630135003,SA4,901261,ZAINA,KILWANDA,IDENT
20170630135010,SA5,901371,YASINTA,LEKERI,IDENT
20170630135025,SA5,901344,JACKSON,ATANUS,IDENT
20170630135038,SA4,901039,JULIANA,SUKU,IDENT
20170630135109,SA1,900729,MOHAMED,KOMBO,IDENT
20170630135110,SA5,901342,ANDREW,KILUGWA,IDENT
20170630135113,SA1,900812,LEONARD,NYANGO,IDENT
20170630135117,SA1,900774,MBEWE,ELIUS,IDENT
20170630135121,SA1,900788,DEBORA,MWASOMOLA,IDENT
20170630135124,SA1,900762,SAID,MOHAMED,IDENT
20170630135128,SA1,900819,PATRICK,MTONDOLA,IDENT
20170630135151,SA5,901307,MATRIDA,CHUVAKA,IDENT
20170630135226,SA5,901311,LOYCE,MASKINI,IDENT
20170630135236,SA5,900849,IRENE,MMARI,IDENT
20170630135241,SA5,901430,JOYCE,SEMWENDA,IDENT
20170630130049,SA2,901092,ASIA,JUMA,IDENT
20170630130537,SA2,901073,SALMA,MUHARAMU,IDENT
20170630133901,SA2,900905,AMINA,MUHIDINI,IDENT
20170630134021,SA2,901021,NEEMA ,MWANGO,IDENT
20170630134047,SA2,900908,SALMA,RWAMBANO,IDENT
20170630134053,SA2,901035,AGNES,NKONJELWA,IDENT
20170630134240,SA2,900934,MWAJABU,MARIDADI,IDENT
20170630134441,SA2,901038,AMINA,MDOE,IDENT
20170630134451,SA2,901085,ELIZABETH,NYAMBO,IDENT
20170630134510,SA2,900923,HELENA,KHAJI,IDENT
20170630134936,SA2,901258,ATHUMAN,KILINDU,IDENT
20170630135023,SA2,901150,CHRISTINA,MBODE,IDENT
20170630135050,SA6,900170,REHEMA,CHINUNJE,IDENT
20170630135121,SA4,901076,AGNESS,NGAPONDA,IDENT
20170630135124,SA6,900422,FURAHA,MWAKIFWAMB,IDENT
20170630135128,SA6,900423,GARDINO,MHIMBA,IDENT
20170630135154,SA4,900946,RAHMA,MWIMBA,IDENT
20170630135203,SA4,901212,JASMINI,MOHAMED,IDENT
20170630135208,SA4,900904,ANNA,MAGEMBE,IDENT
20170630135211,SA4,900962,JOSEPH,ELISAFI,IDENT
20170630135221,SA2,901096,SAMWELI,MANGARE,IDENT
20170630135228,SA4,901115,FROLA,SIKWEMBE,IDENT
20170630135234,SA4,901193,VICTORIA,MWAMPEGETE,IDENT
20170630135243,SA6,900661,ADILILA,KONGA,IDENT
20170630135253,SA2,901134,NURU,MULONGANILE,IDENT
20170630135259,SA6,900048,SHELLA,MFAUME,IDENT
20170630135304,SA6,900444,JOHN,MEDA,IDENT
20170630135306,SA1,900826,VITALIS,HOTTI,IDENT
20170630135317,SA1,900594,GASPER,MATALO,IDENT
20170630135342,SA5,901202,VITALIS,KESSI,IDENT
20170630135352,SA5,901282,ADAM,MUSSA,IDENT
20170630135409,SA5,901568,YASINTA,MKIWA,IDENT
20170630135414,SA5,901201,DEOGRATIUS,KESSY,IDENT
20170630135420,SA2,901343,SEBASTIAN,KIPINGU,IDENT
20170630135422,SA1,900426,GESAGA,RAMADHANI,IDENT
20170630135427,SA1,900800,NAPEGWA,JACOB,IDENT
20170630135428,SA4,900930,TABIA,DOGOLI,IDENT
20170630135434,SA1,900732,ELIA,FRANCIS,IDENT
20170630135439,SA1,900386,ABDALLAH ,RAMADHANI,IDENT
20170630135443,SA1,900717,GODFREY,LAMBAU,IDENT
20170630135501,SA2,901093,SHARON,IBRAHIM,IDENT
20170630135522,SA6,900611,EVARIST,MPINGAURUGU,IDENT
20170630135537,SA5,901387,GODFREY,YALED,IDENT
20170630135542,SA6,900584,LUCY,MACHAI,IDENT
20170630135548,SA5,901290,AGNES,SALAWA,IDENT
20170630135551,SA4,901051,HABIBA,PAZZI,IDENT
20170630135553,SA5,901064,SAID,RAMADHANI,IDENT
20170630135628,SA6,900161,PILLI ,MOHAMED,IDENT
20170630135711,SA4,901196,BONIPHACE,NGESI,IDENT
20170630135717,SA4,901260,AISHA,MNEKA,IDENT
20170630135722,SA5,900900,HELENA,SENZUGWAKO,IDENT
20170630135728,SA5,900939,STELLA,MAGOGWA,IDENT
20170630135730,SA6,900626,AUGUSTINO,CHITANDA,IDENT
20170630135734,SA5,901154,SALAMA,ALLY,IDENT
20170630135735,SA6,900127,DUNCAN,MHANDO,IDENT
20170630135747,SA5,901211,ANNA,KIMARO,IDENT
20170630135805,SA5,901379,JUMA,MAKALA,IDENT
20170630135811,SA4,901122,NEEMA,FANUEL,IDENT
20170630135817,SA1,900793,ABDUL,MAINGO,IDENT
20170630135821,SA1,900806,GODFREY,KIHAWA,IDENT
20170630135822,SA5,900887,ELITABETH,GOMELO,IDENT
20170630135852,SA4,901266,AZIZA,KAKOMBE,IDENT
20170630135902,SA5,900897,SWAUMU,SAIDI,IDENT
20170630135906,SA1,900792,IDDI,IDDI,IDENT
20170630135907,SA5,901378,HOYCE,TILLYA,IDENT
20170630135915,SA1,900726,ABDALLAH,CHOBO,IDENT
20170630135918,SA1,900767,GLADNESS,KAIRUKI,IDENT
20170630135922,SA5,900931,JOHARI,KIMARO,IDENT
20170630135929,SA6,900134,GRACE,KIM,IDENT
20170630140003,SA4,901137,SOFIA,KIUMBE,IDENT
20170630140006,SA5,901355,HALIMA,SANANE,IDENT
20170630140006,SA2,901227,MWAMVITA,MWAIPOPO,IDENT
20170630140008,SA4,900918,MARIAM,RAMADHANI,IDENT
20170630140012,SA5,901374,NASRA,HAMADI,IDENT
20170630140013,SA4,901108,AISHA,WILLIUM,IDENT
20170630140016,SA2,900991,CHRISTINA,JAILOS,IDENT
20170630140019,SA4,901206,AISHA,MKUMBA,IDENT
20170630140019,SA5,900850,ROSE,KITALI,IDENT
20170630140021,SA2,901082,EDINA,JOHN,IDENT
20170630140024,SA5,901306,VAILETH,NGULO,IDENT
20170630140026,SA4,901106,MARYNIA,KAYOMBO,IDENT
20170630140029,SA5,901352,ABDALAH,SUDY,IDENT
20170630140034,SA5,901340,FELIX,MAKANYA,IDENT
20170630140034,SA4,900956,DIANA,LEMA,IDENT
20170630140037,SA1,900218,GEDDY,SONENGA,IDENT
20170630140039,SA4,901216,ASHA,RAMADHANI,IDENT
20170630140041,SA5,901360,MARRY,MASULUBE,IDENT
20170630140045,SA4,901204,SOPHIA,LUGOME,IDENT
20170630140050,SA4,900966,ZUHURA,KIJIMBO,IDENT
20170630140058,SA4,901213,HABIBA,NJIKU,IDENT
20170630140103,SA5,901315,FIDEA,AGUSTINO,IDENT
20170630140103,SA4,901153,MAGRETH,ZANUARI,IDENT
20170630140111,SA5,900855,SINAHIA,OMARI,IDENT
20170630140115,SA2,900948,VERONICA,MFILINGE,IDENT
20170630140117,SA5,901288,EPIPHANIA,LUKWI,IDENT
20170630140119,SA1,900225,JOHN,FREDRICK,IDENT
20170630140122,SA5,900895,CATHERINE,CHIGOGOLO,IDENT
20170630140138,SA2,901072,TATU,ATHUMAN,IDENT
20170630140146,SA1,900207,ADELE,NJOCHOLA,IDENT
20170630140146,SA2,901075,AGATHA,JAMALI,IDENT
20170630140151,SA2,901079,AGNESS,HAJI,IDENT
20170630140156,SA5,901294,RATIFA,KAPINGA,IDENT
20170630140158,SA2,901054,FATUMA,MUHANDO,IDENT
20170630140202,SA5,901330,SAVELINA ,KASHASHA,IDENT
20170630140208,SA5,901331,DIANA,KABYEMELA,IDENT
20170630140215,SA5,900886,ELIZABERTH,KIJA,IDENT
20170630140228,SA5,901361,MARRY,MLIUNJA,IDENT
20170630140229,SA2,901223,HAPPY,MKWEPU,IDENT
20170630140232,SA5,901369,RECHO,MSHUMBUSI,IDENT
20170630140240,SA5,901375,PILLI,CHOLOGONDO,IDENT
20170630140246,SA5,900896,HADIJA , KIHEGO,IDENT
20170630140152,SA1,901557,WALTER,MAYA,IDENT
20170630140156,SA1,900813,LEONARD,PETER,IDENT
20170630140210,SA4,901005,HADIJJA,KIJUU,IDENT
20170630140223,SA4,901057,ANNA,KITOMARY,IDENT
20170630140235,SA6,900580,BARAKA,MAGAFU,IDENT
20170630140308,SA2,901084,MARIA ,SANGA,IDENT
20170630140308,SA5,900892,MWANIA,PEMBE,IDENT
20170630140308,SA1,900790,ISIHAKA,IDDI,IDENT
20170630140313,SA1,900719,STEPHAN,SIMON,IDENT
20170630140315,SA5,901061,MWAJUMA,ABDALLAH,IDENT
20170630140316,SA1,900771,DATIUS,MARTINE,IDENT
20170630140319,SA5,901353,DOREEN,MDOE,IDENT
20170630140325,SA5,901313,FATUMA,KAUNDA,IDENT
20170630140325,SA2,901020,VICTORIA,MWALUANDA,IDENT
20170630140330,SA5,900989,AMINA,CHITWANGWA,IDENT
20170630140331,SA4,901003,SALAMA,KADALA,IDENT
20170630140334,SA5,901110,ASHA,MPELA,IDENT
20170630140339,SA5,901055,ZAINABU,OMARY,IDENT
20170630140343,SA5,901367,BEATHA,MLOSO,IDENT
20170630140347,SA6,900409,DANIEL,MROPE,IDENT
20170630140350,SA2,901101,RAJABU,MOHAMMED,IDENT
20170630140353,SA5,901086,ELIWAZA,MWIGOHA,IDENT
20170630140353,SA4,900888,AMINA,NGAINA,IDENT
20170630140354,SA6,900469,MICHAEL,MDACHI,IDENT
20170630140359,SA5,900864,TECLA,SAMWEL,IDENT
20170630140400,SA2,900987,PILLY,MWAWILA,IDENT
20170630140405,SA5,901365,JOYCE,SWILLAH,IDENT
20170630140407,SA4,900971,NAOMI,SAMWELI,IDENT
20170630140409,SA5,900861,MWAJABU,BAKARI,IDENT
20170630140418,SA4,900952,SALAMA,MOHAMAD,IDENT
20170630140419,SA5,901373,ADELA,MSAGA,IDENT
20170630140420,SA1,900578,MTARI,MAGINGA,IDENT
20170630140422,SA5,901383,JOAN,OMANDI,IDENT
20170630140425,SA5,901283,KEDMOND,KAMOGA,IDENT
20170630140428,SA6,900164,RAMADHANI ,BAKARI,IDENT
20170630140431,SA5,900873,SELEN,JUMA,IDENT
20170630140435,SA1,900477,RAMADHANI,LUBASHA,IDENT
20170630140438,SA1,900722,ELIZABETH,MATHIUS,IDENT
20170630140438,SA5,900903,RUKIA,MOHAMED,IDENT
20170630140444,SA5,901341,JESSE,JEREMIA,IDENT
20170630140448,SA5,901217,VIVIAN,MWANGATA,IDENT
20170630140453,SA5,901192,ASMA,KONDO,IDENT
20170630140454,SA4,901161,NURU,MOHAMED,IDENT
20170630140458,SA5,900964,RAPHAEL,MBOKO,IDENT
20170630140459,SA4,900893,JOYCE,MCHOMVU,IDENT
20170630140502,SA2,901103,MWATANGA,DIENI,IDENT
20170630140505,SA5,901149,EPIFANI, MBOKO,IDENT
20170630140505,SA4,901006,RUKIA,ALLY,IDENT
20170630140507,SA2,900920,PILLI,SAIDI,IDENT
20170630140509,SA5,901310,MARIAM,BELEKO,IDENT
20170630140515,SA5,901413,LEILA,KIMBENGELE,IDENT
20170630140518,SA4,901008,GRESS,KOBA,IDENT
20170630140521,SA5,901301,TUKAE,MUSA,IDENT
20170630140523,SA4,901119,LINA,MLAWA,IDENT
20170630140527,SA5,901309,SALMA,RAFIKI,IDENT
20170630140528,SA1,900810,JOSEPH,JULIUS,IDENT
20170630140531,SA4,901002,MARIAM,SABURI,IDENT
20170630140532,SA2,901133,HUSNA,SENGAMBA,IDENT
20170630140539,SA4,901225,NOELA,YALOT,IDENT
20170630140546,SA1,900227,JOSEPH,NGANILWA,IDENT
20170630140547,SA5,901406,PASCAL,STANLEY,IDENT
20170630140552,SA5,901284,MOHAMED,IDDI,IDENT
20170630140558,SA1,900450,JUMA,RAMADHANI,IDENT
20170630140602,SA2,901252,JENIPHA,CHIZA,IDENT
20170630140603,SA4,900984,SALAMA,BIGE,IDENT
20170630140610,SA6,900449,JUMA,SANGAYA,IDENT
20170630140610,SA2,901014,LUCY,THOMAS,IDENT
20170630140615,SA5,901289,CONSOLATHA,RAPHAEL,IDENT
20170630140619,SA4,901172,AGNES,STEVEN,IDENT
20170630140619,SA6,900162,PILLY,MANENO,IDENT
20170630140627,SA4,900937,UPENDO,MLEWA,IDENT
20170630140633,SA4,901126,YUNIS,LULANDALA,IDENT
20170630140648,SA1,900825,TITO,MWAMBE,IDENT
20170630140705,SA1,900415,EMMANUEL,JONAS,IDENT
20170630140722,SA4,901141,HADIJA,SALUM,IDENT
20170630140722,SA1,900743,JUMA,ISEMA,IDENT
20170630140727,SA5,901305,DIANA,KIBASA,IDENT
20170630140733,SA5,900875,ASHA,MALINBWI,IDENT
20170630140737,SA2,901268,ANITHA,KWIMBA,IDENT
20170630140740,SA5,900907,PAULINA,DEVA,IDENT
20170630140743,SA2,901273,HELLEN,KIZWALO,IDENT
20170630140750,SA4,900924,DEBORA,HOSSA,IDENT
20170630140804,SA4,900928,MARIA,MAGWE,IDENT
20170630140805,SA5,901412,ELIA,NGWALI,IDENT
20170630140812,SA5,901328,MARRY,SHOO,IDENT
20170630140822,SA2,901044,SUZANA,KIMARO,IDENT
20170630140833,SA2,900965,HERMAN,MAKOKO,IDENT
20170630140841,SA4,901121,MWATANGA,ALLY,IDENT
20170630140848,SA5,901254,NURAT,JAFARI,IDENT
20170630140904,SA4,901169,VERONICA,LECHIPYA,IDENT
20170630140907,SA6,900391,ALLY,MASHAURI,IDENT
20170630140909,SA4,900973,SHARIFA,LIYAYA,IDENT
20170630140910,SA1,900212,BATHOLOMEO,MUSA,IDENT
20170630140914,SA4,901146,MARTHA,MAKOTI,IDENT
20170630140916,SA5,901099,TAUS,MUSTAPHA,IDENT
20170630140919,SA4,901063,RACHEL,MZOROZORO,IDENT
20170630140925,SA5,901292,SARA,YOEL,IDENT
20170630140930,SA1,900242,WILSON,ANYNGISE,IDENT
20170630140937,SA1,900795,ALLY,LIKIWA,IDENT
20170630140938,SA4,901214,MARIAM,OMAR,IDENT
20170630140940,SA1,900821,SAWA,SWAHA,IDENT
20170630140946,SA4,901145,ADELINA,MALEMA,IDENT
20170630141002,SA5,901416,YONA,MUSA,IDENT
20170630141009,SA5,901409,MAGRETH,NGOSI,IDENT
20170630141010,SA4,900942,CHRISTINA,MWENDA,IDENT
20170630141019,SA4,901083,HADIJA,MPAMBA,IDENT
20170630141022,SA2,901024,ASIA,KARATA,IDENT
20170630141023,SA5,900951,MWAJUMA,AIDAN,IDENT
20170630141023,SA4,900922,BAHATI,SALEHE,IDENT
20170630141027,SA5,901302,ASHA,SHOMARI,IDENT
20170630141030,SA2,901016,HALIFA,MOHAMED,IDENT
20170630141041,SA5,900877,IRENE,GABRIEL,IDENT
20170630141055,SA2,901166,SAUDA,MAULID,IDENT
20170630141100,SA2,901151,SIJARI,MAGOMBE,IDENT
20170630141109,SA4,900926,AMINA,KONDO,IDENT
20170630141114,SA4,901249,HILDA,MWAZEMBE,IDENT
20170630141121,SA5,901078,NASMA,LINOGA,IDENT
20170630141127,SA5,901308,MADINA,ATHUMANI,IDENT
20170630141133,SA5,900884,HADIJA,GOGO,IDENT
20170630141145,SA5,901312,VUMILIA,NDEGE,IDENT
20170630141125,SA4,901207,AISHA,ABEID,IDENT
20170630141134,SA6,900586,MOHAMED,SOLOKA,IDENT
20170630141136,SA4,901139,HAPPY ,ZAKAYO,IDENT
20170630141148,SA4,901165,FATUMA,ABDALLAH,IDENT
20170630141152,SA6,900395,AMOS,MIMBI,IDENT
20170630141154,SA4,901138,JOYCE,CHEMRA,IDENT
20170630141233,SA4,901228,CESILIA,MBABUYE,IDENT
20170630141234,SA1,900456,KHALIFA,BASHILI,IDENT
20170630141238,SA4,901263,JAMIRA,SAIDI,IDENT
20170630141244,SA4,901221,TEDDY,MAGAMBO,IDENT
20170630141244,SA6,900168,RAZAKI,MTINDA,IDENT
20170630141300,SA4,901257,FRIDA,MHELELA,IDENT
20170630141304,SA5,900949,MUHINA,GOMBE,IDENT
20170630141311,SA5,901414,EMMANUEL,BANDIKO,IDENT
20170630141311,SA2,901274,AMINA,KAHABUKA,IDENT
20170630141317,SA5,901384,JOSHUA,KITUNDU,IDENT
20170630141319,SA2,900936,SOPHIA,MBONDE,IDENT
20170630141322,SA5,901125,TAUSI,SHABANI,IDENT
20170630141326,SA5,901248,MAGRETH,MASAWE,IDENT
20170630141330,SA4,901120,MERCY,MONGI,IDENT
20170630141331,SA5,901070,FLORA,MSAMLA,IDENT
20170630141337,SA5,901220,AGNESS,MWAMBENGO,IDENT
20170630141338,SA4,901062,RASHID,MDOE,IDENT
20170630141342,SA5,901237,ZUBEDA,KIMARO,IDENT
20170630141345,SA4,901053,DORIS,JOHN,IDENT
20170630141351,SA4,901031,AMINA,BAKARI,IDENT
20170630141357,SA4,900889,SALMA,MWAWILA,IDENT
20170630141359,SA6,900489,TUMAINI,MNZAVA,IDENT
20170630141403,SA4,900911,NEEMA,URASSA,IDENT
20170630141406,SA5,900853,DEVOTHA,ELIAS,IDENT
20170630141413,SA4,900995,MARY,KIAMA,IDENT
20170630141429,SA5,901347,JAMES,MAJIJI,IDENT
20170630141443,SA4,901081,PILI,MDEDE,IDENT
20170630141448,SA4,900999,ROSE,MWAMAKOLA,IDENT
20170630141503,SA4,901001,AMINA,MUYA,IDENT
20170630141508,SA6,900703,MUSSA,MTALI,IDENT
20170630141508,SA4,901233,SAMI,MTITIMA,IDENT
20170630141512,SA5,901205,JAMILA,MASONGI,IDENT
20170630141513,SA4,901074,VERONICA,KIMWAGA,IDENT
20170630141517,SA5,901210,ROSE,CHUWA,IDENT
20170630141524,SA6,900647,JOHANSEN,MPANJU,IDENT
20170630141536,SA4,901100,REHEMA,SALEHE,IDENT
20170630141538,SA1,900211,BARAKA,MAKI,IDENT
20170630141600,SA4,901224,ANNA,NYAKAPALA,IDENT
20170630141614,SA5,900872,ZALAU,NGWELE,IDENT
20170630141620,SA4,901131,ESTA,KWEKA,IDENT
20170630141624,SA4,901157,DAVID,JUMA,IDENT
20170630141632,SA6,900474,PHILBERT,MATOGO,IDENT
20170630141637,SA4,901142,SOPHIA,YUSUPH,IDENT
20170630141641,SA6,900596,DAVID,MWAMPAMBA,IDENT
20170630141642,SA5,900866,FLORA,DAMAS,IDENT
20170630141642,SA4,901222,DEBORA,FILIPATALI,IDENT
20170630141647,SA4,901128,ZAITUNI,SOGOI,IDENT
20170630141649,SA5,901559,MARIAM,JUMA,IDENT
20170630141650,SA1,900403,BEDA,YUDA,IDENT
20170630141655,SA1,900814,MARTIN,MUHANDO,IDENT
20170630141702,SA4,901077,CONSOLATH,MATERU,IDENT
20170630141708,SA4,901102,ORIVER,DAUD,IDENT
20170630141716,SA6,900556,REGINA,NDALUHEKEYE,IDENT
20170630141740,SA1,900154,MWAJUMA,MSAKUZI,IDENT
20170630141745,SA1,900244,YOHA,MSANGI,IDENT
20170630141745,SA5,900870,GOMERY,DAUDI,IDENT
20170630141748,SA1,900759,ELIAS,YAKOB,IDENT
20170630141758,SA1,900215,EDWARD,RUFUNGA,IDENT
20170630141819,SA4,900967,FATUMA,MTAMBUA,IDENT
20170630141832,SA4,900960,AGNESS,NAWAHIGA,IDENT
20170630141842,SA1,900750,JACOB,KAWALE,IDENT
20170630141917,SA4,901033,TATU,ISSA,IDENT
20170630141928,SA4,901058,HAMIDA,MATIPA,IDENT
20170630141945,SA4,900958,SOPHIA,LIKONGO,IDENT
20170630141955,SA4,901036,AZIZA,MANGETU,IDENT
20170630142014,SA1,900777,MNADI,MRAJAA,IDENT
20170630142017,SA5,901191,ROSE,BENARD,IDENT
20170630142111,SA1,900801,DAVID ,MWANJA,IDENT
20170630142115,SA1,900808,HEONANI,BAJANA,IDENT
20170630142123,SA1,900731,HUSSAIN,HAMADI,IDENT
20170630142127,SA1,900736,KANUNU,THABIT,IDENT
20170630142208,SA4,901028,REHEMA,KWENGWEGU,IDENT
20170630142248,SA1,900730,UHURU,MARWA,IDENT
20170630142256,SA1,900214,BRUNO,FREDRICK,IDENT
20170630142330,SA5,901400,DANIEL,MAKAYA,IDENT
20170630142339,SA4,901156,SAID,HAMISI,IDENT
20170630142341,SA1,900738,MOHAMED,NGODA,IDENT
20170630142347,SA1,900765,REBECA,GIDEON,IDENT
20170630142350,SA1,900744,SILVESTER,KAHINDI,IDENT
20170630142357,SA1,900744,SILVESTER,KAHINDI,IDENT
20170630142402,SA1,900758,MOHAMEDY,ATHUMANI,IDENT
20170630142407,SA1,900735,ZAINABU,MOHAMEDI,IDENT
20170630142412,SA1,900217,FRED,JAMES,IDENT
20170630142425,SA1,900827,YASIN,MUSSA,IDENT
20170630142428,SA1,900803,EMMANUEL,YOUZE,IDENT
20170630142433,SA1,900782,JANETH,DADAA,IDENT
20170630142439,SA1,900748,EDWARD,DAWSON,IDENT
20170630142539,SA1,900721,GISELA,SHAYO,IDENT
20170630142607,SA6,900443,JABIRI,RAMADHANI,IDENT
20170630142619,SA1,900816,MICHAEL,HUSEIN,IDENT
20170630142628,SA1,900820,SALUM,KAISI,IDENT
20170630142733,SA6,901578,DEOGRATIUS,KABELEGE,IDENT
20170630142740,SA2,901167,KELVIN,NGOZI,IDENT
20170630142901,SA6,900451,KASSIM,MALICK,IDENT
20170630142903,SA1,900823,TADEO,MAPEMA,IDENT
20170630142917,SA1,900799,RAJABU,RUBASHA,IDENT
20170630142932,SA5,901303,TAUSI,KATULA,IDENT
20170630142950,SA6,E085,ASEEM,VERMA,IDENT
20170630143033,SA1,900728,JAMAL,MRISHO,IDENT
20170630143056,SA1,900031,LUCAS,MABUYE,IDENT
20170630143302,SA1,900216,ELLY,MKONGWE,IDENT
20170630143511,SA6,900428,GLADIS,MAZENGO,IDENT
20170630143557,SA1,900281,NAYOPA,MTENDECHI,IDENT
20170630143652,SA6,900436,HONEST,MATEMU,IDENT
20170630143717,SA1,900240,SOSTHENES,MANYAMA,IDENT
20170630143750,SA1,900716,JUMA,JUMANNE,IDENT
20170630143757,SA1,900761,CHRISTOPHER,MFUNGO,IDENT
20170630143804,SA6,900404,BRYANT,NYENYEMBE,IDENT
20170630143822,SA4,900994,MWAISHA,MWAMOTO,IDENT
20170630143825,SA5,901295,ELLASIA,WILLIUM,IDENT
20170630144127,SA6,900658,MWASITI,LABOA,IDENT
20170630144250,SA1,900789,KAMPBONA,PASCAL,IDENT
20170630144449,SA6,900135,HALIMA,NGAMZI,IDENT
20170630144623,SA4,901238,MARIAM,SELEMANI,IDENT
20170630145218,SA6,900099,AMIN,JUMA,IDENT
20170630145601,SA4,901264,HADIJA,RAMADHANI,IDENT
20170630145604,SA2,901262,HADIJA,SALUM,IDENT
20170630145636,SA4,901015,JOYCE,CHACHA,IDENT
20170630145800,SA2,900969,JEMA,SALUM,IDENT
20170630145833,SA4,901000,AGNES,MTYANGILE,IDENT
20170630150601,SA5,901419,JENIPHA,MWILONGO,IDENT
20170630150719,SA1,900220,HAMISI,NJOCHOLA,IDENT
20170630151659,SA4,901218,JANE,RYOBA,IDENT
20170630152934,SA6,900165,RAMADHANI,NYENJE,IDENT
20170630153016,SA4,200314,DEO,SAKAYA,IDENT
20170630160328,SA4,900902,SAKINA,MAWEMBA,IDENT
20170630160717,SA6,900009,ASHA,HAMISI,IDENT
20170630160723,SA6,900107,MSELEM,MSELEM,IDENT
20170630160728,SA6,900099,AMIN,JUMA,IDENT
20170630160817,SA1,900804,FROLAH,MPONDO,IDENT
20170630160929,SA6,900132,FRIDA,KIGWA,IDENT
20170630161130,SA6,900432,HAMZA,ABDALLAH,IDENT
20170630161215,SA6,900560,DEOGRASIAS,STEPHIN,IDENT
20170630161336,SA6,900123,CHARLES,LUSWETULA,IDENT
20170630162024,SA6,900271,HUSNA,SAID,IDENT
20170630163011,SA6,900041,NELSON,MTEMI,IDENT
20170630163343,SA6,901433,ESTER,THEOFIL,IDENT
20170630163511,SA6,900130,FATUMA,CHOMBO,IDENT
20170630163754,SA6,901431,AMBALI,SOUD,IDENT
20170630163826,SA6,101880,RICHARD,MAKASI,IDENT
20170630164619,SA6,900398,ARSEN, RWEBANGILA	,IDENT
20170630165745,SA6,900184,JASPER,NGURUBE,IDENT
20170630165929,SA6,901569,FREDRICK,MUSHI,IDENT
20170630165936,SA6,900110,RASHID,ISSA,IDENT
20170630165940,SA6,900397,ANNA,MOSHI,IDENT
20170630170002,SA6,900008,ANNE,MCHUMA,IDENT
20170630170008,SA6,900280,TADEO,MWINGIZI,IDENT
20170630170037,SA5,901325,JOSEPH,KAVISHE,IDENT
20170630170053,SA6,900029,JUMANNE,MBONDE,IDENT
20170630170100,SA6,900458,KIBWANA,SAIDI,IDENT
20170630170127,SA6,900043,RANI,MOHAR,IDENT
20170630170142,SA6,900649,ZUBEDA,MANDIA,IDENT
20170630170203,SA6,900620,AYOUB,MTAFUNGWA,IDENT
20170630170209,SA6,900472,MWALIMU,SELEMANI,IDENT
20170630170227,SA4,901194,ELINA,ABEL,IDENT
20170630170244,SA1,900714,STIVINI,STIVINI,IDENT
20170630170303,SA1,900512,SAIDI,BARUTI,IDENT
20170630170319,SA1,900157,MZEE,KONDOWE,IDENT
20170630170338,SA6,900111,SALUM,SAIDI,IDENT
20170630170342,SA6,900454,KHALFAN,AMOUR,IDENT
20170630170345,SA6,900133,GEORGE,GIDION,IDENT
20170630170348,SA6,900435,HASSAN,NKHAMBI,IDENT
20170630170354,SA6,900488,THOBIAS,KIWELU,IDENT
20170630170358,SA2,901069,ELIZABETH,MRAMU,IDENT
20170630170405,SA6,900393,ALLY,MTWALE,IDENT
20170630170412,SA5,901334,SHAIBU,KASANGA,IDENT
20170630170413,SA1,900098,TATU,MTUPA,IDENT
20170630170426,SA5,901339,JAMES,MKONO,IDENT
20170630170448,SA1,900499,HASSAN,HAULE,IDENT
20170630170450,SA6,900481,RICHARD,KWEYAMBA,IDENT
20170630170501,SA6,901585,SADICK,MAPUNDA,IDENT
20170630170508,SA6,900399,ATHUMANI,JUMA,IDENT
20170630170530,SA6,900408,COLLMAN,KISISA,IDENT
20170630170535,SA1,900500,HEMEDI,KANIKI,IDENT
20170630170543,SA6,900413,ELIBAHATI,JOSEPH,IDENT
20170630170549,SA5,901397,LINETH,KYARUS,IDENT
20170630170554,SA6,900465,MARTIN,KIDUNGU,IDENT
20170630170644,SA5,901335,YONA,MAPELELE,IDENT
20170630170657,SA5,901370,MARIAM,MJELELE,IDENT
20170630170658,SA6,900445,JOHN,MASUNGWA,IDENT
20170630170711,SA6,901265,FRANK ,RUZIGA,IDENT
20170630170742,SA6,900494,YOHANA,LUSANA,IDENT
20170630170745,SA6,900390,ALBERT,KANENDA,IDENT
20170630170748,SA6,900681,ABUBAKARI,MGAZA,IDENT
20170630170751,SA6,900247,ALLY,SELEMANI,IDENT
20170630170814,SA6,900581,SAADA,MUHINTE,IDENT
20170630170826,SA6,900431,HAMADI,ZUBERI,IDENT
20170630170837,SA1,900515,SHOMARI,KIMBWEMBWE,IDENT
20170630170858,SA6,900468,MICHAEL,IBRAHIM,IDENT
20170630170903,SA6,900583,REGINALD,MICHAEL,IDENT
20170630170937,SA1,901700,JOSEPH,KUANDIKA,IDENT
20170630170941,SA6,900414,EMMANUEL ,SERAPHINE,IDENT
20170630170955,SA5,901326,ALLY,MBONDE,IDENT
20170630171010,SA6,900291,RASHIDI,MUSSSA,IDENT
20170630171020,SA2,900938,ISMAIL,THOMAS,IDENT
20170630171116,SA1,900655,ZAINAB,JERECKO,IDENT
20170630171133,SA5,901329,ELIWA ,SHAO,IDENT
20170630171015,SA6,900174,SOSTHENES,MUKAMA,IDENT
20170630171020,SA6,900400,BAHATI,LUBUVA,IDENT
20170630171034,SA6,E068,RANJEET SINGH,SAINI,IDENT
20170630171050,SA6,900007,ANNA,DUA,IDENT
20170630171122,SA6,900591,RASHID ,MUNKENDA,IDENT
20170630171154,SA6,900055,VERONICA,MBAZIGWA,IDENT
20170630171158,SA4,900944,FROLA,KAMARA,IDENT
20170630171201,SA6,900114,ABEID,MOHAMED,IDENT
20170630171203,SA6,900416,ERICK,DAUD,IDENT
20170630171215,SA6,900566,ERICK,NDUNGURU,IDENT
20170630171217,SA6,900467,MBARUKU,OSWAD,IDENT
20170630171219,SA4,901239,SAKINA,KIZEE,IDENT
20170630171226,SA6,900418			,FELIX,WAUSA,IDENT
20170630171232,SA6,901435,FILES,MBANDO,IDENT
20170630171239,SA6,900016,FATUMA,HAMISI,IDENT
20170630171330,SA6,900701,MATHEW,NDANSHAU,IDENT
20170630171336,SA6,900682,BENEDICT,ELIAS,IDENT
20170630171350,SA6,900574,FURAHA,MSAMBWA,IDENT
20170630171414,SA6,901332,NASRA,MSANYA,IDENT
20170630171427,SA6,900108,NORAH,CLEMENCE,IDENT
20170630171447,SA6,900407,CHRISTIAN ,NGONYANI,IDENT
20170630171525,SA5,901333,NEEMA,KILUZIA,IDENT
20170630171529,SA6,900484,SHANI,MOHAMED,IDENT
20170630171728,SA6,900470,MODEST,NJAU,IDENT
20170630171749,SA6,900057,ZAITUNI,ABDALLAH,IDENT
20170630171822,SA6,900142,IRENE,MREMA,IDENT
20170630171843,SA6,900447,JOSEPH,LUSANA,IDENT
20170630171913,SA6,900402,BARAKA,MVUNGI,IDENT
20170630171918,SA6,900485,SHUFAA,ABEID,IDENT
20170630171924,SA2,900940,JUMANNE,ZONGO,IDENT
20170630171941,SA6,900109,AMANI,NYAKARASHI,IDENT
20170630171949,SA6,900387,ADAM,KINGU,IDENT
20170630172010,SA4,901442,JARINA,SHEKOLA,IDENT
20170630172045,SA6,900270,HASSAN,KIGWIO,IDENT
20170630172109,SA6,900173,SHARIFA,MRISHO,IDENT
20170630172114,SA6,900430,GWAKISA,MWAKASAGURE,IDENT
20170630172119,SA6,901434,JOSEPHINA,HAU,IDENT
20170630172245,SA6,901584,PENDO,MNJAGILA,IDENT
20170630172451,SA6,900246,ABDULKARIM,ALI,IDENT
20170630172551,SA6,900389,AHMAD,KINDUMA,IDENT
20170630172757,SA1,900621,COSMAS,KARADIS,IDENT
20170630173124,SA6,900131,FRANK,MAKWABU,IDENT
20170630173129,SA6,900439,IDDI,MOHAMED,IDENT
20170630173139,SA6,900448,JOSEPH,MKELEBE,IDENT
20170630173313,SA6,900268,GWANTWA,MWASYEBULE,IDENT
20170630173324,SA1,900571,FRANK,MALIMA,IDENT
20170630173422,SA6,E084,NAVNEET, SINGH,IDENT
20170630173455,SA6,901590,ISSA,JUMA,IDENT
20170630173533,SA6,900128,ENELES,MBWAGA,IDENT
20170630173618,SA6,900629,MICHAEL,ZAMBETAKIS,IDENT
20170630173830,SA6,900388,AGNES,SHAYO,IDENT
20170630173833,SA6,900143,JACKLINE,MAIGA,IDENT
20170630174103,SA2,901396,EDWIN,KIPUYO,IDENT
20170630174106,SA1,900715,ELIASI,KIZITO,IDENT
20170630174042,SA6,E008,ATUL,PATHAK,IDENT
20170630174301,SA1,900224,JABIRI,AMANZI,IDENT
20170630174324,SA6,900126,DORIKA,MALYANGO,IDENT
20170630174354,SA6,900014,DILIP,JOSHI,IDENT
20170630174713,SA6,900405,CHARLES,WILLIAM,IDENT
20170630174737,SA6,900460,LAMECK,ASSETO,IDENT
20170630174741,SA6,900478,RAPHAEL,SENKONDO,IDENT
20170630174907,SA6,E078,SANJAY,GOYAL,IDENT
20170630174915,SA6,900044,REGINARD,MSHANGA,IDENT
20170630175345,SA6,E037,SRINIVAS,DANTU,IDENT
20170630175516,SA1,900219,GEORGE,SAMATA,IDENT
20170630175552,SA1,900429,GOODLUCK,LYAHONA,IDENT
20170630175702,SA6,900493,YAKOBO,ALLY,IDENT
20170630175707,SA1,101140,FAUSTINI,MGIMBA,IDENT
20170630175845,SA6,900385,ABDALLAH,MOHAMED,IDENT
20170630175909,SA1,900421,FRANK ,MUSHI,IDENT
20170630175938,SA4,900941,KULWA,MSUMA,IDENT
20170630175941,SA2,100597,NOVATI,TARIMO,IDENT
20170630175945,SA6,900115,AKIDA,DUGANGE,IDENT
20170630180030,SA6,E083,GURURAJ,SHENVI,IDENT
20170630180230,SA1,900770,ANDERSON,KIKOTI,IDENT
20170630180251,SA6,900144,JANE,MWAKABULUFU,IDENT
20170630180344,SA1,900569,JAMES,MWANDU,IDENT
20170630180402,SA1,901575,LINDA,MLAY,IDENT
20170630180452,SA1,900516,SOLOMON,MBANGA,IDENT
20170630180803,SA6,900039,MWAJABU,ALLY,IDENT
20170630180807,SA6,901432,AMINA,SOGOI,IDENT
20170630180846,SA1,900411,DEO,JULIUS,IDENT
20170630181001,SA6,E021,RAJA,SWAMINATHAN,IDENT
20170630181017,SA1,900457,KHAMISI,MASUMBUKO,IDENT
20170630181043,SA1,900425,GEORGE,JOSEPH,IDENT
20170630181048,SA1,900463,MARTENUS,MAPESA,IDENT
20170630181024,SA6,900660,IDDI,ALLY,IDENT
20170630181337,SA6,900137,HERIETH,MWELI,IDENT
20170630181458,SA2,901452,STEVEN,CHUWA,IDENT
20170630181654,SA6,900014,DILIP,JOSHI,IDENT
20170630181831,SA2,901446,DANIEL,MBARUKA,IDENT
20170630182025,SA1,900236,PENDO,MAGIGE,IDENT
20170630182048,SA1,900757,JOSEPH,HEMA,IDENT
20170630182110,SA6,900452,KENNEDY,KIMARO,IDENT
20170630182504,SA1,900828,WILLIUM,MPANGALA,IDENT
20170630182557,SA2,901453,JOHNSON,MUNISI,IDENT
20170630182612,SA2,200309,RAMADHANI,KIHILE,IDENT
20170630182812,SA1,900504,JEREMIA,TONNO,IDENT
20170630182817,SA1,900687,PROTUS,RUWANDA,IDENT
20170630182957,SA1,900505,JESCA,MATECHI,IDENT
20170630183403,SA6,901436,HAMISI,ALI,IDENT
20170630183541,SA4,901447,MASHAKA,MATEKELE,IDENT
20170630183751,SA2,200318,JOSHUA , PAULO,IDENT
20170630184015,SA1,200053,MIKIDADI,NGODU,IDENT
20170630184024,SA1,101141,FRANK,RAPAHAEL,IDENT
20170630184144,SA2,200312,BARAKA,KATEGILE,IDENT
20170630184159,SA2,200351,MICHAEL,MICHAEL,IDENT
20170630184224,SA2,200311,DAVID,BWILE,IDENT
20170630184300,SA4,901443,MWAJUMA,SHEMBWANA,IDENT
20170630184913,SA6,E013,GIRIRAJ,SHARMA,IDENT
20170630184959,SA6,900175,TEDDY,SIMON,IDENT
20170630185027,SA6,900446,JOSEPH,KIBASA,IDENT
20170630185319,SA6,900156,MWANAISHA,UWESU,IDENT
20170630185624,SA1,900706,MECKLEEN,NANGEDA,IDENT
20170630185707,SA2,901450,FARIDA,JUMA,IDENT
20170630185845,SA6,900151,LISSY,KIGONJOLA,IDENT
20170630185910,SA6,900103,FREDNAND,JACKSON,IDENT
20170630190038,SA2,901449,BONIFAS,ANGANILE,IDENT
20170630190246,SA2,901448,PAULINA,DAVID,IDENT
20170630190211,SA6,901438,MARY,JOSEPH,IDENT
20170630190222,SA6,900017,FIKA,JOMSON,IDENT
20170630190238,SA6,900464,MARTHA,MWIKOLA,IDENT
20170630190259,SA1,900497,EMANUEL,NGIMBUZI,IDENT
20170630190904,SA6,900292,ROSE,CHIKAWE,IDENT
20170630190921,SA2,901444,BAKARI,KITILA,IDENT
20170630191255,SA1,900507,KANTI,KADIRI,IDENT
20170630191308,SA1,101588,ATHUMAN,SALIM,IDENT
20170630191438,SA2,200316,DENIS,JOHNSON,IDENT
20170630191441,SA1,101589,AMIRI,YAHAYA,IDENT
20170630191443,SA2,901422,EMMANUEL,KHALIDI,IDENT
20170630191514,SA6,E045,SURESH,PS,IDENT
20170630191657,SA1,101114,ABUBAKARI,KHALIDI,IDENT
20170630191927,SA1,900238,SAIMON,TARIMO,IDENT
20170630192227,SA1,900506,JOE ,MATANDU,IDENT
20170630192617,SA1,101134,HASSAN,KAPANYA,IDENT
20170630193215,SA6,900050,STANLEY,JEREMIAH,IDENT
20170630193515,SA6,900049,SIHABA,NAKIPENGELE,IDENT
20170630193752,SA1,900222,HENRY,NGOWI,IDENT
20170630194500,SA1,900045,SAIDI,MNDOLWA,IDENT
20170630194830,SA6,900025,JOYCE,MAGANGA,IDENT
20170630195054,SA6,900543,JOHN,MAGANYA,IDENT
20170630195542,SA1,900508,MARIAM ,HAMISI,IDENT
20170630201119,SA6,900251,AMRI,WAZIRI,IDENT
20170630201130,SA6,900251,AMRI,WAZIRI,IDENT
20170630201946,SA6,900047,SAMSON,SHILA,IDENT
20170630201950,SA6,900047,SAMSON,SHILA,IDENT
20170630202053,SA6,900627,BAHATI,KAPIGA,IDENT
20170630202133,SA6,900541,GOLDEN,MDUBA,IDENT
20170630203737,SA6,900046,SALUM,NDEGE,IDENT
20170630204151,SA6,900006,ANDREW,JOSEPH,IDENT
20170630204509,SA6,900021,JAFARI,BAINA,IDENT
20170630204652,SA6,900035,MOHAMED,HAUSI,IDENT
20170630204922,SA6,900054,THOMAS,MGABO,IDENT
20170630205654,SA1,900752,SIMON,MAPUNDA,IDENT
20170630205853,SA6,900420,FRANCIS,TESHA,IDENT
20170630205924,SA6,900285,NKWABI,MDEHWA,IDENT
20170630210233,SA1,900781,GERALD,JOHN,IDENT
20170630210554,SA1,900822,MENRUFU,PILLY,IDENT
20170630210701,SA1,900798,ATHUMAN,SEIF,IDENT
20170630210856,SA6,900582,ZABRON,TOSSI,IDENT
20170630210902,SA6,900134,GRACE,KIM,IDENT
20170630211335,SA1,900802,EMANUEL,SILAYO,IDENT
20170630211714,SA6,900261,FRANCIS,MAKOTI,IDENT
20170630212039,SA1,900242,WILSON,ANYNGISE,IDENT
20170630212043,SA1,900207,ADELE,NJOCHOLA,IDENT
20170630212616,SA6,900169,REHEMA,YUSUFU,IDENT
20170630213011,SA1,900228,KAGERA,MSAMBUSI,IDENT
20170630213014,SA1,900779,MUSTAFA,HAMISI,IDENT
20170630213017,SA1,900783,DAMIAN,ALONE,IDENT
20170630213137,SA1,900751,TUSKAR,HALFANI,IDENT
20170630213207,SA5,901389,OMARY,JUMA,IDENT
20170630213248,SA5,901094,MARTINA,FISSO,IDENT
20170630213256,SA5,901019,ASHA,NGAMBA,IDENT
20170630213318,SA5,901322,SARAH,ALLY,IDENT
20170630213545,SA6,900139,IDD,YUSUFU,IDENT
20170630213551,SA1,900778,MARIAM,MICHAEL,IDENT
20170630213605,SA5,901209,MIRIAM,MNDEWA,IDENT
20170630213607,SA1,900001,ABDALLAH,JUMANNE,IDENT
20170630213617,SA5,901418,ISAYA ,SAWASAWA,IDENT
20170630213622,SA5,901408,SAIDI,MAKALA,IDENT
20170630213636,SA6,900148,JUDITH,MALISA,IDENT
20170630213654,SA5,901287,REGINA,JEMES,IDENT
20170630213659,SA5,901399,DIANA,NDONGO,IDENT
20170630213711,SA5,900919,ANNA,MPUGE,IDENT
20170630213805,SA5,901013,YASINTA,SHELUBANZI,IDENT
20170630213849,SA5,900947,ANNA,GODISON,IDENT
20170630213909,SA5,901319,CHRISTINA,TATI,IDENT
20170630213916,SA5,901017,CATHERINE,NYEMA,IDENT
20170630213924,SA5,901286,AGNES,LUCAS,IDENT
20170630214024,SA1,900490,TWAHA,MGUHI,IDENT
20170630214250,SA5,901162,MWANAHARUSI,MOHAMED,IDENT
20170630214201,SA1,900726,ABDALLAH,CHOBO,IDENT
20170630214204,SA1,900215,EDWARD,RUFUNGA,IDENT
20170630214247,SA1,900213,BEDASTUS,PIUS,IDENT
20170630214330,SA5,901395,HASHIM,HAIZA,IDENT
20170630214341,SA5,901282,ADAM,MUSSA,IDENT
20170630214422,SA5,901388,OSWALD,SHILLA,IDENT
20170630214435,SA5,901385,ABDALLA,MGAYA,IDENT
20170630214531,SA1,900809,JAMES,MWENDA,IDENT
20170630214535,SA6,900575,CHRISTINA ,SENYANGWA,IDENT
20170630214554,SA5,901198,MANEO,ATHUMANI,IDENT
20170630214600,SA5,900881,ZAINABU,SAIDI,IDENT
20170630214609,SA1,900800,NAPEGWA,JACOB,IDENT
20170630214648,SA6,900662,ABDALLAH,ABEID,IDENT
20170630214719,SA1,900788,DEBORA,MWASOMOLA,IDENT
20170630214723,SA1,900767,GLADNESS,KAIRUKI,IDENT
20170630214819,SA5,901336,ISMAIL,MHINA,IDENT
20170630214848,SA1,900811,JUMA,HUMBE,IDENT
20170630214853,SA1,900794,ADAM,SALTIELY,IDENT
20170630214932,SA1,900764,OMBENI,MICHAEL,IDENT
20170630214935,SA1,900212,BATHOLOMEO,MUSA,IDENT
20170630214938,SA1,900227,JOSEPH,NGANILWA,IDENT
20170630214941,SA1,900729,MOHAMED,KOMBO,IDENT
20170630215000,SA1,900762,SAID,MOHAMED,IDENT
20170630215003,SA2,901261,ZAINA,KILWANDA,IDENT
20170630215003,SA5,901381,DOROSTA,CLEMANCE,IDENT
20170630215005,SA1,900774,MBEWE,ELIUS,IDENT
20170630215008,SA2,900978,ELIZABETH,ZAE,IDENT
20170630215009,SA5,901417,REHEMA,SINDANO,IDENT
20170630215015,SA2,901049,REDEMTA,DANIEL,IDENT
20170630215021,SA2,901260,AISHA,MNEKA,IDENT
20170630215027,SA5,901430,JOYCE,SEMWENDA,IDENT
20170630215027,SA2,900844,AISHA,MSOMI,IDENT
20170630215032,SA2,900901,NEEMA,NYAKOKI,IDENT
20170630215035,SA5,901280,WHITNESS,MSAGATI,IDENT
20170630215040,SA2,900897,SWAUMU,SAIDI,IDENT
20170630215044,SA5,901154,SALAMA,ALLY,IDENT
20170630215045,SA2,901196,BONIPHACE,NGESI,IDENT
20170630215049,SA5,901314,JANE,NYAGAWA,IDENT
20170630215051,SA2,900934,MWAJABU,MARIDADI,IDENT
20170630215057,SA2,901080,SALOME,DUA,IDENT
20170630215058,SA5,901117,HIDAYA,MASOUD,IDENT
20170630215101,SA1,900440,IDRISA,KIMARO,IDENT
20170630215103,SA5,900883,EDINA,ABED,IDENT
20170630215109,SA5,901290,AGNES,SALAWA,IDENT
20170630215110,SA1,900784,WILLIAM,MSOLOKA,IDENT
20170630215115,SA5,901098,GERALD,MBAUKA,IDENT
20170630215116,SA1,900747,ADAM,MASALE,IDENT
20170630215119,SA1,900792,IDDI,IDDI,IDENT
20170630215120,SA5,900917,SALMA,DIWILE,IDENT
20170630215123,SA2,901011,JANE,SIMON,IDENT
20170630215125,SA5,900863,ANNA,MICHAEL,IDENT
20170630215130,SA5,901148,IBRAHIM,MZENTO,IDENT
20170630215139,SA5,900914,HAWA,MWIMBE,IDENT
20170630215144,SA5,901327,EMERY,MSUNGU,IDENT
20170630215148,SA5,900946,RAHMA,MWIMBA,IDENT
20170630215155,SA5,901320,REHEMA,ALLY,IDENT
20170630215156,SA2,900930,TABIA,DOGOLI,IDENT
20170630215158,SA5,901281,JOSEPH,MUSUGULI,IDENT
20170630215206,SA5,901386,SHAMSI,MUHITI,IDENT
20170630215214,SA5,901304,SOPHIA,ALLY,IDENT
20170630215221,SA5,901299,SAUDA,MATOWELA,IDENT
20170630215226,SA5,901316,ZUHURA,HAMIS,IDENT
20170630215226,SA1,900209,ANGELA,MBESIGWE,IDENT
20170630215228,SA6,900487,STEPHEN,KAMBWEMBWE,IDENT
20170630215241,SA6,900396,ANDREW,MSANGI,IDENT
20170630215246,SA6,900127,DUNCAN,MHANDO,IDENT
20170630215308,SA5,901380,BISURA,MCHELEO,IDENT
20170630215332,SA6,900476,RAMADHANI,IDD,IDENT
20170630215338,SA5,901363,ZUCRA,SWEDI,IDENT
20170630215339,SA1,900755,NICHALAUS,AUGUSTINO,IDENT
20170630215423,SA5,901378,HOYCE,TILLYA,IDENT
20170630215425,SA2,901052,SUZANA,NAPANGA,IDENT
20170630215428,SA5,901297,STELLA,MAKUNDI,IDENT
20170630215429,SA2,901122,NEEMA,FANUEL,IDENT
20170630215433,SA5,901307,MATRIDA,CHUVAKA,IDENT
20170630215453,SA5,901311,LOYCE,MASKINI,IDENT
20170630215453,SA1,900243,YOHANA,ALLY,IDENT
20170630215459,SA1,900766,JUDITH,GEOFREY,IDENT
20170630215502,SA4,901127,ZAHARA,MBELWA,IDENT
20170630215506,SA1,900745,YUSUPH,NGAPAWA,IDENT
20170630215507,SA5,901012,FATUMA,KABUMA,IDENT
20170630215508,SA2,901173,BAHATI,MAKAMBA,IDENT
20170630215508,SA4,900953,JANE,LUSENDELA,IDENT
20170630215512,SA1,900746,GEDION,BUTENGE,IDENT
20170630215514,SA2,901271,RACHEL,MCHOVU,IDENT
20170630215517,SA4,901089,HARUNA,ATHUMANI,IDENT
20170630215518,SA5,901045,ASHURA,KATULA,IDENT
20170630215525,SA5,901291,AISHA,ISSA,IDENT
20170630215526,SA4,900992,AGNES,MEJA,IDENT
20170630215532,SA1,900769,JAMES,MACKLINE,IDENT
20170630215533,SA4,901155,GRACE,MUHONO,IDENT
20170630215536,SA1,900749,EZEKIEL,SOLO,IDENT
20170630215536,SA5,901402,ALLY,SELEMAN,IDENT
20170630215541,SA1,900733,ALHAJI,IDD,IDENT
20170630215542,SA4,900970,MARIA,ELIESEL,IDENT
20170630215547,SA1,900742,PROSPER,POLITHO,IDENT
20170630215553,SA6,900580,BARAKA,MAGAFU,IDENT
20170630215554,SA5,901051,HABIBA,PAZZI,IDENT
20170630215556,SA1,900824,TITO,MGOVANO,IDENT
20170630215600,SA5,901118,LILIAN,MREMA,IDENT
20170630215604,SA5,901255,ASHA,BILALI,IDENT
20170630215606,SA4,901027,EDDA,MWAKIBINGWA,IDENT
20170630215608,SA5,900885,AMINA,MZARA,IDENT
20170630215608,SA6,900480,RASHID,MOHAMED,IDENT
20170630215616,SA4,901112,BUSHRA,SALUM,IDENT
20170630215621,SA4,901047,MWAJUMA,HAMIS,IDENT
20170630215623,SA6,900391,ALLY,MASHAURI,IDENT
20170630215624,SA5,901211,ANNA,KIMARO,IDENT
20170630215629,SA5,900939,STELLA,MAGOGWA,IDENT
20170630215636,SA4,901026,FATUMA,KONYO,IDENT
20170630215638,SA5,901037,FADINA,IBRAHIM,IDENT
20170630215644,SA1,900817,MOSES,MASENGA,IDENT
20170630215645,SA5,901306,VAILETH,NGULO,IDENT
20170630215647,SA4,901034,STAMILI,MUSSA,IDENT
20170630215652,SA2,901096,SAMWELI,MANGARE,IDENT
20170630215653,SA5,901376,ZAINABU ,SALUM,IDENT
20170630215658,SA5,901323,AMINA,HAMISI,IDENT
20170630215702,SA4,900904,ANNA,MAGEMBE,IDENT
20170630215708,SA1,900815,METHOD,DEDA,IDENT
20170630215710,SA4,901140,ASHURA,MGENI,IDENT
20170630215721,SA5,901179,AMANDA,KWEZI,IDENT
20170630215722,SA4,901022,SILIVIA,SHAYO,IDENT
20170630215725,SA5,901343,SEBASTIAN,KIPINGU,IDENT
20170630215731,SA5,900915,DOROTHEA,KILO,IDENT
20170630215735,SA2,900908,SALMA,RWAMBANO,IDENT
20170630215736,SA5,900868,MAIMUNA,JARUFU,IDENT
20170630215740,SA2,900921,MWAJUMA,IDDI,IDENT
20170630215744,SA2,901032,MARISELINA,NGULI,IDENT
20170630215746,SA5,900849,IRENE,MMARI,IDENT
20170630215756,SA5,901330,SAVELINA ,KASHASHA,IDENT
20170630215803,SA2,901180,FURAHA,TEMBA,IDENT
20170630215808,SA5,901371,YASINTA,LEKERI,IDENT
20170630215810,SA2,901041,JACKLINI,MBOYA,IDENT
20170630215813,SA5,901366,LYDIA,MAKENE,IDENT
20170630215815,SA4,901050,MARIAM,SAIDI,IDENT
20170630215815,SA2,900923,HELENA,KHAJI,IDENT
20170630215816,SA6,900433,HARUNI,MKAMA,IDENT
20170630215817,SA1,900392,ALLY,MBEGU,IDENT
20170630215821,SA5,901359,VILET,MHELUKA,IDENT
20170630215825,SA2,901134,NURU,MULONGANILE,IDENT
20170630215827,SA5,901354,AISHAH,OTHUMANI,IDENT
20170630215830,SA2,901184,GRACE,NGALABA,IDENT
20170630215834,SA2,901091,FARIDA,LYIMO,IDENT
20170630215834,SA4,901007,MODESTA,JOGOO,IDENT
20170630215837,SA2,900905,AMINA,MUHIDINI,IDENT
20170630215839,SA5,901350,ALFRED,CHARLES,IDENT
20170630215843,SA2,900846,SARA,CHIDUNI,IDENT
20170630215844,SA4,900993,MARIAM,MSUMALI,IDENT
20170630215848,SA6,900406,CHAUREMBO,MWINYI,IDENT
20170630215850,SA4,901023,AMINA,CHAKWE,IDENT
20170630215850,SA5,901387,GODFREY,YALED,IDENT
20170630215856,SA4,901212,JASMINI,MOHAMED,IDENT
20170630215857,SA5,901364,SALAFINA,KISAPI,IDENT
20170630215859,SA2,900906,MARYSTELA,MCHOME,IDENT
20170630215903,SA5,901298,SWAUMU,MZIRAI,IDENT
20170630215905,SA2,901164,SWAUMU,KAYANDA,IDENT
20170630215907,SA5,901344,JACKSON,ATANUS,IDENT
20170630215913,SA5,901427,JESCA,NGUMBU,IDENT
20170630215917,SA2,900945,ELIZABETH,MREMA,IDENT
20170630215917,SA5,901201,DEOGRATIUS,KESSY,IDENT
20170630215923,SA5,901362,JULIETH,GODFREY,IDENT
20170630215926,SA2,901085,ELIZABETH,NYAMBO,IDENT
20170630215930,SA2,901065,ZAINABU,KARUMUNA,IDENT
20170630215930,SA5,901324,MARIAM,YAHAYA,IDENT
20170630215937,SA2,901085,ELIZABETH,NYAMBO,IDENT
20170630215937,SA5,901356,ZAMDA,NGWABAYA,IDENT
20170630215942,SA2,901065,ZAINABU,KARUMUNA,IDENT
20170630215944,SA5,901368,NAOMI,YUSUPH,IDENT
20170630215958,SA5,901390,SHABANI,HUSEN,IDENT
20170630215958,SA2,901115,FROLA,SIKWEMBE,IDENT
20170630220001,SA4,901174,BETH,NGADADA,IDENT
20170630220005,SA5,900865,CHRISTINA,MAGOWELA,IDENT
20170630220007,SA2,901060,MARTHA,GABRIEL,IDENT
20170630220007,SA4,901185,JOYCE,SAMWEL,IDENT
20170630220008,SA6,900422,FURAHA,MWAKIFWAMB,IDENT
20170630220010,SA5,901152,STELLA,MWAKATOBE,IDENT
20170630220012,SA2,901105,MTUMWA,ALLY,IDENT
20170630220013,SA4,901190,NEEMA,MNYALAPE,IDENT
20170630220018,SA2,901186,FROLA,KILIMA,IDENT
20170630220019,SA4,901143,LINES,PILLI,IDENT
20170630220023,SA2,901035,AGNES,NKONJELWA,IDENT
20170630220024,SA4,901135,REHEMA,OMARY,IDENT
20170630220026,SA5,901046,GRADIS,MAGANA,IDENT
20170630220029,SA4,901181,ASNA,SPRIAN,IDENT
20170630220029,SA2,900943,MWAMINI,MPANGULE,IDENT
20170630220032,SA1,900386,ABDALLAH ,RAMADHANI,IDENT
20170630220033,SA4,901234,ANITHA,AHALIELI,IDENT
20170630220036,SA5,900898,RUKIA,MATAUKA,IDENT
20170630220036,SA2,900927,SAADA,SALUM,IDENT
20170630220045,SA4,900878,AISHA,KIZINGA,IDENT
20170630220045,SA1,900437,HUSSEIN,MBONDE,IDENT
20170630220046,SA2,901039,JULIANA,SUKU,IDENT
20170630220051,SA2,901038,AMINA,MDOE,IDENT
20170630220051,SA4,901124,TABIA,OMARY,IDENT
20170630220052,SA1,900818,PASCAL,MIKONDO,IDENT
20170630220056,SA2,901176,FATUMA,MASOUD,IDENT
20170630220056,SA4,900996,LILIAN,RASHIDI,IDENT
20170630220057,SA5,901342,ANDREW,KILUGWA,IDENT
20170630220101,SA4,900988,UPENDO,PETER,IDENT
20170630220102,SA2,900957,HADIJA,MKOTA,IDENT
20170630220104,SA5,900997,MARY,ONDURU,IDENT
20170630220105,SA4,901235,TUMAIN,MUNGURE,IDENT
20170630220106,SA2,901009,MOSHI,SAIDI,IDENT
20170630220109,SA5,900860,AGNESS,LUHUNGO,IDENT
20170630220109,SA4,901123,REBECA,KALOFU,IDENT
20170630220111,SA2,900899,MAGDALENA,SIMAO,IDENT
20170630220113,SA1,900732,ELIA,FRANCIS,IDENT
20170630220114,SA5,900961,ELIZABETH,FRANCISCO,IDENT
20170630220114,SA4,901114,FARIDA,AMBLOS,IDENT
20170630220116,SA4,901160,SAUDA,MCHECHE,IDENT
20170630220119,SA2,901202,VITALIS,KESSI,IDENT
20170630220119,SA5,900867,AISHA,KIUMBA,IDENT
20170630220123,SA2,901258,ATHUMAN,KILINDU,IDENT
20170630220127,SA5,900916,SABINA,KINGIMALI,IDENT
20170630220128,SA2,901064,SAID,RAMADHANI,IDENT
20170630220143,SA2,901266,AZIZA,KAKOMBE,IDENT
20170630220148,SA5,901345,ALHAJI,KIHIYO,IDENT
20170630220222,SA5,901404,AWAZI,SALIM,IDENT
20170630220110,SA6,900112,ABDALLAH,MIKALAMBILO,IDENT
20170630220117,SA6,900417,FABIAN,FABIAN,IDENT
20170630220122,SA6,900120,BENEDICTO,MBOKO,IDENT
20170630220122,SA4,901113,ELIZABETH,SHIRIMA,IDENT
20170630220130,SA4,901197,RASHID,NJERAN,IDENT
20170630220137,SA4,901256,AVERINA,AMANDUS,IDENT
20170630220143,SA4,900894,NURU,MAKANDE,IDENT
20170630220148,SA4,900962,JOSEPH,ELISAFI,IDENT
20170630220150,SA4,901243,PLAKSEDA,AKIZAMUNGU,IDENT
20170630220154,SA4,901244,SWAUMU,HIMBU,IDENT
20170630220156,SA6,900444,JOHN,MEDA,IDENT
20170630220200,SA6,900423,GARDINO,MHIMBA,IDENT
20170630220205,SA1,900723,SAIDI,JUMANE,IDENT
20170630220208,SA4,901231,ASHA,DUTCH,IDENT
20170630220210,SA1,900739,EMENUEL,KYEJO,IDENT
20170630220213,SA4,901129,FELISTA,NYAHENGE,IDENT
20170630220215,SA1,900763,SALEHE,NJAGE,IDENT
20170630220218,SA4,901245,EVERINA,MKETO,IDENT
20170630220221,SA1,900233,MUSSSA,ABDALLAH,IDENT
20170630220224,SA4,901247,KULUTHUM,CHILEMILE,IDENT
20170630220229,SA4,901253,JOYCE,KESI,IDENT
20170630220230,SA1,900232,MATIKO ,MICHAEL,IDENT
20170630220235,SA6,900473,NAOMI,GONDA,IDENT
20170630220235,SA4,901219,MARIAM,MUSSA,IDENT
20170630220240,SA4,901107,MUHIDINI,HASSAN,IDENT
20170630220245,SA4,901029,MARIAM,MWETEMBO,IDENT
20170630220251,SA4,901193,VICTORIA,MWAMPEGETE,IDENT
20170630220256,SA4,901241,FATUMA,JUMA,IDENT
20170630220303,SA4,901132,HEAVENLIGHT,NKYA,IDENT
20170630220308,SA4,900890,OLIVER,UDOBA,IDENT
20170630220320,SA5,901071,YUNIS,NDAIGA,IDENT
20170630220321,SA4,901111,ASIA,MSHAMU,IDENT
20170630220335,SA5,901346,FRANK,MANDI,IDENT
20170630220415,SA4,901187,MONICA,SHEMBONI,IDENT
20170630220435,SA4,901246,VERONICA,MTENGWA,IDENT
20170630220442,SA4,901168,REHEMA ,MWASOMOLA,IDENT
20170630220540,SA4,900968,TAUSI,SIMBA,IDENT
20170630220631,SA5,901317,ASHA,HAMISI,IDENT
20170630220633,SA4,900983,RUKIA,KONDO,IDENT
20170630220639,SA4,901043,ANNA,JOHN,IDENT
20170630220756,SA4,900879,RAHMA,KILO,IDENT
20170630220813,SA6,900469,MICHAEL,MDACHI,IDENT
20170630220822,SA1,900740,SPEDICTOR,NGOGO,IDENT
20170630220823,SA4,901230,KUDRA,BAKARI,IDENT
20170630220836,SA6,900567,BAKARI,BELEKETE,IDENT
20170630220906,SA1,900542,POUL,KIBELA,IDENT
20170630220941,SA4,900933,WINFRIDA,LUSEBA,IDENT
20170630220943,SA1,900741,ERICK,LUWUNGO,IDENT
20170630220956,SA4,900862,EDINA,MWAKYOMA,IDENT
20170630221045,SA1,900768,FILAN,FATAEL,IDENT
20170630221100,SA1,900442,ITIKA,DICKSON,IDENT
20170630221116,SA4,901130,NURU,DAUDI,IDENT
20170630221150,SA1,900760,OMARY,MHAGAMA,IDENT
20170630221148,SA4,901093,SHARON,IBRAHIM,IDENT
20170630221245,SA4,901150,CHRISTINA,MBODE,IDENT
20170630221320,SA4,901076,AGNESS,NGAPONDA,IDENT
20170630221336,SA4,901042,FARIDA,NDAUKE,IDENT
20170630221337,SA5,900931,JOHARI,KIMARO,IDENT
20170630221343,SA4,901170,BAHATI,SHABANI,IDENT
20170630221356,SA6,900449,JUMA,SANGAYA,IDENT
20170630221532,SA6,900170,REHEMA,CHINUNJE,IDENT
20170630221851,SA6,900161,PILLI ,MOHAMED,IDENT
20170630221944,SA6,900140,IGNATUS,MLANGWA,IDENT
20170630222059,SA5,901270,NAOMI,OBONG,IDENT
20170630222208,SA6,900584,LUCY,MACHAI,IDENT
20170630222711,SA5,901300,ANNA,TEMBA,IDENT
20170630223103,SA6,900568,GODWIN,KIRIA,IDENT
20170630223820,SA1,900786,FARAJI,KILUWA,IDENT
20170630223930,SA5,901392,STELLA,MTALLO,IDENT
20170630231431,SA1,900756,HUSSEIN,KANDORO,IDENT
20170701003924,SA1,900708,OMARY,ABDALLAH,IDENT
20170701042032,SA6,900261,FRANCIS,MAKOTI,IDENT
20170701044713,SA1,900542,POUL,KIBELA,IDENT
20170701045418,SA6,900251,AMRI,WAZIRI,IDENT
20170701045428,SA6,900251,AMRI,WAZIRI,IDENT
20170701050330,SA6,900135,HALIMA,NGAMZI,IDENT
20170701050337,SA6,900006,ANDREW,JOSEPH,IDENT
20170701050446,SA6,900054,THOMAS,MGABO,IDENT
20170701051201,SA6,900627,BAHATI,KAPIGA,IDENT
20170701051525,SA6,900544,YUSUPH,MTUTUMA,IDENT
20170701051920,SA1,900594,GASPER,MATALO,IDENT
20170701052244,SA4,901015,JOYCE,CHACHA,IDENT
20170701052605,SA4,900902,SAKINA,MAWEMBA,IDENT
20170701052945,SA6,900543,JOHN,MAGANYA,IDENT
20170701053228,SA5,901352,ABDALAH,SUDY,IDENT
20170701053202,SA4,901254,NURAT,JAFARI,IDENT
20170701053206,SA4,901053,DORIS,JOHN,IDENT
20170701053229,SA4,901072,TATU,ATHUMAN,IDENT
20170701053313,SA4,900888,AMINA,NGAINA,IDENT
20170701053343,SA4,901081,PILI,MDEDE,IDENT
20170701053405,SA1,900296,SAVERY,KAJELA,IDENT
20170701053416,SA4,901227,MWAMVITA,MWAIPOPO,IDENT
20170701053417,SA5,901412,ELIA,NGWALI,IDENT
20170701053424,SA4,901120,MERCY,MONGI,IDENT
20170701053507,SA5,901283,KEDMOND,KAMOGA,IDENT
20170701053509,SA1,900752,SIMON,MAPUNDA,IDENT
20170701053524,SA4,901251,GATI,NYANTUMAN,IDENT
20170701053531,SA5,900886,ELIZABERTH,KIJA,IDENT
20170701053543,SA5,900951,MWAJUMA,AIDAN,IDENT
20170701053547,SA4,901133,HUSNA,SENGAMBA,IDENT
20170701053551,SA1,900232,MATIKO ,MICHAEL,IDENT
20170701053557,SA1,900781,GERALD,JOHN,IDENT
20170701053558,SA4,901131,ESTA,KWEKA,IDENT
20170701053606,SA1,900739,EMENUEL,KYEJO,IDENT
20170701053609,SA5,901355,HALIMA,SANANE,IDENT
20170701053615,SA6,900162,PILLY,MANENO,IDENT
20170701053631,SA5,901210,ROSE,CHUWA,IDENT
20170701053632,SA6,900025,JOYCE,MAGANGA,IDENT
20170701053657,SA4,901102,ORIVER,DAUD,IDENT
20170701053702,SA4,901077,CONSOLATH,MATERU,IDENT
20170701053707,SA4,901169,VERONICA,LECHIPYA,IDENT
20170701053712,SA4,901108,AISHA,WILLIUM,IDENT
20170701053718,SA4,901161,NURU,MOHAMED,IDENT
20170701053724,SA4,901138,JOYCE,CHEMRA,IDENT
20170701053731,SA5,900850,ROSE,KITALI,IDENT
20170701053739,SA4,901005,HADIJJA,KIJUU,IDENT
20170701053748,SA5,900907,PAULINA,DEVA,IDENT
20170701053753,SA2,901079,AGNESS,HAJI,IDENT
20170701053801,SA4,900966,ZUHURA,KIJIMBO,IDENT
20170701053815,SA2,900969,JEMA,SALUM,IDENT
20170701053820,SA6,900046,SALUM,NDEGE,IDENT
20170701053823,SA4,901033,TATU,ISSA,IDENT
20170701053824,SA1,900779,MUSTAFA,HAMISI,IDENT
20170701053835,SA4,901222,DEBORA,FILIPATALI,IDENT
20170701053908,SA5,900995,MARY,KIAMA,IDENT
20170701053922,SA4,901206,AISHA,MKUMBA,IDENT
20170701053927,SA4,901125,TAUSI,SHABANI,IDENT
20170701053932,SA1,900769,JAMES,MACKLINE,IDENT
20170701053933,SA5,900977,MWANAHAMISI,MUNKUNDA,IDENT
20170701053934,SA4,901238,MARIAM,SELEMANI,IDENT
20170701053945,SA6,900006,ANDREW,JOSEPH,IDENT
20170701053947,SA4,901001,AMINA,MUYA,IDENT
20170701054003,SA1,900749,EZEKIEL,SOLO,IDENT
20170701054008,SA1,900733,ALHAJI,IDD,IDENT
20170701054011,SA1,900786,FARAJI,KILUWA,IDENT
20170701054016,SA4,901082,EDINA,JOHN,IDENT
20170701054021,SA4,900987,PILLY,MWAWILA,IDENT
20170701054024,SA1,900783,DAMIAN,ALONE,IDENT
20170701054032,SA4,901036,AZIZA,MANGETU,IDENT
20170701054051,SA4,901106,MARYNIA,KAYOMBO,IDENT
20170701054111,SA1,900811,JUMA,HUMBE,IDENT
20170701054116,SA1,900824,TITO,MGOVANO,IDENT
20170701054140,SA5,901289,CONSOLATHA,RAPHAEL,IDENT
20170701054249,SA5,901369,RECHO,MSHUMBUSI,IDENT
20170701054257,SA5,900989,AMINA,CHITWANGWA,IDENT
20170701054130,SA4,901177,ASHA,MAVENGELO,IDENT
20170701054136,SA4,901216,ASHA,RAMADHANI,IDENT
20170701054157,SA4,901099,TAUS,MUSTAPHA,IDENT
20170701054203,SA4,901014,LUCY,THOMAS,IDENT
20170701054211,SA4,901073,SALMA,MUHARAMU,IDENT
20170701054216,SA4,900973,SHARIFA,LIYAYA,IDENT
20170701054222,SA4,901252,JENIPHA,CHIZA,IDENT
20170701054231,SA4,900994,MWAISHA,MWAMOTO,IDENT
20170701054238,SA4,900952,SALAMA,MOHAMAD,IDENT
20170701054246,SA4,901008,GRESS,KOBA,IDENT
20170701054249,SA6,900049,SIHABA,NAKIPENGELE,IDENT
20170701054312,SA4,901146,MARTHA,MAKOTI,IDENT
20170701054317,SA4,901028,REHEMA,KWENGWEGU,IDENT
20170701054333,SA5,901312,VUMILIA,NDEGE,IDENT
20170701054341,SA5,901305,DIANA,KIBASA,IDENT
20170701054345,SA4,901074,VERONICA,KIMWAGA,IDENT
20170701054351,SA4,901027,EDDA,MWAKIBINGWA,IDENT
20170701054356,SA4,901075,AGATHA,JAMALI,IDENT
20170701054407,SA4,901054,FATUMA,MUHANDO,IDENT
20170701054417,SA4,901145,ADELINA,MALEMA,IDENT
20170701054424,SA4,901070,FLORA,MSAMLA,IDENT
20170701054444,SA4,901213,HABIBA,NJIKU,IDENT
20170701054445,SA5,901341,JESSE,JEREMIA,IDENT
20170701054451,SA4,901100,REHEMA,SALEHE,IDENT
20170701054456,SA5,900896,HADIJA , KIHEGO,IDENT
20170701054458,SA4,901248,MAGRETH,MASAWE,IDENT
20170701054501,SA2,901020,VICTORIA,MWALUANDA,IDENT
20170701054502,SA5,901315,FIDEA,AGUSTINO,IDENT
20170701054509,SA5,901559,MARIAM,JUMA,IDENT
20170701054509,SA4,900889,SALMA,MWAWILA,IDENT
20170701054516,SA5,901360,MARRY,MASULUBE,IDENT
20170701054532,SA4,901006,RUKIA,ALLY,IDENT
20170701054538,SA5,901409,MAGRETH,NGOSI,IDENT
20170701054600,SA5,901152,STELLA,MWAKATOBE,IDENT
20170701054612,SA4,901128,ZAITUNI,SOGOI,IDENT
20170701054618,SA4,901214,MARIAM,OMAR,IDENT
20170701054620,SA5,901353,DOREEN,MDOE,IDENT
20170701054633,SA4,901118,LILIAN,MREMA,IDENT
20170701054639,SA4,901057,ANNA,KITOMARY,IDENT
20170701054644,SA5,901204,SOPHIA,LUGOME,IDENT
20170701054645,SA4,901031,AMINA,BAKARI,IDENT
20170701054651,SA4,900918,MARIAM,RAMADHANI,IDENT
20170701054658,SA4,901092,ASIA,JUMA,IDENT
20170701054704,SA4,900872,ZALAU,NGWELE,IDENT
20170701054710,SA4,901222,DEBORA,FILIPATALI,IDENT
20170701054714,SA5,901303,TAUSI,KATULA,IDENT
20170701054715,SA4,901191,ROSE,BENARD,IDENT
20170701054718,SA2,900982,MWANAKOMBO,KHALID,IDENT
20170701054720,SA4,901003,SALAMA,KADALA,IDENT
20170701054730,SA5,901414,EMMANUEL,BANDIKO,IDENT
20170701054732,SA4,901224,ANNA,NYAKAPALA,IDENT
20170701054738,SA4,901257,FRIDA,MHELELA,IDENT
20170701054750,SA4,900999,ROSE,MWAMAKOLA,IDENT
20170701054759,SA5,901361,MARRY,MLIUNJA,IDENT
20170701054802,SA1,900728,JAMAL,MRISHO,IDENT
20170701054807,SA1,900777,MNADI,MRAJAA,IDENT
20170701054813,SA1,901557,WALTER,MAYA,IDENT
20170701054836,SA5,901078,NASMA,LINOGA,IDENT
20170701054838,SA2,900964,RAPHAEL,MBOKO,IDENT
20170701054855,SA5,901295,ELLASIA,WILLIUM,IDENT
20170701054904,SA1,900754,ROBERT,JORAM,IDENT
20170701054911,SA4,901207,AISHA,ABEID,IDENT
20170701054916,SA4,901237,ZUBEDA,KIMARO,IDENT
20170701054921,SA5,901149,EPIFANI, MBOKO,IDENT
20170701054923,SA4,901137,SOFIA,KIUMBE,IDENT
20170701054929,SA5,901285,THABIT,ALLY,IDENT
20170701054938,SA6,900478,RAPHAEL,SENKONDO,IDENT
20170701054939,SA5,901367,BEATHA,MLOSO,IDENT
20170701054946,SA4,901103,MWATANGA,DIENI,IDENT
20170701054947,SA1,900751,TUSKAR,HALFANI,IDENT
20170701055001,SA1,900746,GEDION,BUTENGE,IDENT
20170701055004,SA1,900209,ANGELA,MBESIGWE,IDENT
20170701055024,SA4,901165,FATUMA,ABDALLAH,IDENT
20170701055026,SA1,900778,MARIAM,MICHAEL,IDENT
20170701055030,SA1,900768,FILAN,FATAEL,IDENT
20170701055044,SA1,900766,JUDITH,GEOFREY,IDENT
20170701055045,SA4,901249,HILDA,MWAZEMBE,IDENT
20170701055050,SA4,900928,MARIA,MAGWE,IDENT
20170701055118,SA4,900991,CHRISTINA,JAILOS,IDENT
20170701055134,SA5,901400,DANIEL,MAKAYA,IDENT
20170701055217,SA5,901373,ADELA,MSAGA,IDENT
20170701055054,SA6,900164,RAMADHANI ,BAKARI,IDENT
20170701055155,SA4,900873,SELEN,JUMA,IDENT
20170701055217,SA4,901126,YUNIS,LULANDALA,IDENT
20170701055245,SA1,900823,TADEO,MAPEMA,IDENT
20170701055247,SA4,901268,ANITHA,KWIMBA,IDENT
20170701055248,SA1,900578,MTARI,MAGINGA,IDENT
20170701055253,SA1,900799,RAJABU,RUBASHA,IDENT
20170701055301,SA4,900958,SOPHIA,LIKONGO,IDENT
20170701055306,SA6,900647,JOHANSEN,MPANJU,IDENT
20170701055309,SA1,900757,JOSEPH,HEMA,IDENT
20170701055311,SA4,900956,DIANA,LEMA,IDENT
20170701055316,SA1,900760,OMARY,MHAGAMA,IDENT
20170701055321,SA4,901166,SAUDA,MAULID,IDENT
20170701055322,SA1,900756,HUSSEIN,KANDORO,IDENT
20170701055325,SA1,900742,PROSPER,POLITHO,IDENT
20170701055325,SA5,901406,PASCAL,STANLEY,IDENT
20170701055326,SA4,900937,UPENDO,MLEWA,IDENT
20170701055329,SA1,900745,YUSUPH,NGAPAWA,IDENT
20170701055330,SA5,901217,VIVIAN,MWANGATA,IDENT
20170701055334,SA1,900045,SAIDI,MNDOLWA,IDENT
20170701055335,SA5,901331,DIANA,KABYEMELA,IDENT
20170701055335,SA4,901058,HAMIDA,MATIPA,IDENT
20170701055336,SA2,901223,HAPPY,MKWEPU,IDENT
20170701055340,SA5,901211,ANNA,KIMARO,IDENT
20170701055342,SA2,901270,NAOMI,OBONG,IDENT
20170701055345,SA5,901301,TUKAE,MUSA,IDENT
20170701055347,SA2,901167,KELVIN,NGOZI,IDENT
20170701055417,SA1,900222,HENRY,NGOWI,IDENT
20170701055430,SA1,900217,FRED,JAMES,IDENT
20170701055451,SA4,901142,SOPHIA,YUSUPH,IDENT
20170701055456,SA4,901083,HADIJA,MPAMBA,IDENT
20170701055459,SA1,900722,ELIZABETH,MATHIUS,IDENT
20170701055500,SA5,900887,ELITABETH,GOMELO,IDENT
20170701055505,SA4,900926,AMINA,KONDO,IDENT
20170701055506,SA5,901086,ELIWAZA,MWIGOHA,IDENT
20170701055510,SA4,901171,ESTHER,MUNGUTI,IDENT
20170701055514,SA5,900862,EDINA,MWAKYOMA,IDENT
20170701055532,SA4,900893,JOYCE,MCHOMVU,IDENT
20170701055546,SA5,901383,JOAN,OMANDI,IDENT
20170701055607,SA1,900731,HUSSAIN,HAMADI,IDENT
20170701055615,SA1,900808,HEONANI,BAJANA,IDENT
20170701055618,SA1,900801,DAVID ,MWANJA,IDENT
20170701055622,SA4,901141,HADIJA,SALUM,IDENT
20170701055624,SA1,900825,TITO,MWAMBE,IDENT
20170701055637,SA5,901416,YONA,MUSA,IDENT
20170701055640,SA4,900971,NAOMI,SAMWELI,IDENT
20170701055641,SA1,900770,ANDERSON,KIKOTI,IDENT
20170701055645,SA5,901323,AMINA,HAMISI,IDENT
20170701055649,SA4,901119,LINA,MLAWA,IDENT
20170701055722,SA1,900244,YOHA,MSANGI,IDENT
20170701055727,SA1,900216,ELLY,MKONGWE,IDENT
20170701055727,SA6,900128,ENELES,MBWAGA,IDENT
20170701055730,SA1,900773,FELIX,CHRISTOPHER,IDENT
20170701055739,SA1,900228,KAGERA,MSAMBUSI,IDENT
20170701055744,SA5,901413,LEILA,KIMBENGELE,IDENT
20170701055745,SA1,900477,RAMADHANI,LUBASHA,IDENT
20170701055747,SA4,901172,AGNES,STEVEN,IDENT
20170701055750,SA6,900395,AMOS,MIMBI,IDENT
20170701055751,SA1,900821,SAWA,SWAHA,IDENT
20170701055753,SA5,901309,SALMA,RAFIKI,IDENT
20170701055759,SA1,900743,JUMA,ISEMA,IDENT
20170701055810,SA4,900942,CHRISTINA,MWENDA,IDENT
20170701055815,SA1,900789,KAMPBONA,PASCAL,IDENT
20170701055816,SA4,900920,PILLI,SAIDI,IDENT
20170701055825,SA4,900965,HERMAN,MAKOKO,IDENT
20170701055826,SA5,900866,FLORA,DAMAS,IDENT
20170701055829,SA5,901279,NEEMA, GODFREY,IDENT
20170701055834,SA5,900875,ASHA,MALINBWI,IDENT
20170701055838,SA5,901288,EPIPHANIA,LUKWI,IDENT
20170701055844,SA5,901374,NASRA,HAMADI,IDENT
20170701055847,SA4,901228,CESILIA,MBABUYE,IDENT
20170701055849,SA5,900892,MWANIA,PEMBE,IDENT
20170701055850,SA6,900021,JAFARI,BAINA,IDENT
20170701055850,SA1,900790,ISIHAKA,IDDI,IDENT
20170701055851,SA4,901063,RACHEL,MZOROZORO,IDENT
20170701055855,SA6,900428,GLADIS,MAZENGO,IDENT
20170701055856,SA4,901139,HAPPY ,ZAKAYO,IDENT
20170701055856,SA5,900900,HELENA,SENZUGWAKO,IDENT
20170701055901,SA5,900903,RUKIA,MOHAMED,IDENT
20170701055901,SA1,900719,STEPHAN,SIMON,IDENT
20170701055904,SA4,901002,MARIAM,SABURI,IDENT
20170701055906,SA5,900864,TECLA,SAMWEL,IDENT
20170701055906,SA1,900720,FRANCIS,RAFAEL,IDENT
20170701055911,SA5,901388,OSWALD,SHILLA,IDENT
20170701055912,SA1,900463,MARTENUS,MAPESA,IDENT
20170701055916,SA5,901162,MWANAHARUSI,MOHAMED,IDENT
20170701055923,SA5,901308,MADINA,ATHUMANI,IDENT
20170701055929,SA5,901319,CHRISTINA,TATI,IDENT
20170701055933,SA4,900948,VERONICA,MFILINGE,IDENT
20170701055935,SA5,901375,PILLI,CHOLOGONDO,IDENT
20170701055939,SA5,901421,ALFRED,MUGHWAI,IDENT
20170701055941,SA2,901016,HALIFA,MOHAMED,IDENT
20170701055942,SA4,901157,DAVID,JUMA,IDENT
20170701055944,SA5,901205,JAMILA,MASONGI,IDENT
20170701055947,SA4,900911,NEEMA,URASSA,IDENT
20170701055954,SA4,900924,DEBORA,HOSSA,IDENT
20170701055957,SA5,901317,ASHA,HAMISI,IDENT
20170701060003,SA4,901048,HALIMA,IDDI,IDENT
20170701060003,SA5,901389,OMARY,JUMA,IDENT
20170701060008,SA5,901287,REGINA,JEMES,IDENT
20170701060008,SA4,901153,MAGRETH,ZANUARI,IDENT
20170701060013,SA1,900001,ABDALLAH,JUMANNE,IDENT
20170701060014,SA4,901019,ASHA,NGAMBA,IDENT
20170701060020,SA2,901101,RAJABU,MOHAMMED,IDENT
20170701060023,SA5,901316,ZUHURA,HAMIS,IDENT
20170701060024,SA1,900001,ABDALLAH,JUMANNE,IDENT
20170701060028,SA5,901376,ZAINABU ,SALUM,IDENT
20170701060033,SA5,900877,IRENE,GABRIEL,IDENT
20170701060038,SA5,901017,CATHERINE,NYEMA,IDENT
20170701060047,SA5,901286,AGNES,LUCAS,IDENT
20170701060052,SA5,901299,SAUDA,MATOWELA,IDENT
20170701060101,SA5,901313,FATUMA,KAUNDA,IDENT
20170701060106,SA5,901427,JESCA,NGUMBU,IDENT
20170701060112,SA4,900861,MWAJABU,BAKARI,IDENT
20170701060113,SA5,901384,JOSHUA,KITUNDU,IDENT
20170701060118,SA5,900947,ANNA,GODISON,IDENT
20170701060123,SA5,901300,ANNA,TEMBA,IDENT
20170701060125,SA2,901084,MARIA ,SANGA,IDENT
20170701060128,SA5,901284,MOHAMED,IDDI,IDENT
20170701060133,SA5,901399,DIANA,NDONGO,IDENT
20170701060138,SA5,900853,DEVOTHA,ELIAS,IDENT
20170701060143,SA5,901408,SAIDI,MAKALA,IDENT
20170701060148,SA5,901395,HASHIM,HAIZA,IDENT
20170701060154,SA5,901209,MIRIAM,MNDEWA,IDENT
20170701060214,SA5,900919,ANNA,MPUGE,IDENT
20170701060243,SA5,901347,JAMES,MAJIJI,IDENT
20170701060017,SA6,900148,JUDITH,MALISA,IDENT
20170701060123,SA6,900406,CHAUREMBO,MWINYI,IDENT
20170701060140,SA4,901221,TEDDY,MAGAMBO,IDENT
20170701060157,SA1,900820,SALUM,KAISI,IDENT
20170701060207,SA6,900451,KASSIM,MALICK,IDENT
20170701060219,SA4,900984,SALAMA,BIGE,IDENT
20170701060225,SA4,901110,ASHA,MPELA,IDENT
20170701060244,SA4,900960,AGNESS,NAWAHIGA,IDENT
20170701060303,SA6,900130,FATUMA,CHOMBO,IDENT
20170701060310,SA6,900487,STEPHEN,KAMBWEMBWE,IDENT
20170701060315,SA5,901418,ISAYA ,SAWASAWA,IDENT
20170701060322,SA5,901292,SARA,YOEL,IDENT
20170701060326,SA1,900759,ELIAS,YAKOB,IDENT
20170701060327,SA5,901055,ZAINABU,OMARY,IDENT
20170701060328,SA6,900169,REHEMA,YUSUFU,IDENT
20170701060333,SA1,900571,FRANK,MALIMA,IDENT
20170701060336,SA5,900961,ELIZABETH,FRANCISCO,IDENT
20170701060338,SA1,900243,YOHANA,ALLY,IDENT
20170701060341,SA5,900867,AISHA,KIUMBA,IDENT
20170701060342,SA1,900748,EDWARD,DAWSON,IDENT
20170701060346,SA5,900916,SABINA,KINGIMALI,IDENT
20170701060347,SA1,900744,SILVESTER,KAHINDI,IDENT
20170701060348,SA4,900895,CATHERINE,CHIGOGOLO,IDENT
20170701060350,SA5,900881,ZAINABU,SAIDI,IDENT
20170701060357,SA4,901151,SIJARI,MAGOMBE,IDENT
20170701060359,SA1,900802,EMANUEL,SILAYO,IDENT
20170701060404,SA1,900817,MOSES,MASENGA,IDENT
20170701060411,SA5,901404,AWAZI,SALIM,IDENT
20170701060416,SA5,901094,MARTINA,FISSO,IDENT
20170701060424,SA5,901013,YASINTA,SHELUBANZI,IDENT
20170701060432,SA5,900884,HADIJA,GOGO,IDENT
20170701060433,SA4,900922,BAHATI,SALEHE,IDENT
20170701060438,SA6,900420,FRANCIS,TESHA,IDENT
20170701060439,SA5,901304,SOPHIA,ALLY,IDENT
20170701060448,SA5,901350,ALFRED,CHARLES,IDENT
20170701060529,SA1,900735,ZAINABU,MOHAMEDI,IDENT
20170701060541,SA1,900793,ABDUL,MAINGO,IDENT
20170701060542,SA5,901327,EMERY,MSUNGU,IDENT
20170701060555,SA1,900730,UHURU,MARWA,IDENT
20170701060600,SA6,900567,BAKARI,BELEKETE,IDENT
20170701060612,SA6,900586,MOHAMED,SOLOKA,IDENT
20170701060622,SA4,901269,AISHA,HALFAN,IDENT
20170701060636,SA1,900827,YASIN,MUSSA,IDENT
20170701060638,SA5,901062,RASHID,MDOE,IDENT
20170701060654,SA5,901294,RATIFA,KAPINGA,IDENT
20170701060657,SA1,900726,ABDALLAH,CHOBO,IDENT
20170701060706,SA1,900797,ASHAM,MUSA,IDENT
20170701060708,SA5,900949,MUHINA,GOMBE,IDENT
20170701060714,SA1,900794,ADAM,SALTIELY,IDENT
20170701060731,SA1,900816,MICHAEL,HUSEIN,IDENT
20170701060754,SA2,901044,SUZANA,KIMARO,IDENT
20170701060756,SA6,900436,HONEST,MATEMU,IDENT
20170701060803,SA5,900870,GOMERY,DAUDI,IDENT
20170701060835,SA1,900761,CHRISTOPHER,MFUNGO,IDENT
20170701060852,SA5,901061,MWAJUMA,ABDALLAH,IDENT
20170701060900,SA6,900139,IDD,YUSUFU,IDENT
20170701060900,SA1,900214,BRUNO,FREDRICK,IDENT
20170701060904,SA5,901345,ALHAJI,KIHIYO,IDENT
20170701060905,SA1,900411,DEO,JULIUS,IDENT
20170701060932,SA1,900738,MOHAMED,NGODA,IDENT
20170701060943,SA5,900855,SINAHIA,OMARI,IDENT
20170701060948,SA4,901121,MWATANGA,ALLY,IDENT
20170701060950,SA1,900782,JANETH,DADAA,IDENT
20170701060957,SA1,900810,JOSEPH,JULIUS,IDENT
20170701061035,SA1,900415,EMMANUEL,JONAS,IDENT
20170701061121,SA1,900238,SAIMON,TARIMO,IDENT
20170701061141,SA1,900421,FRANK ,MUSHI,IDENT
20170701061240,SA5,901310,MARIAM,BELEKO,IDENT
20170701061133,SA4,901273,HELLEN,KIZWALO,IDENT
20170701061141,SA4,901274,AMINA,KAHABUKA,IDENT
20170701061150,SA4,901262,HADIJA,SALUM,IDENT
20170701061156,SA1,900765,REBECA,GIDEON,IDENT
20170701061200,SA1,900220,HAMISI,NJOCHOLA,IDENT
20170701061203,SA1,900750,JACOB,KAWALE,IDENT
20170701061256,SA6,900396,ANDREW,MSANGI,IDENT
20170701061321,SA5,901328,MARRY,SHOO,IDENT
20170701061423,SA5,901340,FELIX,MAKANYA,IDENT
20170701061426,SA1,900154,MWAJUMA,MSAKUZI,IDENT
20170701061430,SA1,900758,MOHAMEDY,ATHUMANI,IDENT
20170701061435,SA1,900716,JUMA,JUMANNE,IDENT
20170701061438,SA1,900815,METHOD,DEDA,IDENT
20170701061455,SA1,900795,ALLY,LIKIWA,IDENT
20170701061500,SA1,900771,DATIUS,MARTINE,IDENT
20170701061519,SA1,900740,SPEDICTOR,NGOGO,IDENT
20170701061544,SA6,900417,FABIAN,FABIAN,IDENT
20170701061610,SA6,900115,AKIDA,DUGANGE,IDENT
20170701061655,SA5,901385,ABDALLA,MGAYA,IDENT
20170701061733,SA1,900798,ATHUMAN,SEIF,IDENT
20170701061816,SA1,900437,HUSSEIN,MBONDE,IDENT
20170701061819,SA1,900822,MENRUFU,PILLY,IDENT
20170701061824,SA1,900818,PASCAL,MIKONDO,IDENT
20170701061830,SA6,900116,ASHA,ALLY,IDENT
20170701061841,SA1,900456,KHALIFA,BASHILI,IDENT
20170701061902,SA1,900763,SALEHE,NJAGE,IDENT
20170701061904,SA6,900476,RAMADHANI,IDD,IDENT
20170701061907,SA1,900809,JAMES,MWENDA,IDENT
20170701061915,SA1,900233,MUSSSA,ABDALLAH,IDENT
20170701061921,SA1,900723,SAIDI,JUMANE,IDENT
20170701062020,SA1,900450,JUMA,RAMADHANI,IDENT
20170701062030,SA1,900569,JAMES,MWANDU,IDENT
20170701062023,SA6,900568,GODWIN,KIRIA,IDENT
20170701062123,SA6,900568,GODWIN,KIRIA,IDENT
20170701062136,SA6,901573,DAUDI,NYASHIMO,IDENT
20170701062205,SA6,900556,REGINA,NDALUHEKEYE,IDENT
20170701062307,SA5,901336,ISMAIL,MHINA,IDENT
20170701062316,SA6,900474,PHILBERT,MATOGO,IDENT
20170701062325,SA6,900047,SAMSON,SHILA,IDENT
20170701062329,SA6,900047,SAMSON,SHILA,IDENT
20170701062455,SA6,900443,JABIRI,RAMADHANI,IDENT
20170701062524,SA1,900440,IDRISA,KIMARO,IDENT
20170701062601,SA1,900392,ALLY,MBEGU,IDENT
20170701062638,SA1,900213,BEDASTUS,PIUS,IDENT
20170701062848,SA5,900471,MOHAMED,MIRUNDI,IDENT
20170701063124,SA1,900466,MATHEW,PHILIP,IDENT
20170701063224,SA6,900050,STANLEY,JEREMIAH,IDENT
20170701063430,SA6,900575,CHRISTINA ,SENYANGWA,IDENT
20170701063449,SA6,900131,FRANK,MAKWABU,IDENT
20170701063634,SA4,901263,JAMIRA,SAIDI,IDENT
20170701063913,SA6,900658,MWASITI,LABOA,IDENT
20170701063926,SA6,900541,GOLDEN,MDUBA,IDENT
20170701065142,SA4,900871,MWANAHAMISI,NDOLWA,IDENT
20170701065603,SA1,900804,FROLAH,MPONDO,IDENT
20170701070120,SA5,901392,STELLA,MTALLO,IDENT
20170701070944,SA6,901438,MARY,JOSEPH,IDENT
20170701071748,SA6,900029,JUMANNE,MBONDE,IDENT
20170701071858,SA6,900291,RASHIDI,MUSSSA,IDENT
20170701072057,SA5,901351,BARNABA,EDWARD,IDENT
20170701072036,SA6,900171,ROBERT,MFUNI,IDENT
20170701072203,SA6,900041,NELSON,MTEMI,IDENT
20170701072703,SA6,900100,AROBOGAST,MOGELLA,IDENT
20170701072740,SA6,101880,RICHARD,MAKASI,IDENT
20170701072820,SA6,E083,GURURAJ,SHENVI,IDENT
20170701072946,SA6,901431,AMBALI,SOUD,IDENT
20170701073204,SA2,200351,MICHAEL,MICHAEL,IDENT
20170701073025,SA6,900485,SHUFAA,ABEID,IDENT
20170701073030,SA6,900175,TEDDY,SIMON,IDENT
20170701073312,SA1,900547,COLMAN,KIWALE,IDENT
20170701073326,SA6,900168,RAZAKI,MTINDA,IDENT
20170701073718,SA6,900494,YOHANA,LUSANA,IDENT
20170701073811,SA4,900941,KULWA,MSUMA,IDENT
20170701073825,SA6,900703,MUSSA,MTALI,IDENT
20170701073834,SA1,900429,GOODLUCK,LYAHONA,IDENT
20170701073903,SA6,900404,BRYANT,NYENYEMBE,IDENT
20170701073914,SA6,901433,ESTER,THEOFIL,IDENT
20170701074111,SA2,900936,SOPHIA,MBONDE,IDENT
20170701074130,SA5,901397,LINETH,KYARUS,IDENT
20170701074206,SA6,900407,CHRISTIAN ,NGONYANI,IDENT
20170701074229,SA6,900270,HASSAN,KIGWIO,IDENT
20170701074239,SA1,900710,NICHOLAS,KAPANDE,IDENT
20170701074241,SA6,900446,JOSEPH,KIBASA,IDENT
20170701074243,SA4,900944,FROLA,KAMARA,IDENT
20170701074246,SA1,101123,KHAMISI ,PEMBE,IDENT
20170701074340,SA6,900103,FREDNAND,JACKSON,IDENT
20170701074459,SA2,200312,BARAKA,KATEGILE,IDENT
20170701074508,SA1,101141,FRANK,RAPAHAEL,IDENT
20170701074514,SA6,900144,JANE,MWAKABULUFU,IDENT
20170701074517,SA6,900133,GEORGE,GIDION,IDENT
20170701074522,SA6,901265,FRANK ,RUZIGA,IDENT
20170701074613,SA6,900418			,FELIX,WAUSA,IDENT
20170701074619,SA6,900143,JACKLINE,MAIGA,IDENT
20170701074624,SA6,900143,JACKLINE,MAIGA,IDENT
20170701074651,SA6,900566,ERICK,NDUNGURU,IDENT
20170701074712,SA4,901197,RASHID,NJERAN,IDENT
20170701074738,SA1,200053,MIKIDADI,NGODU,IDENT
20170701074744,SA2,900938,ISMAIL,THOMAS,IDENT
20170701074806,SA6,900431,HAMADI,ZUBERI,IDENT
20170701074820,SA1,901598,GERALD,RUHERE,IDENT
20170701074838,SA5,901339,JAMES,MKONO,IDENT
20170701074917,SA5,901326,ALLY,MBONDE,IDENT
20170701074937,SA6,900123,CHARLES,LUSWETULA,IDENT
20170701075043,SA4,901194,ELINA,ABEL,IDENT
20170701075153,SA2,901449,BONIFAS,ANGANILE,IDENT
20170701075058,SA6,901435,FILES,MBANDO,IDENT
20170701075122,SA6,900416,ERICK,DAUD,IDENT
20170701075208,SA6,901434,JOSEPHINA,HAU,IDENT
20170701075214,SA6,900447,JOSEPH,LUSANA,IDENT
20170701075239,SA1,900621,COSMAS,KARADIS,IDENT
20170701075313,SA6,900007,ANNA,DUA,IDENT
20170701075314,SA5,901333,NEEMA,KILUZIA,IDENT
20170701075319,SA6,900682,BENEDICT,ELIAS,IDENT
20170701075325,SA6,901569,FREDRICK,MUSHI,IDENT
20170701075331,SA6,900268,GWANTWA,MWASYEBULE,IDENT
20170701075347,SA5,901370,MARIAM,MJELELE,IDENT
20170701075352,SA6,900099,AMIN,JUMA,IDENT
20170701075419,SA5,901329,ELIWA ,SHAO,IDENT
20170701075419,SA6,900390,ALBERT,KANENDA,IDENT
20170701075422,SA6,900435,HASSAN,NKHAMBI,IDENT
20170701075436,SA6,E021,RAJA,SWAMINATHAN,IDENT
20170701075453,SA6,900174,SOSTHENES,MUKAMA,IDENT
20170701075459,SA6,900017,FIKA,JOMSON,IDENT
20170701075512,SA6,900107,MSELEM,MSELEM,IDENT
20170701075517,SA6,900660,IDDI,ALLY,IDENT
20170701075525,SA6,901332,NASRA,MSANYA,IDENT
20170701075529,SA6,E060,ANOOP,TIWARI,IDENT
20170701075531,SA1,101140,FAUSTINI,MGIMBA,IDENT
20170701075533,SA6,900280,TADEO,MWINGIZI,IDENT
20170701075538,SA1,101124,KHALIDI,KASSIMU,IDENT
20170701075542,SA1,101128,ISSA,RAMADHANI,IDENT
20170701075550,SA1,101530,SIMON,YOHANA,IDENT
20170701075553,SA5,901422,EMMANUEL,KHALIDI,IDENT
20170701075601,SA6,900448,JOSEPH,MKELEBE,IDENT
20170701075601,SA1,101588,ATHUMAN,SALIM,IDENT
20170701075630,SA6,901584,PENDO,MNJAGILA,IDENT
20170701075635,SA2,900940,JUMANNE,ZONGO,IDENT
20170701075642,SA6,900156,MWANAISHA,UWESU,IDENT
20170701075648,SA5,901334,SHAIBU,KASANGA,IDENT
20170701075716,SA1,900499,HASSAN,HAULE,IDENT
20170701075721,SA5,901419,JENIPHA,MWILONGO,IDENT
20170701075727,SA1,900500,HEMEDI,KANIKI,IDENT
20170701075736,SA4,901218,JANE,RYOBA,IDENT
20170701075743,SA6,900439,IDDI,MOHAMED,IDENT
20170701075747,SA6,900465,MARTIN,KIDUNGU,IDENT
20170701075826,SA6,E078,SANJAY,GOYAL,IDENT
20170701075831,SA6,E008,ATUL,PATHAK,IDENT
20170701075848,SA5,901278,HENRY ,CHELULA,IDENT
20170701075901,SA6,900393,ALLY,MTWALE,IDENT
20170701075905,SA6,900470,MODEST,NJAU,IDENT
20170701075922,SA6,900114,ABEID,MOHAMED,IDENT
20170701075930,SA6,900452,KENNEDY,KIMARO,IDENT
20170701075933,SA2,901448,PAULINA,DAVID,IDENT
20170701075941,SA2,901443,MWAJUMA,SHEMBWANA,IDENT
20170701075943,SA4,901239,SAKINA,KIZEE,IDENT
20170701075953,SA2,200311,DAVID,BWILE,IDENT
20170701075953,SA6,900581,SAADA,MUHINTE,IDENT
20170701075959,SA6,900057,ZAITUNI,ABDALLAH,IDENT
20170701075959,SA4,901447,MASHAKA,MATEKELE,IDENT
20170701080002,SA1,900830,ARNOLD,NESTORY,IDENT
20170701080010,SA1,900713,ANICET,ABEL,IDENT
20170701080019,SA1,101589,AMIRI,YAHAYA,IDENT
20170701080037,SA1,900098,TATU,MTUPA,IDENT
20170701080050,SA1,900843,KHALFANI,SHABAN,IDENT
20170701080056,SA1,900515,SHOMARI,KIMBWEMBWE,IDENT
20170701080101,SA1,900225,JOHN,FREDRICK,IDENT
20170701080122,SA1,900828,WILLIUM,MPANGALA,IDENT
20170701080135,SA1,900024,JOSEPH,TWALIB,IDENT
20170701080157,SA2,901450,FARIDA,JUMA,IDENT
20170701080233,SA2,200316,DENIS,JOHNSON,IDENT
20170701080045,SA6,900560,DEOGRASIAS,STEPHIN,IDENT
20170701080131,SA4,901442,JARINA,SHEKOLA,IDENT
20170701080200,SA6,900583,REGINALD,MICHAEL,IDENT
20170701080206,SA6,900432,HAMZA,ABDALLAH,IDENT
20170701080217,SA6,900385,ABDALLAH,MOHAMED,IDENT
20170701080223,SA6,900413,ELIBAHATI,JOSEPH,IDENT
20170701080227,SA6,900142,IRENE,MREMA,IDENT
20170701080233,SA6,900173,SHARIFA,MRISHO,IDENT
20170701080233,SA1,900512,SAIDI,BARUTI,IDENT
20170701080240,SA6,900458,KIBWANA,SAIDI,IDENT
20170701080245,SA6,900398,ARSEN, RWEBANGILA	,IDENT
20170701080249,SA6,900399,ATHUMANI,JUMA,IDENT
20170701080255,SA1,900707,ATHUMANI,SALEHE,IDENT
20170701080255,SA6,900460,LAMECK,ASSETO,IDENT
20170701080259,SA6,900454,KHALFAN,AMOUR,IDENT
20170701080300,SA1,900708,OMARY,ABDALLAH,IDENT
20170701080305,SA1,900425,GEORGE,JOSEPH,IDENT
20170701080315,SA6,900247,ALLY,SELEMANI,IDENT
20170701080344,SA6,900472,MWALIMU,SELEMANI,IDENT
20170701080349,SA6,900467,MBARUKU,OSWAD,IDENT
20170701080359,SA2,901452,STEVEN,CHUWA,IDENT
20170701080413,SA6,900111,SALUM,SAIDI,IDENT
20170701080417,SA1,101115,ATHUUMANI,HEMEDI,IDENT
20170701080419,SA1,900236,PENDO,MAGIGE,IDENT
20170701080423,SA6,900591,RASHID ,MUNKENDA,IDENT
20170701080424,SA1,900715,ELIASI,KIZITO,IDENT
20170701080429,SA6,900414,EMMANUEL ,SERAPHINE,IDENT
20170701080430,SA1,101143,ISMAIL,KONDO,IDENT
20170701080433,SA6,900488,THOBIAS,KIWELU,IDENT
20170701080435,SA6,900402,BARAKA,MVUNGI,IDENT
20170701080439,SA6,900389,AHMAD,KINDUMA,IDENT
20170701080507,SA1,101134,HASSAN,KAPANYA,IDENT
20170701080520,SA5,901335,YONA,MAPELELE,IDENT
20170701080553,SA1,900219,GEORGE,SAMATA,IDENT
20170701080555,SA2,901446,DANIEL,MBARUKA,IDENT
20170701080559,SA1,900502,IMAM,AJABU,IDENT
20170701080618,SA1,900829,MOHAMED,ENZI,IDENT
20170701080623,SA1,900211,BARAKA,MAKI,IDENT
20170701080635,SA1,900030,JUMANNE,LUMBU,IDENT
20170701080644,SA6,900468,MICHAEL,IBRAHIM,IDENT
20170701080648,SA6,900430,GWAKISA,MWAKASAGURE,IDENT
20170701080653,SA6,900165,RAMADHANI,NYENJE,IDENT
20170701080720,SA1,900706,MECKLEEN,NANGEDA,IDENT
20170701080732,SA1,900235,PAULO,MGEMA,IDENT
20170701080738,SA6,900574,FURAHA,MSAMBWA,IDENT
20170701080742,SA6,900445,JOHN,MASUNGWA,IDENT
20170701080743,SA1,901586,MOHAMED,KIPANGUZI,IDENT
20170701080748,SA2,901444,BAKARI,KITILA,IDENT
20170701080800,SA6,E084,NAVNEET, SINGH,IDENT
20170701080803,SA4,901264,HADIJA,RAMADHANI,IDENT
20170701080831,SA1,101114,ABUBAKARI,KHALIDI,IDENT
20170701080942,SA1,900504,JEREMIA,TONNO,IDENT
20170701080954,SA1,900224,JABIRI,AMANZI,IDENT
20170701080957,SA1,900508,MARIAM ,HAMISI,IDENT
20170701081015,SA2,901453,JOHNSON,MUNISI,IDENT
20170701081037,SA1,901700,JOSEPH,KUANDIKA,IDENT
20170701081139,SA1,901575,LINDA,MLAY,IDENT
20170701081102,SA6,900388,AGNES,SHAYO,IDENT
20170701081132,SA6,900126,DORIKA,MALYANGO,IDENT
20170701081148,SA6,900400,BAHATI,LUBUVA,IDENT
20170701081154,SA6,900151,LISSY,KIGONJOLA,IDENT
20170701081354,SA6,900464,MARTHA,MWIKOLA,IDENT
20170701081406,SA6,900484,SHANI,MOHAMED,IDENT
20170701081420,SA6,900681,ABUBAKARI,MGAZA,IDENT
20170701081452,SA6,E037,SRINIVAS,DANTU,IDENT
20170701081602,SA6,900649,ZUBEDA,MANDIA,IDENT
20170701081608,SA6,900701,MATHEW,NDANSHAU,IDENT
20170701081631,SA2,200309,RAMADHANI,KIHILE,IDENT
20170701081638,SA6,901585,SADICK,MAPUNDA,IDENT
20170701081653,SA5,901325,JOSEPH,KAVISHE,IDENT
20170701081837,SA1,900457,KHAMISI,MASUMBUKO,IDENT
20170701081850,SA1,900441,ISSA,KAISI,IDENT
20170701082014,SA6,901590,ISSA,JUMA,IDENT
20170701082018,SA6,900257,ENGLIBERTH,DAUDI,IDENT
20170701082102,SA6,900110,RASHID,ISSA,IDENT
20170701082200,SA6,900408,COLLMAN,KISISA,IDENT
20170701082235,SA6,900009,ASHA,HAMISI,IDENT
20170701082302,SA6,900481,RICHARD,KWEYAMBA,IDENT
20170701082353,SA1,900507,KANTI,KADIRI,IDENT
20170701082633,SA6,E077,SUMIT,BHATNAGAR,IDENT
20170701082803,SA6,E013,GIRIRAJ,SHARMA,IDENT
20170701082914,SA6,900246,ABDULKARIM,ALI,IDENT
20170701082920,SA6,E068,RANJEET SINGH,SAINI,IDENT
20170701083047,SA6,900137,HERIETH,MWELI,IDENT
20170701083051,SA6,900397,ANNA,MOSHI,IDENT
20170701083055,SA6,900689,IRENE,MOSHI,IDENT
20170701083212,SA6,900008,ANNE,MCHUMA,IDENT
20170701083300,SA6,900109,AMANI,NYAKARASHI,IDENT
20170701084653,SA6,900285,NKWABI,MDEHWA,IDENT
20170701084702,SA1,900505,JESCA,MATECHI,IDENT
