20160731081233,SA3,900960,AGNESS,NAWAHIGA,IDENT
20160731081307,SA6,900156,MWANAISHA,UWESU,IDENT
20160731081442,SA6,900128,ENELES,MBWAGA,IDENT
20160731081555,SA6,900439,IDDI,MOHAMED,IDENT
20160731081548,SA5,901335,YONA,MAPELELE,IDENT
20160731081820,SA3,900872,ZALAU,NGWELE,IDENT
20160731081829,SA3,901205,JAMILA,MASONGI,IDENT
20160731082009,SA6,900583,REGINALD,MICHAEL,IDENT
20160731082227,SA6,900400,BAHATI,LUBUVA,IDENT
20160731082426,SA6,900143,JACKLINE,MAIGA,IDENT
20160731083541,SA6,900016,FATUMA,HAMISI,IDENT
20160731083626,SA6,900407,CHRISTIAN ,NGONYANI,IDENT
20160731083608,SA3,900871,MWANAHAMISI,NDOLWA,IDENT
20160731083844,SA1,900224,JABIRI,AMANZI,IDENT
20160731083822,SA2,901446,DANIEL,MBARUKA,IDENT
20160731084150,SA6,900460,LAMECK,ASSETO,IDENT
20160731084155,SA6,901435,FILES,MBANDO,IDENT
20160731084255,SA6,900165,RAMADHANI,NYENJE,IDENT
20160731084418,SA1,900753,ALBERT,MASAWE,IDENT
20160731084431,SA1,900235,PAULO,MGEMA,IDENT
20160731084621,SA6,900173,SHARIFA,MRISHO,IDENT
20160731085135,SA6,900452,KENNEDY,KIMARO,IDENT
20160731085807,SA1,900211,BARAKA,MAKI,IDENT
20160731085827,SA1,900225,JOHN,FREDRICK,IDENT
20160731090051,SA6,E013,GIRIRAJ,SHARMA,IDENT
20160731090252,SA6,900142,IRENE,MREMA,IDENT
20160731090930,SA6,900388,AGNES,SHAYO,IDENT
20160731091131,SA6,900402,BARAKA,MVUNGI,IDENT
20160731091613,SA6,901434,JOSEPHINA,HAU,IDENT
20160731092811,SA6,901440,UMMY,KWANGALA,IDENT
20160731094229,SA6,900120,BENEDICTO,MBOKO,IDENT
20160731094241,SA6,900398,ARSEN, RWEBANGILA	,IDENT
20160731095634,SA6,E079,BALASUBRAMANIAM,M,IDENT
20160731095828,SA6,901432,AMINA,SOGOI,IDENT
20160731100437,SA6,900405,CHARLES,WILLIAM,IDENT
20160731111152,SA6,E032,SANKARAN,JAYARAM,IDENT
20160731112831,SA6,900171,ROBERT,MFUNI,IDENT
20160731114237,SA6,900583,REGINALD,MICHAEL,IDENT
20160731121411,SA6,900028,JUMANNE,MRISHO,IDENT
20160731121609,SA2,200321,HEMED,KAZEMBE,IDENT
20160731121612,SA2,200349,FRANK,MOSHI,IDENT
20160731122200,SA6,900142,IRENE,MREMA,IDENT
20160731122250,SA6,900173,SHARIFA,MRISHO,IDENT
20160731122302,SA6,900173,SHARIFA,MRISHO,IDENT
20160731122350,SA3,900900,HELENA,SENZUGWAKO,IDENT
20160731122400,SA3,900866,FLORA,DAMAS,IDENT
20160731122413,SA3,900989,AMINA,CHITWANGWA,IDENT
20160731122427,SA3,900887,ELITABETH,GOMELO,IDENT
20160731122431,SA3,900875,ASHA,MALINBWI,IDENT
20160731122546,SA3,900955,MWANAHAMISI,MAKUNGANYA,IDENT
20160731122549,SA3,900892,MWANIA,PEMBE,IDENT
20160731122554,SA3,900931,JOHARI,KIMARO,IDENT
20160731122822,SA3,900960,AGNESS,NAWAHIGA,IDENT
20160731123018,SA3,900873,SELEN,JUMA,IDENT
20160731123026,SA3,901205,JAMILA,MASONGI,IDENT
20160731123037,SA3,900872,ZALAU,NGWELE,IDENT
20160731123356,SA6,900165,RAMADHANI,NYENJE,IDENT
20160731123400,SA6,900128,ENELES,MBWAGA,IDENT
20160731123749,SA2,901068,CATHERINE,MATENGO,IDENT
20160731123752,SA2,200320,OMARI,OMAR,IDENT
20160731124618,SA6,E079,BALASUBRAMANIAM,M,IDENT
20160731125523,SA6,900006,ANDREW,JOSEPH,IDENT
20160731130342,SA1,900031,LUCAS,MABUYE,IDENT
20160731130458,SA6,900245,ABDALLAH,KIMULIMULI,IDENT
20160731130707,SA6,900541,GOLDEN,MDUBA,IDENT
20160731130751,SA1,900045,SAIDI,MNDOLWA,IDENT
20160731130751,SA6,900407,CHRISTIAN ,NGONYANI,IDENT
20160731131004,SA6,900452,KENNEDY,KIMARO,IDENT
20160731131008,SA1,900466,MATHEW,PHILIP,IDENT
20160731131729,SA6,900046,SALUM,NDEGE,IDENT
20160731131929,SA6,900120,BENEDICTO,MBOKO,IDENT
20160731132100,SA6,900416,ERICK,DAUD,IDENT
20160731132117,SA6,900703,MUSSA,MTALI,IDENT
20160731132456,SA5,901393,HADIJA,JUMA,IDENT
20160731132549,SA5,901411,AMINA,MUSA,IDENT
20160731132619,SA5,901302,ASHA,SHOMARI,IDENT
20160731132817,SA6,900627,BAHATI,KAPIGA,IDENT
20160731132823,SA1,900440,IDRISA,KIMARO,IDENT
20160731132826,SA6,900564,RAMADHANI,SAIDI,IDENT
20160731132827,SA1,900813,LEONARD,PETER,IDENT
20160731132846,SA6,900156,MWANAISHA,UWESU,IDENT
20160731132901,SA1,900809,JAMES,MWENDA,IDENT
20160731132909,SA1,900822,MENRUFU,PILLY,IDENT
20160731133203,SA6,900049,SIHABA,NAKIPENGELE,IDENT
20160731133250,SA1,900799,RAJABU,RUBASHA,IDENT
20160731133342,SA1,900795,ALLY,LIKIWA,IDENT
20160731133427,SA1,900455,KHALFAN,OMARI,IDENT
20160731133433,SA1,900450,JUMA,RAMADHANI,IDENT
20160731133503,SA1,900296,SAVERY,KAJELA,IDENT
20160731133623,SA1,900826,VITALIS,HOTTI,IDENT
20160731133650,SA1,900555,MHEZIWA,MALEWA,IDENT
20160731133714,SA1,900810,JOSEPH,JULIUS,IDENT
20160731133716,SA1,900800,NAPEGWA,JACOB,IDENT
20160731133723,SA1,900819,PATRICK,MTONDOLA,IDENT
20160731133727,SA1,900808,HEONANI,BAJANA,IDENT
20160731133948,SA6,900396,ANDREW,MSANGI,IDENT
20160731134044,SA5,901389,OMARY,JUMA,IDENT
20160731134235,SA5,901311,LOYCE,MASKINI,IDENT
20160731134624,SA6,900143,JACKLINE,MAIGA,IDENT
20160731134629,SA6,900143,JACKLINE,MAIGA,IDENT
20160731134631,SA6,900143,JACKLINE,MAIGA,IDENT
20160731134632,SA5,901384,JOSHUA,KITUNDU,IDENT
20160731134644,SA5,901402,ALLY,SELEMAN,IDENT
20160731134857,SA5,901399,DIANA,NDONGO,IDENT
20160731134945,SA1,900290,RASHIDI,GEUZA,IDENT
20160731135041,SA5,901385,ABDALLA,MGAYA,IDENT
20160731135245,SA5,901409,MAGRETH,NGOSI,IDENT
20160731135302,SA1,900463,MARTENUS,MAPESA,IDENT
20160731135319,SA5,901304,SOPHIA,ALLY,IDENT
20160731135322,SA5,901299,SAUDA,MATOWELA,IDENT
20160731135325,SA5,901391,GEOFREY,MAPESA,IDENT
20160731135353,SA5,901395,HASHIM,HAIZA,IDENT
20160731135358,SA5,901425,HIDAYA,KASSIM,IDENT
20160731135408,SA5,901285,THABIT,ALLY,IDENT
20160731135411,SA6,900487,STEPHEN,KAMBWEMBWE,IDENT
20160731135416,SA5,901387,GODFREY,YALED,IDENT
20160731135457,SA5,901430,JOYCE,SEMWENDA,IDENT
20160731135541,SA6,900454,KHALFAN,AMOUR,IDENT
20160731135645,SA5,901335,YONA,MAPELELE,IDENT
20160731135709,SA1,900811,JUMA,HUMBE,IDENT
20160731135715,SA1,900811,JUMA,HUMBE,IDENT
20160731135732,SA5,901397,LINETH,KYARUS,IDENT
20160731135841,SA1,900429,GOODLUCK,LYAHONA,IDENT
20160731135854,SA6,900439,IDDI,MOHAMED,IDENT
20160731135950,SA6,900015,EMMANUEL ,CLEMENT,IDENT
20160731140011,SA1,900411,DEO,JULIUS,IDENT
20160731140102,SA1,900821,SAWA,SWAHA,IDENT
20160731140143,SA1,900824,TITO,MGOVANO,IDENT
20160731140207,SA6,900405,CHARLES,WILLIAM,IDENT
20160731140216,SA6,900476,RAMADHANI,IDD,IDENT
20160731140216,SA1,900490,TWAHA,MGUHI,IDENT
20160731140348,SA5,901343,SEBASTIAN,KIPINGU,IDENT
20160731140410,SA1,900827,YASIN,MUSSA,IDENT
20160731140809,SA5,901419,JENIPHA,MWILONGO,IDENT
20160731140813,SA5,901328,MARRY,SHOO,IDENT
20160731140837,SA5,100597,NOVATI,TARIMO,IDENT
20160731140848,SA5,900859,MASANGULA,MASANGURA,IDENT
20160731140930,SA5,901342,ANDREW,KILUGWA,IDENT
20160731140935,SA5,901312,VUMILIA,NDEGE,IDENT
20160731140942,SA5,901291,AISHA,ISSA,IDENT
20160731141041,SA6,900292,ROSE,CHIKAWE,IDENT
20160731141118,SA1,900384,ABDALLA,SAIDI,IDENT
20160731141149,SA1,900812,LEONARD,NYANGO,IDENT
20160731141449,SA6,900040,MWAJUMA,KATONA,IDENT
20160731141628,SA6,E013,GIRIRAJ,SHARMA,IDENT
20160731142426,SA6,900685,VICTOR,MBUNDAMILA,IDENT
20160731142701,SA6,900472,MWALIMU,SELEMANI,IDENT
20160731142740,SA1,900441,ISSA,KAISI,IDENT
20160731142916,SA6,901440,UMMY,KWANGALA,IDENT
20160731143216,SA6,901434,JOSEPHINA,HAU,IDENT
20160731143226,SA6,901432,AMINA,SOGOI,IDENT
20160731150526,SA1,900235,PAULO,MGEMA,IDENT
20160731164423,SA1,900457,KHAMISI,MASUMBUKO,IDENT
20160731192001,SA6,900056,YESAYA,NTUNDUU,IDENT
20160731192430,SA6,900543,JOHN,MAGANYA,IDENT
20160731193440,SA6,900019,HAMISI,MADODO,IDENT
20160731193453,SA6,900050,STANLEY,JEREMIAH,IDENT
20160731195615,SA6,900611,EVARIST,MPINGAURUGU,IDENT
20160731200415,SA6,900661,ADILILA,KONGA,IDENT
20160731200500,SA1,900812,LEONARD,NYANGO,IDENT
20160731200726,SA6,900626,AUGUSTINO,CHITANDA,IDENT
20160731200951,SA1,900281,NAYOPA,MTENDECHI,IDENT
20160731201923,SA6,900051,SUDI,KHALFANI,IDENT
20160731203021,SA6,900046,SALUM,NDEGE,IDENT
20160731203750,SA6,900541,GOLDEN,MDUBA,IDENT
20160731205919,SA1,900490,TWAHA,MGUHI,IDENT
20160731210507,SA1,900001,ABDALLAH,JUMANNE,IDENT
20160731211613,SA1,900410,DAVID,JOSEPH,IDENT
20160731212041,SA1,900272,ISRAEL,GYUNA,IDENT
20160731212103,SA1,900290,RASHIDI,GEUZA,IDENT
20160731212408,SA1,900801,DAVID ,MWANJA,IDENT
20160731213542,SA5,901412,ELIA,NGWALI,IDENT
20160731213622,SA5,901289,CONSOLATHA,RAPHAEL,IDENT
20160731213628,SA5,901383,JOAN,OMANDI,IDENT
20160731213654,SA1,900031,LUCAS,MABUYE,IDENT
20160731213827,SA5,901322,SARAH,ALLY,IDENT
20160731213936,SA5,901284,MOHAMED,IDDI,IDENT
20160731213958,SA1,900463,MARTENUS,MAPESA,IDENT
20160731214004,SA1,900811,JUMA,HUMBE,IDENT
20160731214111,SA1,900816,MICHAEL,HUSEIN,IDENT
20160731214115,SA1,900825,TITO,MWAMBE,IDENT
20160731214116,SA5,901393,HADIJA,JUMA,IDENT
20160731214123,SA5,901302,ASHA,SHOMARI,IDENT
20160731214214,SA5,901399,DIANA,NDONGO,IDENT
20160731214226,SA5,901381,DOROSTA,CLEMANCE,IDENT
20160731214239,SA5,901317,ASHA,HAMISI,IDENT
20160731214251,SA5,901425,HIDAYA,KASSIM,IDENT
20160731214255,SA5,901430,JOYCE,SEMWENDA,IDENT
20160731214317,SA5,901311,LOYCE,MASKINI,IDENT
20160731214337,SA5,901304,SOPHIA,ALLY,IDENT
20160731214502,SA1,900797,ASHAM,MUSA,IDENT
20160731214510,SA1,900403,BEDA,YUDA,IDENT
20160731214515,SA5,901395,HASHIM,HAIZA,IDENT
20160731214521,SA5,901411,AMINA,MUSA,IDENT
20160731214535,SA1,900806,GODFREY,KIHAWA,IDENT
20160731214752,SA5,901336,ISMAIL,MHINA,IDENT
20160731215020,SA5,901385,ABDALLA,MGAYA,IDENT
20160731215050,SA6,900703,MUSSA,MTALI,IDENT
20160731215149,SA6,900489,TUMAINI,MNZAVA,IDENT
20160731215207,SA1,900802,EMANUEL,SILAYO,IDENT
20160731215232,SA5,901384,JOSHUA,KITUNDU,IDENT
20160731215251,SA5,901408,SAIDI,MAKALA,IDENT
20160731215349,SA5,901347,JAMES,MAJIJI,IDENT
20160731215354,SA5,901303,TAUSI,KATULA,IDENT
20160731215401,SA5,901414,EMMANUEL,BANDIKO,IDENT
20160731215646,SA6,900428,GLADIS,MAZENGO,IDENT
20160731215704,SA5,901389,OMARY,JUMA,IDENT
20160731220217,SA5,901392,STELLA,MTALLO,IDENT
20160731220410,SA5,901345,ALHAJI,KIHIYO,IDENT
20160731220538,SA5,901400,DANIEL,MAKAYA,IDENT
20160731220658,SA6,900478,RAPHAEL,SENKONDO,IDENT
20160731220929,SA1,900820,SALUM,KAISI,IDENT
20160731220930,SA6,900487,STEPHEN,KAMBWEMBWE,IDENT
20160731221429,SA1,900456,KHALIFA,BASHILI,IDENT
20160731222117,SA5,901283,KEDMOND,KAMOGA,IDENT
20160731222849,SA6,900476,RAMADHANI,IDD,IDENT
20160801050742,SA1,900031,LUCAS,MABUYE,IDENT
20160801051318,SA6,900245,ABDALLAH,KIMULIMULI,IDENT
20160801051338,SA6,900006,ANDREW,JOSEPH,IDENT
20160801052048,SA5,900983,RUKIA,KONDO,IDENT
20160801052632,SA6,900010,BITSON,MWASILE,IDENT
20160801052908,SA6,900035,MOHAMED,HAUSI,IDENT
20160801053439,SA5,901281,JOSEPH,MUSUGULI,IDENT
20160801053539,SA5,901351,BARNABA,EDWARD,IDENT
20160801053648,SA5,901030,VERONICA,WANGWE,IDENT
20160801053703,SA6,900582,ZABRON,TOSSI,IDENT
20160801053726,SA5,900915,DOROTHEA,KILO,IDENT
20160801053741,SA5,901012,FATUMA,KABUMA,IDENT
20160801053746,SA5,901229,ANNA,NGAPONDA,IDENT
20160801053748,SA1,900296,SAVERY,KAJELA,IDENT
20160801053758,SA5,901285,THABIT,ALLY,IDENT
20160801053804,SA5,901090,HADIJA,JUMA,IDENT
20160801053837,SA5,901397,LINETH,KYARUS,IDENT
20160801053857,SA5,901353,DOREEN,MDOE,IDENT
20160801053925,SA6,900130,FATUMA,CHOMBO,IDENT
20160801053920,SA5,900993,MARIAM,MSUMALI,IDENT
20160801053925,SA5,901190,NEEMA,MNYALAPE,IDENT
20160801053928,SA5,901234,ANITHA,AHALIELI,IDENT
20160801053942,SA5,901256,AVERINA,AMANDUS,IDENT
20160801053946,SA5,901386,SHAMSI,MUHITI,IDENT
20160801053950,SA5,901246,VERONICA,MTENGWA,IDENT
20160801053953,SA5,901135,REHEMA,OMARY,IDENT
20160801053958,SA5,901245,EVERINA,MKETO,IDENT
20160801054015,SA5,901184,GRACE,NGALABA,IDENT
20160801054019,SA5,900878,AISHA,KIZINGA,IDENT
20160801054022,SA5,901113,ELIZABETH,SHIRIMA,IDENT
20160801054026,SA5,900945,ELIZABETH,MREMA,IDENT
20160801054029,SA5,901181,ASNA,SPRIAN,IDENT
20160801054034,SA5,901104,MWANAHAWA,HASSAN,IDENT
20160801054037,SA5,900959,REHEMA,LYOWA,IDENT
20160801054042,SA5,900894,NURU,MAKANDE,IDENT
20160801054045,SA5,901160,SAUDA,MCHECHE,IDENT
20160801054051,SA5,901244,SWAUMU,HIMBU,IDENT
20160801054054,SA5,901175,SALMA,RAMADHAN,IDENT
20160801054058,SA5,901183,YASINTA,MKIWA,IDENT
20160801054107,SA5,901133,HUSNA,SENGAMBA,IDENT
20160801054115,SA5,901042,FARIDA,NDAUKE,IDENT
20160801054127,SA5,900868,MAIMUNA,JARUFU,IDENT
20160801054132,SA5,901193,VICTORIA,MWAMPEGETE,IDENT
20160801054136,SA5,901255,ASHA,BILALI,IDENT
20160801054140,SA5,901375,PILLI,CHOLOGONDO,IDENT
20160801054143,SA5,901112,BUSHRA,SALUM,IDENT
20160801054148,SA5,901035,AGNES,NKONJELWA,IDENT
20160801054151,SA5,901162,MWANAHARUSI,MOHAMED,IDENT
20160801054156,SA5,900968,TAUSI,SIMBA,IDENT
20160801054158,SA5,901105,MTUMWA,ALLY,IDENT
20160801054207,SA5,900998,ASHA,MOHAMED,IDENT
20160801054216,SA5,900932,MONICA,LIGOMBAIKA,IDENT
20160801054224,SA5,900883,EDINA,ABED,IDENT
20160801054231,SA5,901009,MOSHI,SAIDI,IDENT
20160801054236,SA5,900976,LUCY,STANLEY,IDENT
20160801054240,SA5,900913,ASHURA,NGUMBE,IDENT
20160801054243,SA5,900899,MAGDALENA,SIMAO,IDENT
20160801054300,SA5,901360,MARRY,MASULUBE,IDENT
20160801054303,SA5,900974,ZAWADI,SADIKI,IDENT
20160801054311,SA5,900850,ROSE,KITALI,IDENT
20160801054320,SA5,901108,AISHA,WILLIUM,IDENT
20160801054323,SA5,901164,SWAUMU,KAYANDA,IDENT
20160801054332,SA5,900994,MWAISHA,MWAMOTO,IDENT
20160801054346,SA5,901023,AMINA,CHAKWE,IDENT
20160801054349,SA5,900927,SAADA,SALUM,IDENT
20160801054355,SA5,901067,HELENA,SAMWELI,IDENT
20160801054403,SA5,900885,AMINA,MZARA,IDENT
20160801054428,SA1,900290,RASHIDI,GEUZA,IDENT
20160801054434,SA6,900127,DUNCAN,MHANDO,IDENT
20160801054441,SA1,901557,WALTER,MAYA,IDENT
20160801054446,SA1,900442,ITIKA,DICKSON,IDENT
20160801054453,SA1,900816,MICHAEL,HUSEIN,IDENT
20160801054413,SA5,901230,KUDRA,BAKARI,IDENT
20160801054424,SA5,901032,MARISELINA,NGULI,IDENT
20160801054428,SA5,900967,FATUMA,MTAMBUA,IDENT
20160801054437,SA5,901022,SILIVIA,SHAYO,IDENT
20160801054440,SA5,901182,RENIFRIDA,NGUMBU,IDENT
20160801054443,SA5,901155,GRACE,MUHONO,IDENT
20160801054445,SA5,901034,STAMILI,MUSSA,IDENT
20160801054448,SA5,901007,MODESTA,JOGOO,IDENT
20160801054451,SA5,901168,REHEMA ,MWASOMOLA,IDENT
20160801054455,SA5,900904,ANNA,MAGEMBE,IDENT
20160801054505,SA5,901020,VICTORIA,MWALUANDA,IDENT
20160801054510,SA5,901186,FROLA,KILIMA,IDENT
20160801054514,SA5,901021,NEEMA ,MWANGO,IDENT
20160801054517,SA5,901026,FATUMA,KONYO,IDENT
20160801054527,SA5,901150,CHRISTINA,MBODE,IDENT
20160801054544,SA5,901290,AGNES,SALAWA,IDENT
20160801054552,SA5,900902,SAKINA,MAWEMBA,IDENT
20160801054556,SA5,900906,MARYSTELA,MCHOME,IDENT
20160801054557,SA6,900662,ABDALLAH,ABEID,IDENT
20160801054558,SA5,900905,AMINA,MUHIDINI,IDENT
20160801054602,SA5,901109,AMINA,MNYIFUNA,IDENT
20160801054602,SA4,901187,MONICA,SHEMBONI,IDENT
20160801054613,SA4,901122,NEEMA,FANUEL,IDENT
20160801054619,SA5,900988,UPENDO,PETER,IDENT
20160801054623,SA5,901037,FADINA,IBRAHIM,IDENT
20160801054624,SA4,901098,GERALD,MBAUKA,IDENT
20160801054627,SA5,900908,SALMA,RWAMBANO,IDENT
20160801054627,SA4,900921,MWAJUMA,IDDI,IDENT
20160801054630,SA5,900856,MWAJAMBU,HAMAD,IDENT
20160801054631,SA4,901231,ASHA,DUTCH,IDENT
20160801054633,SA6,E032,SANKARAN,JAYARAM,IDENT
20160801054634,SA4,901095,BEATA,KOMBA,IDENT
20160801054641,SA4,900943,MWAMINI,MPANGULE,IDENT
20160801054641,SA6,900541,GOLDEN,MDUBA,IDENT
20160801054646,SA1,900825,TITO,MWAMBE,IDENT
20160801054646,SA4,901215,MWANAIDI,KOLOKO,IDENT
20160801054651,SA4,901156,SAID,HAMISI,IDENT
20160801054651,SA5,901124,TABIA,OMARY,IDENT
20160801054654,SA5,900846,SARA,CHIDUNI,IDENT
20160801054654,SA4,900961,ELIZABETH,FRANCISCO,IDENT
20160801054657,SA4,901041,JACKLINI,MBOYA,IDENT
20160801054659,SA5,901115,FROLA,SIKWEMBE,IDENT
20160801054704,SA4,901212,JASMINI,MOHAMED,IDENT
20160801054705,SA5,900997,MARY,ONDURU,IDENT
20160801054708,SA4,900925,REGINA,THOMAS,IDENT
20160801054711,SA5,901238,MARIAM,SELEMANI,IDENT
20160801054714,SA4,901089,HARUNA,ATHUMANI,IDENT
20160801054717,SA4,901132,HEAVENLIGHT,NKYA,IDENT
20160801054721,SA4,901241,FATUMA,JUMA,IDENT
20160801054729,SA4,901219,MARIAM,MUSSA,IDENT
20160801054743,SA4,900863,ANNA,MICHAEL,IDENT
20160801054747,SA5,901419,JENIPHA,MWILONGO,IDENT
20160801054754,SA5,901311,LOYCE,MASKINI,IDENT
20160801054807,SA4,901129,FELISTA,NYAHENGE,IDENT
20160801054809,SA4,901170,BAHATI,SHABANI,IDENT
20160801054814,SA5,900879,RAHMA,KILO,IDENT
20160801054820,SA5,901059,JAZIRA,RAMADHANI,IDENT
20160801054822,SA4,900978,ELIZABETH,ZAE,IDENT
20160801054833,SA4,901117,HIDAYA,MASOUD,IDENT
20160801054837,SA4,901143,LINES,PILLI,IDENT
20160801054845,SA4,901136,HONORATA,SHAYO,IDENT
20160801054849,SA4,900884,HADIJA,GOGO,IDENT
20160801054852,SA4,901027,EDDA,MWAKIBINGWA,IDENT
20160801054857,SA4,900996,LILIAN,RASHIDI,IDENT
20160801054907,SA4,900985,BAHATI,SARAPIONI,IDENT
20160801054916,SA4,900951,MWAJUMA,AIDAN,IDENT
20160801054922,SA4,901088,JANETH,MUONDO,IDENT
20160801054927,SA1,900858,MUHSIN,ATHUMANI,IDENT
20160801054932,SA4,901111,ASIA,MSHAMU,IDENT
20160801054935,SA6,900480,RASHID,MOHAMED,IDENT
20160801054930,SA5,901373,ADELA,MSAGA,IDENT
20160801054938,SA5,901401,GASPAL,MKOBA,IDENT
20160801054942,SA4,900933,WINFRIDA,LUSEBA,IDENT
20160801054944,SA5,901387,GODFREY,YALED,IDENT
20160801054947,SA4,901107,MUHIDINI,HASSAN,IDENT
20160801054948,SA5,901422,EMMANUEL,KHALIDI,IDENT
20160801054951,SA4,901235,TUMAIN,MUNGURE,IDENT
20160801054951,SA5,901337,SALUM,LINJA,IDENT
20160801054956,SA4,901047,MWAJUMA,HAMIS,IDENT
20160801055001,SA4,901029,MARIAM,MWETEMBO,IDENT
20160801055013,SA4,901114,FARIDA,AMBLOS,IDENT
20160801055013,SA5,901378,HOYCE,TILLYA,IDENT
20160801055020,SA4,901243,PLAKSEDA,AKIZAMUNGU,IDENT
20160801055024,SA4,901237,ZUBEDA,KIMARO,IDENT
20160801055027,SA4,901218,JANE,RYOBA,IDENT
20160801055034,SA4,900970,MARIA,ELIESEL,IDENT
20160801055035,SA5,901094,MARTINA,FISSO,IDENT
20160801055036,SA4,901075,AGATHA,JAMALI,IDENT
20160801055038,SA1,900384,ABDALLA,SAIDI,IDENT
20160801055040,SA4,901092,ASIA,JUMA,IDENT
20160801055043,SA5,901407,AMINA,MSINGWA,IDENT
20160801055050,SA4,900901,NEEMA,NYAKOKI,IDENT
20160801055122,SA4,900939,STELLA,MAGOGWA,IDENT
20160801055128,SA5,901358,MWANAHAMIS ,MSUYA,IDENT
20160801055132,SA5,901342,ANDREW,KILUGWA,IDENT
20160801055134,SA4,900865,CHRISTINA,MAGOWELA,IDENT
20160801055139,SA5,901294,RATIFA,KAPINGA,IDENT
20160801055150,SA4,901167,KELVIN,NGOZI,IDENT
20160801055155,SA5,901280,WHITNESS,MSAGATI,IDENT
20160801055156,SA4,901198,MANEO,ATHUMANI,IDENT
20160801055204,SA4,900992,AGNES,MEJA,IDENT
20160801055208,SA4,900891,HINESS,KAAYA,IDENT
20160801055211,SA4,900972,SAFINA,ABEID,IDENT
20160801055215,SA4,900963,MWAZANI,SAIDI,IDENT
20160801055220,SA4,900981,FIDES,MONGI,IDENT
20160801055220,SA1,900466,MATHEW,PHILIP,IDENT
20160801055223,SA4,901130,NURU,DAUDI,IDENT
20160801055231,SA4,901251,GATI,NYANTUMAN,IDENT
20160801055233,SA4,901076,AGNESS,NGAPONDA,IDENT
20160801055237,SA1,900809,JAMES,MWENDA,IDENT
20160801055243,SA1,900813,LEONARD,PETER,IDENT
20160801055243,SA4,901051,HABIBA,PAZZI,IDENT
20160801055254,SA4,901192,ASMA,KONDO,IDENT
20160801055259,SA5,901314,JANE,NYAGAWA,IDENT
20160801055301,SA4,901247,KULUTHUM,CHILEMILE,IDENT
20160801055309,SA5,901296,STELLA,LUGOME,IDENT
20160801055313,SA6,900056,YESAYA,NTUNDUU,IDENT
20160801055317,SA4,901185,JOYCE,SAMWEL,IDENT
20160801055324,SA1,900770,ANDERSON,KIKOTI,IDENT
20160801055326,SA4,901173,BAHATI,MAKAMBA,IDENT
20160801055328,SA4,901017,CATHERINE,NYEMA,IDENT
20160801055330,SA1,900719,STEPHAN,SIMON,IDENT
20160801055338,SA1,900789,KAMPBONA,PASCAL,IDENT
20160801055342,SA6,900474,PHILBERT,MATOGO,IDENT
20160801055350,SA5,901322,SARAH,ALLY,IDENT
20160801055358,SA4,901253,JOYCE,KESI,IDENT
20160801055402,SA4,901123,REBECA,KALOFU,IDENT
20160801055409,SA6,900112,ABDALLAH,MIKALAMBILO,IDENT
20160801055415,SA6,901149,EPIFANI, MBOKO,IDENT
20160801055501,SA6,900568,GODWIN,KIRIA,IDENT
20160801055412,SA5,901328,MARRY,SHOO,IDENT
20160801055418,SA5,901361,MARRY,MLIUNJA,IDENT
20160801055423,SA5,901346,FRANK,MANDI,IDENT
20160801055431,SA5,901344,JACKSON,ATANUS,IDENT
20160801055446,SA5,901414,EMMANUEL,BANDIKO,IDENT
20160801055453,SA5,901417,REHEMA,SINDANO,IDENT
20160801055456,SA5,900855,SINAHIA,OMARI,IDENT
20160801055457,SA4,901274,AMINA,KAHABUKA,IDENT
20160801055502,SA4,901043,ANNA,JOHN,IDENT
20160801055507,SA4,901276,COSTASIA,LUCAS,IDENT
20160801055507,SA5,901307,MATRIDA,CHUVAKA,IDENT
20160801055513,SA5,901320,REHEMA,ALLY,IDENT
20160801055534,SA4,900950,ASHURA,ATHUMAN,IDENT
20160801055537,SA4,901217,VIVIAN,MWANGATA,IDENT
20160801055539,SA1,900782,JANETH,DADAA,IDENT
20160801055540,SA5,901370,MARIAM,MJELELE,IDENT
20160801055547,SA1,900440,IDRISA,KIMARO,IDENT
20160801055550,SA5,901402,ALLY,SELEMAN,IDENT
20160801055556,SA4,900914,HAWA,MWIMBE,IDENT
20160801055558,SA5,901303,TAUSI,KATULA,IDENT
20160801055615,SA4,901189,KURUTHUM,KHAMISI,IDENT
20160801055622,SA5,901383,JOAN,OMANDI,IDENT
20160801055627,SA5,901347,JAMES,MAJIJI,IDENT
20160801055632,SA5,901345,ALHAJI,KIHIYO,IDENT
20160801055632,SA4,901261,ZAINA,KILWANDA,IDENT
20160801055648,SA5,900853,DEVOTHA,ELIAS,IDENT
20160801055653,SA5,901315,FIDEA,AGUSTINO,IDENT
20160801055704,SA4,901137,SOFIA,KIUMBE,IDENT
20160801055710,SA4,901202,VITALIS,KESSI,IDENT
20160801055714,SA6,900046,SALUM,NDEGE,IDENT
20160801055716,SA4,901203,STANLEY,KIGUNGA,IDENT
20160801055723,SA4,901201,DEOGRATIUS,KESSY,IDENT
20160801055727,SA5,901291,AISHA,ISSA,IDENT
20160801055738,SA4,901127,ZAHARA,MBELWA,IDENT
20160801055743,SA4,901194,ELINA,ABEL,IDENT
20160801055747,SA4,901271,RACHEL,MCHOVU,IDENT
20160801055750,SA4,900934,MWAJABU,MARIDADI,IDENT
20160801055753,SA5,901338,WAZIRI,WAZIRI,IDENT
20160801055758,SA6,900444,JOHN,MEDA,IDENT
20160801055816,SA4,900867,AISHA,KIUMBA,IDENT
20160801055820,SA4,901025,ASHURA,HAMISI,IDENT
20160801055822,SA1,900755,NICHALAUS,AUGUSTINO,IDENT
20160801055826,SA4,900881,ZAINABU,SAIDI,IDENT
20160801055829,SA4,901052,SUZANA,NAPANGA,IDENT
20160801055835,SA5,901284,MOHAMED,IDDI,IDENT
20160801055839,SA5,901297,STELLA,MAKUNDI,IDENT
20160801055845,SA5,901400,DANIEL,MAKAYA,IDENT
20160801055854,SA6,900575,CHRISTINA ,SENYANGWA,IDENT
20160801055908,SA5,901381,DOROSTA,CLEMANCE,IDENT
20160801055919,SA4,901209,MIRIAM,MNDEWA,IDENT
20160801055950,SA6,900048,SHELLA,MFAUME,IDENT
20160801055958,SA1,900426,GESAGA,RAMADHANI,IDENT
20160801060041,SA6,900489,TUMAINI,MNZAVA,IDENT
20160801055912,SA5,901380,BISURA,MCHELEO,IDENT
20160801055925,SA5,901391,GEOFREY,MAPESA,IDENT
20160801055938,SA5,901343,SEBASTIAN,KIPINGU,IDENT
20160801055947,SA4,901152,STELLA,MWAKATOBE,IDENT
20160801060014,SA1,900747,ADAM,MASALE,IDENT
20160801060017,SA4,900890,OLIVER,UDOBA,IDENT
20160801060019,SA1,900725,SAMSONI,KINGU,IDENT
20160801060022,SA5,901323,AMINA,HAMISI,IDENT
20160801060026,SA1,900733,ALHAJI,IDD,IDENT
20160801060033,SA4,900917,SALMA,DIWILE,IDENT
20160801060040,SA5,901392,STELLA,MTALLO,IDENT
20160801060045,SA4,901078,NASMA,LINOGA,IDENT
20160801060046,SA5,901289,CONSOLATHA,RAPHAEL,IDENT
20160801060110,SA4,901050,MARIAM,SAIDI,IDENT
20160801060127,SA1,900792,IDDI,IDDI,IDENT
20160801060140,SA6,900420,FRANCIS,TESHA,IDENT
20160801060148,SA5,901377,HUSSEIN,MANYEMBA,IDENT
20160801060150,SA1,900775,SABATO,JULIUS,IDENT
20160801060156,SA1,900463,MARTENUS,MAPESA,IDENT
20160801060209,SA4,901140,ASHURA,MGENI,IDENT
20160801060236,SA4,901004,ZAHARA,YANGE,IDENT
20160801060250,SA4,901048,HALIMA,IDDI,IDENT
20160801060307,SA4,901045,ASHURA,KATULA,IDENT
20160801060309,SA1,900732,ELIA,FRANCIS,IDENT
20160801060324,SA1,900762,SAID,MOHAMED,IDENT
20160801060350,SA1,900741,ERICK,LUWUNGO,IDENT
20160801060400,SA1,900819,PATRICK,MTONDOLA,IDENT
20160801060404,SA6,900478,RAPHAEL,SENKONDO,IDENT
20160801060539,SA6,900661,ADILILA,KONGA,IDENT
20160801060549,SA6,900443,JABIRI,RAMADHANI,IDENT
20160801060422,SA5,901412,ELIA,NGWALI,IDENT
20160801060425,SA5,901179,AMANDA,KWEZI,IDENT
20160801060515,SA1,900717,GODFREY,LAMBAU,IDENT
20160801060519,SA4,900953,JANE,LUSENDELA,IDENT
20160801060527,SA1,900754,ROBERT,JORAM,IDENT
20160801060532,SA1,900740,SPEDICTOR,NGOGO,IDENT
20160801060551,SA1,900764,OMBENI,MICHAEL,IDENT
20160801060627,SA1,900403,BEDA,YUDA,IDENT
20160801060632,SA1,900797,ASHAM,MUSA,IDENT
20160801060636,SA1,900411,DEO,JULIUS,IDENT
20160801060644,SA1,900578,MTARI,MAGINGA,IDENT
20160801060656,SA1,900421,FRANK ,MUSHI,IDENT
20160801060700,SA1,900810,JOSEPH,JULIUS,IDENT
20160801060703,SA1,900802,EMANUEL,SILAYO,IDENT
20160801060737,SA1,900820,SALUM,KAISI,IDENT
20160801060753,SA6,900138,HUSSEIN,SHABANI,IDENT
20160801060813,SA1,900456,KHALIFA,BASHILI,IDENT
20160801060825,SA1,900768,FILAN,FATAEL,IDENT
20160801060904,SA1,900800,NAPEGWA,JACOB,IDENT
20160801060937,SA1,900001,ABDALLAH,JUMANNE,IDENT
20160801060943,SA1,900751,TUSKAR,HALFANI,IDENT
20160801061029,SA6,900139,IDD,YUSUFU,IDENT
20160801060942,SA5,901306,VAILETH,NGULO,IDENT
20160801061055,SA6,900428,GLADIS,MAZENGO,IDENT
20160801061104,SA1,900767,GLADNESS,KAIRUKI,IDENT
20160801061115,SA1,900718,WILSON,ALOIS,IDENT
20160801061201,SA1,900822,MENRUFU,PILLY,IDENT
20160801061210,SA1,900722,ELIZABETH,MATHIUS,IDENT
20160801061218,SA6,900469,MICHAEL,MDACHI,IDENT
20160801061223,SA1,900281,NAYOPA,MTENDECHI,IDENT
20160801061316,SA1,900726,ABDALLAH,CHOBO,IDENT
20160801061411,SA1,900803,EMMANUEL,YOUZE,IDENT
20160801061426,SA1,900784,WILLIAM,MSOLOKA,IDENT
20160801061431,SA1,900826,VITALIS,HOTTI,IDENT
20160801061439,SA5,901336,ISMAIL,MHINA,IDENT
20160801061509,SA1,900801,DAVID ,MWANJA,IDENT
20160801061615,SA6,900626,AUGUSTINO,CHITANDA,IDENT
20160801061733,SA6,900115,AKIDA,DUGANGE,IDENT
20160801061748,SA6,900409,DANIEL,MROPE,IDENT
20160801061827,SA1,900410,DAVID,JOSEPH,IDENT
20160801061856,SA1,900154,MWAJUMA,MSAKUZI,IDENT
20160801061908,SA5,901428,YOHANA,LEONARD,IDENT
20160801061915,SA1,900774,MBEWE,ELIUS,IDENT
20160801062017,SA1,900238,SAIMON,TARIMO,IDENT
20160801062022,SA1,900788,DEBORA,MWASOMOLA,IDENT
20160801062143,SA1,900272,ISRAEL,GYUNA,IDENT
20160801062228,SA1,900790,ISIHAKA,IDDI,IDENT
20160801062326,SA1,900806,GODFREY,KIHAWA,IDENT
20160801062611,SA1,900242,WILSON,ANYNGISE,IDENT
20160801062616,SA1,900771,DATIUS,MARTINE,IDENT
20160801062847,SA6,900449,JUMA,SANGAYA,IDENT
20160801064025,SA6,900040,MWAJUMA,KATONA,IDENT
20160801064250,SA6,900116,ASHA,ALLY,IDENT
20160801064308,SA1,900209,ANGELA,MBESIGWE,IDENT
20160801064448,SA1,900720,FRANCIS,RAFAEL,IDENT
20160801064739,SA1,900804,FROLAH,MPONDO,IDENT
20160801065152,SA1,900571,FRANK,MALIMA,IDENT
20160801065445,SA6,900611,EVARIST,MPINGAURUGU,IDENT
20160801065457,SA6,900051,SUDI,KHALFANI,IDENT
20160801070135,SA6,900133,GEORGE,GIDION,IDENT
20160801070244,SA6,900120,BENEDICTO,MBOKO,IDENT
20160801070522,SA5,901339,JAMES,MKONO,IDENT
20160801071227,SA6,101110,ESTER,THEOOFIL,IDENT
20160801071517,SA6,901434,JOSEPHINA,HAU,IDENT
20160801071744,SA6,900629,MICHAEL,ZAMBETAKIS,IDENT
20160801071919,SA5,901327,EMERY,MSUNGU,IDENT
20160801072245,SA6,900385,ABDALLAH,MOHAMED,IDENT
20160801072305,SA6,901431,AMBALI,SOUD,IDENT
20160801072343,SA6,900291,RASHIDI,MUSSSA,IDENT
20160801072352,SA6,900171,ROBERT,MFUNI,IDENT
20160801072555,SA6,900041,NELSON,MTEMI,IDENT
20160801072754,SA5,901278,HENRY ,CHELULA,IDENT
20160801072815,SA6,900007,ANNA,DUA,IDENT
20160801073001,SA6,900029,JUMANNE,MBONDE,IDENT
20160801073218,SA6,900123,CHARLES,LUSWETULA,IDENT
20160801073327,SA6,900397,ANNA,MOSHI,IDENT
20160801073333,SA1,900429,GOODLUCK,LYAHONA,IDENT
20160801073504,SA6,900389,AHMAD,KINDUMA,IDENT
20160801073954,SA1,900505,JESCA,MATECHI,IDENT
20160801074403,SA6,901265,FRANK ,RUZIGA,IDENT
20160801074441,SA6,900100,AROBOGAST,MOGELLA,IDENT
20160801074529,SA6,900432,HAMZA,ABDALLAH,IDENT
20160801074700,SA6,900132,FRIDA,KIGWA,IDENT
20160801074846,SA6,E076,KAILASH,MONEN,IDENT
20160801074903,SA1,101141,FRANK,RAPAHAEL,IDENT
20160801074911,SA1,101123,KHAMISI ,PEMBE,IDENT
20160801075050,SA6,900262,FRIDA, MWAMBEGELE,IDENT
20160801075036,SA1,900098,TATU,MTUPA,IDENT
20160801075045,SA1,900547,COLMAN,KIWALE,IDENT
20160801075119,SA6,900470,MODEST,NJAU,IDENT
20160801075153,SA6,900143,JACKLINE,MAIGA,IDENT
20160801075156,SA6,900143,JACKLINE,MAIGA,IDENT
20160801075241,SA1,900715,ELIASI,KIZITO,IDENT
20160801075244,SA6,900268,GWANTWA,MWASYEBULE,IDENT
20160801075249,SA6,900703,MUSSA,MTALI,IDENT
20160801075259,SA5,901332,NASRA,MSANYA,IDENT
20160801075337,SA6,900111,SALUM,SAIDI,IDENT
20160801075352,SA1,900687,PROTUS,RUWANDA,IDENT
20160801075355,SA1,901575,LINDA,MLAY,IDENT
20160801075404,SA1,101588,ATHUMAN,SALIM,IDENT
20160801075410,SA6,900566,ERICK,NDUNGURU,IDENT
20160801075417,SA6,900017,FIKA,JOMSON,IDENT
20160801075417,SA1,900706,MECKLEEN,NANGEDA,IDENT
20160801075428,SA4,900941,KULWA,MSUMA,IDENT
20160801075434,SA6,E079,BALASUBRAMANIAM,M,IDENT
20160801075441,SA6,900050,STANLEY,JEREMIAH,IDENT
20160801075448,SA6,900050,STANLEY,JEREMIAH,IDENT
20160801075456,SA6,900388,AGNES,SHAYO,IDENT
20160801075506,SA6,900418			,FELIX,WAUSA,IDENT
20160801075512,SA6,900173,SHARIFA,MRISHO,IDENT
20160801075517,SA6,901439,MUSA,MZEE,IDENT
20160801075521,SA6,901435,FILES,MBANDO,IDENT
20160801075526,SA6,900446,JOSEPH,KIBASA,IDENT
20160801075539,SA6,900436,HONEST,MATEMU,IDENT
20160801075440,SA4,901239,SAKINA,KIZEE,IDENT
20160801075537,SA5,901334,SHAIBU,KASANGA,IDENT
20160801075542,SA1,900712,JUMA,JUMBE,IDENT
20160801075545,SA1,900707,ATHUMANI,SALEHE,IDENT
20160801075550,SA1,900714,STIVINI,STIVINI,IDENT
20160801075556,SA1,900843,KHALFANI,SHABAN,IDENT
20160801075607,SA6,900485,SHUFAA,ABEID,IDENT
20160801075613,SA6,900472,MWALIMU,SELEMANI,IDENT
20160801075613,SA1,900515,SHOMARI,KIMBWEMBWE,IDENT
20160801075617,SA1,101140,FAUSTINI,MGIMBA,IDENT
20160801075631,SA1,900500,HEMEDI,KANIKI,IDENT
20160801075634,SA6,900144,JANE,MWAKABULUFU,IDENT
20160801075638,SA6,900407,CHRISTIAN ,NGONYANI,IDENT
20160801075643,SA1,101124,KHALIDI,KASSIMU,IDENT
20160801075652,SA6,900468,MICHAEL,IBRAHIM,IDENT
20160801075703,SA6,900184,JASPER,NGURUBE,IDENT
20160801075709,SA1,200053,MIKIDADI,NGODU,IDENT
20160801075717,SA6,900039,MWAJABU,ALLY,IDENT
20160801075745,SA1,900499,HASSAN,HAULE,IDENT
20160801075809,SA6,900701,MATHEW,NDANSHAU,IDENT
20160801075824,SA1,900710,NICHOLAS,KAPANDE,IDENT
20160801075826,SA6,E060,ANOOP,TIWARI,IDENT
20160801075829,SA1,101118,MANENO,RAMADHANI,IDENT
20160801075830,SA6,900257,ENGLIBERTH,DAUDI,IDENT
20160801075832,SA1,900709,MRISHO,ATHUMANI,IDENT
20160801075835,SA6,900448,JOSEPH,MKELEBE,IDENT
20160801075840,SA6,900393,ALLY,MTWALE,IDENT
20160801075843,SA1,101114,ABUBAKARI,KHALIDI,IDENT
20160801075926,SA6,900560,DEOGRASIAS,STEPHIN,IDENT
20160801075932,SA6,900462,MANDZEL,KWIMBA,IDENT
20160801075938,SA1,101143,ISMAIL,KONDO,IDENT
20160801075959,SA6,E021,RAJA,SWAMINATHAN,IDENT
20160801080022,SA6,900408,COLLMAN,KISISA,IDENT
20160801080030,SA6,900292,ROSE,CHIKAWE,IDENT
20160801080042,SA6,900247,ALLY,SELEMANI,IDENT
20160801080045,SA6,900465,MARTIN,KIDUNGU,IDENT
20160801075916,SA5,200171,RESPICIUS, NDYAMUKAMWA,IDENT
20160801080009,SA1,900441,ISSA,KAISI,IDENT
20160801080022,SA1,101531,RASHIDI,BAKARI,IDENT
20160801080102,SA6,900464,MARTHA,MWIKOLA,IDENT
20160801080114,SA6,900043,RANI,MOHAR,IDENT
20160801080214,SA6,900584,LUCY,MACHAI,IDENT
20160801080220,SA6,901440,UMMY,KWANGALA,IDENT
20160801080223,SA5,901335,YONA,MAPELELE,IDENT
20160801080224,SA6,900165,RAMADHANI,NYENJE,IDENT
20160801080254,SA6,900431,HAMADI,ZUBERI,IDENT
20160801080259,SA6,901438,MARY,JOSEPH,IDENT
20160801080302,SA4,900944,FROLA,KAMARA,IDENT
20160801080303,SA6,900126,DORIKA,MALYANGO,IDENT
20160801080307,SA6,900581,SAADA,MUHINTE,IDENT
20160801080328,SA1,900425,GEORGE,JOSEPH,IDENT
20160801080333,SA1,900655,ZAINAB,JERECKO,IDENT
20160801080342,SA6,900108,NORAH,CLEMENCE,IDENT
20160801080344,SA1,900517,THERESIA,NJAU,IDENT
20160801080358,SA6,E041,JAGAN MOHAN,YERUVA,IDENT
20160801080426,SA6,900591,RASHID ,MUNKENDA,IDENT
20160801080453,SA6,900416,ERICK,DAUD,IDENT
20160801080458,SA6,900454,KHALFAN,AMOUR,IDENT
20160801080503,SA6,900488,THOBIAS,KIWELU,IDENT
20160801080531,SA6,900398,ARSEN, RWEBANGILA	,IDENT
20160801080536,SA6,900004,AGATHA,KAYOMBO,IDENT
20160801080548,SA6,900458,KIBWANA,SAIDI,IDENT
20160801080515,SA4,900979,FATUMA,MSAKUZI,IDENT
20160801080545,SA1,101134,HASSAN,KAPANYA,IDENT
20160801080611,SA4,900910,ZAINABU,SADALLAH,IDENT
20160801080622,SA6,E043,VAGEESH,KUMAR,IDENT
20160801080626,SA1,101115,ATHUUMANI,HEMEDI,IDENT
20160801080630,SA6,900107,MSELEM,MSELEM,IDENT
20160801080631,SA1,900645,PETER,MTOLELA,IDENT
20160801080635,SA6,901432,AMINA,SOGOI,IDENT
20160801080639,SA6,900574,FURAHA,MSAMBWA,IDENT
20160801080646,SA1,900239,SOPHIA,MUSHI,IDENT
20160801080653,SA6,900414,EMMANUEL ,SERAPHINE,IDENT
20160801080656,SA1,900225,JOHN,FREDRICK,IDENT
20160801080659,SA1,900516,SOLOMON,MBANGA,IDENT
20160801080706,SA1,900852,LEONCE,BARONGO,IDENT
20160801080709,SA1,900024,JOSEPH,TWALIB,IDENT
20160801080728,SA1,900503,JANE,RWEHUMBIZA,IDENT
20160801080746,SA1,900224,JABIRI,AMANZI,IDENT
20160801080755,SA6,900103,FREDNAND,JACKSON,IDENT
20160801080829,SA6,900682,BENEDICT,ELIAS,IDENT
20160801080832,SA1,900713,ANICET,ABEL,IDENT
20160801080848,SA1,900236,PENDO,MAGIGE,IDENT
20160801080859,SA1,900157,MZEE,KONDOWE,IDENT
20160801080945,SA6,900151,LISSY,KIGONJOLA,IDENT
20160801080949,SA6,900413,ELIBAHATI,JOSEPH,IDENT
20160801080957,SA1,900502,IMAM,AJABU,IDENT
20160801081029,SA6,900128,ENELES,MBWAGA,IDENT
20160801081031,SA6,900155,MWANAFATIMA,MATIPA,IDENT
20160801081038,SA6,900430,GWAKISA,MWAKASAGURE,IDENT
20160801081050,SA6,900387,ADAM,KINGU,IDENT
