20161031092935,SA6,900246,ABDULKARIM,ALI,IDENT
20161031122228,SA6,900257,ENGLIBERTH,DAUDI,IDENT
20161031130133,SA6,900484,SHANI,MOHAMED,IDENT
20161031132103,SA6,900010,BITSON,MWASILE,IDENT
20161031132753,SA1,900154,MWAJUMA,MSAKUZI,IDENT
20161031132826,SA6,900049,SIHABA,NAKIPENGELE,IDENT
20161031132940,SA6,900169,REHEMA,YUSUFU,IDENT
20161031132947,SA5,901421,ALFRED,MUGHWAI,IDENT
20161031132952,SA5,901283,KEDMOND,KAMOGA,IDENT
20161031133016,SA5,901412,ELIA,NGWALI,IDENT
20161031133047,SA5,901352,ABDALAH,SUDY,IDENT
20161031133106,SA6,900140,IGNATUS,MLANGWA,IDENT
20161031133110,SA5,900884,HADIJA,GOGO,IDENT
20161031133116,SA5,901078,NASMA,LINOGA,IDENT
20161031133256,SA5,901383,JOAN,OMANDI,IDENT
20161031133300,SA5,901355,HALIMA,SANANE,IDENT
20161031133304,SA5,901368,NAOMI,YUSUPH,IDENT
20161031133336,SA4,900844,AISHA,MSOMI,IDENT
20161031133340,SA5,901303,TAUSI,KATULA,IDENT
20161031133414,SA4,901229,ANNA,NGAPONDA,IDENT
20161031133417,SA5,901298,SWAUMU,MZIRAI,IDENT
20161031133441,SA1,900594,GASPER,MATALO,IDENT
20161031133447,SA4,901219,MARIAM,MUSSA,IDENT
20161031133550,SA5,901289,CONSOLATHA,RAPHAEL,IDENT
20161031133553,SA4,901117,HIDAYA,MASOUD,IDENT
20161031133555,SA5,901413,LEILA,KIMBENGELE,IDENT
20161031133600,SA4,900997,MARY,ONDURU,IDENT
20161031133623,SA4,901247,KULUTHUM,CHILEMILE,IDENT
20161031133628,SA4,900913,ASHURA,NGUMBE,IDENT
20161031133637,SA4,900983,RUKIA,KONDO,IDENT
20161031133644,SA4,901133,HUSNA,SENGAMBA,IDENT
20161031133655,SA4,901023,AMINA,CHAKWE,IDENT
20161031133711,SA4,901234,ANITHA,AHALIELI,IDENT
20161031133716,SA4,901238,MARIAM,SELEMANI,IDENT
20161031133722,SA4,900879,RAHMA,KILO,IDENT
20161031133743,SA4,901168,REHEMA ,MWASOMOLA,IDENT
20161031133757,SA4,901193,VICTORIA,MWAMPEGETE,IDENT
20161031133804,SA4,901113,ELIZABETH,SHIRIMA,IDENT
20161031133809,SA4,900988,UPENDO,PETER,IDENT
20161031133816,SA4,901105,MTUMWA,ALLY,IDENT
20161031133822,SA4,900908,SALMA,RWAMBANO,IDENT
20161031133830,SA4,901034,STAMILI,MUSSA,IDENT
20161031133836,SA4,901245,EVERINA,MKETO,IDENT
20161031133843,SA4,901190,NEEMA,MNYALAPE,IDENT
20161031133428,SA2,901021,NEEMA ,MWANGO,IDENT
20161031133442,SA3,901198,MANEO,ATHUMANI,IDENT
20161031133537,SA6,900447,JOSEPH,LUSANA,IDENT
20161031133745,SA6,900056,YESAYA,NTUNDUU,IDENT
20161031133750,SA5,901279,NEEMA, GODFREY,IDENT
20161031133755,SA1,900816,MICHAEL,HUSEIN,IDENT
20161031133756,SA6,900627,BAHATI,KAPIGA,IDENT
20161031133810,SA5,901414,EMMANUEL,BANDIKO,IDENT
20161031133816,SA5,901392,STELLA,MTALLO,IDENT
20161031133822,SA5,901381,DOROSTA,CLEMANCE,IDENT
20161031133828,SA5,901286,AGNES,LUCAS,IDENT
20161031133834,SA5,901012,FATUMA,KABUMA,IDENT
20161031133850,SA4,901123,REBECA,KALOFU,IDENT
20161031133857,SA4,901007,MODESTA,JOGOO,IDENT
20161031133916,SA4,901127,ZAHARA,MBELWA,IDENT
20161031133924,SA6,900040,MWAJUMA,KATONA,IDENT
20161031133934,SA5,901292,SARA,YOEL,IDENT
20161031133942,SA4,901241,FATUMA,JUMA,IDENT
20161031133947,SA4,900959,REHEMA,LYOWA,IDENT
20161031133952,SA4,900921,MWAJUMA,IDDI,IDENT
20161031133955,SA4,901091,FARIDA,LYIMO,IDENT
20161031134001,SA4,901135,REHEMA,OMARY,IDENT
20161031134007,SA4,901174,BETH,NGADADA,IDENT
20161031134011,SA2,901009,MOSHI,SAIDI,IDENT
20161031134016,SA6,900541,GOLDEN,MDUBA,IDENT
20161031134023,SA4,901038,AMINA,MDOE,IDENT
20161031134029,SA4,901026,FATUMA,KONYO,IDENT
20161031134032,SA1,900542,POUL,KIBELA,IDENT
20161031134052,SA4,900962,JOSEPH,ELISAFI,IDENT
20161031134058,SA2,900905,AMINA,MUHIDINI,IDENT
20161031134101,SA5,901423,CONSOLATHA,JOSEPH,IDENT
20161031134106,SA4,901186,FROLA,KILIMA,IDENT
20161031134113,SA2,901035,AGNES,NKONJELWA,IDENT
20161031134121,SA2,901167,KELVIN,NGOZI,IDENT
20161031134125,SA4,901059,JAZIRA,RAMADHANI,IDENT
20161031134130,SA4,901063,RACHEL,MZOROZORO,IDENT
20161031134136,SA4,900899,MAGDALENA,SIMAO,IDENT
20161031134139,SA1,900758,MOHAMEDY,ATHUMANI,IDENT
20161031134142,SA1,101945,JAMES,VALENTINE,IDENT
20161031134152,SA1,900732,ELIA,FRANCIS,IDENT
20161031134152,SA2,900947,ANNA,GODISON,IDENT
20161031134154,SA4,901112,BUSHRA,SALUM,IDENT
20161031134159,SA4,901181,ASNA,SPRIAN,IDENT
20161031134205,SA4,900927,SAADA,SALUM,IDENT
20161031134209,SA4,901114,FARIDA,AMBLOS,IDENT
20161031134214,SA4,900968,TAUSI,SIMBA,IDENT
20161031134218,SA5,901363,ZUCRA,SWEDI,IDENT
20161031134219,SA4,900878,AISHA,KIZINGA,IDENT
20161031134222,SA2,900915,DOROTHEA,KILO,IDENT
20161031134223,SA5,900925,REGINA,THOMAS,IDENT
20161031134228,SA4,901189,KURUTHUM,KHAMISI,IDENT
20161031134229,SA5,901129,FELISTA,NYAHENGE,IDENT
20161031134235,SA4,901237,ZUBEDA,KIMARO,IDENT
20161031134241,SA4,901253,JOYCE,KESI,IDENT
20161031134243,SA2,901032,MARISELINA,NGULI,IDENT
20161031134251,SA4,901089,HARUNA,ATHUMANI,IDENT
20161031134255,SA1,900217,FRED,JAMES,IDENT
20161031134256,SA4,901230,KUDRA,BAKARI,IDENT
20161031134302,SA4,901218,JANE,RYOBA,IDENT
20161031134303,SA1,900721,GISELA,SHAYO,IDENT
20161031134306,SA1,900244,YOHA,MSANGI,IDENT
20161031134307,SA4,900890,OLIVER,UDOBA,IDENT
20161031134313,SA4,901243,PLAKSEDA,AKIZAMUNGU,IDENT
20161031134323,SA4,901143,LINES,PILLI,IDENT
20161031134329,SA2,900883,EDINA,ABED,IDENT
20161031134329,SA4,901115,FROLA,SIKWEMBE,IDENT
20161031134334,SA4,900994,MWAISHA,MWAMOTO,IDENT
20161031134341,SA4,901256,AVERINA,AMANDUS,IDENT
20161031134349,SA3,901037,FADINA,IBRAHIM,IDENT
20161031134351,SA4,901187,MONICA,SHEMBONI,IDENT
20161031134356,SA4,901235,TUMAIN,MUNGURE,IDENT
20161031134404,SA4,901017,CATHERINE,NYEMA,IDENT
20161031134409,SA4,901152,STELLA,MWAKATOBE,IDENT
20161031134414,SA4,901132,HEAVENLIGHT,NKYA,IDENT
20161031134416,SA5,901052,SUZANA,NAPANGA,IDENT
20161031134421,SA5,901255,ASHA,BILALI,IDENT
20161031134426,SA5,901122,NEEMA,FANUEL,IDENT
20161031134426,SA4,900945,ELIZABETH,MREMA,IDENT
20161031134432,SA4,901185,JOYCE,SAMWEL,IDENT
20161031134433,SA5,901361,MARRY,MLIUNJA,IDENT
20161031134438,SA4,900904,ANNA,MAGEMBE,IDENT
20161031134440,SA5,901288,EPIPHANIA,LUKWI,IDENT
20161031134443,SA4,901231,ASHA,DUTCH,IDENT
20161031134445,SA5,900906,MARYSTELA,MCHOME,IDENT
20161031134458,SA4,901246,VERONICA,MTENGWA,IDENT
20161031134503,SA5,901277,NEEMA,UISO,IDENT
20161031134504,SA4,901092,ASIA,JUMA,IDENT
20161031134509,SA5,900897,SWAUMU,SAIDI,IDENT
20161031134510,SA4,900846,SARA,CHIDUNI,IDENT
20161031134515,SA4,901184,GRACE,NGALABA,IDENT
20161031134520,SA4,901104,MWANAHAWA,HASSAN,IDENT
20161031134523,SA5,900963,MWAZANI,SAIDI,IDENT
20161031134526,SA4,900985,BAHATI,SARAPIONI,IDENT
20161031134528,SA5,901282,ADAM,MUSSA,IDENT
20161031134535,SA4,901042,FARIDA,NDAUKE,IDENT
20161031134538,SA5,901377,HUSSEIN,MANYEMBA,IDENT
20161031134540,SA4,901130,NURU,DAUDI,IDENT
20161031134547,SA4,900974,ZAWADI,SADIKI,IDENT
20161031134550,SA5,900853,DEVOTHA,ELIAS,IDENT
20161031134552,SA4,900939,STELLA,MAGOGWA,IDENT
20161031134558,SA4,901108,AISHA,WILLIUM,IDENT
20161031134602,SA4,901022,SILIVIA,SHAYO,IDENT
20161031134608,SA4,901215,MWANAIDI,KOLOKO,IDENT
20161031134612,SA1,900766,JUDITH,GEOFREY,IDENT
20161031134617,SA4,901025,ASHURA,HAMISI,IDENT
20161031134625,SA5,901313,FATUMA,KAUNDA,IDENT
20161031134626,SA4,900894,NURU,MAKANDE,IDENT
20161031134630,SA4,901136,HONORATA,SHAYO,IDENT
20161031134634,SA4,901027,EDDA,MWAKIBINGWA,IDENT
20161031134638,SA4,901030,VERONICA,WANGWE,IDENT
20161031134646,SA4,900993,MARIAM,MSUMALI,IDENT
20161031134651,SA4,900856,MWAJAMBU,HAMAD,IDENT
20161031134700,SA4,900970,MARIA,ELIESEL,IDENT
20161031134705,SA4,900996,LILIAN,RASHIDI,IDENT
20161031134713,SA4,901029,MARIAM,MWETEMBO,IDENT
20161031134720,SA4,901140,ASHURA,MGENI,IDENT
20161031134727,SA4,901046,GRADIS,MAGANA,IDENT
20161031134738,SA4,901124,TABIA,OMARY,IDENT
20161031134745,SA4,900862,EDINA,MWAKYOMA,IDENT
20161031134803,SA4,900953,JANE,LUSENDELA,IDENT
20161031134808,SA4,900881,ZAINABU,SAIDI,IDENT
20161031134834,SA4,901173,BAHATI,MAKAMBA,IDENT
20161031134847,SA4,900967,FATUMA,MTAMBUA,IDENT
20161031134410,SA2,900868,MAIMUNA,JARUFU,IDENT
20161031134449,SA2,901065,ZAINABU,KARUMUNA,IDENT
20161031134458,SA2,901060,MARTHA,GABRIEL,IDENT
20161031134504,SA3,901098,GERALD,MBAUKA,IDENT
20161031134511,SA2,901049,REDEMTA,DANIEL,IDENT
20161031134513,SA3,900919,ANNA,MPUGE,IDENT
20161031134529,SA2,901085,ELIZABETH,NYAMBO,IDENT
20161031134539,SA2,900885,AMINA,MZARA,IDENT
20161031134547,SA2,900865,CHRISTINA,MAGOWELA,IDENT
20161031134603,SA2,901211,ANNA,KIMARO,IDENT
20161031134604,SA3,900977,MWANAHAMISI,MUNKUNDA,IDENT
20161031134612,SA6,900433,HARUNI,MKAMA,IDENT
20161031134625,SA2,900976,LUCY,STANLEY,IDENT
20161031134636,SA2,900961,ELIZABETH,FRANCISCO,IDENT
20161031134645,SA6,900404,BRYANT,NYENYEMBE,IDENT
20161031134646,SA1,900799,RAJABU,RUBASHA,IDENT
20161031134701,SA6,900112,ABDALLAH,MIKALAMBILO,IDENT
20161031134718,SA5,901217,VIVIAN,MWANGATA,IDENT
20161031134723,SA5,901192,ASMA,KONDO,IDENT
20161031134724,SA1,900802,EMANUEL,SILAYO,IDENT
20161031134732,SA1,900808,HEONANI,BAJANA,IDENT
20161031134735,SA2,900914,HAWA,MWIMBE,IDENT
20161031134741,SA1,900730,UHURU,MARWA,IDENT
20161031134741,SA6,900127,DUNCAN,MHANDO,IDENT
20161031134744,SA2,900978,ELIZABETH,ZAE,IDENT
20161031134749,SA1,900807,GODRICH,MCHOMVU,IDENT
20161031134755,SA1,900213,BEDASTUS,PIUS,IDENT
20161031134757,SA5,900849,IRENE,MMARI,IDENT
20161031134802,SA5,901338,WAZIRI,WAZIRI,IDENT
20161031134804,SA1,900823,TADEO,MAPEMA,IDENT
20161031134806,SA2,901011,JANE,SIMON,IDENT
20161031134809,SA1,900729,MOHAMED,KOMBO,IDENT
20161031134813,SA1,900773,FELIX,CHRISTOPHER,IDENT
20161031134816,SA1,900731,HUSSAIN,HAMADI,IDENT
20161031134819,SA1,900744,SILVESTER,KAHINDI,IDENT
20161031134822,SA1,900748,EDWARD,DAWSON,IDENT
20161031134829,SA2,901201,DEOGRATIUS,KESSY,IDENT
20161031134831,SA5,901294,RATIFA,KAPINGA,IDENT
20161031134832,SA1,900743,JUMA,ISEMA,IDENT
20161031134834,SA1,900776,ZUBERI,MOHAMED,IDENT
20161031134838,SA5,901296,STELLA,LUGOME,IDENT
20161031134839,SA2,901202,VITALIS,KESSI,IDENT
20161031134840,SA1,900724,HASANI,MRISHO,IDENT
20161031134841,SA5,900855,SINAHIA,OMARI,IDENT
20161031134844,SA5,901390,SHABANI,HUSEN,IDENT
20161031134847,SA2,901203,STANLEY,KIGUNGA,IDENT
20161031134851,SA6,900168,RAZAKI,MTINDA,IDENT
20161031134852,SA5,901375,PILLI,CHOLOGONDO,IDENT
20161031134852,SA1,900801,DAVID ,MWANJA,IDENT
20161031134854,SA2,901097,EMANUEL,MSOKWA,IDENT
20161031134901,SA5,901379,JUMA,MAKALA,IDENT
20161031134902,SA2,900957,HADIJA,MKOTA,IDENT
20161031134905,SA4,901170,BAHATI,SHABANI,IDENT
20161031134910,SA4,901045,ASHURA,KATULA,IDENT
20161031134910,SA2,900891,HINESS,KAAYA,IDENT
20161031134914,SA1,900820,SALUM,KAISI,IDENT
20161031134917,SA5,901293,JOHARI,MAHARIA,IDENT
20161031134918,SA4,901194,ELINA,ABEL,IDENT
20161031134922,SA5,901362,JULIETH,GODFREY,IDENT
20161031134926,SA2,901272,NDEKESIO,SIKAWA,IDENT
20161031134940,SA5,901345,ALHAJI,KIHIYO,IDENT
20161031134944,SA5,901400,DANIEL,MAKAYA,IDENT
20161031134948,SA4,900902,SAKINA,MAWEMBA,IDENT
20161031134950,SA2,900860,AGNESS,LUHUNGO,IDENT
20161031134958,SA4,901076,AGNESS,NGAPONDA,IDENT
20161031135002,SA2,901048,HALIMA,IDDI,IDENT
20161031135003,SA4,901134,NURU,MULONGANILE,IDENT
20161031135007,SA5,901370,MARIAM,MJELELE,IDENT
20161031135008,SA6,900148,JUDITH,MALISA,IDENT
20161031135015,SA2,900951,MWAJUMA,AIDAN,IDENT
20161031135037,SA4,900972,SAFINA,ABEID,IDENT
20161031135040,SA2,901196,BONIPHACE,NGESI,IDENT
20161031135045,SA4,900992,AGNES,MEJA,IDENT
20161031135118,SA2,900943,MWAMINI,MPANGULE,IDENT
20161031135122,SA4,901111,ASIA,MSHAMU,IDENT
20161031135140,SA5,901347,JAMES,MAJIJI,IDENT
20161031135145,SA4,901224,ANNA,NYAKAPALA,IDENT
20161031135147,SA2,901270,NAOMI,OBONG,IDENT
20161031135148,SA5,901572,WAISAHA,PATRICK,IDENT
20161031135150,SA1,900216,ELLY,MKONGWE,IDENT
20161031135151,SA4,901195,RAYMOND,BUKOJI,IDENT
20161031135203,SA4,901261,ZAINA,KILWANDA,IDENT
20161031135204,SA2,901039,JULIANA,SUKU,IDENT
20161031135208,SA4,901212,JASMINI,MOHAMED,IDENT
20161031135213,SA4,901271,RACHEL,MCHOVU,IDENT
20161031135214,SA2,901039,JULIANA,SUKU,IDENT
20161031135218,SA4,900950,ASHURA,ATHUMAN,IDENT
20161031135219,SA2,901176,FATUMA,MASOUD,IDENT
20161031135228,SA4,900950,ASHURA,ATHUMAN,IDENT
20161031135238,SA4,900917,SALMA,DIWILE,IDENT
20161031135250,SA6,900139,IDD,YUSUFU,IDENT
20161031135300,SA4,900901,NEEMA,NYAKOKI,IDENT
20161031135310,SA2,900898,RUKIA,MATAUKA,IDENT
20161031135319,SA4,901047,MWAJUMA,HAMIS,IDENT
20161031135323,SA6,900478,RAPHAEL,SENKONDO,IDENT
20161031135329,SA1,900825,TITO,MWAMBE,IDENT
20161031135334,SA1,900477,RAMADHANI,LUBASHA,IDENT
20161031135344,SA4,900981,FIDES,MONGI,IDENT
20161031135346,SA1,900803,EMMANUEL,YOUZE,IDENT
20161031135353,SA1,900716,JUMA,JUMANNE,IDENT
20161031135359,SA1,900761,CHRISTOPHER,MFUNGO,IDENT
20161031135406,SA1,900797,ASHAM,MUSA,IDENT
20161031135416,SA1,900240,SOSTHENES,MANYAMA,IDENT
20161031135419,SA1,900403,BEDA,YUDA,IDENT
20161031135425,SA1,900214,BRUNO,FREDRICK,IDENT
20161031135546,SA1,900759,ELIAS,YAKOB,IDENT
20161031135557,SA1,900734,REHEMA,NKYA,IDENT
20161031135629,SA1,900459,KULWA,MLYASANZA,IDENT
20161031135700,SA4,901244,SWAUMU,HIMBU,IDENT
20161031135711,SA4,901088,JANETH,MUONDO,IDENT
20161031135801,SA4,901274,AMINA,KAHABUKA,IDENT
20161031135510,SA6,900543,JOHN,MAGANYA,IDENT
20161031135536,SA2,900931,JOHARI,KIMARO,IDENT
20161031135635,SA1,900555,MHEZIWA,MALEWA,IDENT
20161031135639,SA1,900795,ALLY,LIKIWA,IDENT
20161031135641,SA2,900867,AISHA,KIUMBA,IDENT
20161031135646,SA1,900231,MARKO,SHIMIZI,IDENT
20161031135727,SA6,900153,MUSSA,KIGUNGAS,IDENT
20161031135733,SA2,901096,SAMWELI,MANGARE,IDENT
20161031135733,SA1,900767,GLADNESS,KAIRUKI,IDENT
20161031135826,SA6,900658,MWASITI,LABOA,IDENT
20161031135829,SA1,900738,MOHAMED,NGODA,IDENT
20161031135949,SA5,901429,REHEMA,MAZEKU,IDENT
20161031135950,SA1,900750,JACOB,KAWALE,IDENT
20161031135954,SA1,900768,FILAN,FATAEL,IDENT
20161031135958,SA1,900737,EXPEDTO,MKONGWE,IDENT
20161031140003,SA1,900771,DATIUS,MARTINE,IDENT
20161031140006,SA3,901200,INOCENT , KIFUMU,IDENT
20161031140009,SA5,901162,MWANAHARUSI,MOHAMED,IDENT
20161031140023,SA5,901416,YONA,MUSA,IDENT
20161031140029,SA4,901172,AGNES,STEVEN,IDENT
20161031140043,SA4,901005,HADIJJA,KIJUU,IDENT
20161031140049,SA4,901214,MARIAM,OMAR,IDENT
20161031140059,SA4,901177,ASHA,MAVENGELO,IDENT
20161031140108,SA4,901119,LINA,MLAWA,IDENT
20161031140114,SA4,900973,SHARIFA,LIYAYA,IDENT
20161031140122,SA5,901366,LYDIA,MAKENE,IDENT
20161031140122,SA3,901062,RASHID,MDOE,IDENT
20161031140123,SA4,900928,MARIA,MAGWE,IDENT
20161031140127,SA5,901371,YASINTA,LEKERI,IDENT
20161031140138,SA4,901249,HILDA,MWAZEMBE,IDENT
20161031140143,SA4,901141,HADIJA,SALUM,IDENT
20161031140147,SA6,900451,KASSIM,MALICK,IDENT
20161031140149,SA4,901225,NOELA,YALOT,IDENT
20161031140151,SA3,901016,HALIFA,MOHAMED,IDENT
20161031140155,SA4,901145,ADELINA,MALEMA,IDENT
20161031140157,SA2,901148,IBRAHIM,MZENTO,IDENT
20161031140200,SA5,901285,THABIT,ALLY,IDENT
20161031140202,SA4,900882,WINIFRIDA,MALISELINO,IDENT
20161031140205,SA5,901389,OMARY,JUMA,IDENT
20161031140208,SA6,900575,CHRISTINA ,SENYANGWA,IDENT
20161031140208,SA4,901144,ESTHER,NAPENGWA,IDENT
20161031140214,SA4,901207,AISHA,ABEID,IDENT
20161031140215,SA3,900989,AMINA,CHITWANGWA,IDENT
20161031140219,SA4,900895,CATHERINE,CHIGOGOLO,IDENT
20161031140227,SA4,901146,MARTHA,MAKOTI,IDENT
20161031140229,SA5,901315,FIDEA,AGUSTINO,IDENT
20161031140233,SA4,900966,ZUHURA,KIJIMBO,IDENT
20161031140235,SA5,901356,ZAMDA,NGWABAYA,IDENT
20161031140239,SA1,900790,ISIHAKA,IDDI,IDENT
20161031140242,SA5,901322,SARAH,ALLY,IDENT
20161031140242,SA4,901182,RENIFRIDA,NGUMBU,IDENT
20161031140246,SA5,901374,NASRA,HAMADI,IDENT
20161031140246,SA3,901101,RAJABU,MOHAMMED,IDENT
20161031140249,SA4,901221,TEDDY,MAGAMBO,IDENT
20161031140250,SA1,900772,ERICK,KAZIMOTO,IDENT
20161031140251,SA5,901094,MARTINA,FISSO,IDENT
20161031140254,SA2,900903,RUKIA,MOHAMED,IDENT
20161031140257,SA5,901305,DIANA,KIBASA,IDENT
20161031140300,SA1,900455,KHALFAN,OMARI,IDENT
20161031140302,SA5,901409,MAGRETH,NGOSI,IDENT
20161031140303,SA2,900965,HERMAN,MAKOKO,IDENT
20161031140305,SA4,900924,DEBORA,HOSSA,IDENT
20161031140310,SA5,901319,CHRISTINA,TATI,IDENT
20161031140314,SA2,901258,ATHUMAN,KILINDU,IDENT
20161031140314,SA4,901066,ZULEHA,MOHAMED,IDENT
20161031140314,SA5,901364,SALAFINA,KISAPI,IDENT
20161031140320,SA5,901324,MARIAM,YAHAYA,IDENT
20161031140325,SA2,900873,SELEN,JUMA,IDENT
20161031140326,SA1,901557,WALTER,MAYA,IDENT
20161031140327,SA5,901399,DIANA,NDONGO,IDENT
20161031140328,SA4,901169,VERONICA,LECHIPYA,IDENT
20161031140333,SA4,901036,AZIZA,MANGETU,IDENT
20161031140337,SA3,900964,RAPHAEL,MBOKO,IDENT
20161031140338,SA4,900922,BAHATI,SALEHE,IDENT
20161031140338,SA2,900955,MWANAHAMISI,MAKUNGANYA,IDENT
20161031140338,SA5,901393,HADIJA,JUMA,IDENT
20161031140343,SA5,901405,ABDANI,SHILLA,IDENT
20161031140347,SA1,900821,SAWA,SWAHA,IDENT
20161031140347,SA5,901376,ZAINABU ,SALUM,IDENT
20161031140352,SA1,900809,JAMES,MWENDA,IDENT
20161031140353,SA5,901427,JESCA,NGUMBU,IDENT
20161031140355,SA1,900437,HUSSEIN,MBONDE,IDENT
20161031140357,SA3,900866,FLORA,DAMAS,IDENT
20161031140400,SA1,900779,MUSTAFA,HAMISI,IDENT
20161031140403,SA1,900578,MTARI,MAGINGA,IDENT
20161031140409,SA5,901354,AISHAH,OTHUMANI,IDENT
20161031140414,SA5,901350,ALFRED,CHARLES,IDENT
20161031140418,SA3,900876,MWASITI,MAULID,IDENT
20161031140424,SA5,901341,JESSE,JEREMIA,IDENT
20161031140437,SA5,901349,HABIBU,BAKARI,IDENT
20161031140439,SA4,901074,VERONICA,KIMWAGA,IDENT
20161031140443,SA5,901385,ABDALLA,MGAYA,IDENT
20161031140449,SA5,901408,SAIDI,MAKALA,IDENT
20161031140450,SA4,901014,LUCY,THOMAS,IDENT
20161031140454,SA5,901388,OSWALD,SHILLA,IDENT
20161031140456,SA4,901163,SIJALI,MKELE,IDENT
20161031140459,SA5,901395,HASHIM,HAIZA,IDENT
20161031140506,SA5,901317,ASHA,HAMISI,IDENT
20161031140513,SA5,901309,SALMA,RAFIKI,IDENT
20161031140513,SA4,900926,AMINA,KONDO,IDENT
20161031140521,SA4,901165,FATUMA,ABDALLAH,IDENT
20161031140529,SA1,900450,JUMA,RAMADHANI,IDENT
20161031140535,SA1,900806,GODFREY,KIHAWA,IDENT
20161031140552,SA1,900722,ELIZABETH,MATHIUS,IDENT
20161031140602,SA5,901287,REGINA,JEMES,IDENT
20161031140607,SA5,901425,HIDAYA,KASSIM,IDENT
20161031140635,SA4,901116,GRACE,KAHANGE,IDENT
20161031140657,SA4,901120,MERCY,MONGI,IDENT
20161031140702,SA4,901153,MAGRETH,ZANUARI,IDENT
20161031140708,SA4,900971,NAOMI,SAMWELI,IDENT
20161031140715,SA4,901102,ORIVER,DAUD,IDENT
20161031140821,SA4,901171,ESTHER,MUNGUTI,IDENT
20161031140838,SA4,901228,CESILIA,MBABUYE,IDENT
20161031140439,SA3,900892,MWANIA,PEMBE,IDENT
20161031140504,SA3,901210,ROSE,CHUWA,IDENT
20161031140509,SA3,900896,HADIJA , KIHEGO,IDENT
20161031140514,SA3,901061,MWAJUMA,ABDALLAH,IDENT
20161031140522,SA3,901205,JAMILA,MASONGI,IDENT
20161031140528,SA3,901110,ASHA,MPELA,IDENT
20161031140533,SA3,900864,TECLA,SAMWEL,IDENT
20161031140542,SA3,900872,ZALAU,NGWELE,IDENT
20161031140638,SA6,900586,MOHAMED,SOLOKA,IDENT
20161031140642,SA6,900395,AMOS,MIMBI,IDENT
20161031140654,SA2,900990,JANE,MHONGOLE,IDENT
20161031140702,SA5,900850,ROSE,KITALI,IDENT
20161031140706,SA5,901183,YASINTA,MKIWA,IDENT
20161031140706,SA3,901266,AZIZA,KAKOMBE,IDENT
20161031140725,SA6,900025,JOYCE,MAGANGA,IDENT
20161031140733,SA6,900025,JOYCE,MAGANGA,IDENT
20161031140734,SA1,900456,KHALIFA,BASHILI,IDENT
20161031140737,SA1,900822,MENRUFU,PILLY,IDENT
20161031140738,SA5,900918,MARIAM,RAMADHANI,IDENT
20161031140745,SA6,900422,FURAHA,MWAKIFWAMB,IDENT
20161031140808,SA6,901436,HAMISI,KAVINGA,IDENT
20161031140812,SA1,900725,SAMSONI,KINGU,IDENT
20161031140839,SA6,900580,BARAKA,MAGAFU,IDENT
20161031140857,SA4,900958,SOPHIA,LIKONGO,IDENT
20161031140906,SA4,901003,SALAMA,KADALA,IDENT
20161031140906,SA1,900752,SIMON,MAPUNDA,IDENT
20161031140915,SA4,901142,SOPHIA,YUSUPH,IDENT
20161031140924,SA4,901121,MWATANGA,ALLY,IDENT
20161031140925,SA6,900443,JABIRI,RAMADHANI,IDENT
20161031140928,SA4,901263,JAMIRA,SAIDI,IDENT
20161031140929,SA6,900647,JOHANSEN,MPANJU,IDENT
20161031140933,SA4,900847,ZAINABU,SINGANO,IDENT
20161031140939,SA4,900984,SALAMA,BIGE,IDENT
20161031140945,SA5,901209,MIRIAM,MNDEWA,IDENT
20161031140945,SA4,901250,JENIPHA,DAMIAN,IDENT
20161031140950,SA4,900935,ZAINABU,SINGANO,IDENT
20161031140955,SA4,901216,ASHA,RAMADHANI,IDENT
20161031141000,SA4,900946,RAHMA,MWIMBA,IDENT
20161031141005,SA6,900582,ZABRON,TOSSI,IDENT
20161031141005,SA5,901360,MARRY,MASULUBE,IDENT
20161031141011,SA6,900564,RAMADHANI,SAIDI,IDENT
20161031141018,SA6,900564,RAMADHANI,SAIDI,IDENT
20161031141023,SA4,901155,GRACE,MUHONO,IDENT
20161031141027,SA4,901018,AISHA,KIBINDO,IDENT
20161031141042,SA4,900886,ELIZABERTH,KIJA,IDENT
20161031141048,SA4,901138,JOYCE,CHEMRA,IDENT
20161031141053,SA4,901252,JENIPHA,CHIZA,IDENT
20161031141053,SA6,900166,RAMADHANI,KIPENGELE,IDENT
20161031141117,SA4,901077,CONSOLATH,MATERU,IDENT
20161031141118,SA1,900811,JUMA,HUMBE,IDENT
20161031141140,SA6,900406,CHAUREMBO,MWINYI,IDENT
20161031141142,SA3,900949,MUHINA,GOMBE,IDENT
20161031141143,SA1,900818,PASCAL,MIKONDO,IDENT
20161031141148,SA5,901302,ASHA,SHOMARI,IDENT
20161031141148,SA6,900487,STEPHEN,KAMBWEMBWE,IDENT
20161031141153,SA6,901149,EPIFANI, MBOKO,IDENT
20161031141158,SA4,900911,NEEMA,URASSA,IDENT
20161031141200,SA3,901055,ZAINABU,OMARY,IDENT
20161031141220,SA2,901269,AISHA,HALFAN,IDENT
20161031141227,SA4,901161,NURU,MOHAMED,IDENT
20161031141240,SA4,900942,CHRISTINA,MWENDA,IDENT
20161031141251,SA4,901093,SHARON,IBRAHIM,IDENT
20161031141258,SA4,901118,LILIAN,MREMA,IDENT
20161031141302,SA1,900392,ALLY,MBEGU,IDENT
20161031141315,SA4,900999,ROSE,MWAMAKOLA,IDENT
20161031141335,SA4,901057,ANNA,KITOMARY,IDENT
20161031141336,SA1,900757,JOSEPH,HEMA,IDENT
20161031141351,SA6,900124,DAUDI,ELIFALETH,IDENT
20161031141357,SA1,900781,GERALD,JOHN,IDENT
20161031141402,SA3,900887,ELITABETH,GOMELO,IDENT
20161031141407,SA4,901222,DEBORA,FILIPATALI,IDENT
20161031141409,SA1,900719,STEPHAN,SIMON,IDENT
20161031141414,SA1,900749,EZEKIEL,SOLO,IDENT
20161031141441,SA4,901156,SAID,HAMISI,IDENT
20161031141457,SA4,901257,FRIDA,MHELELA,IDENT
20161031141504,SA6,900494,YOHANA,LUSANA,IDENT
20161031141507,SA4,901206,AISHA,MKUMBA,IDENT
20161031141509,SA1,900415,EMMANUEL,JONAS,IDENT
20161031141516,SA1,900490,TWAHA,MGUHI,IDENT
20161031141539,SA4,900937,UPENDO,MLEWA,IDENT
20161031141548,SA4,901002,MARIAM,SABURI,IDENT
20161031141552,SA1,900760,OMARY,MHAGAMA,IDENT
20161031141559,SA5,901301,TUKAE,MUSA,IDENT
20161031141600,SA4,901008,GRESS,KOBA,IDENT
20161031141603,SA5,901299,SAUDA,MATOWELA,IDENT
20161031141607,SA4,901131,ESTA,KWEKA,IDENT
20161031141631,SA1,900793,ABDUL,MAINGO,IDENT
20161031141636,SA6,900556,REGINA,NDALUHEKEYE,IDENT
20161031141639,SA4,901213,HABIBA,NJIKU,IDENT
20161031141648,SA4,900929,HALIMA,SEIF,IDENT
20161031141701,SA4,901033,TATU,ISSA,IDENT
20161031141708,SA4,901157,DAVID,JUMA,IDENT
20161031141749,SA6,900115,AKIDA,DUGANGE,IDENT
20161031141753,SA4,900893,JOYCE,MCHOMVU,IDENT
20161031141802,SA4,901028,REHEMA,KWENGWEGU,IDENT
20161031141813,SA4,901268,ANITHA,KWIMBA,IDENT
20161031141814,SA6,900164,RAMADHANI ,BAKARI,IDENT
20161031141817,SA4,901223,HAPPY,MKWEPU,IDENT
20161031141838,SA4,901139,HAPPY ,ZAKAYO,IDENT
20161031141430,SA2,901044,SUZANA,KIMARO,IDENT
20161031141532,SA3,900920,PILLI,SAIDI,IDENT
20161031141539,SA2,901006,RUKIA,ALLY,IDENT
20161031141658,SA3,901064,SAID,RAMADHANI,IDENT
20161031141717,SA5,901404,AWAZI,SALIM,IDENT
20161031141724,SA2,901236,FATIMA,ALLY,IDENT
20161031141757,SA1,900778,MARIAM,MICHAEL,IDENT
20161031141807,SA1,900736,KANUNU,THABIT,IDENT
20161031141809,SA2,901020,VICTORIA,MWALUANDA,IDENT
20161031141826,SA1,900209,ANGELA,MBESIGWE,IDENT
20161031141854,SA1,900243,YOHANA,ALLY,IDENT
20161031141911,SA3,901099,TAUS,MUSTAPHA,IDENT
20161031141916,SA3,901103,MWATANGA,DIENI,IDENT
20161031141921,SA4,901058,HAMIDA,MATIPA,IDENT
20161031141937,SA5,901406,PASCAL,STANLEY,IDENT
20161031141953,SA2,901075,AGATHA,JAMALI,IDENT
20161031142003,SA2,901079,AGNESS,HAJI,IDENT
20161031142012,SA2,901054,FATUMA,MUHANDO,IDENT
20161031142012,SA5,901295,ELLASIA,WILLIUM,IDENT
20161031142018,SA1,900786,FARAJI,KILUWA,IDENT
20161031142021,SA6,900159,PAMELA,KUSALIKA,IDENT
20161031142057,SA6,900423,GARDINO,MHIMBA,IDENT
20161031142113,SA4,901001,AMINA,MUYA,IDENT
20161031142150,SA2,901082,EDINA,JOHN,IDENT
20161031142204,SA1,900746,GEDION,BUTENGE,IDENT
20161031142209,SA1,900232,MATIKO ,MICHAEL,IDENT
20161031142209,SA2,901072,TATU,ATHUMAN,IDENT
20161031142212,SA4,900888,AMINA,NGAINA,IDENT
20161031142224,SA2,901204,SOPHIA,LUGOME,IDENT
20161031142242,SA1,900817,MOSES,MASENGA,IDENT
20161031142249,SA1,900815,METHOD,DEDA,IDENT
20161031142310,SA6,900162,PILLY,MANENO,IDENT
20161031142311,SA3,900954,HABIBA,MDOSE,IDENT
20161031142324,SA3,901166,SAUDA,MAULID,IDENT
20161031142347,SA2,900877,IRENE,GABRIEL,IDENT
20161031142358,SA2,901080,SALOME,DUA,IDENT
20161031142610,SA5,901327,EMERY,MSUNGU,IDENT
20161031142705,SA6,900476,RAMADHANI,IDD,IDENT
20161031142713,SA4,901264,HADIJA,RAMADHANI,IDENT
20161031142817,SA6,900417,FABIAN,FABIAN,IDENT
20161031142413,SA2,901041,JACKLINI,MBOYA,IDENT
20161031142433,SA2,901084,MARIA ,SANGA,IDENT
20161031142458,SA2,901151,SIJARI,MAGOMBE,IDENT
20161031142507,SA2,900982,MWANAKOMBO,KHALID,IDENT
20161031142801,SA2,901070,FLORA,MSAMLA,IDENT
20161031142846,SA5,901128,ZAITUNI,SOGOI,IDENT
20161031142915,SA1,900426,GESAGA,RAMADHANI,IDENT
20161031142957,SA3,901053,DORIS,JOHN,IDENT
20161031143018,SA1,900723,SAIDI,JUMANE,IDENT
20161031143019,SA2,901000,AGNES,MTYANGILE,IDENT
20161031143029,SA3,900861,MWAJABU,BAKARI,IDENT
20161031143126,SA1,900763,SALEHE,NJAGE,IDENT
20161031143131,SA4,900975,EDINA,MZUNGU,IDENT
20161031143216,SA4,901106,MARYNIA,KAYOMBO,IDENT
20161031143255,SA1,900789,KAMPBONA,PASCAL,IDENT
20161031143304,SA2,901175,SALMA,RAMADHAN,IDENT
20161031143338,SA1,900745,YUSUPH,NGAPAWA,IDENT
20161031143341,SA3,901073,SALMA,MUHARAMU,IDENT
20161031143343,SA1,900739,EMENUEL,KYEJO,IDENT
20161031143343,SA4,900948,VERONICA,MFILINGE,IDENT
20161031143348,SA2,901233,SAMI,MTITIMA,IDENT
20161031143706,SA4,900987,PILLY,MWAWILA,IDENT
20161031143712,SA4,901164,SWAUMU,KAYANDA,IDENT
20161031143722,SA4,901067,HELENA,SAMWELI,IDENT
20161031143603,SA3,900889,SALMA,MWAWILA,IDENT
20161031143751,SA3,901031,AMINA,BAKARI,IDENT
20161031143807,SA1,900228,KAGERA,MSAMBUSI,IDENT
20161031143904,SA6,900396,ANDREW,MSANGI,IDENT
20161031144004,SA1,900742,PROSPER,POLITHO,IDENT
20161031144024,SA1,900769,JAMES,MACKLINE,IDENT
20161031144227,SA4,900923,HELENA,KHAJI,IDENT
20161031144250,SA4,900930,TABIA,DOGOLI,IDENT
20161031144312,SA4,900991,CHRISTINA,JAILOS,IDENT
20161031144329,SA4,901019,ASHA,NGAMBA,IDENT
20161031144346,SA3,900900,HELENA,SENZUGWAKO,IDENT
20161031144351,SA3,901559,MARIAM,JUMA,IDENT
20161031144413,SA3,900875,ASHA,MALINBWI,IDENT
20161031144421,SA6,900006,ANDREW,JOSEPH,IDENT
20161031144427,SA6,900006,ANDREW,JOSEPH,IDENT
20161031144759,SA4,900934,MWAJABU,MARIDADI,IDENT
20161031144451,SA3,901086,ELIWAZA,MWIGOHA,IDENT
20161031144458,SA2,901024,ASIA,KARATA,IDENT
20161031144508,SA3,900960,AGNESS,NAWAHIGA,IDENT
20161031144704,SA3,901220,AGNESS,MWAMBENGO,IDENT
20161031145047,SA3,900907,PAULINA,DEVA,IDENT
20161031145346,SA1,900233,MUSSSA,ABDALLAH,IDENT
20161031145516,SA1,900220,HAMISI,NJOCHOLA,IDENT
20161031145740,SA6,900050,STANLEY,JEREMIAH,IDENT
20161031145833,SA6,901558,CONSOLATA,MDEMU,IDENT
20161031145835,SA1,900207,ADELE,NJOCHOLA,IDENT
20161031150653,SA4,901015,JOYCE,CHACHA,IDENT
20161031150838,SA4,900995,MARY,KIAMA,IDENT
20161031150845,SA6,900134,GRACE,KIM,IDENT
20161031150541,SA3,901125,TAUSI,SHABANI,IDENT
20161031150821,SA2,901191,ROSE,BENARD,IDENT
20161031150957,SA5,901359,VILET,MHELUKA,IDENT
20161031151443,SA6,900135,HALIMA,NGAMZI,IDENT
20161031151504,SA3,901254,NURAT,JAFARI,IDENT
20161031151747,SA2,900936,SOPHIA,MBONDE,IDENT
20161031151752,SA2,900986,KAUSE,ABDALLAH,IDENT
20161031151824,SA2,901248,MAGRETH,MASAWE,IDENT
20161031152415,SA2,901443,MWAJUMA,SHEMBWANA,IDENT
20161031154359,SA6,900099,AMIN,JUMA,IDENT
20161031154750,SA6,900171,ROBERT,MFUNI,IDENT
20161031160046,SA1,900804,FROLAH,MPONDO,IDENT
20161031160312,SA6,900011,BLANTINA,MLOWE,IDENT
20161031160433,SA5,901330,SAVELINA ,KASHASHA,IDENT
20161031160759,SA4,901267,NEEMA ,MWAMANYE,IDENT
20161031161158,SA2,900969,JEMA,SALUM,IDENT
20161031162202,SA4,900956,DIANA,LEMA,IDENT
20161031164712,SA6,900138,HUSSEIN,SHABANI,IDENT
20161031165125,SA1,900712,JUMA,JUMBE,IDENT
20161031165310,SA6,900132,FRIDA,KIGWA,IDENT
20161031165318,SA6,900116,ASHA,ALLY,IDENT
20161031165519,SA1,900030,JUMANNE,LUMBU,IDENT
20161031165632,SA6,900560,DEOGRASIAS,STEPHIN,IDENT
20161031165746,SA6,900271,HUSNA,SAID,IDENT
20161031165824,SA6,900397,ANNA,MOSHI,IDENT
20161031165834,SA6,900110,RASHID,ISSA,IDENT
20161031165906,SA6,901431,AMBALI,SOUD,IDENT
20161031165942,SA6,900027,JUMA,NAHAL,IDENT
20161031165958,SA1,900843,KHALFANI,SHABAN,IDENT
20161031170003,SA3,900938,ISMAIL,THOMAS,IDENT
20161031170003,SA1,900714,STIVINI,STIVINI,IDENT
20161031170020,SA6,900029,JUMANNE,MBONDE,IDENT
20161031170047,SA2,901273,HELLEN,KIZWALO,IDENT
20161031170106,SA6,900041,NELSON,MTEMI,IDENT
20161031170109,SA6,900008,ANNE,MCHUMA,IDENT
20161031170114,SA1,900225,JOHN,FREDRICK,IDENT
20161031170116,SA6,900009,ASHA,HAMISI,IDENT
20161031170125,SA6,900591,RASHID ,MUNKENDA,IDENT
20161031170158,SA6,900111,SALUM,SAIDI,IDENT
20161031170208,SA6,900130,FATUMA,CHOMBO,IDENT
20161031170212,SA6,900458,KIBWANA,SAIDI,IDENT
20161031170222,SA1,900499,HASSAN,HAULE,IDENT
20161031170240,SA6,900114,ABEID,MOHAMED,IDENT
20161031170304,SA6,900620,AYOUB,MTAFUNGWA,IDENT
20161031170310,SA5,901396,EDWIN,KIPUYO,IDENT
20161031170400,SA6,901265,FRANK ,RUZIGA,IDENT
20161031170429,SA1,900466,MATHEW,PHILIP,IDENT
20161031170456,SA5,901382,KONDO,MOHAMED,IDENT
20161031170510,SA6,900099,AMIN,JUMA,IDENT
20161031170517,SA6,900445,JOHN,MASUNGWA,IDENT
20161031170529,SA6,900681,ABUBAKARI,MGAZA,IDENT
20161031170545,SA6,900133,GEORGE,GIDION,IDENT
20161031170549,SA6,900581,SAADA,MUHINTE,IDENT
20161031170552,SA6,900649,ZUBEDA,MANDIA,IDENT
20161031170557,SA6,900701,MATHEW,NDANSHAU,IDENT
20161031170559,SA6,900247,ALLY,SELEMANI,IDENT
20161031170601,SA6,900682,BENEDICT,ELIAS,IDENT
20161031170609,SA6,900408,COLLMAN,KISISA,IDENT
20161031170610,SA5,901326,ALLY,MBONDE,IDENT
20161031170616,SA6,101880,RICHARD,MAKASI,IDENT
20161031170653,SA6,900184,JASPER,NGURUBE,IDENT
20161031170706,SA6,900566,ERICK,NDUNGURU,IDENT
20161031170720,SA6,900120,BENEDICTO,MBOKO,IDENT
20161031170724,SA6,900468,MICHAEL,IBRAHIM,IDENT
20161031170729,SA6,900583,REGINALD,MICHAEL,IDENT
20161031170734,SA6,900454,KHALFAN,AMOUR,IDENT
20161031170739,SA6,900393,ALLY,MTWALE,IDENT
20161031170742,SA6,900579,GRAYSON,KUNZUGALA,IDENT
20161031170744,SA6,900579,GRAYSON,KUNZUGALA,IDENT
20161031170756,SA6,900291,RASHIDI,MUSSSA,IDENT
20161031170800,SA6,900402,BARAKA,MVUNGI,IDENT
20161031170824,SA6,901569,FREDRICK,MUSHI,IDENT
20161031170753,SA2,900870,GOMERY,DAUDI,IDENT
20161031170835,SA1,900241,STANLEY,KASIAN,IDENT
20161031170836,SA2,900869,FRIDA,MKUMBO,IDENT
20161031170839,SA1,900788,DEBORA,MWASOMOLA,IDENT
20161031170849,SA5,901335,YONA,MAPELELE,IDENT
20161031170925,SA6,900431,HAMADI,ZUBERI,IDENT
20161031171009,SA6,900418			,FELIX,WAUSA,IDENT
20161031171014,SA6,900488,THOBIAS,KIWELU,IDENT
20161031171026,SA1,900655,ZAINAB,JERECKO,IDENT
20161031171030,SA6,900400,BAHATI,LUBUVA,IDENT
20161031171034,SA6,900439,IDDI,MOHAMED,IDENT
20161031171046,SA1,900503,JANE,RWEHUMBIZA,IDENT
20161031171046,SA6,900057,ZAITUNI,ABDALLAH,IDENT
20161031171102,SA6,900016,FATUMA,HAMISI,IDENT
20161031171118,SA1,900157,MZEE,KONDOWE,IDENT
20161031171127,SA6,900432,HAMZA,ABDALLAH,IDENT
20161031171138,SA6,900004,AGATHA,KAYOMBO,IDENT
20161031171143,SA6,E068,RANJEET SINGH,SAINI,IDENT
20161031171147,SA6,E041,JAGAN MOHAN,YERUVA,IDENT
20161031171148,SA2,901442,JARINA,SHEKOLA,IDENT
20161031171152,SA6,101110,ESTER,THEOFIL,IDENT
20161031171154,SA3,901046,GRADIS,MAGANA,IDENT
20161031171158,SA6,900414,EMMANUEL ,SERAPHINE,IDENT
20161031171206,SA6,900128,ENELES,MBWAGA,IDENT
20161031171221,SA5,901378,HOYCE,TILLYA,IDENT
20161031171305,SA6,900467,MBARUKU,OSWAD,IDENT
20161031171327,SA6,900629,MICHAEL,ZAMBETAKIS,IDENT
20161031171331,SA6,900629,MICHAEL,ZAMBETAKIS,IDENT
20161031171344,SA6,900055,VERONICA,MBAZIGWA,IDENT
20161031171410,SA5,901332,NASRA,MSANYA,IDENT
20161031171436,SA5,901329,ELIWA ,SHAO,IDENT
20161031171447,SA1,900756,HUSSEIN,KANDORO,IDENT
20161031171602,SA1,900502,IMAM,AJABU,IDENT
20161031171608,SA1,900098,TATU,MTUPA,IDENT
20161031171711,SA6,900108,NORAH,CLEMENCE,IDENT
20161031171747,SA6,900107,MSELEM,MSELEM,IDENT
20161031171758,SA6,900430,GWAKISA,MWAKASAGURE,IDENT
20161031171822,SA6,900703,MUSSA,MTALI,IDENT
20161031171642,SA1,900238,SAIMON,TARIMO,IDENT
20161031171648,SA1,900780,THEO,MAPUNDA,IDENT
20161031172211,SA3,901068,CATHERINE,MATENGO,IDENT
20161031172224,SA2,901448,PAULINA,DAVID,IDENT
20161031172335,SA1,900411,DEO,JULIUS,IDENT
20161031172411,SA6,900470,MODEST,NJAU,IDENT
20161031172420,SA6,901438,MARY,JOSEPH,IDENT
20161031172432,SA6,900574,FURAHA,MSAMBWA,IDENT
20161031172457,SA6,900137,HERIETH,MWELI,IDENT
20161031172551,SA6,900420,FRANCIS,TESHA,IDENT
20161031172601,SA5,901278,HENRY ,CHELULA,IDENT
20161031172613,SA6,900143,JACKLINE,MAIGA,IDENT
20161031172703,SA6,900126,DORIKA,MALYANGO,IDENT
20161031172808,SA6,900481,RICHARD,KWEYAMBA,IDENT
20161031172812,SA6,900405,CHARLES,WILLIAM,IDENT
20161031172708,SA1,901700,JOSEPH,KUANDIKA,IDENT
20161031172911,SA1,900502,IMAM,AJABU,IDENT
20161031173002,SA6,900170,REHEMA,CHINUNJE,IDENT
20161031173006,SA1,900224,JABIRI,AMANZI,IDENT
20161031173026,SA6,900388,AGNES,SHAYO,IDENT
20161031173052,SA5,901339,JAMES,MKONO,IDENT
20161031173143,SA6,900109,AMANI,NYAKARASHI,IDENT
20161031173147,SA3,901227,MWAMVITA,MWAIPOPO,IDENT
20161031173204,SA2,901444,BAKARI,KITILA,IDENT
20161031173219,SA2,901450,FARIDA,JUMA,IDENT
20161031173237,SA1,101140,FAUSTINI,MGIMBA,IDENT
20161031173323,SA6,E060,ANOOP,TIWARI,IDENT
20161031173427,SA6,900246,ABDULKARIM,ALI,IDENT
20161031173437,SA5,901571,ENOCK,ELIA,IDENT
20161031173717,SA6,900407,CHRISTIAN ,NGONYANI,IDENT
20161031173728,SA6,900446,JOSEPH,KIBASA,IDENT
20161031173739,SA1,900710,NICHOLAS,KAPANDE,IDENT
20161031173925,SA5,901351,BARNABA,EDWARD,IDENT
20161031174003,SA6,900452,KENNEDY,KIMARO,IDENT
20161031174007,SA6,900465,MARTIN,KIDUNGU,IDENT
20161031174012,SA6,900155,MWANAFATIMA,MATIPA,IDENT
20161031174018,SA6,E084,NAVNEET, SINGH,IDENT
20161031174159,SA6,E083,GURURAJ,SHENVI,IDENT
20161031174314,SA5,901333,NEEMA,KILUZIA,IDENT
20161031174539,SA6,901573,DAUDI,NYASHIMO,IDENT
20161031174552,SA4,900910,ZAINABU,SADALLAH,IDENT
20161031174838,SA6,900464,MARTHA,MWIKOLA,IDENT
20161031174905,SA1,900707,ATHUMANI,SALEHE,IDENT
20161031175203,SA6,900389,AHMAD,KINDUMA,IDENT
20161031175208,SA4,901239,SAKINA,KIZEE,IDENT
20161031175301,SA6,E069,SHANTANU,KULKARNI,IDENT
20161031175336,SA6,900416,ERICK,DAUD,IDENT
20161031175341,SA1,900733,ALHAJI,IDD,IDENT
20161031175430,SA1,900218,GEDDY,SONENGA,IDENT
20161031175505,SA4,200318,JOSHUA , PAULO,IDENT
20161031175521,SA6,900017,FIKA,JOMSON,IDENT
20161031175814,SA6,900436,HONEST,MATEMU,IDENT
20161031175816,SA1,101124,KHALIDI,KASSIMU,IDENT
20161031175822,SA1,900421,FRANK ,MUSHI,IDENT
20161031180053,SA6,900173,SHARIFA,MRISHO,IDENT
20161031180105,SA6,900142,IRENE,MREMA,IDENT
20161031180447,SA4,900944,FROLA,KAMARA,IDENT
20161031180451,SA1,900727,GEORGE,GREAD,IDENT
20161031180851,SA6,900460,LAMECK,ASSETO,IDENT
20161031181001,SA6,900387,ADAM,KINGU,IDENT
20161031181119,SA6,900007,ANNA,DUA,IDENT
20161031181159,SA6,E032,SANKARAN,JAYARAM,IDENT
20161031181241,SA2,200312,BARAKA,KATEGILE,IDENT
20161031181534,SA1,900425,GEORGE,JOSEPH,IDENT
20161031181600,SA6,E077,SUMIT,BHATNAGAR,IDENT
20161031181603,SA6,E045,SURESH,PS,IDENT
20161031181618,SA2,200349,FRANK,MOSHI,IDENT
20161031181913,SA2,100597,NOVATI,TARIMO,IDENT
20161031181913,SA6,900123,CHARLES,LUSWETULA,IDENT
20161031182116,SA2,200311,DAVID,BWILE,IDENT
20161031182222,SA6,901434,JOSEPHINA,HAU,IDENT
20161031182325,SA1,900687,PROTUS,RUWANDA,IDENT
20161031182409,SA6,901432,AMINA,SOGOI,IDENT
20161031182418,SA6,900039,MWAJABU,ALLY,IDENT
20161031182458,SA1,900506,JOE ,MATANDU,IDENT
20161031183318,SA6,E021,RAJA,SWAMINATHAN,IDENT
20161031183426,SA1,900569,JAMES,MWANDU,IDENT
20161031183432,SA1,900429,GOODLUCK,LYAHONA,IDENT
20161031183612,SA1,EPML001,RAM,ASWALE,IDENT
20161031183806,SA1,900497,EMANUEL,NGIMBUZI,IDENT
20161031183817,SA1,900441,ISSA,KAISI,IDENT
20161031184053,SA1,101128,ISSA,RAMADHANI,IDENT
20161031184412,SA6,900385,ABDALLAH,MOHAMED,IDENT
20161031184452,SA1,900777,MNADI,MRAJAA,IDENT
20161031184856,SA1,900709,MRISHO,ATHUMANI,IDENT
20161031184926,SA1,900706,MECKLEEN,NANGEDA,IDENT
20161031185002,SA2,901446,DANIEL,MBARUKA,IDENT
20161031185534,SA6,900144,JANE,MWAKABULUFU,IDENT
20161031185910,SA2,901449,BONIFAS,ANGANILE,IDENT
20161031190001,SA1,101114,ABUBAKARI,KHALIDI,IDENT
20161031190129,SA1,101118,MANENO,RAMADHANI,IDENT
20161031190350,SA2,100603,EDWIN,OWINO,IDENT
20161031190456,SA1,101115,ATHUUMANI,HEMEDI,IDENT
20161031190545,SA1,900236,PENDO,MAGIGE,IDENT
20161031190550,SA1,900715,ELIASI,KIZITO,IDENT
20161031190833,SA6,901440,UMMY,KWANGALA,IDENT
20161031190416,SA2,200314,DEO,SAKAYA,IDENT
20161031190648,SA1,900505,JESCA,MATECHI,IDENT
20161031190818,SA1,900708,OMARY,ABDALLAH,IDENT
20161031190826,SA1,101143,ISMAIL,KONDO,IDENT
20161031190858,SA6,901435,FILES,MBANDO,IDENT
20161031190913,SA1,101589,AMIRI,YAHAYA,IDENT
20161031190938,SA6,900151,LISSY,KIGONJOLA,IDENT
20161031191202,SA1,101141,FRANK,RAPAHAEL,IDENT
20161031191231,SA2,901445,KARIM,MJAKA,IDENT
20161031191805,SA6,900131,FRANK,MAKWABU,IDENT
20161031191416,SA2,901441,CHRISTOPHER ,MUSHI,IDENT
20161031191726,SA1,900219,GEORGE,SAMATA,IDENT
20161031191948,SA6,900174,SOSTHENES,MUKAMA,IDENT
20161031192821,SA6,900661,ADILILA,KONGA,IDENT
20161031192530,SA2,901447,MASHAKA,MATEKELE,IDENT
20161031192533,SA2,901452,STEVEN,CHUWA,IDENT
20161031193144,SA1,900457,KHAMISI,MASUMBUKO,IDENT
20161031193205,SA2,200309,RAMADHANI,KIHILE,IDENT
20161031193211,SA2,200316,DENIS,JOHNSON,IDENT
20161031193603,SA6,900262,FRIDA, MWAMBEGELE,IDENT
20161031193741,SA6,900156,MWANAISHA,UWESU,IDENT
20161031193648,SA1,900571,FRANK,MALIMA,IDENT
20161031194046,SA1,900515,SHOMARI,KIMBWEMBWE,IDENT
20161031194351,SA2,200351,MICHAEL,MICHAEL,IDENT
20161031194649,SA6,900122,CATHERINE,KUMBATA,IDENT
20161031194704,SA6,900292,ROSE,CHIKAWE,IDENT
20161031194707,SA6,900103,FREDNAND,JACKSON,IDENT
20161031194553,SA2,900859,MASANGULA,MASANGURA,IDENT
20161031200331,SA6,900611,EVARIST,MPINGAURUGU,IDENT
20161031200421,SA6,900002,ABDALLAH,MWEYO,IDENT
20161031200510,SA6,900054,THOMAS,MGABO,IDENT
20161031202828,SA6,900036,MOHAMED,MAJUJULO,IDENT
20161031202832,SA6,900036,MOHAMED,MAJUJULO,IDENT
20161031202858,SA1,900001,ABDALLAH,JUMANNE,IDENT
20161031203022,SA6,900056,YESAYA,NTUNDUU,IDENT
20161031203102,SA6,900048,SHELLA,MFAUME,IDENT
20161031203106,SA6,900048,SHELLA,MFAUME,IDENT
20161031203256,SA6,900049,SIHABA,NAKIPENGELE,IDENT
20161031203411,SA6,900245,ABDALLAH,KIMULIMULI,IDENT
20161031204810,SA6,900040,MWAJUMA,KATONA,IDENT
20161031204844,SA6,900019,HAMISI,MADODO,IDENT
20161031204648,SA1,900031,LUCAS,MABUYE,IDENT
20161031204806,SA1,900290,RASHIDI,GEUZA,IDENT
20161031205021,SA6,900261,FRANCIS,MAKOTI,IDENT
20161031205047,SA6,900627,BAHATI,KAPIGA,IDENT
20161031205441,SA6,900023,JINGSON,SAIMON,IDENT
20161031205754,SA6,900037,MOHAMED,MKALA,IDENT
20161031205856,SA1,900249,AMIRI,MZEE,IDENT
20161031210304,SA1,900827,YASIN,MUSSA,IDENT
20161031210309,SA1,900803,EMMANUEL,YOUZE,IDENT
20161031211230,SA1,900801,DAVID ,MWANJA,IDENT
20161031211329,SA1,900808,HEONANI,BAJANA,IDENT
20161031211334,SA1,900799,RAJABU,RUBASHA,IDENT
20161031211419,SA1,900764,OMBENI,MICHAEL,IDENT
20161031212010,SA1,900403,BEDA,YUDA,IDENT
20161031212021,SA1,900797,ASHAM,MUSA,IDENT
20161031212313,SA1,900795,ALLY,LIKIWA,IDENT
20161031212950,SA1,900456,KHALIFA,BASHILI,IDENT
20161031212958,SA1,900217,FRED,JAMES,IDENT
20161031213023,SA5,901004,ZAHARA,YANGE,IDENT
20161031213033,SA5,901013,YASINTA,SHELUBANZI,IDENT
20161031213041,SA5,901353,DOREEN,MDOE,IDENT
20161031213057,SA5,901369,RECHO,MSHUMBUSI,IDENT
20161031213102,SA5,901367,BEATHA,MLOSO,IDENT
20161031213127,SA5,901397,LINETH,KYARUS,IDENT
20161031213448,SA5,901386,SHAMSI,MUHITI,IDENT
20161031213456,SA5,901281,JOSEPH,MUSUGULI,IDENT
20161031213519,SA5,901343,SEBASTIAN,KIPINGU,IDENT
20161031213554,SA1,900792,IDDI,IDDI,IDENT
20161031213600,SA1,900384,ABDALLA,SAIDI,IDENT
20161031213603,SA1,900442,ITIKA,DICKSON,IDENT
20161031213730,SA2,901056,ANGELA,MWAKAPALILA,IDENT
20161031213736,SA5,901095,BEATA,KOMBA,IDENT
20161031213747,SA1,101945,JAMES,VALENTINE,IDENT
20161031213749,SA5,901071,YUNIS,NDAIGA,IDENT
20161031213751,SA1,900798,ATHUMAN,SEIF,IDENT
20161031213807,SA1,900744,SILVESTER,KAHINDI,IDENT
20161031213822,SA1,900751,TUSKAR,HALFANI,IDENT
20161031213826,SA1,900747,ADAM,MASALE,IDENT
20161031214023,SA1,900227,JOSEPH,NGANILWA,IDENT
20161031214029,SA5,900471,MOHAMED,MIRUNDI,IDENT
20161031214038,SA5,901373,ADELA,MSAGA,IDENT
20161031214043,SA5,901291,AISHA,ISSA,IDENT
20161031214045,SA1,900728,JAMAL,MRISHO,IDENT
20161031214102,SA5,901402,ALLY,SELEMAN,IDENT
20161031214133,SA1,900775,SABATO,JULIUS,IDENT
20161031214148,SA5,901280,WHITNESS,MSAGATI,IDENT
20161031214151,SA1,900824,TITO,MGOVANO,IDENT
20161031214201,SA1,900738,MOHAMED,NGODA,IDENT
20161031214204,SA1,900721,GISELA,SHAYO,IDENT
20161031214214,SA1,900737,EXPEDTO,MKONGWE,IDENT
20161031214214,SA5,901331,DIANA,KABYEMELA,IDENT
20161031214232,SA1,900242,WILSON,ANYNGISE,IDENT
20161031214237,SA1,900750,JACOB,KAWALE,IDENT
20161031214303,SA6,900449,JUMA,SANGAYA,IDENT
20161031214309,SA5,901311,LOYCE,MASKINI,IDENT
20161031214327,SA5,901314,JANE,NYAGAWA,IDENT
20161031214341,SA1,900766,JUDITH,GEOFREY,IDENT
20161031214348,SA5,901290,AGNES,SALAWA,IDENT
20161031214348,SA1,900768,FILAN,FATAEL,IDENT
20161031214352,SA1,900767,GLADNESS,KAIRUKI,IDENT
20161031214357,SA1,900244,YOHA,MSANGI,IDENT
20161031214359,SA1,900759,ELIAS,YAKOB,IDENT
20161031214424,SA5,901417,REHEMA,SINDANO,IDENT
20161031214438,SA1,900730,UHURU,MARWA,IDENT
20161031214507,SA1,900758,MOHAMEDY,ATHUMANI,IDENT
20161031214513,SA1,900724,HASANI,MRISHO,IDENT
20161031214547,SA1,900743,JUMA,ISEMA,IDENT
20161031214554,SA1,900214,BRUNO,FREDRICK,IDENT
20161031214620,SA1,900477,RAMADHANI,LUBASHA,IDENT
20161031214730,SA1,900761,CHRISTOPHER,MFUNGO,IDENT
20161031214742,SA1,900716,JUMA,JUMANNE,IDENT
20161031214750,SA5,901336,ISMAIL,MHINA,IDENT
20161031214808,SA5,901308,MADINA,ATHUMANI,IDENT
20161031214836,SA1,900819,PATRICK,MTONDOLA,IDENT
20161031214839,SA5,901297,STELLA,MAKUNDI,IDENT
20161031214845,SA5,901342,ANDREW,KILUGWA,IDENT
20161031214848,SA5,901320,REHEMA,ALLY,IDENT
20161031214854,SA5,901430,JOYCE,SEMWENDA,IDENT
20161031214902,SA5,901154,SALAMA,ALLY,IDENT
20161031214907,SA5,901307,MATRIDA,CHUVAKA,IDENT
20161031214917,SA1,900858,MUHSIN,ATHUMANI,IDENT
20161031214935,SA1,900717,GODFREY,LAMBAU,IDENT
20161031214944,SA1,900784,WILLIAM,MSOLOKA,IDENT
20161031214948,SA1,900774,MBEWE,ELIUS,IDENT
20161031214952,SA1,900770,ANDERSON,KIKOTI,IDENT
20161031215020,SA1,900732,ELIA,FRANCIS,IDENT
20161031215039,SA5,901419,JENIPHA,MWILONGO,IDENT
20161031215115,SA1,900240,SOSTHENES,MANYAMA,IDENT
20161031215136,SA6,900444,JOHN,MEDA,IDENT
20161031215138,SA5,901346,FRANK,MANDI,IDENT
20161031215148,SA5,901344,JACKSON,ATANUS,IDENT
20161031215153,SA6,900409,DANIEL,MROPE,IDENT
20161031215200,SA6,900474,PHILBERT,MATOGO,IDENT
20161031215211,SA1,900754,ROBERT,JORAM,IDENT
20161031215222,SA1,900762,SAID,MOHAMED,IDENT
20161031215308,SA5,901387,GODFREY,YALED,IDENT
20161031215337,SA1,900213,BEDASTUS,PIUS,IDENT
20161031215340,SA1,900726,ABDALLAH,CHOBO,IDENT
20161031215344,SA1,900755,NICHALAUS,AUGUSTINO,IDENT
20161031215402,SA5,901358,MWANAHAMIS ,MSUYA,IDENT
20161031215410,SA6,900428,GLADIS,MAZENGO,IDENT
20161031215418,SA1,900748,EDWARD,DAWSON,IDENT
20161031215423,SA1,900776,ZUBERI,MOHAMED,IDENT
20161031215429,SA1,900812,LEONARD,NYANGO,IDENT
20161031215523,SA1,900741,ERICK,LUWUNGO,IDENT
20161031215537,SA1,900210,ASHA,HUSSEIN,IDENT
20161031215545,SA5,901323,AMINA,HAMISI,IDENT
20161031215552,SA6,900395,AMOS,MIMBI,IDENT
20161031215608,SA1,900825,TITO,MWAMBE,IDENT
20161031215701,SA6,900391,ALLY,MASHAURI,IDENT
20161031215828,SA6,900112,ABDALLAH,MIKALAMBILO,IDENT
20161031215837,SA6,900473,NAOMI,GONDA,IDENT
20161031215654,SA1,900810,JOSEPH,JULIUS,IDENT
20161031215700,SA2,901198,MANEO,ATHUMANI,IDENT
20161031215808,SA1,900216,ELLY,MKONGWE,IDENT
20161031215810,SA2,901272,NDEKESIO,SIKAWA,IDENT
20161031215855,SA3,901098,GERALD,MBAUKA,IDENT
20161031215857,SA2,901274,AMINA,KAHABUKA,IDENT
20161031215910,SA2,900844,AISHA,MSOMI,IDENT
20161031215941,SA2,901261,ZAINA,KILWANDA,IDENT
20161031220002,SA5,900901,NEEMA,NYAKOKI,IDENT
20161031220003,SA2,900883,EDINA,ABED,IDENT
20161031220003,SA3,900951,MWAJUMA,AIDAN,IDENT
20161031220008,SA2,901012,FATUMA,KABUMA,IDENT
20161031220008,SA5,901423,CONSOLATHA,JOSEPH,IDENT
20161031220012,SA3,901025,ASHURA,HAMISI,IDENT
20161031220013,SA5,901293,JOHARI,MAHARIA,IDENT
20161031220014,SA2,900950,ASHURA,ATHUMAN,IDENT
20161031220017,SA5,901345,ALHAJI,KIHIYO,IDENT
20161031220020,SA5,901355,HALIMA,SANANE,IDENT
20161031220020,SA3,900919,ANNA,MPUGE,IDENT
20161031220024,SA6,900433,HARUNI,MKAMA,IDENT
20161031220028,SA1,900740,SPEDICTOR,NGOGO,IDENT
20161031220031,SA2,900894,NURU,MAKANDE,IDENT
20161031220032,SA5,901347,JAMES,MAJIJI,IDENT
20161031220035,SA1,900826,VITALIS,HOTTI,IDENT
20161031220036,SA5,901298,SWAUMU,MZIRAI,IDENT
20161031220040,SA1,900814,MARTIN,MUHANDO,IDENT
20161031220040,SA5,901338,WAZIRI,WAZIRI,IDENT
20161031220045,SA2,901097,EMANUEL,MSOKWA,IDENT
20161031220046,SA5,901277,NEEMA,UISO,IDENT
20161031220049,SA3,900879,RAHMA,KILO,IDENT
20161031220050,SA5,901363,ZUCRA,SWEDI,IDENT
20161031220051,SA2,900868,MAIMUNA,JARUFU,IDENT
20161031220053,SA5,901303,TAUSI,KATULA,IDENT
20161031220053,SA2,901203,STANLEY,KIGUNGA,IDENT
20161031220056,SA5,900855,SINAHIA,OMARI,IDENT
20161031220058,SA5,901421,ALFRED,MUGHWAI,IDENT
20161031220058,SA2,900865,CHRISTINA,MAGOWELA,IDENT
20161031220103,SA5,900849,IRENE,MMARI,IDENT
20161031220104,SA2,901048,HALIMA,IDDI,IDENT
20161031220107,SA5,901294,RATIFA,KAPINGA,IDENT
20161031220110,SA5,901078,NASMA,LINOGA,IDENT
20161031220110,SA2,901201,DEOGRATIUS,KESSY,IDENT
20161031220111,SA4,900974,ZAWADI,SADIKI,IDENT
20161031220112,SA5,901078,NASMA,LINOGA,IDENT
20161031220116,SA4,900962,JOSEPH,ELISAFI,IDENT
20161031220120,SA1,900823,TADEO,MAPEMA,IDENT
20161031220121,SA2,900867,AISHA,KIUMBA,IDENT
20161031220122,SA5,901192,ASMA,KONDO,IDENT
20161031220122,SA4,901173,BAHATI,MAKAMBA,IDENT
20161031220124,SA2,901202,VITALIS,KESSI,IDENT
20161031220124,SA5,901379,JUMA,MAKALA,IDENT
20161031220129,SA5,901313,FATUMA,KAUNDA,IDENT
20161031220129,SA4,901108,AISHA,WILLIUM,IDENT
20161031220132,SA2,901229,ANNA,NGAPONDA,IDENT
20161031220134,SA5,901383,JOAN,OMANDI,IDENT
20161031220140,SA5,901288,EPIPHANIA,LUKWI,IDENT
20161031220141,SA2,900947,ANNA,GODISON,IDENT
20161031220142,SA6,900469,MICHAEL,MDACHI,IDENT
20161031220145,SA5,900884,HADIJA,GOGO,IDENT
20161031220146,SA2,900897,SWAUMU,SAIDI,IDENT
20161031220148,SA1,900773,FELIX,CHRISTOPHER,IDENT
20161031220150,SA5,901362,JULIETH,GODFREY,IDENT
20161031220152,SA2,901017,CATHERINE,NYEMA,IDENT
20161031220153,SA1,900731,HUSSAIN,HAMADI,IDENT
20161031220153,SA5,901390,SHABANI,HUSEN,IDENT
20161031220157,SA4,900985,BAHATI,SARAPIONI,IDENT
20161031220201,SA3,900931,JOHARI,KIMARO,IDENT
20161031220203,SA5,901292,SARA,YOEL,IDENT
20161031220208,SA2,901176,FATUMA,MASOUD,IDENT
20161031220211,SA3,900963,MWAZANI,SAIDI,IDENT
20161031220213,SA5,901375,PILLI,CHOLOGONDO,IDENT
20161031220214,SA4,900917,SALMA,DIWILE,IDENT
20161031220223,SA4,900904,ANNA,MAGEMBE,IDENT
20161031220227,SA5,901328,MARRY,SHOO,IDENT
20161031220228,SA4,901152,STELLA,MWAKATOBE,IDENT
20161031220233,SA1,900222,HENRY,NGOWI,IDENT
20161031220235,SA4,901063,RACHEL,MZOROZORO,IDENT
20161031220236,SA6,900556,REGINA,NDALUHEKEYE,IDENT
20161031220238,SA2,900860,AGNESS,LUHUNGO,IDENT
20161031220245,SA4,901215,MWANAIDI,KOLOKO,IDENT
20161031220249,SA4,901195,RAYMOND,BUKOJI,IDENT
20161031220257,SA2,900939,STELLA,MAGOGWA,IDENT
20161031220258,SA6,900127,DUNCAN,MHANDO,IDENT
20161031220300,SA4,901076,AGNESS,NGAPONDA,IDENT
20161031220300,SA5,901413,LEILA,KIMBENGELE,IDENT
20161031220305,SA5,901296,STELLA,LUGOME,IDENT
20161031220305,SA4,900953,JANE,LUSENDELA,IDENT
20161031220323,SA4,901140,ASHURA,MGENI,IDENT
20161031220325,SA5,901361,MARRY,MLIUNJA,IDENT
20161031220337,SA5,901286,AGNES,LUCAS,IDENT
20161031220338,SA6,900153,MUSSA,KIGUNGAS,IDENT
20161031220341,SA4,900890,OLIVER,UDOBA,IDENT
20161031220341,SA2,901134,NURU,MULONGANILE,IDENT
20161031220342,SA5,901217,VIVIAN,MWANGATA,IDENT
20161031220346,SA5,901282,ADAM,MUSSA,IDENT
20161031220350,SA5,901352,ABDALAH,SUDY,IDENT
20161031220355,SA2,900914,HAWA,MWIMBE,IDENT
20161031220357,SA4,900961,ELIZABETH,FRANCISCO,IDENT
20161031220358,SA3,901096,SAMWELI,MANGARE,IDENT
20161031220405,SA4,901170,BAHATI,SHABANI,IDENT
20161031220408,SA5,901377,HUSSEIN,MANYEMBA,IDENT
20161031220410,SA4,900968,TAUSI,SIMBA,IDENT
20161031220411,SA5,901289,CONSOLATHA,RAPHAEL,IDENT
20161031220414,SA5,901283,KEDMOND,KAMOGA,IDENT
20161031220420,SA5,900853,DEVOTHA,ELIAS,IDENT
20161031220430,SA4,901124,TABIA,OMARY,IDENT
20161031220440,SA4,901089,HARUNA,ATHUMANI,IDENT
20161031220446,SA5,901368,NAOMI,YUSUPH,IDENT
20161031220450,SA4,900878,AISHA,KIZINGA,IDENT
20161031220451,SA5,901370,MARIAM,MJELELE,IDENT
20161031220457,SA4,901047,MWAJUMA,HAMIS,IDENT
20161031220502,SA4,900881,ZAINABU,SAIDI,IDENT
20161031220507,SA4,901045,ASHURA,KATULA,IDENT
20161031220513,SA4,901113,ELIZABETH,SHIRIMA,IDENT
20161031220517,SA4,901230,KUDRA,BAKARI,IDENT
20161031220522,SA4,901168,REHEMA ,MWASOMOLA,IDENT
20161031220528,SA4,901007,MODESTA,JOGOO,IDENT
20161031220533,SA4,901129,FELISTA,NYAHENGE,IDENT
20161031220542,SA4,901023,AMINA,CHAKWE,IDENT
20161031220546,SA5,901279,NEEMA, GODFREY,IDENT
20161031220547,SA4,901034,STAMILI,MUSSA,IDENT
20161031220553,SA4,900993,MARIAM,MSUMALI,IDENT
20161031220558,SA4,901231,ASHA,DUTCH,IDENT
20161031220605,SA4,901030,VERONICA,WANGWE,IDENT
20161031220609,SA4,901022,SILIVIA,SHAYO,IDENT
20161031220615,SA4,901211,ANNA,KIMARO,IDENT
20161031220619,SA4,900891,HINESS,KAAYA,IDENT
20161031220625,SA4,900996,LILIAN,RASHIDI,IDENT
20161031220633,SA4,900992,AGNES,MEJA,IDENT
20161031220639,SA4,901136,HONORATA,SHAYO,IDENT
20161031220643,SA4,901104,MWANAHAWA,HASSAN,IDENT
20161031220647,SA4,900898,RUKIA,MATAUKA,IDENT
20161031220657,SA4,900862,EDINA,MWAKYOMA,IDENT
20161031220700,SA5,901429,REHEMA,MAZEKU,IDENT
20161031220701,SA4,901212,JASMINI,MOHAMED,IDENT
20161031220704,SA6,900447,JOSEPH,LUSANA,IDENT
20161031220709,SA4,901026,FATUMA,KONYO,IDENT
20161031220725,SA4,901117,HIDAYA,MASOUD,IDENT
20161031220733,SA4,901189,KURUTHUM,KHAMISI,IDENT
20161031220739,SA4,900997,MARY,ONDURU,IDENT
20161031220804,SA6,900168,RAZAKI,MTINDA,IDENT
20161031220805,SA4,901186,FROLA,KILIMA,IDENT
20161031220809,SA6,900404,BRYANT,NYENYEMBE,IDENT
20161031220812,SA4,900972,SAFINA,ABEID,IDENT
20161031220823,SA4,901122,NEEMA,FANUEL,IDENT
20161031220829,SA4,900913,ASHURA,NGUMBE,IDENT
20161031220840,SA4,901127,ZAHARA,MBELWA,IDENT
20161031220454,SA3,901167,KELVIN,NGOZI,IDENT
20161031220504,SA3,901088,JANETH,MUONDO,IDENT
20161031220510,SA2,900976,LUCY,STANLEY,IDENT
20161031220520,SA2,901271,RACHEL,MCHOVU,IDENT
20161031220520,SA3,900943,MWAMINI,MPANGULE,IDENT
20161031220526,SA2,900915,DOROTHEA,KILO,IDENT
20161031220543,SA2,900978,ELIZABETH,ZAE,IDENT
20161031220558,SA3,901105,MTUMWA,ALLY,IDENT
20161031220607,SA3,900945,ELIZABETH,MREMA,IDENT
20161031220611,SA3,900925,REGINA,THOMAS,IDENT
20161031220637,SA2,901049,REDEMTA,DANIEL,IDENT
20161031220639,SA1,900820,SALUM,KAISI,IDENT
20161031220713,SA2,901270,NAOMI,OBONG,IDENT
20161031220724,SA3,901196,BONIPHACE,NGESI,IDENT
20161031220732,SA5,901392,STELLA,MTALLO,IDENT
20161031220756,SA5,901381,DOROSTA,CLEMANCE,IDENT
20161031220803,SA5,901400,DANIEL,MAKAYA,IDENT
20161031220810,SA3,900927,SAADA,SALUM,IDENT
20161031220813,SA2,900957,HADIJA,MKOTA,IDENT
20161031220824,SA5,901412,ELIA,NGWALI,IDENT
20161031220830,SA3,901091,FARIDA,LYIMO,IDENT
20161031220840,SA1,900215,EDWARD,RUFUNGA,IDENT
20161031220842,SA5,901414,EMMANUEL,BANDIKO,IDENT
20161031220854,SA2,901009,MOSHI,SAIDI,IDENT
20161031220900,SA5,901380,BISURA,MCHELEO,IDENT
20161031220908,SA2,901065,ZAINABU,KARUMUNA,IDENT
20161031220914,SA2,901039,JULIANA,SUKU,IDENT
20161031220914,SA1,900729,MOHAMED,KOMBO,IDENT
20161031220919,SA4,901052,SUZANA,NAPANGA,IDENT
20161031220920,SA3,901092,ASIA,JUMA,IDENT
20161031220925,SA4,901037,FADINA,IBRAHIM,IDENT
20161031220930,SA4,901029,MARIAM,MWETEMBO,IDENT
20161031220936,SA4,901184,GRACE,NGALABA,IDENT
20161031220937,SA2,901085,ELIZABETH,NYAMBO,IDENT
20161031220941,SA3,900856,MWAJAMBU,HAMAD,IDENT
20161031220959,SA4,901244,SWAUMU,HIMBU,IDENT
20161031221004,SA1,900231,MARKO,SHIMIZI,IDENT
20161031221005,SA4,901143,LINES,PILLI,IDENT
20161031221010,SA6,900139,IDD,YUSUFU,IDENT
20161031221018,SA4,901114,FARIDA,AMBLOS,IDENT
20161031221024,SA2,901011,JANE,SIMON,IDENT
20161031221038,SA4,900988,UPENDO,PETER,IDENT
20161031221044,SA4,901185,JOYCE,SAMWEL,IDENT
20161031221105,SA3,901246,VERONICA,MTENGWA,IDENT
20161031221128,SA2,901060,MARTHA,GABRIEL,IDENT
20161031221135,SA6,900148,JUDITH,MALISA,IDENT
20161031221139,SA3,901035,AGNES,NKONJELWA,IDENT
20161031221142,SA4,901245,EVERINA,MKETO,IDENT
20161031221155,SA4,901135,REHEMA,OMARY,IDENT
20161031221200,SA4,901234,ANITHA,AHALIELI,IDENT
20161031221203,SA6,900580,BARAKA,MAGAFU,IDENT
20161031221208,SA4,901190,NEEMA,MNYALAPE,IDENT
20161031221214,SA4,901253,JOYCE,KESI,IDENT
20161031221221,SA3,900908,SALMA,RWAMBANO,IDENT
20161031221223,SA4,901243,PLAKSEDA,AKIZAMUNGU,IDENT
20161031221237,SA4,901107,MUHIDINI,HASSAN,IDENT
20161031221242,SA4,901123,REBECA,KALOFU,IDENT
20161031221248,SA4,901187,MONICA,SHEMBONI,IDENT
20161031221257,SA4,901241,FATUMA,JUMA,IDENT
20161031221301,SA4,901187,MONICA,SHEMBONI,IDENT
20161031221311,SA6,900489,TUMAINI,MNZAVA,IDENT
20161031221314,SA4,901193,VICTORIA,MWAMPEGETE,IDENT
20161031221322,SA4,901111,ASIA,MSHAMU,IDENT
20161031221340,SA4,901256,AVERINA,AMANDUS,IDENT
20161031221345,SA4,901255,ASHA,BILALI,IDENT
20161031221406,SA4,901174,BETH,NGADADA,IDENT
20161031221416,SA4,901235,TUMAIN,MUNGURE,IDENT
20161031221421,SA4,901027,EDDA,MWAKIBINGWA,IDENT
20161031221427,SA4,901247,KULUTHUM,CHILEMILE,IDENT
20161031221434,SA4,901133,HUSNA,SENGAMBA,IDENT
20161031221440,SA4,901042,FARIDA,NDAUKE,IDENT
20161031221445,SA4,901224,ANNA,NYAKAPALA,IDENT
20161031221502,SA4,900967,FATUMA,MTAMBUA,IDENT
20161031221520,SA5,901572,WAISAHA,PATRICK,IDENT
20161031221521,SA4,901112,BUSHRA,SALUM,IDENT
20161031221529,SA4,901194,ELINA,ABEL,IDENT
20161031221536,SA4,901238,MARIAM,SELEMANI,IDENT
20161031221602,SA4,900899,MAGDALENA,SIMAO,IDENT
20161031221614,SA4,901132,HEAVENLIGHT,NKYA,IDENT
20161031221620,SA4,901181,ASNA,SPRIAN,IDENT
20161031221621,SA6,900451,KASSIM,MALICK,IDENT
20161031221709,SA6,900575,CHRISTINA ,SENYANGWA,IDENT
20161031221720,SA4,901115,FROLA,SIKWEMBE,IDENT
20161031221821,SA4,901218,JANE,RYOBA,IDENT
20161031221753,SA3,900977,MWANAHAMISI,MUNKUNDA,IDENT
20161031221836,SA2,901237,ZUBEDA,KIMARO,IDENT
20161031221859,SA6,900478,RAPHAEL,SENKONDO,IDENT
20161031221927,SA2,901032,MARISELINA,NGULI,IDENT
20161031221949,SA2,900959,REHEMA,LYOWA,IDENT
20161031222000,SA2,900905,AMINA,MUHIDINI,IDENT
20161031222029,SA2,900921,MWAJUMA,IDDI,IDENT
20161031222035,SA2,900906,MARYSTELA,MCHOME,IDENT
20161031222038,SA2,900846,SARA,CHIDUNI,IDENT
20161031222042,SA2,900885,AMINA,MZARA,IDENT
20161031222049,SA4,901059,JAZIRA,RAMADHANI,IDENT
20161031222146,SA2,900902,SAKINA,MAWEMBA,IDENT
20161031222520,SA4,901021,NEEMA ,MWANGO,IDENT
20161031222615,SA4,901155,GRACE,MUHONO,IDENT
20161031222639,SA4,900981,FIDES,MONGI,IDENT
20161031222643,SA6,900169,REHEMA,YUSUFU,IDENT
20161031222659,SA4,901219,MARIAM,MUSSA,IDENT
20161031222744,SA4,901130,NURU,DAUDI,IDENT
20161031222822,SA6,900658,MWASITI,LABOA,IDENT
20161031223229,SA5,900983,RUKIA,KONDO,IDENT
20161031223243,SA6,900140,IGNATUS,MLANGWA,IDENT
20161101050413,SA6,900010,BITSON,MWASILE,IDENT
20161101050415,SA6,900010,BITSON,MWASILE,IDENT
20161101051254,SA6,900135,HALIMA,NGAMZI,IDENT
20161101051434,SA1,900594,GASPER,MATALO,IDENT
20161101051820,SA6,900040,MWAJUMA,KATONA,IDENT
20161101052306,SA6,900627,BAHATI,KAPIGA,IDENT
20161101052709,SA6,900159,PAMELA,KUSALIKA,IDENT
20161101052839,SA1,900001,ABDALLAH,JUMANNE,IDENT
20161101052955,SA5,901322,SARAH,ALLY,IDENT
20161101053010,SA5,901371,YASINTA,LEKERI,IDENT
20161101053015,SA5,901366,LYDIA,MAKENE,IDENT
20161101053038,SA6,900056,YESAYA,NTUNDUU,IDENT
20161101053223,SA6,900019,HAMISI,MADODO,IDENT
20161101053255,SA5,901053,DORIS,JOHN,IDENT
20161101053319,SA1,901557,WALTER,MAYA,IDENT
20161101053408,SA5,901161,NURU,MOHAMED,IDENT
20161101053418,SA5,901015,JOYCE,CHACHA,IDENT
20161101053427,SA5,901388,OSWALD,SHILLA,IDENT
20161101053433,SA5,901005,HADIJJA,KIJUU,IDENT
20161101053438,SA5,901072,TATU,ATHUMAN,IDENT
20161101053504,SA5,900905,AMINA,MUHIDINI,IDENT
20161101053514,SA5,901305,DIANA,KIBASA,IDENT
20161101053527,SA5,901204,SOPHIA,LUGOME,IDENT
20161101053535,SA5,901036,AZIZA,MANGETU,IDENT
20161101053541,SA5,901028,REHEMA,KWENGWEGU,IDENT
20161101053547,SA5,901033,TATU,ISSA,IDENT
20161101053554,SA5,900995,MARY,KIAMA,IDENT
20161101053608,SA5,901145,ADELINA,MALEMA,IDENT
20161101053621,SA5,901169,VERONICA,LECHIPYA,IDENT
20161101053626,SA5,901257,FRIDA,MHELELA,IDENT
20161101053637,SA5,900966,ZUHURA,KIJIMBO,IDENT
20161101053643,SA5,901213,HABIBA,NJIKU,IDENT
20161101053652,SA5,901302,ASHA,SHOMARI,IDENT
20161101053709,SA5,901324,MARIAM,YAHAYA,IDENT
20161101053833,SA6,900582,ZABRON,TOSSI,IDENT
20161101053852,SA6,900568,GODWIN,KIRIA,IDENT
20161101044102,SA3,900969,JEMA,SALUM,IDENT
20161101053714,SA5,900973,SHARIFA,LIYAYA,IDENT
20161101053724,SA5,901225,NOELA,YALOT,IDENT
20161101053730,SA5,901082,EDINA,JOHN,IDENT
20161101053736,SA5,901216,ASHA,RAMADHANI,IDENT
20161101053751,SA5,901014,LUCY,THOMAS,IDENT
20161101053758,SA5,901224,ANNA,NYAKAPALA,IDENT
20161101053807,SA5,901138,JOYCE,CHEMRA,IDENT
20161101053941,SA1,900209,ANGELA,MBESIGWE,IDENT
20161101053945,SA5,901222,DEBORA,FILIPATALI,IDENT
20161101053950,SA5,901019,ASHA,NGAMBA,IDENT
20161101054015,SA5,901301,TUKAE,MUSA,IDENT
20161101054022,SA5,901418,ISAYA ,SAWASAWA,IDENT
20161101054029,SA5,901041,JACKLINI,MBOYA,IDENT
20161101054035,SA5,901152,STELLA,MWAKATOBE,IDENT
20161101054044,SA5,901164,SWAUMU,KAYANDA,IDENT
20161101054056,SA5,901106,MARYNIA,KAYOMBO,IDENT
20161101054103,SA5,901214,MARIAM,OMAR,IDENT
20161101054109,SA3,900964,RAPHAEL,MBOKO,IDENT
20161101054110,SA5,901250,JENIPHA,DAMIAN,IDENT
20161101054125,SA5,901171,ESTHER,MUNGUTI,IDENT
20161101054132,SA5,900900,HELENA,SENZUGWAKO,IDENT
20161101054140,SA5,901209,MIRIAM,MNDEWA,IDENT
20161101054148,SA5,901389,OMARY,JUMA,IDENT
20161101054200,SA5,901285,THABIT,ALLY,IDENT
20161101054205,SA5,901356,ZAMDA,NGWABAYA,IDENT
20161101054219,SA5,900850,ROSE,KITALI,IDENT
20161101054223,SA5,901067,HELENA,SAMWELI,IDENT
20161101054223,SA4,901165,FATUMA,ABDALLAH,IDENT
20161101054230,SA4,901252,JENIPHA,CHIZA,IDENT
20161101054231,SA5,900887,ELITABETH,GOMELO,IDENT
20161101054237,SA5,900918,MARIAM,RAMADHANI,IDENT
20161101054242,SA4,900952,SALAMA,MOHAMAD,IDENT
20161101054244,SA5,901220,AGNESS,MWAMBENGO,IDENT
20161101054252,SA5,901131,ESTA,KWEKA,IDENT
20161101054303,SA4,901206,AISHA,MKUMBA,IDENT
20161101054304,SA3,900977,MWANAHAMISI,MUNKUNDA,IDENT
20161101054310,SA5,901118,LILIAN,MREMA,IDENT
20161101054311,SA4,901146,MARTHA,MAKOTI,IDENT
20161101054317,SA4,901191,ROSE,BENARD,IDENT
20161101054318,SA5,900873,SELEN,JUMA,IDENT
20161101054320,SA2,901020,VICTORIA,MWALUANDA,IDENT
20161101054323,SA5,901183,YASINTA,MKIWA,IDENT
20161101054326,SA2,901175,SALMA,RAMADHAN,IDENT
20161101054333,SA4,901221,TEDDY,MAGAMBO,IDENT
20161101054346,SA4,900991,CHRISTINA,JAILOS,IDENT
20161101054347,SA2,901248,MAGRETH,MASAWE,IDENT
20161101054402,SA4,901207,AISHA,ABEID,IDENT
20161101054405,SA2,901079,AGNESS,HAJI,IDENT
20161101054415,SA4,901121,MWATANGA,ALLY,IDENT
20161101054421,SA4,901116,GRACE,KAHANGE,IDENT
20161101054424,SA1,900571,FRANK,MALIMA,IDENT
20161101054429,SA2,901103,MWATANGA,DIENI,IDENT
20161101054430,SA4,901197,RASHID,NJERAN,IDENT
20161101054431,SA5,901360,MARRY,MASULUBE,IDENT
20161101054437,SA1,900739,EMENUEL,KYEJO,IDENT
20161101054438,SA4,901000,AGNES,MTYANGILE,IDENT
20161101054440,SA5,901309,SALMA,RAFIKI,IDENT
20161101054445,SA5,901350,ALFRED,CHARLES,IDENT
20161101054456,SA4,901163,SIJALI,MKELE,IDENT
20161101054458,SA1,900749,EZEKIEL,SOLO,IDENT
20161101054501,SA4,901057,ANNA,KITOMARY,IDENT
20161101054507,SA4,900895,CATHERINE,CHIGOGOLO,IDENT
20161101054518,SA4,901177,ASHA,MAVENGELO,IDENT
20161101054528,SA4,901008,GRESS,KOBA,IDENT
20161101054539,SA4,901058,HAMIDA,MATIPA,IDENT
20161101054552,SA1,900812,LEONARD,NYANGO,IDENT
20161101054557,SA1,900781,GERALD,JOHN,IDENT
20161101054559,SA6,900647,JOHANSEN,MPANJU,IDENT
20161101054600,SA2,900864,TECLA,SAMWEL,IDENT
20161101054600,SA4,901001,AMINA,MUYA,IDENT
20161101054609,SA2,900877,IRENE,GABRIEL,IDENT
20161101054614,SA2,901236,FATIMA,ALLY,IDENT
20161101054619,SA4,900975,EDINA,MZUNGU,IDENT
20161101054622,SA2,901254,NURAT,JAFARI,IDENT
20161101054628,SA5,901319,CHRISTINA,TATI,IDENT
20161101054628,SA4,900971,NAOMI,SAMWELI,IDENT
20161101054633,SA4,900888,AMINA,NGAINA,IDENT
20161101054639,SA4,901119,LINA,MLAWA,IDENT
20161101054641,SA5,901406,PASCAL,STANLEY,IDENT
20161101054644,SA4,901249,HILDA,MWAZEMBE,IDENT
20161101054656,SA4,900929,HALIMA,SEIF,IDENT
20161101054704,SA4,900937,UPENDO,MLEWA,IDENT
20161101054714,SA4,901172,AGNES,STEVEN,IDENT
20161101054720,SA6,900586,MOHAMED,SOLOKA,IDENT
20161101054725,SA4,901063,RACHEL,MZOROZORO,IDENT
20161101054728,SA6,900123,CHARLES,LUSWETULA,IDENT
20161101054731,SA4,901205,JAMILA,MASONGI,IDENT
20161101054739,SA4,900999,ROSE,MWAMAKOLA,IDENT
20161101054752,SA4,901102,ORIVER,DAUD,IDENT
20161101054757,SA4,900893,JOYCE,MCHOMVU,IDENT
20161101054804,SA4,900911,NEEMA,URASSA,IDENT
20161101054809,SA4,901139,HAPPY ,ZAKAYO,IDENT
20161101054817,SA6,900443,JABIRI,RAMADHANI,IDENT
20161101054822,SA6,900487,STEPHEN,KAMBWEMBWE,IDENT
20161101054833,SA4,901144,ESTHER,NAPENGWA,IDENT
20161101054840,SA6,900396,ANDREW,MSANGI,IDENT
20161101054841,SA4,900990,JANE,MHONGOLE,IDENT
20161101054713,SA2,901125,TAUSI,SHABANI,IDENT
20161101054715,SA1,900392,ALLY,MBEGU,IDENT
20161101054723,SA2,901269,AISHA,HALFAN,IDENT
20161101054726,SA1,900811,JUMA,HUMBE,IDENT
20161101054753,SA1,900813,LEONARD,PETER,IDENT
20161101054814,SA5,901354,AISHAH,OTHUMANI,IDENT
20161101054820,SA1,900827,YASIN,MUSSA,IDENT
20161101054821,SA5,901341,JESSE,JEREMIA,IDENT
20161101054824,SA1,900800,NAPEGWA,JACOB,IDENT
20161101054826,SA5,900471,MOHAMED,MIRUNDI,IDENT
20161101054826,SA2,900986,KAUSE,ABDALLAH,IDENT
20161101054830,SA5,901364,SALAFINA,KISAPI,IDENT
20161101054842,SA5,901393,HADIJA,JUMA,IDENT
20161101054845,SA5,901316,ZUHURA,HAMIS,IDENT
20161101054846,SA1,900798,ATHUMAN,SEIF,IDENT
20161101054850,SA5,901282,ADAM,MUSSA,IDENT
20161101054855,SA5,901094,MARTINA,FISSO,IDENT
20161101054904,SA1,900819,PATRICK,MTONDOLA,IDENT
20161101054918,SA4,900861,MWAJABU,BAKARI,IDENT
20161101054918,SA2,901101,RAJABU,MOHAMMED,IDENT
20161101054923,SA2,901258,ATHUMAN,KILINDU,IDENT
20161101054924,SA4,901093,SHARON,IBRAHIM,IDENT
20161101054926,SA1,900770,ANDERSON,KIKOTI,IDENT
20161101054932,SA1,900718,WILSON,ALOIS,IDENT
20161101054933,SA4,900903,RUKIA,MOHAMED,IDENT
20161101054939,SA4,901018,AISHA,KIBINDO,IDENT
20161101054940,SA5,901571,ENOCK,ELIA,IDENT
20161101054951,SA1,900755,NICHALAUS,AUGUSTINO,IDENT
20161101054954,SA5,901299,SAUDA,MATOWELA,IDENT
20161101054956,SA1,900232,MATIKO ,MICHAEL,IDENT
20161101054958,SA4,900935,ZAINABU,SINGANO,IDENT
20161101055002,SA1,900747,ADAM,MASALE,IDENT
20161101055003,SA4,901074,VERONICA,KIMWAGA,IDENT
20161101055005,SA5,901315,FIDEA,AGUSTINO,IDENT
20161101055011,SA2,900889,SALMA,MWAWILA,IDENT
20161101055012,SA4,900882,WINIFRIDA,MALISELINO,IDENT
20161101055015,SA6,900611,EVARIST,MPINGAURUGU,IDENT
20161101055017,SA2,901099,TAUS,MUSTAPHA,IDENT
20161101055027,SA2,901006,RUKIA,ALLY,IDENT
20161101055028,SA4,901120,MERCY,MONGI,IDENT
20161101055031,SA2,900982,MWANAKOMBO,KHALID,IDENT
20161101055041,SA6,900166,RAMADHANI,KIPENGELE,IDENT
20161101055057,SA4,901142,SOPHIA,YUSUPH,IDENT
20161101055109,SA4,900958,SOPHIA,LIKONGO,IDENT
20161101055109,SA5,901427,JESCA,NGUMBU,IDENT
20161101055113,SA1,900426,GESAGA,RAMADHANI,IDENT
20161101055118,SA1,900752,SIMON,MAPUNDA,IDENT
20161101055121,SA4,900928,MARIA,MAGWE,IDENT
20161101055123,SA2,901233,SAMI,MTITIMA,IDENT
20161101055130,SA2,901087,REHEMA,CHETE,IDENT
20161101055131,SA4,901066,ZULEHA,MOHAMED,IDENT
20161101055134,SA1,900745,YUSUPH,NGAPAWA,IDENT
20161101055136,SA2,901166,SAUDA,MAULID,IDENT
20161101055138,SA4,900965,HERMAN,MAKOKO,IDENT
20161101055140,SA5,901395,HASHIM,HAIZA,IDENT
20161101055141,SA2,101513,HADIJA,MPAMBA,IDENT
20161101055143,SA4,900942,CHRISTINA,MWENDA,IDENT
20161101055147,SA2,900920,PILLI,SAIDI,IDENT
20161101055151,SA4,901002,MARIAM,SABURI,IDENT
20161101055152,SA2,901084,MARIA ,SANGA,IDENT
20161101055203,SA1,900751,TUSKAR,HALFANI,IDENT
20161101055206,SA5,901376,ZAINABU ,SALUM,IDENT
20161101055210,SA4,900934,MWAJABU,MARIDADI,IDENT
20161101055215,SA3,901148,IBRAHIM,MZENTO,IDENT
20161101055216,SA4,900956,DIANA,LEMA,IDENT
20161101055223,SA4,900926,AMINA,KONDO,IDENT
20161101055225,SA6,900476,RAMADHANI,IDD,IDENT
20161101055229,SA4,901223,HAPPY,MKWEPU,IDENT
20161101055230,SA5,901374,NASRA,HAMADI,IDENT
20161101055236,SA5,901077,CONSOLATH,MATERU,IDENT
20161101055236,SA1,900814,MARTIN,MUHANDO,IDENT
20161101055244,SA5,901327,EMERY,MSUNGU,IDENT
20161101055247,SA4,901268,ANITHA,KWIMBA,IDENT
20161101055248,SA5,901421,ALFRED,MUGHWAI,IDENT
20161101055250,SA1,900810,JOSEPH,JULIUS,IDENT
20161101055254,SA5,901425,HIDAYA,KASSIM,IDENT
20161101055259,SA2,900876,MWASITI,MAULID,IDENT
20161101055303,SA4,900930,TABIA,DOGOLI,IDENT
20161101055307,SA1,900719,STEPHAN,SIMON,IDENT
20161101055309,SA2,900875,ASHA,MALINBWI,IDENT
20161101055312,SA4,901003,SALAMA,KADALA,IDENT
20161101055313,SA1,900789,KAMPBONA,PASCAL,IDENT
20161101055313,SA6,901149,EPIFANI, MBOKO,IDENT
20161101055319,SA1,900463,MARTENUS,MAPESA,IDENT
20161101055319,SA5,901405,ABDANI,SHILLA,IDENT
20161101055320,SA4,900987,PILLY,MWAWILA,IDENT
20161101055334,SA2,901075,AGATHA,JAMALI,IDENT
20161101055340,SA2,901054,FATUMA,MUHANDO,IDENT
20161101055345,SA1,900826,VITALIS,HOTTI,IDENT
20161101055351,SA1,900817,MOSES,MASENGA,IDENT
20161101055353,SA6,900422,FURAHA,MWAKIFWAMB,IDENT
20161101055356,SA4,901128,ZAITUNI,SOGOI,IDENT
20161101055401,SA2,900954,HABIBA,MDOSE,IDENT
20161101055403,SA6,E032,SANKARAN,JAYARAM,IDENT
20161101055405,SA4,900847,ZAINABU,SINGANO,IDENT
20161101055407,SA2,901073,SALMA,MUHARAMU,IDENT
20161101055410,SA4,901141,HADIJA,SALUM,IDENT
20161101055419,SA4,901151,SIJARI,MAGOMBE,IDENT
20161101055424,SA4,900924,DEBORA,HOSSA,IDENT
20161101055428,SA5,901317,ASHA,HAMISI,IDENT
20161101055430,SA4,900922,BAHATI,SALEHE,IDENT
20161101055433,SA5,901162,MWANAHARUSI,MOHAMED,IDENT
20161101055437,SA4,901156,SAID,HAMISI,IDENT
20161101055441,SA6,900048,SHELLA,MFAUME,IDENT
20161101055443,SA4,901157,DAVID,JUMA,IDENT
20161101055448,SA1,900228,KAGERA,MSAMBUSI,IDENT
20161101055448,SA6,900048,SHELLA,MFAUME,IDENT
20161101055453,SA1,900763,SALEHE,NJAGE,IDENT
20161101055506,SA1,900786,FARAJI,KILUWA,IDENT
20161101055507,SA4,901044,SUZANA,KIMARO,IDENT
20161101055514,SA1,900775,SABATO,JULIUS,IDENT
20161101055521,SA4,901228,CESILIA,MBABUYE,IDENT
20161101055528,SA6,900420,FRANCIS,TESHA,IDENT
20161101055528,SA1,900746,GEDION,BUTENGE,IDENT
20161101055533,SA1,900792,IDDI,IDDI,IDENT
20161101055538,SA1,900733,ALHAJI,IDD,IDENT
20161101055539,SA4,901080,SALOME,DUA,IDENT
20161101055604,SA5,901295,ELLASIA,WILLIUM,IDENT
20161101055615,SA4,900946,RAHMA,MWIMBA,IDENT
20161101055616,SA5,901300,ANNA,TEMBA,IDENT
20161101055621,SA5,901287,REGINA,JEMES,IDENT
20161101055625,SA5,901399,DIANA,NDONGO,IDENT
20161101055631,SA1,900218,GEDDY,SONENGA,IDENT
20161101055637,SA1,900821,SAWA,SWAHA,IDENT
20161101055640,SA1,900411,DEO,JULIUS,IDENT
20161101055644,SA1,900809,JAMES,MWENDA,IDENT
20161101055742,SA6,900417,FABIAN,FABIAN,IDENT
20161101055745,SA6,900054,THOMAS,MGABO,IDENT
20161101055749,SA6,900054,THOMAS,MGABO,IDENT
20161101055817,SA6,900245,ABDALLAH,KIMULIMULI,IDENT
20161101055831,SA6,900138,HUSSEIN,SHABANI,IDENT
20161101055840,SA4,901153,MAGRETH,ZANUARI,IDENT
20161101055857,SA6,900406,CHAUREMBO,MWINYI,IDENT
20161101055630,SA2,900948,VERONICA,MFILINGE,IDENT
20161101055649,SA1,900815,METHOD,DEDA,IDENT
20161101055651,SA2,901062,RASHID,MDOE,IDENT
20161101055653,SA1,900736,KANUNU,THABIT,IDENT
20161101055702,SA1,900723,SAIDI,JUMANE,IDENT
20161101055704,SA2,901266,AZIZA,KAKOMBE,IDENT
20161101055712,SA2,901064,SAID,RAMADHANI,IDENT
20161101055745,SA1,900772,ERICK,KAZIMOTO,IDENT
20161101055759,SA5,901402,ALLY,SELEMAN,IDENT
20161101055806,SA1,900778,MARIAM,MICHAEL,IDENT
20161101055806,SA3,900949,MUHINA,GOMBE,IDENT
20161101055811,SA1,900790,ISIHAKA,IDDI,IDENT
20161101055812,SA5,901408,SAIDI,MAKALA,IDENT
20161101055814,SA1,900220,HAMISI,NJOCHOLA,IDENT
20161101055825,SA1,900440,IDRISA,KIMARO,IDENT
20161101055841,SA5,901004,ZAHARA,YANGE,IDENT
20161101055843,SA1,900233,MUSSSA,ABDALLAH,IDENT
20161101055845,SA1,900725,SAMSONI,KINGU,IDENT
20161101055907,SA2,900936,SOPHIA,MBONDE,IDENT
20161101055910,SA4,901260,AISHA,MNEKA,IDENT
20161101055918,SA1,900578,MTARI,MAGINGA,IDENT
20161101055918,SA4,901024,ASIA,KARATA,IDENT
20161101055928,SA1,900249,AMIRI,MZEE,IDENT
20161101055936,SA1,900737,EXPEDTO,MKONGWE,IDENT
20161101055943,SA1,900542,POUL,KIBELA,IDENT
20161101055948,SA1,900490,TWAHA,MGUHI,IDENT
20161101060002,SA5,901281,JOSEPH,MUSUGULI,IDENT
20161101060006,SA5,901386,SHAMSI,MUHITI,IDENT
20161101060021,SA1,900384,ABDALLA,SAIDI,IDENT
20161101060025,SA5,901291,AISHA,ISSA,IDENT
20161101060042,SA1,900722,ELIZABETH,MATHIUS,IDENT
20161101060046,SA5,901290,AGNES,SALAWA,IDENT
20161101060102,SA1,900717,GODFREY,LAMBAU,IDENT
20161101060105,SA4,900923,HELENA,KHAJI,IDENT
20161101060112,SA5,901343,SEBASTIAN,KIPINGU,IDENT
20161101060116,SA1,900031,LUCAS,MABUYE,IDENT
20161101060117,SA2,901055,ZAINABU,OMARY,IDENT
20161101060131,SA5,901306,VAILETH,NGULO,IDENT
20161101060139,SA2,901267,NEEMA ,MWAMANYE,IDENT
20161101060142,SA5,901013,YASINTA,SHELUBANZI,IDENT
20161101060151,SA5,901280,WHITNESS,MSAGATI,IDENT
20161101060156,SA1,900858,MUHSIN,ATHUMANI,IDENT
20161101060158,SA5,901307,MATRIDA,CHUVAKA,IDENT
20161101060204,SA5,901314,JANE,NYAGAWA,IDENT
20161101060209,SA5,901323,AMINA,HAMISI,IDENT
20161101060210,SA1,900569,JAMES,MWANDU,IDENT
20161101060214,SA5,901367,BEATHA,MLOSO,IDENT
20161101060215,SA1,900771,DATIUS,MARTINE,IDENT
20161101060217,SA5,901320,REHEMA,ALLY,IDENT
20161101060221,SA1,900386,ABDALLAH ,RAMADHANI,IDENT
20161101060221,SA5,901373,ADELA,MSAGA,IDENT
20161101060227,SA5,901311,LOYCE,MASKINI,IDENT
20161101060229,SA5,901344,JACKSON,ATANUS,IDENT
20161101060235,SA5,901308,MADINA,ATHUMANI,IDENT
20161101060255,SA5,901297,STELLA,MAKUNDI,IDENT
20161101060301,SA5,901417,REHEMA,SINDANO,IDENT
20161101060307,SA1,900437,HUSSEIN,MBONDE,IDENT
20161101060312,SA1,900421,FRANK ,MUSHI,IDENT
20161101060314,SA1,900450,JUMA,RAMADHANI,IDENT
20161101060315,SA5,901380,BISURA,MCHELEO,IDENT
20161101060319,SA5,901331,DIANA,KABYEMELA,IDENT
20161101060319,SA1,900793,ABDUL,MAINGO,IDENT
20161101060319,SA6,900474,PHILBERT,MATOGO,IDENT
20161101060336,SA6,900409,DANIEL,MROPE,IDENT
20161101060342,SA1,900727,GEORGE,GREAD,IDENT
20161101060408,SA1,900210,ASHA,HUSSEIN,IDENT
20161101060419,SA5,901397,LINETH,KYARUS,IDENT
20161101060437,SA1,900824,TITO,MGOVANO,IDENT
20161101060452,SA1,900415,EMMANUEL,JONAS,IDENT
20161101060458,SA5,901419,JENIPHA,MWILONGO,IDENT
20161101060507,SA5,901328,MARRY,SHOO,IDENT
20161101060512,SA5,901387,GODFREY,YALED,IDENT
20161101060528,SA1,900764,OMBENI,MICHAEL,IDENT
20161101060534,SA5,901369,RECHO,MSHUMBUSI,IDENT
20161101060537,SA1,900757,JOSEPH,HEMA,IDENT
20161101060538,SA5,901353,DOREEN,MDOE,IDENT
20161101060541,SA2,901154,SALAMA,ALLY,IDENT
20161101060543,SA1,900207,ADELE,NJOCHOLA,IDENT
20161101060549,SA1,900762,SAID,MOHAMED,IDENT
20161101060737,SA6,900473,NAOMI,GONDA,IDENT
20161101060746,SA4,901264,HADIJA,RAMADHANI,IDENT
20161101060811,SA6,900428,GLADIS,MAZENGO,IDENT
20161101060703,SA1,900726,ABDALLAH,CHOBO,IDENT
20161101060707,SA1,900784,WILLIAM,MSOLOKA,IDENT
20161101060735,SA5,901430,JOYCE,SEMWENDA,IDENT
20161101060802,SA5,901071,YUNIS,NDAIGA,IDENT
20161101060919,SA5,901358,MWANAHAMIS ,MSUYA,IDENT
20161101060926,SA5,901342,ANDREW,KILUGWA,IDENT
20161101060926,SA6,900469,MICHAEL,MDACHI,IDENT
20161101060953,SA1,900760,OMARY,MHAGAMA,IDENT
20161101060957,SA1,900779,MUSTAFA,HAMISI,IDENT
20161101061016,SA6,900116,ASHA,ALLY,IDENT
20161101061018,SA1,900822,MENRUFU,PILLY,IDENT
20161101061027,SA6,900391,ALLY,MASHAURI,IDENT
20161101061137,SA1,900455,KHALFAN,OMARI,IDENT
20161101061225,SA5,901346,FRANK,MANDI,IDENT
20161101061235,SA1,900818,PASCAL,MIKONDO,IDENT
20161101061248,SA6,900489,TUMAINI,MNZAVA,IDENT
20161101061251,SA1,900442,ITIKA,DICKSON,IDENT
20161101061307,SA6,900171,ROBERT,MFUNI,IDENT
20161101061412,SA2,901016,HALIFA,MOHAMED,IDENT
20161101061441,SA6,900115,AKIDA,DUGANGE,IDENT
20161101061452,SA6,900130,FATUMA,CHOMBO,IDENT
20161101061516,SA2,901095,BEATA,KOMBA,IDENT
20161101061601,SA2,900984,SALAMA,BIGE,IDENT
20161101061603,SA1,900242,WILSON,ANYNGISE,IDENT
20161101061617,SA1,900227,JOSEPH,NGANILWA,IDENT
20161101061704,SA1,900741,ERICK,LUWUNGO,IDENT
20161101061857,SA1,900788,DEBORA,MWASOMOLA,IDENT
20161101061934,SA1,900756,HUSSEIN,KANDORO,IDENT
20161101062038,SA1,900215,EDWARD,RUFUNGA,IDENT
20161101062205,SA1,900728,JAMAL,MRISHO,IDENT
20161101062209,SA2,901056,ANGELA,MWAKAPALILA,IDENT
20161101062225,SA1,900466,MATHEW,PHILIP,IDENT
20161101062255,SA6,900444,JOHN,MEDA,IDENT
20161101062343,SA5,901336,ISMAIL,MHINA,IDENT
20161101062437,SA6,900661,ADILILA,KONGA,IDENT
20161101062528,SA1,900238,SAIMON,TARIMO,IDENT
20161101062849,SA6,900261,FRANCIS,MAKOTI,IDENT
20161101062646,SA1,900754,ROBERT,JORAM,IDENT
20161101063017,SA6,900661,ADILILA,KONGA,IDENT
20161101063122,SA6,900002,ABDALLAH,MWEYO,IDENT
20161101063358,SA6,900036,MOHAMED,MAJUJULO,IDENT
20161101063411,SA6,900036,MOHAMED,MAJUJULO,IDENT
20161101063629,SA6,900023,JINGSON,SAIMON,IDENT
20161101064226,SA1,900804,FROLAH,MPONDO,IDENT
20161101064239,SA1,900441,ISSA,KAISI,IDENT
20161101064243,SA1,900457,KHAMISI,MASUMBUKO,IDENT
20161101064541,SA6,101110,ESTER,THEOFIL,IDENT
20161101065148,SA6,900175,TEDDY,SIMON,IDENT
20161101065324,SA5,901330,SAVELINA ,KASHASHA,IDENT
20161101065524,SA1,900740,SPEDICTOR,NGOGO,IDENT
20161101065853,SA6,900389,AHMAD,KINDUMA,IDENT
20161101070840,SA6,900011,BLANTINA,MLOWE,IDENT
20161101070923,SA6,901431,AMBALI,SOUD,IDENT
20161101071242,SA6,900120,BENEDICTO,MBOKO,IDENT
20161101071427,SA1,900429,GOODLUCK,LYAHONA,IDENT
20161101071526,SA1,900222,HENRY,NGOWI,IDENT
20161101071604,SA6,901434,JOSEPHINA,HAU,IDENT
20161101071613,SA6,900132,FRIDA,KIGWA,IDENT
20161101071705,SA5,901339,JAMES,MKONO,IDENT
20161101071712,SA5,901351,BARNABA,EDWARD,IDENT
20161101072046,SA6,900029,JUMANNE,MBONDE,IDENT
20161101072513,SA6,900291,RASHIDI,MUSSSA,IDENT
20161101072631,SA6,900144,JANE,MWAKABULUFU,IDENT
20161101072756,SA6,900041,NELSON,MTEMI,IDENT
20161101072851,SA6,900432,HAMZA,ABDALLAH,IDENT
20161101073004,SA6,900430,GWAKISA,MWAKASAGURE,IDENT
20161101073055,SA1,101588,ATHUMAN,SALIM,IDENT
20161101073156,SA6,900485,SHUFAA,ABEID,IDENT
20161101073202,SA1,900687,PROTUS,RUWANDA,IDENT
20161101073234,SA6,900039,MWAJABU,ALLY,IDENT
20161101073450,SA5,901329,ELIWA ,SHAO,IDENT
20161101073502,SA6,900448,JOSEPH,MKELEBE,IDENT
20161101073507,SA6,900131,FRANK,MAKWABU,IDENT
20161101073549,SA6,900397,ANNA,MOSHI,IDENT
20161101073601,SA6,900397,ANNA,MOSHI,IDENT
20161101073609,SA6,900174,SOSTHENES,MUKAMA,IDENT
20161101073654,SA4,900870,GOMERY,DAUDI,IDENT
20161101073711,SA6,900385,ABDALLAH,MOHAMED,IDENT
20161101073735,SA6,901265,FRANK ,RUZIGA,IDENT
20161101073742,SA6,900133,GEORGE,GIDION,IDENT
20161101073749,SA6,901573,DAUDI,NYASHIMO,IDENT
20161101073751,SA6,901573,DAUDI,NYASHIMO,IDENT
20161101073846,SA6,900100,AROBOGAST,MOGELLA,IDENT
20161101073904,SA6,900017,FIKA,JOMSON,IDENT
20161101073742,SA5,901332,NASRA,MSANYA,IDENT
20161101073750,SA1,101118,MANENO,RAMADHANI,IDENT
20161101073805,SA1,200053,MIKIDADI,NGODU,IDENT
20161101073812,SA1,101128,ISSA,RAMADHANI,IDENT
20161101073923,SA6,101880,RICHARD,MAKASI,IDENT
20161101073939,SA4,900941,KULWA,MSUMA,IDENT
20161101073954,SA5,901333,NEEMA,KILUZIA,IDENT
20161101073958,SA2,100597,NOVATI,TARIMO,IDENT
20161101074002,SA1,900711,ATHUMAN,IDDI,IDENT
20161101074012,SA1,900098,TATU,MTUPA,IDENT
20161101074017,SA2,901441,CHRISTOPHER ,MUSHI,IDENT
20161101074020,SA2,200312,BARAKA,KATEGILE,IDENT
20161101074021,SA6,900703,MUSSA,MTALI,IDENT
20161101074029,SA1,900709,MRISHO,ATHUMANI,IDENT
20161101074052,SA2,100603,EDWIN,OWINO,IDENT
20161101074057,SA2,901446,DANIEL,MBARUKA,IDENT
20161101074105,SA6,900584,LUCY,MACHAI,IDENT
20161101074127,SA5,901396,EDWIN,KIPUYO,IDENT
20161101074139,SA2,901450,FARIDA,JUMA,IDENT
20161101074147,SA2,900859,MASANGULA,MASANGURA,IDENT
20161101074200,SA2,900938,ISMAIL,THOMAS,IDENT
20161101074215,SA6,900055,VERONICA,MBAZIGWA,IDENT
20161101074235,SA1,101141,FRANK,RAPAHAEL,IDENT
20161101074240,SA1,900714,STIVINI,STIVINI,IDENT
20161101074301,SA2,901444,BAKARI,KITILA,IDENT
20161101074307,SA6,900407,CHRISTIAN ,NGONYANI,IDENT
20161101074325,SA5,901359,VILET,MHELUKA,IDENT
20161101074329,SA2,200349,FRANK,MOSHI,IDENT
20161101074354,SA1,101589,AMIRI,YAHAYA,IDENT
20161101074414,SA2,901447,MASHAKA,MATEKELE,IDENT
20161101074423,SA6,900467,MBARUKU,OSWAD,IDENT
20161101074509,SA4,901227,MWAMVITA,MWAIPOPO,IDENT
20161101074509,SA2,200311,DAVID,BWILE,IDENT
20161101074512,SA2,200316,DENIS,JOHNSON,IDENT
20161101074513,SA1,900515,SHOMARI,KIMBWEMBWE,IDENT
20161101074553,SA5,901325,JOSEPH,KAVISHE,IDENT
20161101074615,SA1,101124,KHALIDI,KASSIMU,IDENT
20161101074632,SA6,900418			,FELIX,WAUSA,IDENT
20161101074636,SA1,101140,FAUSTINI,MGIMBA,IDENT
20161101074637,SA6,900111,SALUM,SAIDI,IDENT
20161101074702,SA6,900155,MWANAFATIMA,MATIPA,IDENT
20161101074708,SA6,900566,ERICK,NDUNGURU,IDENT
20161101074717,SA6,900446,JOSEPH,KIBASA,IDENT
20161101074721,SA6,900262,FRIDA, MWAMBEGELE,IDENT
20161101074726,SA6,900465,MARTIN,KIDUNGU,IDENT
20161101074739,SA6,900387,ADAM,KINGU,IDENT
20161101074805,SA6,900143,JACKLINE,MAIGA,IDENT
20161101074851,SA6,900581,SAADA,MUHINTE,IDENT
20161101074856,SA6,E083,GURURAJ,SHENVI,IDENT
20161101074636,SA2,200314,DEO,SAKAYA,IDENT
20161101074703,SA1,900710,NICHOLAS,KAPANDE,IDENT
20161101074721,SA1,900707,ATHUMANI,SALEHE,IDENT
20161101074726,SA1,900843,KHALFANI,SHABAN,IDENT
20161101074935,SA5,901278,HENRY ,CHELULA,IDENT
20161101074937,SA4,900869,FRIDA,MKUMBO,IDENT
20161101074939,SA5,901326,ALLY,MBONDE,IDENT
20161101074945,SA4,900944,FROLA,KAMARA,IDENT
20161101075012,SA6,E008,ATUL,PATHAK,IDENT
20161101075032,SA2,200309,RAMADHANI,KIHILE,IDENT
20161101075056,SA6,900257,ENGLIBERTH,DAUDI,IDENT
20161101075057,SA1,EPML001,RAM,ASWALE,IDENT
20161101075105,SA1,900547,COLMAN,KIWALE,IDENT
20161101075108,SA6,900142,IRENE,MREMA,IDENT
20161101075112,SA6,900468,MICHAEL,IBRAHIM,IDENT
20161101075113,SA1,900708,OMARY,ABDALLAH,IDENT
20161101075115,SA6,900393,ALLY,MTWALE,IDENT
20161101075121,SA6,900470,MODEST,NJAU,IDENT
20161101075125,SA6,900156,MWANAISHA,UWESU,IDENT
20161101075213,SA6,900173,SHARIFA,MRISHO,IDENT
20161101075221,SA6,900292,ROSE,CHIKAWE,IDENT
20161101075226,SA6,900431,HAMADI,ZUBERI,IDENT
20161101075249,SA5,901334,SHAIBU,KASANGA,IDENT
20161101075250,SA6,901435,FILES,MBANDO,IDENT
20161101075323,SA6,900165,RAMADHANI,NYENJE,IDENT
20161101075324,SA4,900910,ZAINABU,SADALLAH,IDENT
20161101075329,SA1,900499,HASSAN,HAULE,IDENT
20161101075332,SA6,900464,MARTHA,MWIKOLA,IDENT
20161101075337,SA1,900500,HEMEDI,KANIKI,IDENT
20161101075346,SA6,900402,BARAKA,MVUNGI,IDENT
20161101075349,SA6,900408,COLLMAN,KISISA,IDENT
20161101075415,SA4,901239,SAKINA,KIZEE,IDENT
20161101075444,SA2,901453,JOHNSON,MUNISI,IDENT
20161101075449,SA3,901068,CATHERINE,MATENGO,IDENT
20161101075457,SA5,901335,YONA,MAPELELE,IDENT
20161101075510,SA2,901448,PAULINA,DAVID,IDENT
20161101075513,SA2,901443,MWAJUMA,SHEMBWANA,IDENT
20161101075525,SA2,901452,STEVEN,CHUWA,IDENT
20161101075557,SA1,900517,THERESIA,NJAU,IDENT
20161101075600,SA6,900398,ARSEN, RWEBANGILA	,IDENT
20161101075608,SA1,900502,IMAM,AJABU,IDENT
20161101075608,SA6,900137,HERIETH,MWELI,IDENT
20161101075613,SA6,900128,ENELES,MBWAGA,IDENT
20161101075616,SA2,901273,HELLEN,KIZWALO,IDENT
20161101075618,SA6,900583,REGINALD,MICHAEL,IDENT
20161101075622,SA1,101530,SIMON,YOHANA,IDENT
20161101075632,SA6,900458,KIBWANA,SAIDI,IDENT
20161101075634,SA1,900503,JANE,RWEHUMBIZA,IDENT
20161101075659,SA6,900414,EMMANUEL ,SERAPHINE,IDENT
20161101075733,SA6,901440,UMMY,KWANGALA,IDENT
20161101075738,SA6,900247,ALLY,SELEMANI,IDENT
20161101075643,SA2,901442,JARINA,SHEKOLA,IDENT
20161101075649,SA2,901442,JARINA,SHEKOLA,IDENT
20161101075656,SA1,900236,PENDO,MAGIGE,IDENT
20161101075701,SA2,200318,JOSHUA , PAULO,IDENT
20161101075711,SA1,900504,JEREMIA,TONNO,IDENT
20161101075730,SA2,901445,KARIM,MJAKA,IDENT
20161101075745,SA1,101531,RASHIDI,BAKARI,IDENT
20161101075854,SA5,901382,KONDO,MOHAMED,IDENT
20161101075913,SA6,900454,KHALFAN,AMOUR,IDENT
20161101075918,SA6,900488,THOBIAS,KIWELU,IDENT
20161101075921,SA6,900682,BENEDICT,ELIAS,IDENT
20161101075931,SA6,900388,AGNES,SHAYO,IDENT
20161101075936,SA6,901569,FREDRICK,MUSHI,IDENT
20161101075947,SA6,900460,LAMECK,ASSETO,IDENT
20161101075953,SA6,900400,BAHATI,LUBUVA,IDENT
20161101075956,SA6,900103,FREDNAND,JACKSON,IDENT
20161101080016,SA6,900591,RASHID ,MUNKENDA,IDENT
20161101080024,SA6,900151,LISSY,KIGONJOLA,IDENT
20161101080054,SA5,901378,HOYCE,TILLYA,IDENT
20161101080102,SA2,200351,MICHAEL,MICHAEL,IDENT
20161101080106,SA6,900126,DORIKA,MALYANGO,IDENT
20161101080136,SA6,900439,IDDI,MOHAMED,IDENT
20161101080137,SA1,900715,ELIASI,KIZITO,IDENT
20161101080204,SA1,900507,KANTI,KADIRI,IDENT
20161101080213,SA6,900107,MSELEM,MSELEM,IDENT
20161101080217,SA6,900445,JOHN,MASUNGWA,IDENT
20161101080226,SA1,900505,JESCA,MATECHI,IDENT
20161101080239,SA1,101114,ABUBAKARI,KHALIDI,IDENT
20161101080243,SA1,101115,ATHUUMANI,HEMEDI,IDENT
20161101080251,SA1,101123,KHAMISI ,PEMBE,IDENT
20161101080309,SA6,900007,ANNA,DUA,IDENT
20161101080314,SA1,900239,SOPHIA,MUSHI,IDENT
20161101080405,SA1,900713,ANICET,ABEL,IDENT
20161101080409,SA6,900701,MATHEW,NDANSHAU,IDENT
20161101080410,SA1,900425,GEORGE,JOSEPH,IDENT
20161101080422,SA1,900225,JOHN,FREDRICK,IDENT
20161101080430,SA1,900219,GEORGE,SAMATA,IDENT
20161101080445,SA1,900224,JABIRI,AMANZI,IDENT
20161101080451,SA1,900290,RASHIDI,GEUZA,IDENT
20161101080456,SA1,900290,RASHIDI,GEUZA,IDENT
20161101080458,SA6,900057,ZAITUNI,ABDALLAH,IDENT
20161101080502,SA1,900506,JOE ,MATANDU,IDENT
20161101080547,SA6,E021,RAJA,SWAMINATHAN,IDENT
20161101080555,SA1,901575,LINDA,MLAY,IDENT
20161101080559,SA1,900706,MECKLEEN,NANGEDA,IDENT
20161101080605,SA1,900780,THEO,MAPUNDA,IDENT
20161101080609,SA6,900481,RICHARD,KWEYAMBA,IDENT
20161101080612,SA6,900122,CATHERINE,KUMBATA,IDENT
20161101080716,SA6,900452,KENNEDY,KIMARO,IDENT
20161101080812,SA6,E041,JAGAN MOHAN,YERUVA,IDENT
20161101080823,SA1,900157,MZEE,KONDOWE,IDENT
20161101080917,SA6,900416,ERICK,DAUD,IDENT
20161101080922,SA6,900004,AGATHA,KAYOMBO,IDENT
20161101080927,SA6,900114,ABEID,MOHAMED,IDENT
20161101080933,SA1,901700,JOSEPH,KUANDIKA,IDENT
20161101080938,SA6,900413,ELIBAHATI,JOSEPH,IDENT
20161101081016,SA6,900405,CHARLES,WILLIAM,IDENT
20161101081058,SA1,900235,PAULO,MGEMA,IDENT
20161101081135,SA6,900649,ZUBEDA,MANDIA,IDENT
20161101081140,SA6,900008,ANNE,MCHUMA,IDENT
20161101081216,SA1,900655,ZAINAB,JERECKO,IDENT
20161101081224,SA6,900484,SHANI,MOHAMED,IDENT
20161101081313,SA6,900184,JASPER,NGURUBE,IDENT
20161101081315,SA6,900620,AYOUB,MTAFUNGWA,IDENT
20161101081345,SA6,900009,ASHA,HAMISI,IDENT
20161101081440,SA6,E084,NAVNEET, SINGH,IDENT
20161101081446,SA1,900497,EMANUEL,NGIMBUZI,IDENT
20161101081535,SA6,900629,MICHAEL,ZAMBETAKIS,IDENT
20161101081542,SA6,900629,MICHAEL,ZAMBETAKIS,IDENT
20161101081609,SA1,900237,SHOMARI,SELEMANI,IDENT
20161101081615,SA1,900241,STANLEY,KASIAN,IDENT
20161101081629,SA6,E069,SHANTANU,KULKARNI,IDENT
20161101081739,SA6,E068,RANJEET SINGH,SAINI,IDENT
20161101081743,SA6,E060,ANOOP,TIWARI,IDENT
20161101081818,SA1,900712,JUMA,JUMBE,IDENT
20161101081844,SA1,900030,JUMANNE,LUMBU,IDENT
20161101081925,SA6,901432,AMINA,SOGOI,IDENT
20161101082332,SA6,900110,RASHID,ISSA,IDENT
20161101082351,SA6,900109,AMANI,NYAKARASHI,IDENT
20161101083137,SA6,E021,RAJA,SWAMINATHAN,IDENT
20161101083203,SA6,900472,MWALIMU,SELEMANI,IDENT
20161101083234,SA6,901558,CONSOLATA,MDEMU,IDENT
20161101084247,SA6,900681,ABUBAKARI,MGAZA,IDENT
20161101084829,SA6,900108,NORAH,CLEMENCE,IDENT
20161101090137,SA6,E077,SUMIT,BHATNAGAR,IDENT
20161101090700,SA6,900472,MWALIMU,SELEMANI,IDENT
20161101091910,SA6,900043,RANI,MOHAR,IDENT
