20170101092455,SA6,900385,ABDALLAH,MOHAMED,IDENT
20170101094438,SA6,900703,MUSSA,MTALI,IDENT
20170101094457,SA6,900007,ANNA,DUA,IDENT
20170101100811,SA6,E084,NAVNEET, SINGH,IDENT
20170101125216,SA6,E084,NAVNEET, SINGH,IDENT
20170101125324,SA6,900006,ANDREW,JOSEPH,IDENT
20170101125600,SA6,900261,FRANCIS,MAKOTI,IDENT
20170101130401,SA6,900050,STANLEY,JEREMIAH,IDENT
20170101131908,SA1,900281,NAYOPA,MTENDECHI,IDENT
20170101132228,SA6,900023,JINGSON,SAIMON,IDENT
20170101132236,SA6,900685,VICTOR,MBUNDAMILA,IDENT
20170101132908,SA1,900542,POUL,KIBELA,IDENT
20170101133605,SA6,900627,BAHATI,KAPIGA,IDENT
20170101134109,SA6,900046,SALUM,NDEGE,IDENT
20170101134437,SA6,900543,JOHN,MAGANYA,IDENT
20170101134522,SA6,900051,SUDI,KHALFANI,IDENT
20170101135018,SA6,900048,SHELLA,MFAUME,IDENT
20170101135020,SA6,900048,SHELLA,MFAUME,IDENT
20170101135112,SA1,900684,ABDUL,IMAMU,IDENT
20170101135508,SA1,900249,AMIRI,MZEE,IDENT
20170101135524,SA1,900045,SAIDI,MNDOLWA,IDENT
20170101135856,SA1,900555,MHEZIWA,MALEWA,IDENT
20170101150450,SA6,900703,MUSSA,MTALI,IDENT
20170101191051,SA6,900054,THOMAS,MGABO,IDENT
20170101193112,SA6,900025,JOYCE,MAGANGA,IDENT
20170101193118,SA6,900025,JOYCE,MAGANGA,IDENT
20170101193225,SA6,900541,GOLDEN,MDUBA,IDENT
20170101193248,SA6,900036,MOHAMED,MAJUJULO,IDENT
20170101193314,SA6,900661,ADILILA,KONGA,IDENT
20170101194937,SA6,900056,YESAYA,NTUNDUU,IDENT
20170101195049,SA6,900010,BITSON,MWASILE,IDENT
20170101201924,SA1,900594,GASPER,MATALO,IDENT
20170101202950,SA6,900002,ABDALLAH,MWEYO,IDENT
20170101202959,SA6,900685,VICTOR,MBUNDAMILA,IDENT
20170101203004,SA6,900019,HAMISI,MADODO,IDENT
20170101203441,SA6,900047,SAMSON,SHILA,IDENT
20170101203446,SA6,900047,SAMSON,SHILA,IDENT
20170101203954,SA6,900050,STANLEY,JEREMIAH,IDENT
20170101204217,SA1,900249,AMIRI,MZEE,IDENT
20170101204226,SA1,900542,POUL,KIBELA,IDENT
20170101204320,SA6,900543,JOHN,MAGANYA,IDENT
20170101204648,SA1,900272,ISRAEL,GYUNA,IDENT
20170101205828,SA6,900261,FRANCIS,MAKOTI,IDENT
20170101205833,SA6,900006,ANDREW,JOSEPH,IDENT
20170101205839,SA6,900023,JINGSON,SAIMON,IDENT
20170101205841,SA6,900023,JINGSON,SAIMON,IDENT
20170101210509,SA1,900290,RASHIDI,GEUZA,IDENT
20170102043641,SA6,900035,MOHAMED,HAUSI,IDENT
20170102043647,SA6,900054,THOMAS,MGABO,IDENT
20170102045019,SA6,900261,FRANCIS,MAKOTI,IDENT
20170102045025,SA6,900006,ANDREW,JOSEPH,IDENT
20170102045042,SA6,900050,STANLEY,JEREMIAH,IDENT
20170102045537,SA6,900626,AUGUSTINO,CHITANDA,IDENT
20170102045547,SA6,900002,ABDALLAH,MWEYO,IDENT
20170102050717,SA6,900543,JOHN,MAGANYA,IDENT
20170102051359,SA1,900281,NAYOPA,MTENDECHI,IDENT
20170102052014,SA6,900685,VICTOR,MBUNDAMILA,IDENT
20170102052055,SA6,900019,HAMISI,MADODO,IDENT
20170102052218,SA3,900902,SAKINA,MAWEMBA,IDENT
20170102052512,SA5,900983,RUKIA,KONDO,IDENT
20170102052615,SA6,900019,HAMISI,MADODO,IDENT
20170102052807,SA1,900542,POUL,KIBELA,IDENT
20170102053210,SA6,900133,GEORGE,GIDION,IDENT
20170102053403,SA4,900994,MWAISHA,MWAMOTO,IDENT
20170102053410,SA4,900915,DOROTHEA,KILO,IDENT
20170102053416,SA4,900894,NURU,MAKANDE,IDENT
20170102053424,SA4,901022,SILIVIA,SHAYO,IDENT
20170102053430,SA4,901023,AMINA,CHAKWE,IDENT
20170102053437,SA4,901185,JOYCE,SAMWEL,IDENT
20170102053446,SA4,901133,HUSNA,SENGAMBA,IDENT
20170102053446,SA2,901021,NEEMA ,MWANGO,IDENT
20170102053513,SA4,901244,SWAUMU,HIMBU,IDENT
20170102053526,SA4,901174,BETH,NGADADA,IDENT
20170102053531,SA4,901181,ASNA,SPRIAN,IDENT
20170102053559,SA4,901135,REHEMA,OMARY,IDENT
20170102053611,SA4,901104,MWANAHAWA,HASSAN,IDENT
20170102053623,SA5,901388,OSWALD,SHILLA,IDENT
20170102053625,SA4,900944,FROLA,KAMARA,IDENT
20170102053631,SA5,901363,ZUCRA,SWEDI,IDENT
20170102053652,SA5,901298,SWAUMU,MZIRAI,IDENT
20170102053659,SA4,901035,AGNES,NKONJELWA,IDENT
20170102053706,SA6,900661,ADILILA,KONGA,IDENT
20170102053707,SA5,901302,ASHA,SHOMARI,IDENT
20170102053717,SA5,901361,MARRY,MLIUNJA,IDENT
20170102053729,SA4,901026,FATUMA,KONYO,IDENT
20170102053736,SA4,901229,ANNA,NGAPONDA,IDENT
20170102053753,SA4,901247,KULUTHUM,CHILEMILE,IDENT
20170102053824,SA4,901019,ASHA,NGAMBA,IDENT
20170102053830,SA6,900406,CHAUREMBO,MWINYI,IDENT
20170102053831,SA4,900908,SALMA,RWAMBANO,IDENT
20170102053836,SA4,900996,LILIAN,RASHIDI,IDENT
20170102053852,SA4,900974,ZAWADI,SADIKI,IDENT
20170102053912,SA4,900879,RAHMA,KILO,IDENT
20170102053924,SA4,900985,BAHATI,SARAPIONI,IDENT
20170102053929,SA4,900899,MAGDALENA,SIMAO,IDENT
20170102053935,SA4,901136,HONORATA,SHAYO,IDENT
20170102053942,SA4,901245,EVERINA,MKETO,IDENT
20170102053947,SA4,901190,NEEMA,MNYALAPE,IDENT
20170102053954,SA4,901256,AVERINA,AMANDUS,IDENT
20170102053956,SA5,901355,HALIMA,SANANE,IDENT
20170102054000,SA4,901113,ELIZABETH,SHIRIMA,IDENT
20170102054007,SA4,901112,BUSHRA,SALUM,IDENT
20170102054007,SA5,901285,THABIT,ALLY,IDENT
20170102054012,SA4,901234,ANITHA,AHALIELI,IDENT
20170102054020,SA4,901017,CATHERINE,NYEMA,IDENT
20170102054027,SA4,901152,STELLA,MWAKATOBE,IDENT
20170102054032,SA5,901304,SOPHIA,ALLY,IDENT
20170102054032,SA2,901009,MOSHI,SAIDI,IDENT
20170102054032,SA4,901219,MARIAM,MUSSA,IDENT
20170102054038,SA2,901198,MANEO,ATHUMANI,IDENT
20170102054040,SA4,901186,FROLA,KILIMA,IDENT
20170102054047,SA4,901176,FATUMA,MASOUD,IDENT
20170102054053,SA4,900878,AISHA,KIZINGA,IDENT
20170102054058,SA4,901261,ZAINA,KILWANDA,IDENT
20170102054103,SA4,901007,MODESTA,JOGOO,IDENT
20170102054103,SA5,901374,NASRA,HAMADI,IDENT
20170102054109,SA4,900993,MARIAM,MSUMALI,IDENT
20170102054121,SA4,900916,SABINA,KINGIMALI,IDENT
20170102054138,SA6,900433,HARUNI,MKAMA,IDENT
20170102054139,SA5,901385,ABDALLA,MGAYA,IDENT
20170102054141,SA4,901032,MARISELINA,NGULI,IDENT
20170102054146,SA4,900927,SAADA,SALUM,IDENT
20170102054152,SA4,901105,MTUMWA,ALLY,IDENT
20170102054202,SA4,900976,LUCY,STANLEY,IDENT
20170102054208,SA4,901124,TABIA,OMARY,IDENT
20170102054215,SA4,901215,MWANAIDI,KOLOKO,IDENT
20170102054220,SA4,900865,CHRISTINA,MAGOWELA,IDENT
20170102054229,SA4,901246,VERONICA,MTENGWA,IDENT
20170102054241,SA4,900913,ASHURA,NGUMBE,IDENT
20170102054249,SA4,900917,SALMA,DIWILE,IDENT
20170102054253,SA5,901094,MARTINA,FISSO,IDENT
20170102054254,SA4,901132,HEAVENLIGHT,NKYA,IDENT
20170102054259,SA4,901182,RENIFRIDA,NGUMBU,IDENT
20170102054304,SA4,901168,REHEMA ,MWASOMOLA,IDENT
20170102054311,SA4,900925,REGINA,THOMAS,IDENT
20170102054318,SA5,901360,MARRY,MASULUBE,IDENT
20170102054352,SA4,901238,MARIAM,SELEMANI,IDENT
20170102054357,SA2,901067,HELENA,SAMWELI,IDENT
20170102054400,SA4,901193,VICTORIA,MWAMPEGETE,IDENT
20170102054404,SA4,901230,KUDRA,BAKARI,IDENT
20170102054410,SA4,901164,SWAUMU,KAYANDA,IDENT
20170102054410,SA6,900127,DUNCAN,MHANDO,IDENT
20170102054410,SA5,901179,AMANDA,KWEZI,IDENT
20170102054415,SA5,901255,ASHA,BILALI,IDENT
20170102054417,SA4,901243,PLAKSEDA,AKIZAMUNGU,IDENT
20170102054422,SA4,901253,JOYCE,KESI,IDENT
20170102054433,SA4,901050,MARIAM,SAIDI,IDENT
20170102054439,SA4,900943,MWAMINI,MPANGULE,IDENT
20170102054446,SA4,900885,AMINA,MZARA,IDENT
20170102054505,SA4,900905,AMINA,MUHIDINI,IDENT
20170102054514,SA5,901364,SALAFINA,KISAPI,IDENT
20170102054518,SA4,900914,HAWA,MWIMBE,IDENT
20170102054524,SA4,900961,ELIZABETH,FRANCISCO,IDENT
20170102054531,SA4,900891,HINESS,KAAYA,IDENT
20170102054534,SA5,901012,FATUMA,KABUMA,IDENT
20170102054537,SA4,900883,EDINA,ABED,IDENT
20170102054543,SA4,901140,ASHURA,MGENI,IDENT
20170102054552,SA4,901048,HALIMA,IDDI,IDENT
20170102054558,SA4,901114,FARIDA,AMBLOS,IDENT
20170102054604,SA4,901235,TUMAIN,MUNGURE,IDENT
20170102054609,SA6,900048,SHELLA,MFAUME,IDENT
20170102054610,SA4,901143,LINES,PILLI,IDENT
20170102054618,SA4,900988,UPENDO,PETER,IDENT
20170102054623,SA4,900862,EDINA,MWAKYOMA,IDENT
20170102054634,SA4,901037,FADINA,IBRAHIM,IDENT
20170102054639,SA4,901030,VERONICA,WANGWE,IDENT
20170102054648,SA4,901130,NURU,DAUDI,IDENT
20170102054651,SA5,901406,PASCAL,STANLEY,IDENT
20170102054655,SA5,901571,ENOCK,ELIA,IDENT
20170102054658,SA4,901129,FELISTA,NYAHENGE,IDENT
20170102054702,SA5,901286,AGNES,LUCAS,IDENT
20170102054705,SA4,900972,SAFINA,ABEID,IDENT
20170102054727,SA3,900977,MWANAHAMISI,MUNKUNDA,IDENT
20170102054737,SA4,901092,ASIA,JUMA,IDENT
20170102054739,SA2,901065,ZAINABU,KARUMUNA,IDENT
20170102054743,SA4,900846,SARA,CHIDUNI,IDENT
20170102054747,SA4,901134,NURU,MULONGANILE,IDENT
20170102054753,SA4,900898,RUKIA,MATAUKA,IDENT
20170102054801,SA4,901175,SALMA,RAMADHAN,IDENT
20170102054802,SA6,900476,RAMADHANI,IDD,IDENT
20170102054808,SA4,901218,JANE,RYOBA,IDENT
20170102054810,SA5,901376,ZAINABU ,SALUM,IDENT
20170102054813,SA6,900140,IGNATUS,MLANGWA,IDENT
20170102054815,SA4,900945,ELIZABETH,MREMA,IDENT
20170102054815,SA6,900140,IGNATUS,MLANGWA,IDENT
20170102054827,SA6,900428,GLADIS,MAZENGO,IDENT
20170102054832,SA6,900487,STEPHEN,KAMBWEMBWE,IDENT
20170102054840,SA5,900990,JANE,MHONGOLE,IDENT
20170102054841,SA4,901184,GRACE,NGALABA,IDENT
20170102054845,SA4,901211,ANNA,KIMARO,IDENT
20170102054848,SA5,901399,DIANA,NDONGO,IDENT
20170102054851,SA4,901150,CHRISTINA,MBODE,IDENT
20170102054901,SA4,901241,FATUMA,JUMA,IDENT
20170102054907,SA4,900904,ANNA,MAGEMBE,IDENT
20170102054913,SA1,901557,WALTER,MAYA,IDENT
20170102054914,SA4,901107,MUHIDINI,HASSAN,IDENT
20170102054918,SA4,901262,HADIJA,SALUM,IDENT
20170102054924,SA4,901187,MONICA,SHEMBONI,IDENT
20170102054931,SA4,901011,JANE,SIMON,IDENT
20170102054936,SA4,900978,ELIZABETH,ZAE,IDENT
20170102054942,SA4,901155,GRACE,MUHONO,IDENT
20170102054953,SA4,901027,EDDA,MWAKIBINGWA,IDENT
20170102054958,SA4,900939,STELLA,MAGOGWA,IDENT
20170102054959,SA6,900134,GRACE,KIM,IDENT
20170102055003,SA4,901115,FROLA,SIKWEMBE,IDENT
20170102055009,SA5,901327,EMERY,MSUNGU,IDENT
20170102055009,SA4,901173,BAHATI,MAKAMBA,IDENT
20170102055014,SA5,901316,ZUHURA,HAMIS,IDENT
20170102055015,SA4,900997,MARY,ONDURU,IDENT
20170102055022,SA5,901315,FIDEA,AGUSTINO,IDENT
20170102055027,SA5,901305,DIANA,KIBASA,IDENT
20170102055039,SA1,900742,PROSPER,POLITHO,IDENT
20170102055047,SA6,900582,ZABRON,TOSSI,IDENT
20170102055112,SA4,900947,ANNA,GODISON,IDENT
20170102055116,SA5,901294,RATIFA,KAPINGA,IDENT
20170102055123,SA4,900992,AGNES,MEJA,IDENT
20170102055135,SA4,901059,JAZIRA,RAMADHANI,IDENT
20170102055141,SA4,901029,MARIAM,MWETEMBO,IDENT
20170102055146,SA4,901237,ZUBEDA,KIMARO,IDENT
20170102055152,SA4,901085,ELIZABETH,NYAMBO,IDENT
20170102055157,SA4,901060,MARTHA,GABRIEL,IDENT
20170102055203,SA4,900921,MWAJUMA,IDDI,IDENT
20170102055207,SA4,901212,JASMINI,MOHAMED,IDENT
20170102055230,SA4,901189,KURUTHUM,KHAMISI,IDENT
20170102055235,SA4,901180,FURAHA,TEMBA,IDENT
20170102055240,SA4,900906,MARYSTELA,MCHOME,IDENT
20170102055240,SA2,901167,KELVIN,NGOZI,IDENT
20170102055246,SA2,901258,ATHUMAN,KILINDU,IDENT
20170102055246,SA4,901091,FARIDA,LYIMO,IDENT
20170102055246,SA5,901375,PILLI,CHOLOGONDO,IDENT
20170102055257,SA5,901378,HOYCE,TILLYA,IDENT
20170102055308,SA4,901049,REDEMTA,DANIEL,IDENT
20170102055309,SA5,901295,ELLASIA,WILLIUM,IDENT
20170102055315,SA5,901319,CHRISTINA,TATI,IDENT
20170102055317,SA4,900856,MWAJAMBU,HAMAD,IDENT
20170102055325,SA4,901127,ZAHARA,MBELWA,IDENT
20170102055330,SA2,901041,JACKLINI,MBOYA,IDENT
20170102055332,SA6,900417,FABIAN,FABIAN,IDENT
20170102055348,SA4,901038,AMINA,MDOE,IDENT
20170102055355,SA4,901197,RASHID,NJERAN,IDENT
20170102055406,SA4,900957,HADIJA,MKOTA,IDENT
20170102055408,SA5,901389,OMARY,JUMA,IDENT
20170102055417,SA4,900897,SWAUMU,SAIDI,IDENT
20170102055423,SA5,901317,ASHA,HAMISI,IDENT
20170102055428,SA5,901425,HIDAYA,KASSIM,IDENT
20170102055442,SA4,901194,ELINA,ABEL,IDENT
20170102055453,SA4,900959,REHEMA,LYOWA,IDENT
20170102055459,SA4,900860,AGNESS,LUHUNGO,IDENT
20170102055516,SA1,900749,EZEKIEL,SOLO,IDENT
20170102055520,SA1,900786,FARAJI,KILUWA,IDENT
20170102055521,SA5,901277,NEEMA,UISO,IDENT
20170102055527,SA1,900745,YUSUPH,NGAPAWA,IDENT
20170102055528,SA4,900934,MWAJABU,MARIDADI,IDENT
20170102055532,SA5,901368,NAOMI,YUSUPH,IDENT
20170102055535,SA4,901043,ANNA,JOHN,IDENT
20170102055600,SA2,901097,EMANUEL,MSOKWA,IDENT
20170102055606,SA4,901123,REBECA,KALOFU,IDENT
20170102055611,SA4,900881,ZAINABU,SAIDI,IDENT
20170102055616,SA4,901195,RAYMOND,BUKOJI,IDENT
20170102055624,SA4,900981,FIDES,MONGI,IDENT
20170102055627,SA1,900746,GEDION,BUTENGE,IDENT
20170102055634,SA1,900789,KAMPBONA,PASCAL,IDENT
20170102055637,SA4,901052,SUZANA,NAPANGA,IDENT
20170102055647,SA4,901122,NEEMA,FANUEL,IDENT
20170102055652,SA4,901047,MWAJUMA,HAMIS,IDENT
20170102055729,SA4,901117,HIDAYA,MASOUD,IDENT
20170102055734,SA4,901034,STAMILI,MUSSA,IDENT
20170102055735,SA5,901312,VUMILIA,NDEGE,IDENT
20170102055739,SA1,900578,MTARI,MAGINGA,IDENT
20170102055740,SA5,901330,SAVELINA ,KASHASHA,IDENT
20170102055747,SA5,901395,HASHIM,HAIZA,IDENT
20170102055748,SA6,901149,EPIFANI, MBOKO,IDENT
20170102055751,SA5,901349,HABIBU,BAKARI,IDENT
20170102055756,SA1,900739,EMENUEL,KYEJO,IDENT
20170102055756,SA5,901183,YASINTA,MKIWA,IDENT
20170102055759,SA4,900968,TAUSI,SIMBA,IDENT
20170102055803,SA5,901341,JESSE,JEREMIA,IDENT
20170102055807,SA6,900423,GARDINO,MHIMBA,IDENT
20170102055807,SA4,901025,ASHURA,HAMISI,IDENT
20170102055829,SA5,901384,JOSHUA,KITUNDU,IDENT
20170102055834,SA4,900890,OLIVER,UDOBA,IDENT
20170102055840,SA1,900249,AMIRI,MZEE,IDENT
20170102055935,SA4,901051,HABIBA,PAZZI,IDENT
20170102060005,SA5,901209,MIRIAM,MNDEWA,IDENT
20170102060005,SA1,900723,SAIDI,JUMANE,IDENT
20170102060010,SA5,901350,ALFRED,CHARLES,IDENT
20170102060017,SA1,900765,REBECA,GIDEON,IDENT
20170102060022,SA1,900766,JUDITH,GEOFREY,IDENT
20170102060024,SA2,901202,VITALIS,KESSI,IDENT
20170102060026,SA1,900218,GEDDY,SONENGA,IDENT
20170102060033,SA1,900790,ISIHAKA,IDDI,IDENT
20170102060036,SA5,901423,CONSOLATHA,JOSEPH,IDENT
20170102060041,SA5,901300,ANNA,TEMBA,IDENT
20170102060053,SA4,901042,FARIDA,NDAUKE,IDENT
20170102060107,SA4,900953,JANE,LUSENDELA,IDENT
20170102060121,SA6,900153,MUSSA,KIGUNGAS,IDENT
20170102060117,SA1,900821,SAWA,SWAHA,IDENT
20170102060156,SA1,900490,TWAHA,MGUHI,IDENT
20170102060204,SA6,900662,ABDALLAH,ABEID,IDENT
20170102060212,SA1,900763,SALEHE,NJAGE,IDENT
20170102060215,SA1,900725,SAMSONI,KINGU,IDENT
20170102060227,SA4,901088,JANETH,MUONDO,IDENT
20170102060232,SA4,901239,SAKINA,KIZEE,IDENT
20170102060239,SA3,901196,BONIPHACE,NGESI,IDENT
20170102060239,SA6,900447,JOSEPH,LUSANA,IDENT
20170102060239,SA4,901251,GATI,NYANTUMAN,IDENT
20170102060245,SA6,900116,ASHA,ALLY,IDENT
20170102060257,SA1,900793,ABDUL,MAINGO,IDENT
20170102060313,SA1,900233,MUSSSA,ABDALLAH,IDENT
20170102060318,SA1,900724,HASANI,MRISHO,IDENT
20170102060323,SA1,900752,SIMON,MAPUNDA,IDENT
20170102060348,SA2,900930,TABIA,DOGOLI,IDENT
20170102060400,SA3,901096,SAMWELI,MANGARE,IDENT
20170102060415,SA5,900855,SINAHIA,OMARI,IDENT
20170102060420,SA4,900931,JOHARI,KIMARO,IDENT
20170102060429,SA1,900213,BEDASTUS,PIUS,IDENT
20170102060450,SA4,901076,AGNESS,NGAPONDA,IDENT
20170102060502,SA5,901162,MWANAHARUSI,MOHAMED,IDENT
20170102060508,SA6,900586,MOHAMED,SOLOKA,IDENT
20170102060539,SA4,901045,ASHURA,KATULA,IDENT
20170102060544,SA4,900901,NEEMA,NYAKOKI,IDENT
20170102060549,SA4,900967,FATUMA,MTAMBUA,IDENT
20170102060554,SA5,901299,SAUDA,MATOWELA,IDENT
20170102060554,SA4,901271,RACHEL,MCHOVU,IDENT
20170102060559,SA4,901266,AZIZA,KAKOMBE,IDENT
20170102060637,SA4,901274,AMINA,KAHABUKA,IDENT
20170102060643,SA6,900443,JABIRI,RAMADHANI,IDENT
20170102060649,SA1,900811,JUMA,HUMBE,IDENT
20170102060651,SA4,900950,ASHURA,ATHUMAN,IDENT
20170102060657,SA1,900450,JUMA,RAMADHANI,IDENT
20170102060659,SA1,900794,ADAM,SALTIELY,IDENT
20170102060704,SA1,900220,HAMISI,NJOCHOLA,IDENT
20170102060708,SA1,900783,DAMIAN,ALONE,IDENT
20170102060714,SA1,900411,DEO,JULIUS,IDENT
20170102060819,SA6,900112,ABDALLAH,MIKALAMBILO,IDENT
20170102060823,SA6,900010,BITSON,MWASILE,IDENT
20170102060851,SA3,901098,GERALD,MBAUKA,IDENT
20170102060857,SA4,900970,MARIA,ELIESEL,IDENT
20170102060913,SA1,900415,EMMANUEL,JONAS,IDENT
20170102060933,SA1,900779,MUSTAFA,HAMISI,IDENT
20170102060944,SA1,900466,MATHEW,PHILIP,IDENT
20170102060949,SA1,900571,FRANK,MALIMA,IDENT
20170102061003,SA6,900056,YESAYA,NTUNDUU,IDENT
20170102061103,SA5,901310,MARIAM,BELEKO,IDENT
20170102061232,SA1,900455,KHALFAN,OMARI,IDENT
20170102061703,SA1,900769,JAMES,MACKLINE,IDENT
20170102061713,SA4,900941,KULWA,MSUMA,IDENT
20170102061835,SA1,900756,HUSSEIN,KANDORO,IDENT
20170102061902,SA1,900734,REHEMA,NKYA,IDENT
20170102061923,SA6,900658,MWASITI,LABOA,IDENT
20170102061944,SA1,900771,DATIUS,MARTINE,IDENT
20170102061956,SA4,901260,AISHA,MNEKA,IDENT
20170102062057,SA4,901108,AISHA,WILLIUM,IDENT
20170102062059,SA6,900611,EVARIST,MPINGAURUGU,IDENT
20170102062142,SA4,901263,JAMIRA,SAIDI,IDENT
20170102062434,SA6,900036,MOHAMED,MAJUJULO,IDENT
20170102062447,SA1,900426,GESAGA,RAMADHANI,IDENT
20170102062610,SA1,900768,FILAN,FATAEL,IDENT
20170102062637,SA1,900781,GERALD,JOHN,IDENT
20170102062656,SA1,900760,OMARY,MHAGAMA,IDENT
20170102062711,SA1,900733,ALHAJI,IDD,IDENT
20170102063330,SA1,900778,MARIAM,MICHAEL,IDENT
20170102063803,SA1,900232,MATIKO ,MICHAEL,IDENT
20170102064039,SA1,900804,FROLAH,MPONDO,IDENT
20170102064334,SA1,900272,ISRAEL,GYUNA,IDENT
20170102064648,SA6,900464,MARTHA,MWIKOLA,IDENT
20170102064717,SA1,900243,YOHANA,ALLY,IDENT
20170102064754,SA1,900211,BARAKA,MAKI,IDENT
20170102065113,SA6,900115,AKIDA,DUGANGE,IDENT
20170102065128,SA6,101110,ESTER,THEOFIL,IDENT
20170102065228,SA6,900541,GOLDEN,MDUBA,IDENT
20170102065234,SA6,900047,SAMSON,SHILA,IDENT
20170102065238,SA6,900047,SAMSON,SHILA,IDENT
20170102065417,SA6,900175,TEDDY,SIMON,IDENT
20170102065532,SA1,900238,SAIMON,TARIMO,IDENT
20170102065737,SA6,900120,BENEDICTO,MBOKO,IDENT
20170102065920,SA1,900437,HUSSEIN,MBONDE,IDENT
20170102070159,SA6,900007,ANNA,DUA,IDENT
20170102070216,SA6,901431,AMBALI,SOUD,IDENT
20170102070309,SA6,900100,AROBOGAST,MOGELLA,IDENT
20170102070347,SA6,E083,GURURAJ,SHENVI,IDENT
20170102071046,SA1,900818,PASCAL,MIKONDO,IDENT
20170102071118,SA6,900560,DEOGRASIAS,STEPHIN,IDENT
20170102071151,SA1,900429,GOODLUCK,LYAHONA,IDENT
20170102071343,SA6,900144,JANE,MWAKABULUFU,IDENT
20170102071433,SA6,900132,FRIDA,KIGWA,IDENT
20170102071526,SA6,900432,HAMZA,ABDALLAH,IDENT
20170102071639,SA6,901434,JOSEPHINA,HAU,IDENT
20170102071650,SA1,900441,ISSA,KAISI,IDENT
20170102071724,SA6,900385,ABDALLAH,MOHAMED,IDENT
20170102071734,SA6,900584,LUCY,MACHAI,IDENT
20170102071840,SA6,900472,MWALIMU,SELEMANI,IDENT
20170102071955,SA6,900029,JUMANNE,MBONDE,IDENT
20170102072028,SA1,900505,JESCA,MATECHI,IDENT
20170102072450,SA1,900719,STEPHAN,SIMON,IDENT
20170102072531,SA6,900649,ZUBEDA,MANDIA,IDENT
20170102072617,SA6,900184,JASPER,NGURUBE,IDENT
20170102072620,SA1,900740,SPEDICTOR,NGOGO,IDENT
20170102072635,SA3,901351,BARNABA,EDWARD,IDENT
20170102072743,SA6,900171,ROBERT,MFUNI,IDENT
20170102072800,SA6,900494,YOHANA,LUSANA,IDENT
20170102073248,SA5,901329,ELIWA ,SHAO,IDENT
20170102073347,SA6,901573,DAUDI,NYASHIMO,IDENT
20170102073536,SA6,900271,HUSNA,SAID,IDENT
20170102073645,SA1,900547,COLMAN,KIWALE,IDENT
20170102074153,SA2,901447,MASHAKA,MATEKELE,IDENT
20170102074220,SA6,900467,MBARUKU,OSWAD,IDENT
20170102074223,SA6,900430,GWAKISA,MWAKASAGURE,IDENT
20170102074231,SA6,900123,CHARLES,LUSWETULA,IDENT
20170102074234,SA6,900397,ANNA,MOSHI,IDENT
20170102074313,SA2,100597,NOVATI,TARIMO,IDENT
20170102074316,SA2,200349,FRANK,MOSHI,IDENT
20170102074316,SA1,900517,THERESIA,NJAU,IDENT
20170102074329,SA6,900247,ALLY,SELEMANI,IDENT
20170102074330,SA1,900715,ELIASI,KIZITO,IDENT
20170102074334,SA1,901700,JOSEPH,KUANDIKA,IDENT
20170102074337,SA6,900017,FIKA,JOMSON,IDENT
20170102074339,SA1,900780,THEO,MAPUNDA,IDENT
20170102074348,SA1,900098,TATU,MTUPA,IDENT
20170102074354,SA1,101141,FRANK,RAPAHAEL,IDENT
20170102074413,SA6,900103,FREDNAND,JACKSON,IDENT
20170102074434,SA6,101880,RICHARD,MAKASI,IDENT
20170102074438,SA6,901265,FRANK ,RUZIGA,IDENT
20170102074443,SA6,900041,NELSON,MTEMI,IDENT
20170102074454,SA2,100603,EDWIN,OWINO,IDENT
20170102074506,SA5,901422,EMMANUEL,KHALIDI,IDENT
20170102074514,SA6,900142,IRENE,MREMA,IDENT
20170102074517,SA5,901339,JAMES,MKONO,IDENT
20170102074545,SA1,900712,JUMA,JUMBE,IDENT
20170102074547,SA1,900710,NICHOLAS,KAPANDE,IDENT
20170102074555,SA1,200053,MIKIDADI,NGODU,IDENT
20170102074604,SA1,900707,ATHUMANI,SALEHE,IDENT
20170102074607,SA5,901278,HENRY ,CHELULA,IDENT
20170102074611,SA6,900268,GWANTWA,MWASYEBULE,IDENT
20170102074616,SA1,101140,FAUSTINI,MGIMBA,IDENT
20170102074620,SA1,900219,GEORGE,SAMATA,IDENT
20170102074626,SA1,900829,MOHAMED,ENZI,IDENT
20170102074630,SA6,900460,LAMECK,ASSETO,IDENT
20170102074631,SA1,900828,WILLIUM,MPANGALA,IDENT
20170102074635,SA6,E037,SRINIVAS,DANTU,IDENT
20170102074641,SA6,900703,MUSSA,MTALI,IDENT
20170102074648,SA1,900507,KANTI,KADIRI,IDENT
20170102074652,SA6,900620,AYOUB,MTAFUNGWA,IDENT
20170102074657,SA1,900711,ATHUMAN,IDDI,IDENT
20170102074723,SA1,101529,SELEMAN,RAMADHANI,IDENT
20170102074723,SA6,900399,ATHUMANI,JUMA,IDENT
20170102074723,SA2,900859,MASANGULA,MASANGURA,IDENT
20170102074731,SA6,E084,NAVNEET, SINGH,IDENT
20170102074734,SA2,900938,ISMAIL,THOMAS,IDENT
20170102074816,SA5,901359,VILET,MHELUKA,IDENT
20170102074823,SA6,900418			,FELIX,WAUSA,IDENT
20170102074832,SA2,200312,BARAKA,KATEGILE,IDENT
20170102074833,SA6,900114,ABEID,MOHAMED,IDENT
20170102074838,SA2,901441,CHRISTOPHER ,MUSHI,IDENT
20170102074848,SA2,901448,PAULINA,DAVID,IDENT
20170102074916,SA1,900706,MECKLEEN,NANGEDA,IDENT
20170102074937,SA6,900439,IDDI,MOHAMED,IDENT
20170102074940,SA1,900024,JOSEPH,TWALIB,IDENT
20170102074945,SA1,101589,AMIRI,YAHAYA,IDENT
20170102074950,SA1,900843,KHALFANI,SHABAN,IDENT
20170102074954,SA1,101124,KHALIDI,KASSIMU,IDENT
20170102075017,SA6,900107,MSELEM,MSELEM,IDENT
20170102075019,SA1,900830,ARNOLD,NESTORY,IDENT
20170102075030,SA1,900500,HEMEDI,KANIKI,IDENT
20170102075036,SA1,900516,SOLOMON,MBANGA,IDENT
20170102075036,SA4,901069,ELIZABETH,MRAMU,IDENT
20170102075037,SA5,901326,ALLY,MBONDE,IDENT
20170102075040,SA6,E069,SHANTANU,KULKARNI,IDENT
20170102075047,SA1,900499,HASSAN,HAULE,IDENT
20170102075051,SA1,101118,MANENO,RAMADHANI,IDENT
20170102075056,SA1,101128,ISSA,RAMADHANI,IDENT
20170102075059,SA2,900940,JUMANNE,ZONGO,IDENT
20170102075101,SA6,900109,AMANI,NYAKARASHI,IDENT
20170102075105,SA2,200318,JOSHUA , PAULO,IDENT
20170102075107,SA1,900508,MARIAM ,HAMISI,IDENT
20170102075147,SA1,900515,SHOMARI,KIMBWEMBWE,IDENT
20170102075223,SA2,200314,DEO,SAKAYA,IDENT
20170102075233,SA6,E079,BALASUBRAMANIAM,M,IDENT
20170102075235,SA1,101123,KHAMISI ,PEMBE,IDENT
20170102075254,SA1,101134,HASSAN,KAPANYA,IDENT
20170102075308,SA1,900720,FRANCIS,RAFAEL,IDENT
20170102075315,SA6,900262,FRIDA, MWAMBEGELE,IDENT
20170102075426,SA6,900016,FATUMA,HAMISI,IDENT
20170102075433,SA6,901569,FREDRICK,MUSHI,IDENT
20170102075441,SA5,901333,NEEMA,KILUZIA,IDENT
20170102075456,SA3,200351,MICHAEL,MICHAEL,IDENT
20170102075506,SA4,901137,SOFIA,KIUMBE,IDENT
20170102075553,SA6,901440,UMMY,KWANGALA,IDENT
20170102075606,SA2,901443,MWAJUMA,SHEMBWANA,IDENT
20170102075609,SA6,900126,DORIKA,MALYANGO,IDENT
20170102075612,SA2,200316,DENIS,JOHNSON,IDENT
20170102075622,SA1,900237,SHOMARI,SELEMANI,IDENT
20170102075623,SA6,900156,MWANAISHA,UWESU,IDENT
20170102075700,SA6,900174,SOSTHENES,MUKAMA,IDENT
20170102075719,SA6,901435,FILES,MBANDO,IDENT
20170102075747,SA6,900488,THOBIAS,KIWELU,IDENT
20170102075751,SA6,900591,RASHID ,MUNKENDA,IDENT
20170102075802,SA6,901438,MARY,JOSEPH,IDENT
20170102075846,SA4,900910,ZAINABU,SADALLAH,IDENT
20170102075849,SA1,900425,GEORGE,JOSEPH,IDENT
20170102075857,SA5,901335,YONA,MAPELELE,IDENT
20170102075900,SA6,900470,MODEST,NJAU,IDENT
20170102075906,SA6,900458,KIBWANA,SAIDI,IDENT
20170102075915,SA6,900257,ENGLIBERTH,DAUDI,IDENT
20170102075918,SA6,900173,SHARIFA,MRISHO,IDENT
20170102075925,SA5,901332,NASRA,MSANYA,IDENT
20170102075927,SA6,900057,ZAITUNI,ABDALLAH,IDENT
20170102075934,SA2,200311,DAVID,BWILE,IDENT
20170102075944,SA1,101115,ATHUUMANI,HEMEDI,IDENT
20170102075947,SA6,E078,SANJAY,GOYAL,IDENT
20170102075950,SA1,101114,ABUBAKARI,KHALIDI,IDENT
20170102075956,SA1,900230,LUICE,JOHN,IDENT
20170102080001,SA6,900143,JACKLINE,MAIGA,IDENT
20170102080028,SA1,900503,JANE,RWEHUMBIZA,IDENT
20170102080047,SA1,900030,JUMANNE,LUMBU,IDENT
20170102080052,SA6,900389,AHMAD,KINDUMA,IDENT
20170102080055,SA6,900393,ALLY,MTWALE,IDENT
20170102080059,SA6,900388,AGNES,SHAYO,IDENT
20170102080104,SA6,901432,AMINA,SOGOI,IDENT
20170102080108,SA6,900161,PILLI ,MOHAMED,IDENT
20170102080111,SA6,900485,SHUFAA,ABEID,IDENT
20170102080118,SA6,900128,ENELES,MBWAGA,IDENT
20170102080133,SA6,900446,JOSEPH,KIBASA,IDENT
20170102080148,SA6,E021,RAJA,SWAMINATHAN,IDENT
20170102080201,SA2,901452,STEVEN,CHUWA,IDENT
20170102080211,SA2,901453,JOHNSON,MUNISI,IDENT
20170102080231,SA6,900660,IDDI,ALLY,IDENT
20170102080238,SA6,900574,FURAHA,MSAMBWA,IDENT
20170102080241,SA3,901068,CATHERINE,MATENGO,IDENT
20170102080248,SA6,900445,JOHN,MASUNGWA,IDENT
20170102080254,SA6,900155,MWANAFATIMA,MATIPA,IDENT
20170102080306,SA1,901575,LINDA,MLAY,IDENT
20170102080322,SA1,901586,MOHAMED,KIPANGUZI,IDENT
20170102080338,SA6,900004,AGATHA,KAYOMBO,IDENT
20170102080342,SA1,900817,MOSES,MASENGA,IDENT
20170102080343,SA6,900131,FRANK,MAKWABU,IDENT
20170102080349,SA6,900583,REGINALD,MICHAEL,IDENT
20170102080352,SA6,900435,HASSAN,NKHAMBI,IDENT
20170102080400,SA1,900815,METHOD,DEDA,IDENT
20170102080406,SA1,900809,JAMES,MWENDA,IDENT
20170102080409,SA6,900390,ALBERT,KANENDA,IDENT
20170102080411,SA1,900708,OMARY,ABDALLAH,IDENT
20170102080418,SA1,900497,EMANUEL,NGIMBUZI,IDENT
20170102080442,SA1,101588,ATHUMAN,SALIM,IDENT
20170102080511,SA6,900165,RAMADHANI,NYENJE,IDENT
20170102080514,SA1,900558,FRANCIS,MFIKWA,IDENT
20170102080520,SA1,900513,SALEHE,BAKARI,IDENT
20170102080530,SA1,900224,JABIRI,AMANZI,IDENT
20170102080534,SA1,900457,KHAMISI,MASUMBUKO,IDENT
20170102080543,SA5,901396,EDWIN,KIPUYO,IDENT
20170102080546,SA2,901451,JUSTINE,MKUDE,IDENT
20170102080554,SA6,900108,NORAH,CLEMENCE,IDENT
20170102080609,SA1,900157,MZEE,KONDOWE,IDENT
20170102080625,SA6,900416,ERICK,DAUD,IDENT
20170102080627,SA1,900236,PENDO,MAGIGE,IDENT
20170102080646,SA5,901325,JOSEPH,KAVISHE,IDENT
20170102080729,SA1,101531,RASHIDI,BAKARI,IDENT
20170102080729,SA6,900270,HASSAN,KIGWIO,IDENT
20170102080752,SA2,200309,RAMADHANI,KIHILE,IDENT
20170102080803,SA1,900655,ZAINAB,JERECKO,IDENT
20170102080833,SA6,900481,RICHARD,KWEYAMBA,IDENT
20170102080852,SA6,900110,RASHID,ISSA,IDENT
20170102080907,SA1,900235,PAULO,MGEMA,IDENT
20170102080937,SA6,900122,CATHERINE,KUMBATA,IDENT
20170102080956,SA1,900502,IMAM,AJABU,IDENT
20170102080957,SA3,901446,DANIEL,MBARUKA,IDENT
20170102081000,SA3,901449,BONIFAS,ANGANILE,IDENT
20170102081010,SA1,900228,KAGERA,MSAMBUSI,IDENT
20170102081018,SA1,900506,JOE ,MATANDU,IDENT
20170102081041,SA6,900151,LISSY,KIGONJOLA,IDENT
20170102081053,SA6,900137,HERIETH,MWELI,IDENT
20170102081056,SA1,900504,JEREMIA,TONNO,IDENT
20170102081104,SA6,900581,SAADA,MUHINTE,IDENT
20170102081110,SA6,900484,SHANI,MOHAMED,IDENT
20170102081120,SA6,900682,BENEDICT,ELIAS,IDENT
20170102081241,SA6,900011,BLANTINA,MLOWE,IDENT
20170102081246,SA5,901382,KONDO,MOHAMED,IDENT
20170102081254,SA6,900400,BAHATI,LUBUVA,IDENT
20170102081604,SA6,E060,ANOOP,TIWARI,IDENT
20170102081609,SA2,901442,JARINA,SHEKOLA,IDENT
20170102082101,SA6,900398,ARSEN, RWEBANGILA	,IDENT
20170102082223,SA6,900009,ASHA,HAMISI,IDENT
20170102082428,SA6,900405,CHARLES,WILLIAM,IDENT
20170102082538,SA6,900452,KENNEDY,KIMARO,IDENT
20170102082548,SA2,901444,BAKARI,KITILA,IDENT
20170102082709,SA6,900246,ABDULKARIM,ALI,IDENT
20170102082719,SA6,900044,REGINARD,MSHANGA,IDENT
20170102082911,SA6,E045,SURESH,PS,IDENT
20170102082948,SA1,901577,SALEEM,KHATRI,IDENT
20170102083052,SA6,901558,CONSOLATA,MDEMU,IDENT
20170102083326,SA6,901436,HAMISI,KAVINGA,IDENT
20170102084411,SA6,900292,ROSE,CHIKAWE,IDENT
20170102090431,SA6,900681,ABUBAKARI,MGAZA,IDENT
