20170401090019,SA1,900505,JESCA,MATECHI,IDENT
20170401093845,SA6,900055,VERONICA,MBAZIGWA,IDENT
20170401093939,SA6,901581,PROSPER,KATABALWA,IDENT
20170401094530,SA6,901558,CONSOLATA,MDEMU,IDENT
20170401095233,SA6,900016,FATUMA,HAMISI,IDENT
20170401110138,SA5,901344,JACKSON,ATANUS,IDENT
20170401110227,SA4,901076,AGNESS,NGAPONDA,IDENT
20170401110314,SA4,900862,EDINA,MWAKYOMA,IDENT
20170401110319,SA5,901343,SEBASTIAN,KIPINGU,IDENT
20170401110456,SA6,900469,MICHAEL,MDACHI,IDENT
20170401110837,SA2,901011,JANE,SIMON,IDENT
20170401111040,SA5,901342,ANDREW,KILUGWA,IDENT
20170401111043,SA5,901346,FRANK,MANDI,IDENT
20170401112250,SA4,900925,REGINA,THOMAS,IDENT
20170401112426,SA2,901270,NAOMI,OBONG,IDENT
20170401112434,SA2,901262,HADIJA,SALUM,IDENT
20170401112500,SA2,901266,AZIZA,KAKOMBE,IDENT
20170401112602,SA4,901271,RACHEL,MCHOVU,IDENT
20170401112656,SA6,900271,HUSNA,SAID,IDENT
20170401113720,SA5,901378,HOYCE,TILLYA,IDENT
20170401114300,SA6,900556,REGINA,NDALUHEKEYE,IDENT
20170401120216,SA6,900134,GRACE,KIM,IDENT
20170401125255,SA1,900001,ABDALLAH,JUMANNE,IDENT
20170401125809,SA6,900560,DEOGRASIAS,STEPHIN,IDENT
20170401125816,SA6,900397,ANNA,MOSHI,IDENT
20170401125833,SA6,900110,RASHID,ISSA,IDENT
20170401125849,SA1,900707,ATHUMANI,SALEHE,IDENT
20170401125852,SA1,900711,ATHUMAN,IDDI,IDENT
20170401125901,SA1,900500,HEMEDI,KANIKI,IDENT
20170401125922,SA1,900710,NICHOLAS,KAPANDE,IDENT
20170401125951,SA1,900745,YUSUPH,NGAPAWA,IDENT
20170401130008,SA4,901100,REHEMA,SALEHE,IDENT
20170401130018,SA1,900507,KANTI,KADIRI,IDENT
20170401130022,SA6,900041,NELSON,MTEMI,IDENT
20170401130101,SA6,900620,AYOUB,MTAFUNGWA,IDENT
20170401130110,SA6,900184,JASPER,NGURUBE,IDENT
20170401130155,SA1,900555,MHEZIWA,MALEWA,IDENT
20170401130206,SA1,900499,HASSAN,HAULE,IDENT
20170401130235,SA2,900938,ISMAIL,THOMAS,IDENT
20170401130258,SA6,900443,JABIRI,RAMADHANI,IDENT
20170401130308,SA1,900714,STIVINI,STIVINI,IDENT
20170401130255,SA5,901406,PASCAL,STANLEY,IDENT
20170401130310,SA5,901405,ABDANI,SHILLA,IDENT
20170401130323,SA5,901418,ISAYA ,SAWASAWA,IDENT
20170401130325,SA4,901138,JOYCE,CHEMRA,IDENT
20170401130332,SA4,901160,SAUDA,MCHECHE,IDENT
20170401130338,SA4,900956,DIANA,LEMA,IDENT
20170401130340,SA5,901282,ADAM,MUSSA,IDENT
20170401130346,SA6,900099,AMIN,JUMA,IDENT
20170401130352,SA4,901003,SALAMA,KADALA,IDENT
20170401130355,SA6,900454,KHALFAN,AMOUR,IDENT
20170401130410,SA6,900701,MATHEW,NDANSHAU,IDENT
20170401130415,SA6,901569,FREDRICK,MUSHI,IDENT
20170401130419,SA5,901293,JOHARI,MAHARIA,IDENT
20170401130421,SA6,900494,YOHANA,LUSANA,IDENT
20170401130439,SA5,901338,WAZIRI,WAZIRI,IDENT
20170401130441,SA6,901585,SADICK,MAPUNDA,IDENT
20170401130454,SA6,900036,MOHAMED,MAJUJULO,IDENT
20170401130506,SA5,901339,JAMES,MKONO,IDENT
20170401130512,SA5,901336,ISMAIL,MHINA,IDENT
20170401130523,SA6,900247,ALLY,SELEMANI,IDENT
20170401130551,SA1,900224,JABIRI,AMANZI,IDENT
20170401130558,SA1,900749,EZEKIEL,SOLO,IDENT
20170401130614,SA6,900021,JAFARI,BAINA,IDENT
20170401130639,SA6,900472,MWALIMU,SELEMANI,IDENT
20170401130641,SA3,900933,WINFRIDA,LUSEBA,IDENT
20170401130710,SA2,901452,STEVEN,CHUWA,IDENT
20170401130712,SA1,900843,KHALFANI,SHABAN,IDENT
20170401130740,SA6,900649,ZUBEDA,MANDIA,IDENT
20170401130747,SA6,900395,AMOS,MIMBI,IDENT
20170401130749,SA1,900687,PROTUS,RUWANDA,IDENT
20170401130803,SA6,900111,SALUM,SAIDI,IDENT
20170401130813,SA5,901404,AWAZI,SALIM,IDENT
20170401130826,SA1,900790,ISIHAKA,IDDI,IDENT
20170401130828,SA2,901448,PAULINA,DAVID,IDENT
20170401130838,SA1,900771,DATIUS,MARTINE,IDENT
20170401130846,SA1,900243,YOHANA,ALLY,IDENT
20170401130906,SA1,900241,STANLEY,KASIAN,IDENT
20170401130911,SA5,901416,YONA,MUSA,IDENT
20170401130912,SA6,900445,JOHN,MASUNGWA,IDENT
20170401130918,SA6,900582,ZABRON,TOSSI,IDENT
20170401130929,SA1,900045,SAIDI,MNDOLWA,IDENT
20170401130952,SA1,900211,BARAKA,MAKI,IDENT
20170401130958,SA1,900765,REBECA,GIDEON,IDENT
20170401131000,SA6,900689,IRENE,MOSHI,IDENT
20170401131004,SA6,901584,PENDO,MNJAGILA,IDENT
20170401131005,SA1,900154,MWAJUMA,MSAKUZI,IDENT
20170401131008,SA6,900131,FRANK,MAKWABU,IDENT
20170401131042,SA1,900730,UHURU,MARWA,IDENT
20170401131046,SA1,900759,ELIAS,YAKOB,IDENT
20170401131114,SA1,900804,FROLAH,MPONDO,IDENT
20170401131204,SA1,900809,JAMES,MWENDA,IDENT
20170401131208,SA1,900821,SAWA,SWAHA,IDENT
20170401131211,SA1,900817,MOSES,MASENGA,IDENT
20170401131213,SA6,900055,VERONICA,MBAZIGWA,IDENT
20170401131250,SA6,900402,BARAKA,MVUNGI,IDENT
20170401131312,SA1,900802,EMANUEL,SILAYO,IDENT
20170401131318,SA1,900440,IDRISA,KIMARO,IDENT
20170401131320,SA1,900797,ASHAM,MUSA,IDENT
20170401131323,SA1,900455,KHALFAN,OMARI,IDENT
20170401131400,SA1,900030,JUMANNE,LUMBU,IDENT
20170401131516,SA1,900290,RASHIDI,GEUZA,IDENT
20170401131315,SA5,901382,KONDO,MOHAMED,IDENT
20170401131344,SA6,900596,DAVID,MWAMPAMBA,IDENT
20170401131536,SA4,901195,RAYMOND,BUKOJI,IDENT
20170401131544,SA4,900962,JOSEPH,ELISAFI,IDENT
20170401131550,SA6,900126,DORIKA,MALYANGO,IDENT
20170401131601,SA4,901107,MUHIDINI,HASSAN,IDENT
20170401131611,SA2,901167,KELVIN,NGOZI,IDENT
20170401131634,SA2,901096,SAMWELI,MANGARE,IDENT
20170401131704,SA1,900819,PATRICK,MTONDOLA,IDENT
20170401131707,SA1,900466,MATHEW,PHILIP,IDENT
20170401131719,SA5,901334,SHAIBU,KASANGA,IDENT
20170401131729,SA4,900963,MWAZANI,SAIDI,IDENT
20170401131744,SA1,900490,TWAHA,MGUHI,IDENT
20170401131807,SA1,900403,BEDA,YUDA,IDENT
20170401131820,SA6,900451,KASSIM,MALICK,IDENT
20170401131834,SA6,900658,MWASITI,LABOA,IDENT
20170401131840,SA1,900815,METHOD,DEDA,IDENT
20170401131850,SA5,901340,FELIX,MAKANYA,IDENT
20170401131929,SA6,900586,MOHAMED,SOLOKA,IDENT
20170401131932,SA6,900008,ANNE,MCHUMA,IDENT
20170401131940,SA6,900262,FRIDA, MWAMBEGELE,IDENT
20170401131958,SA6,900246,ABDULKARIM,ALI,IDENT
20170401132007,SA1,900157,MZEE,KONDOWE,IDENT
20170401132027,SA6,900447,JOSEPH,LUSANA,IDENT
20170401132032,SA6,900399,ATHUMANI,JUMA,IDENT
20170401132125,SA6,900054,THOMAS,MGABO,IDENT
20170401132144,SA6,900681,ABUBAKARI,MGAZA,IDENT
20170401132144,SA1,900098,TATU,MTUPA,IDENT
20170401132213,SA6,900682,BENEDICT,ELIAS,IDENT
20170401132220,SA4,901194,ELINA,ABEL,IDENT
20170401132230,SA6,900280,TADEO,MWINGIZI,IDENT
20170401132327,SA6,900100,AROBOGAST,MOGELLA,IDENT
20170401132405,SA1,900768,FILAN,FATAEL,IDENT
20170401132423,SA1,900782,JANETH,DADAA,IDENT
20170401132427,SA1,900778,MARIAM,MICHAEL,IDENT
20170401132437,SA1,900722,ELIZABETH,MATHIUS,IDENT
20170401132259,SA4,901197,RASHID,NJERAN,IDENT
20170401132618,SA1,900814,MARTIN,MUHANDO,IDENT
20170401132618,SA6,900162,PILLY,MANENO,IDENT
20170401132639,SA1,900725,SAMSONI,KINGU,IDENT
20170401132736,SA6,900171,ROBERT,MFUNI,IDENT
20170401132844,SA5,901094,MARTINA,FISSO,IDENT
20170401132855,SA6,900444,JOHN,MEDA,IDENT
20170401132901,SA6,900404,BRYANT,NYENYEMBE,IDENT
20170401132907,SA6,900291,RASHIDI,MUSSSA,IDENT
20170401132918,SA6,900029,JUMANNE,MBONDE,IDENT
20170401133020,SA4,900960,AGNESS,NAWAHIGA,IDENT
20170401133032,SA1,900415,EMMANUEL,JONAS,IDENT
20170401133035,SA2,901422,EMMANUEL,KHALIDI,IDENT
20170401133053,SA6,900107,MSELEM,MSELEM,IDENT
20170401133053,SA2,200316,DENIS,JOHNSON,IDENT
20170401133059,SA6,900135,HALIMA,NGAMZI,IDENT
20170401133102,SA5,901367,BEATHA,MLOSO,IDENT
20170401133117,SA4,901191,ROSE,BENARD,IDENT
20170401133123,SA5,901289,CONSOLATHA,RAPHAEL,IDENT
20170401133131,SA6,901578,DEOGRATIUS,KABELEGE,IDENT
20170401133137,SA6,900458,KIBWANA,SAIDI,IDENT
20170401133138,SA5,901347,JAMES,MAJIJI,IDENT
20170401133157,SA1,901700,JOSEPH,KUANDIKA,IDENT
20170401133206,SA1,900217,FRED,JAMES,IDENT
20170401133212,SA1,900214,BRUNO,FREDRICK,IDENT
20170401133239,SA4,900904,ANNA,MAGEMBE,IDENT
20170401133321,SA6,900416,ERICK,DAUD,IDENT
20170401133340,SA5,901352,ABDALAH,SUDY,IDENT
20170401133346,SA5,901341,JESSE,JEREMIA,IDENT
20170401133353,SA5,901322,SARAH,ALLY,IDENT
20170401133404,SA4,901077,CONSOLATH,MATERU,IDENT
20170401133416,SA5,901351,BARNABA,EDWARD,IDENT
20170401133428,SA6,900169,REHEMA,YUSUFU,IDENT
20170401133435,SA4,901204,SOPHIA,LUGOME,IDENT
20170401133439,SA5,901365,JOYCE,SWILLAH,IDENT
20170401133442,SA4,901104,MWANAHAWA,HASSAN,IDENT
20170401133448,SA5,901192,ASMA,KONDO,IDENT
20170401133451,SA4,901252,JENIPHA,CHIZA,IDENT
20170401133455,SA6,900488,THOBIAS,KIWELU,IDENT
20170401133456,SA4,901005,HADIJJA,KIJUU,IDENT
20170401133500,SA2,901451,JUSTINE,MKUDE,IDENT
20170401133503,SA4,901245,EVERINA,MKETO,IDENT
20170401133507,SA5,901412,ELIA,NGWALI,IDENT
20170401133515,SA5,901572,WAISAHA,PATRICK,IDENT
20170401133522,SA5,901413,LEILA,KIMBENGELE,IDENT
20170401133522,SA1,900779,MUSTAFA,HAMISI,IDENT
20170401133527,SA4,901179,AMANDA,KWEZI,IDENT
20170401133532,SA4,900999,ROSE,MWAMAKOLA,IDENT
20170401133551,SA4,901043,ANNA,JOHN,IDENT
20170401133556,SA4,901131,ESTA,KWEKA,IDENT
20170401133613,SA1,900594,GASPER,MATALO,IDENT
20170401133617,SA4,901163,SIJALI,MKELE,IDENT
20170401133624,SA4,901008,GRESS,KOBA,IDENT
20170401133627,SA6,900481,RICHARD,KWEYAMBA,IDENT
20170401133628,SA5,901292,SARA,YOEL,IDENT
20170401133628,SA1,900296,SAVERY,KAJELA,IDENT
20170401133630,SA2,901067,HELENA,SAMWELI,IDENT
20170401133633,SA1,900811,JUMA,HUMBE,IDENT
20170401133633,SA4,901120,MERCY,MONGI,IDENT
20170401133637,SA2,901072,TATU,ATHUMAN,IDENT
20170401133640,SA6,900400,BAHATI,LUBUVA,IDENT
20170401133640,SA4,900888,AMINA,NGAINA,IDENT
20170401133645,SA1,900795,ALLY,LIKIWA,IDENT
20170401133645,SA6,900413,ELIBAHATI,JOSEPH,IDENT
20170401133646,SA4,901180,FURAHA,TEMBA,IDENT
20170401133650,SA4,900990,JANE,MHONGOLE,IDENT
20170401133650,SA1,900822,MENRUFU,PILLY,IDENT
20170401133654,SA1,900794,ADAM,SALTIELY,IDENT
20170401133655,SA4,900991,CHRISTINA,JAILOS,IDENT
20170401133700,SA4,901222,DEBORA,FILIPATALI,IDENT
20170401133707,SA4,901036,AZIZA,MANGETU,IDENT
20170401133712,SA4,901033,TATU,ISSA,IDENT
20170401133718,SA4,901181,ASNA,SPRIAN,IDENT
20170401133722,SA2,901175,SALMA,RAMADHAN,IDENT
20170401133725,SA6,900138,HUSSEIN,SHABANI,IDENT
20170401133726,SA4,900966,ZUHURA,KIJIMBO,IDENT
20170401133731,SA4,901206,AISHA,MKUMBA,IDENT
20170401133739,SA4,900952,SALAMA,MOHAMAD,IDENT
20170401133744,SA4,901110,ASHA,MPELA,IDENT
20170401133750,SA5,901217,VIVIAN,MWANGATA,IDENT
20170401133752,SA4,900951,MWAJUMA,AIDAN,IDENT
20170401133756,SA4,901118,LILIAN,MREMA,IDENT
20170401133800,SA1,900799,RAJABU,RUBASHA,IDENT
20170401133801,SA6,900430,GWAKISA,MWAKASAGURE,IDENT
20170401133802,SA4,901126,YUNIS,LULANDALA,IDENT
20170401133808,SA4,901117,HIDAYA,MASOUD,IDENT
20170401133813,SA4,900996,LILIAN,RASHIDI,IDENT
20170401133819,SA1,901575,LINDA,MLAY,IDENT
20170401133822,SA4,901256,AVERINA,AMANDUS,IDENT
20170401133823,SA1,900706,MECKLEEN,NANGEDA,IDENT
20170401133828,SA4,901066,ZULEHA,MOHAMED,IDENT
20170401133833,SA4,901132,HEAVENLIGHT,NKYA,IDENT
20170401133838,SA4,901128,ZAITUNI,SOGOI,IDENT
20170401133845,SA4,901135,REHEMA,OMARY,IDENT
20170401133847,SA2,900969,JEMA,SALUM,IDENT
20170401133851,SA4,900973,SHARIFA,LIYAYA,IDENT
20170401133858,SA4,901028,REHEMA,KWENGWEGU,IDENT
20170401133904,SA4,901140,ASHURA,MGENI,IDENT
20170401133904,SA5,901409,MAGRETH,NGOSI,IDENT
20170401133909,SA4,901187,MONICA,SHEMBONI,IDENT
20170401133910,SA2,901079,AGNESS,HAJI,IDENT
20170401133914,SA4,901074,VERONICA,KIMWAGA,IDENT
20170401133920,SA4,900873,SELEN,JUMA,IDENT
20170401133926,SA4,900929,HALIMA,SEIF,IDENT
20170401133937,SA5,901373,ADELA,MSAGA,IDENT
20170401133943,SA6,900432,HAMZA,ABDALLAH,IDENT
20170401133946,SA4,901001,AMINA,MUYA,IDENT
20170401133947,SA1,900816,MICHAEL,HUSEIN,IDENT
20170401133952,SA4,900913,ASHURA,NGUMBE,IDENT
20170401133957,SA4,900844,AISHA,MSOMI,IDENT
20170401134005,SA4,900975,EDINA,MZUNGU,IDENT
20170401134010,SA4,901247,KULUTHUM,CHILEMILE,IDENT
20170401134016,SA4,901230,KUDRA,BAKARI,IDENT
20170401134017,SA1,900578,MTARI,MAGINGA,IDENT
20170401134022,SA2,901020,VICTORIA,MWALUANDA,IDENT
20170401134023,SA4,901130,NURU,DAUDI,IDENT
20170401134032,SA4,901106,MARYNIA,KAYOMBO,IDENT
20170401134039,SA2,901082,EDINA,JOHN,IDENT
20170401134039,SA4,900900,HELENA,SENZUGWAKO,IDENT
20170401134048,SA4,900995,MARY,KIAMA,IDENT
20170401134054,SA4,901190,NEEMA,MNYALAPE,IDENT
20170401134059,SA4,901174,BETH,NGADADA,IDENT
20170401134059,SA6,900703,MUSSA,MTALI,IDENT
20170401134104,SA4,900985,BAHATI,SARAPIONI,IDENT
20170401134105,SA5,901284,MOHAMED,IDDI,IDENT
20170401134109,SA4,900937,UPENDO,MLEWA,IDENT
20170401134110,SA1,900752,SIMON,MAPUNDA,IDENT
20170401134115,SA4,901207,AISHA,ABEID,IDENT
20170401134125,SA4,901221,TEDDY,MAGAMBO,IDENT
20170401134130,SA4,901235,TUMAIN,MUNGURE,IDENT
20170401134132,SA1,900808,HEONANI,BAJANA,IDENT
20170401134135,SA4,900953,JANE,LUSENDELA,IDENT
20170401134140,SA4,901103,MWATANGA,DIENI,IDENT
20170401134145,SA4,900924,DEBORA,HOSSA,IDENT
20170401134149,SA4,901257,FRIDA,MHELELA,IDENT
20170401134154,SA6,900591,RASHID ,MUNKENDA,IDENT
20170401134154,SA4,900907,PAULINA,DEVA,IDENT
20170401134158,SA2,901070,FLORA,MSAMLA,IDENT
20170401134159,SA4,901261,ZAINA,KILWANDA,IDENT
20170401134204,SA4,901216,ASHA,RAMADHANI,IDENT
20170401134204,SA1,900225,JOHN,FREDRICK,IDENT
20170401134208,SA4,901205,JAMILA,MASONGI,IDENT
20170401134208,SA2,901254,NURAT,JAFARI,IDENT
20170401134211,SA1,900823,TADEO,MAPEMA,IDENT
20170401134213,SA4,901155,GRACE,MUHONO,IDENT
20170401134214,SA5,901309,SALMA,RAFIKI,IDENT
20170401134214,SA6,900006,ANDREW,JOSEPH,IDENT
20170401134218,SA4,900895,CATHERINE,CHIGOGOLO,IDENT
20170401134221,SA5,901355,HALIMA,SANANE,IDENT
20170401134223,SA4,901274,AMINA,KAHABUKA,IDENT
20170401134227,SA6,E077,SUMIT,BHATNAGAR,IDENT
20170401134228,SA4,901086,ELIWAZA,MWIGOHA,IDENT
20170401134231,SA1,900783,DAMIAN,ALONE,IDENT
20170401134233,SA4,900896,HADIJA , KIHEGO,IDENT
20170401134234,SA2,900918,MARIAM,RAMADHANI,IDENT
20170401134236,SA1,900756,HUSSEIN,KANDORO,IDENT
20170401134239,SA4,900981,FIDES,MONGI,IDENT
20170401134246,SA4,901145,ADELINA,MALEMA,IDENT
20170401134251,SA6,900470,MODEST,NJAU,IDENT
20170401134251,SA4,900875,ASHA,MALINBWI,IDENT
20170401134256,SA4,901057,ANNA,KITOMARY,IDENT
20170401134304,SA6,900124,DAUDI,ELIFALETH,IDENT
20170401134314,SA6,900579,GRAYSON,KUNZUGALA,IDENT
20170401134321,SA6,900159,PAMELA,KUSALIKA,IDENT
20170401134329,SA1,900450,JUMA,RAMADHANI,IDENT
20170401134436,SA1,900793,ABDUL,MAINGO,IDENT
20170401134442,SA1,900793,ABDUL,MAINGO,IDENT
20170401134506,SA1,900569,JAMES,MWANDU,IDENT
20170401134511,SA1,900721,GISELA,SHAYO,IDENT
20170401134257,SA5,901278,HENRY ,CHELULA,IDENT
20170401134301,SA4,900958,SOPHIA,LIKONGO,IDENT
20170401134306,SA4,900882,WINIFRIDA,MALISELINO,IDENT
20170401134306,SA5,901360,MARRY,MASULUBE,IDENT
20170401134311,SA4,900926,AMINA,KONDO,IDENT
20170401134317,SA4,901263,JAMIRA,SAIDI,IDENT
20170401134322,SA4,901210,ROSE,CHUWA,IDENT
20170401134326,SA5,900850,ROSE,KITALI,IDENT
20170401134327,SA4,901244,SWAUMU,HIMBU,IDENT
20170401134331,SA4,900880,MWANAHAMISI,MAREKANO,IDENT
20170401134331,SA5,901294,RATIFA,KAPINGA,IDENT
20170401134341,SA5,901361,MARRY,MLIUNJA,IDENT
20170401134345,SA4,901081,PILI,MDEDE,IDENT
20170401134350,SA4,901168,REHEMA ,MWASOMOLA,IDENT
20170401134401,SA4,900915,DOROTHEA,KILO,IDENT
20170401134405,SA4,901053,DORIS,JOHN,IDENT
20170401134409,SA4,901250,JENIPHA,DAMIAN,IDENT
20170401134414,SA4,901146,MARTHA,MAKOTI,IDENT
20170401134419,SA4,901124,TABIA,OMARY,IDENT
20170401134424,SA4,900878,AISHA,KIZINGA,IDENT
20170401134429,SA4,901219,MARIAM,MUSSA,IDENT
20170401134434,SA4,901127,ZAHARA,MBELWA,IDENT
20170401134438,SA4,901243,PLAKSEDA,AKIZAMUNGU,IDENT
20170401134446,SA4,901213,HABIBA,NJIKU,IDENT
20170401134452,SA4,901089,HARUNA,ATHUMANI,IDENT
20170401134458,SA4,901142,SOPHIA,YUSUPH,IDENT
20170401134502,SA4,901018,AISHA,KIBINDO,IDENT
20170401134509,SA4,900930,TABIA,DOGOLI,IDENT
20170401134515,SA4,901269,AISHA,HALFAN,IDENT
20170401134520,SA4,901215,MWANAIDI,KOLOKO,IDENT
20170401134526,SA4,900977,MWANAHAMISI,MUNKUNDA,IDENT
20170401134531,SA5,901301,TUKAE,MUSA,IDENT
20170401134533,SA2,901000,AGNES,MTYANGILE,IDENT
20170401134534,SA4,900928,MARIA,MAGWE,IDENT
20170401134538,SA5,901200,INOCENT , KIFUMU,IDENT
20170401134539,SA2,900889,SALMA,MWAWILA,IDENT
20170401134539,SA4,901039,JULIANA,SUKU,IDENT
20170401134542,SA5,901296,STELLA,LUGOME,IDENT
20170401134544,SA4,901116,GRACE,KAHANGE,IDENT
20170401134546,SA2,901125,TAUSI,SHABANI,IDENT
20170401134549,SA4,900971,NAOMI,SAMWELI,IDENT
20170401134555,SA5,901374,NASRA,HAMADI,IDENT
20170401134555,SA4,900866,FLORA,DAMAS,IDENT
20170401134556,SA6,900109,AMANI,NYAKARASHI,IDENT
20170401134600,SA4,900892,MWANIA,PEMBE,IDENT
20170401134602,SA2,901233,SAMI,MTITIMA,IDENT
20170401134613,SA4,901062,RASHID,MDOE,IDENT
20170401134622,SA5,901414,EMMANUEL,BANDIKO,IDENT
20170401134623,SA4,901061,MWAJUMA,ABDALLAH,IDENT
20170401134626,SA2,901166,SAUDA,MAULID,IDENT
20170401134628,SA4,900988,UPENDO,PETER,IDENT
20170401134628,SA1,900736,KANUNU,THABIT,IDENT
20170401134635,SA4,901165,FATUMA,ABDALLAH,IDENT
20170401134637,SA2,900987,PILLY,MWAWILA,IDENT
20170401134639,SA4,901253,JOYCE,KESI,IDENT
20170401134645,SA4,901141,HADIJA,SALUM,IDENT
20170401134649,SA4,901267,NEEMA ,MWAMANYE,IDENT
20170401134655,SA4,900870,GOMERY,DAUDI,IDENT
20170401134702,SA4,901225,NOELA,YALOT,IDENT
20170401134707,SA4,901234,ANITHA,AHALIELI,IDENT
20170401134716,SA4,901047,MWAJUMA,HAMIS,IDENT
20170401134718,SA2,901258,ATHUMAN,KILINDU,IDENT
20170401134719,SA4,901153,MAGRETH,ZANUARI,IDENT
20170401134723,SA6,900422,FURAHA,MWAKIFWAMB,IDENT
20170401134724,SA2,900986,KAUSE,ABDALLAH,IDENT
20170401134727,SA4,901023,AMINA,CHAKWE,IDENT
20170401134728,SA5,901370,MARIAM,MJELELE,IDENT
20170401134729,SA2,901198,MANEO,ATHUMANI,IDENT
20170401134731,SA4,901169,VERONICA,LECHIPYA,IDENT
20170401134736,SA4,900876,MWASITI,MAULID,IDENT
20170401134737,SA5,901330,SAVELINA ,KASHASHA,IDENT
20170401134740,SA4,901063,RACHEL,MZOROZORO,IDENT
20170401134742,SA5,901102,ORIVER,DAUD,IDENT
20170401134745,SA4,901248,MAGRETH,MASAWE,IDENT
20170401134750,SA2,900982,MWANAKOMBO,KHALID,IDENT
20170401134753,SA4,901041,JACKLINI,MBOYA,IDENT
20170401134758,SA4,901173,BAHATI,MAKAMBA,IDENT
20170401134801,SA5,901559,MARIAM,JUMA,IDENT
20170401134806,SA6,900168,RAZAKI,MTINDA,IDENT
20170401134810,SA4,901172,AGNES,STEVEN,IDENT
20170401134811,SA1,900781,GERALD,JOHN,IDENT
20170401134815,SA4,901161,NURU,MOHAMED,IDENT
20170401134816,SA5,901283,KEDMOND,KAMOGA,IDENT
20170401134821,SA4,901249,HILDA,MWAZEMBE,IDENT
20170401134826,SA6,900108,NORAH,CLEMENCE,IDENT
20170401134828,SA4,900922,BAHATI,SALEHE,IDENT
20170401134830,SA6,900257,ENGLIBERTH,DAUDI,IDENT
20170401134833,SA4,901227,MWAMVITA,MWAIPOPO,IDENT
20170401134833,SA6,900390,ALBERT,KANENDA,IDENT
20170401134837,SA1,900751,TUSKAR,HALFANI,IDENT
20170401134838,SA4,901121,MWATANGA,ALLY,IDENT
20170401134843,SA4,901042,FARIDA,NDAUKE,IDENT
20170401134849,SA1,900761,CHRISTOPHER,MFUNGO,IDENT
20170401134849,SA6,900465,MARTIN,KIDUNGU,IDENT
20170401134851,SA4,901268,ANITHA,KWIMBA,IDENT
20170401134855,SA1,900716,JUMA,JUMANNE,IDENT
20170401134856,SA4,901014,LUCY,THOMAS,IDENT
20170401134902,SA1,900220,HAMISI,NJOCHOLA,IDENT
20170401134905,SA4,900898,RUKIA,MATAUKA,IDENT
20170401134909,SA6,900048,SHELLA,MFAUME,IDENT
20170401134914,SA4,901119,LINA,MLAWA,IDENT
20170401134915,SA2,901134,NURU,MULONGANILE,IDENT
20170401134919,SA4,901214,MARIAM,OMAR,IDENT
20170401134921,SA6,900543,JOHN,MAGANYA,IDENT
20170401134924,SA4,900935,ZAINABU,SINGANO,IDENT
20170401134927,SA5,901288,EPIPHANIA,LUKWI,IDENT
20170401134933,SA4,900872,ZALAU,NGWELE,IDENT
20170401134933,SA2,900964,RAPHAEL,MBOKO,IDENT
20170401134938,SA4,901058,HAMIDA,MATIPA,IDENT
20170401134939,SA1,900240,SOSTHENES,MANYAMA,IDENT
20170401134944,SA4,901080,SALOME,DUA,IDENT
20170401134948,SA4,901045,ASHURA,KATULA,IDENT
20170401134955,SA1,900758,MOHAMEDY,ATHUMANI,IDENT
20170401135004,SA4,900920,PILLI,SAIDI,IDENT
20170401135010,SA4,901182,RENIFRIDA,NGUMBU,IDENT
20170401135016,SA4,901220,AGNESS,MWAMBENGO,IDENT
20170401135017,SA5,901319,CHRISTINA,TATI,IDENT
20170401135018,SA1,900777,MNADI,MRAJAA,IDENT
20170401135020,SA5,901423,CONSOLATHA,JOSEPH,IDENT
20170401135022,SA4,901002,MARIAM,SABURI,IDENT
20170401135029,SA5,901375,PILLI,CHOLOGONDO,IDENT
20170401135031,SA6,900468,MICHAEL,IBRAHIM,IDENT
20170401135032,SA1,900773,FELIX,CHRISTOPHER,IDENT
20170401135036,SA4,900877,IRENE,GABRIEL,IDENT
20170401135044,SA6,901149,EPIFANI, MBOKO,IDENT
20170401135052,SA1,900739,EMENUEL,KYEJO,IDENT
20170401135053,SA4,901171,ESTHER,MUNGUTI,IDENT
20170401135056,SA1,900743,JUMA,ISEMA,IDENT
20170401135100,SA4,900864,TECLA,SAMWEL,IDENT
20170401135102,SA1,900738,MOHAMED,NGODA,IDENT
20170401135105,SA1,900772,ERICK,KAZIMOTO,IDENT
20170401135105,SA4,900861,MWAJABU,BAKARI,IDENT
20170401135108,SA1,900731,HUSSAIN,HAMADI,IDENT
20170401135111,SA4,900923,HELENA,KHAJI,IDENT
20170401135113,SA1,900776,ZUBERI,MOHAMED,IDENT
20170401135118,SA5,900855,SINAHIA,OMARI,IDENT
20170401135119,SA4,900903,RUKIA,MOHAMED,IDENT
20170401135125,SA5,901315,FIDEA,AGUSTINO,IDENT
20170401135131,SA5,900853,DEVOTHA,ELIAS,IDENT
20170401135135,SA2,901054,FATUMA,MUHANDO,IDENT
20170401135139,SA2,901075,AGATHA,JAMALI,IDENT
20170401135139,SA1,900744,SILVESTER,KAHINDI,IDENT
20170401135149,SA5,901327,EMERY,MSUNGU,IDENT
20170401135150,SA1,900742,PROSPER,POLITHO,IDENT
20170401135153,SA5,901392,STELLA,MTALLO,IDENT
20170401135155,SA4,901177,ASHA,MAVENGELO,IDENT
20170401135156,SA1,900727,GEORGE,GREAD,IDENT
20170401135201,SA1,900733,ALHAJI,IDD,IDENT
20170401135206,SA1,101529,SELEMAN,RAMADHANI,IDENT
20170401135211,SA1,900512,SAIDI,BARUTI,IDENT
20170401135213,SA4,900949,MUHINA,GOMBE,IDENT
20170401135217,SA6,900541,GOLDEN,MDUBA,IDENT
20170401135220,SA4,901099,TAUS,MUSTAPHA,IDENT
20170401135223,SA5,901303,TAUSI,KATULA,IDENT
20170401135226,SA4,901223,HAPPY,MKWEPU,IDENT
20170401135230,SA5,901308,MADINA,ATHUMANI,IDENT
20170401135231,SA4,901093,SHARON,IBRAHIM,IDENT
20170401135232,SA2,901049,REDEMTA,DANIEL,IDENT
20170401135232,SA1,900786,FARAJI,KILUWA,IDENT
20170401135236,SA4,900946,RAHMA,MWIMBA,IDENT
20170401135244,SA1,900763,SALEHE,NJAGE,IDENT
20170401135257,SA4,901236,FATIMA,ALLY,IDENT
20170401135346,SA1,900825,TITO,MWAMBE,IDENT
20170401135440,SA1,901557,WALTER,MAYA,IDENT
20170401135303,SA4,901156,SAID,HAMISI,IDENT
20170401135304,SA5,901162,MWANAHARUSI,MOHAMED,IDENT
20170401135311,SA4,900970,MARIA,ELIESEL,IDENT
20170401135353,SA4,900887,ELITABETH,GOMELO,IDENT
20170401135439,SA4,900885,AMINA,MZARA,IDENT
20170401135445,SA4,901273,HELLEN,KIZWALO,IDENT
20170401135450,SA6,900647,JOHANSEN,MPANJU,IDENT
20170401135450,SA4,901055,ZAINABU,OMARY,IDENT
20170401135455,SA4,901170,BAHATI,SHABANI,IDENT
20170401135456,SA6,900166,RAMADHANI,KIPENGELE,IDENT
20170401135459,SA2,901101,RAJABU,MOHAMMED,IDENT
20170401135501,SA4,901157,DAVID,JUMA,IDENT
20170401135501,SA5,901321,ELIZABET,MHIMBA,IDENT
20170401135510,SA2,901201,DEOGRATIUS,KESSY,IDENT
20170401135513,SA4,901129,FELISTA,NYAHENGE,IDENT
20170401135534,SA4,901006,RUKIA,ALLY,IDENT
20170401135541,SA4,900942,CHRISTINA,MWENDA,IDENT
20170401135556,SA6,900485,SHUFAA,ABEID,IDENT
20170401135559,SA4,901144,ESTHER,NAPENGWA,IDENT
20170401135609,SA1,900735,ZAINABU,MOHAMEDI,IDENT
20170401135614,SA6,900474,PHILBERT,MATOGO,IDENT
20170401135635,SA2,901024,ASIA,KARATA,IDENT
20170401135636,SA4,901051,HABIBA,PAZZI,IDENT
20170401135724,SA2,901031,AMINA,BAKARI,IDENT
20170401135729,SA2,900954,HABIBA,MDOSE,IDENT
20170401135738,SA6,900439,IDDI,MOHAMED,IDENT
20170401135741,SA6,900164,RAMADHANI ,BAKARI,IDENT
20170401135747,SA5,901400,DANIEL,MAKAYA,IDENT
20170401135747,SA1,900760,OMARY,MHAGAMA,IDENT
20170401135751,SA1,900769,JAMES,MACKLINE,IDENT
20170401135757,SA2,901016,HALIFA,MOHAMED,IDENT
20170401135804,SA4,900997,MARY,ONDURU,IDENT
20170401135814,SA5,901394,TERESIA,MHAMBO,IDENT
20170401135819,SA5,901209,MIRIAM,MNDEWA,IDENT
20170401135827,SA5,901323,AMINA,HAMISI,IDENT
20170401135855,SA4,901151,SIJARI,MAGOMBE,IDENT
20170401135902,SA2,900965,HERMAN,MAKOKO,IDENT
20170401135913,SA1,900748,EDWARD,DAWSON,IDENT
20170401135913,SA4,901108,AISHA,WILLIUM,IDENT
20170401135918,SA1,900477,RAMADHANI,LUBASHA,IDENT
20170401135919,SA4,901224,ANNA,NYAKAPALA,IDENT
20170401135928,SA6,900148,JUDITH,MALISA,IDENT
20170401135935,SA4,901059,JAZIRA,RAMADHANI,IDENT
20170401135945,SA5,901568,YASINTA,MKIWA,IDENT
20170401135954,SA5,901078,NASMA,LINOGA,IDENT
20170401140002,SA5,901389,OMARY,JUMA,IDENT
20170401140002,SA2,901202,VITALIS,KESSI,IDENT
20170401140005,SA4,900972,SAFINA,ABEID,IDENT
20170401140006,SA6,900112,ABDALLAH,MIKALAMBILO,IDENT
20170401140007,SA2,901097,EMANUEL,MSOKWA,IDENT
20170401140009,SA1,900766,JUDITH,GEOFREY,IDENT
20170401140010,SA4,900974,ZAWADI,SADIKI,IDENT
20170401140011,SA5,901328,MARRY,SHOO,IDENT
20170401140012,SA2,901229,ANNA,NGAPONDA,IDENT
20170401140017,SA5,901287,REGINA,JEMES,IDENT
20170401140017,SA2,901012,FATUMA,KABUMA,IDENT
20170401140020,SA4,901050,MARIAM,SAIDI,IDENT
20170401140022,SA2,901044,SUZANA,KIMARO,IDENT
20170401140024,SA6,900478,RAPHAEL,SENKONDO,IDENT
20170401140026,SA5,901302,ASHA,SHOMARI,IDENT
20170401140033,SA2,901065,ZAINABU,KARUMUNA,IDENT
20170401140033,SA4,901114,FARIDA,AMBLOS,IDENT
20170401140034,SA5,901312,VUMILIA,NDEGE,IDENT
20170401140039,SA4,900963,MWAZANI,SAIDI,IDENT
20170401140040,SA5,901285,THABIT,ALLY,IDENT
20170401140043,SA4,901026,FATUMA,KONYO,IDENT
20170401140047,SA1,900828,WILLIUM,MPANGALA,IDENT
20170401140049,SA5,901395,HASHIM,HAIZA,IDENT
20170401140050,SA4,901113,ELIZABETH,SHIRIMA,IDENT
20170401140052,SA1,900803,EMMANUEL,YOUZE,IDENT
20170401140052,SA5,901335,YONA,MAPELELE,IDENT
20170401140055,SA2,901085,ELIZABETH,NYAMBO,IDENT
20170401140056,SA4,900994,MWAISHA,MWAMOTO,IDENT
20170401140056,SA6,900389,AHMAD,KINDUMA,IDENT
20170401140057,SA5,901421,ALFRED,MUGHWAI,IDENT
20170401140100,SA1,900746,GEDION,BUTENGE,IDENT
20170401140100,SA2,901060,MARTHA,GABRIEL,IDENT
20170401140101,SA4,901030,VERONICA,WANGWE,IDENT
20170401140101,SA5,901300,ANNA,TEMBA,IDENT
20170401140107,SA2,900897,SWAUMU,SAIDI,IDENT
20170401140108,SA5,901305,DIANA,KIBASA,IDENT
20170401140110,SA4,901193,VICTORIA,MWAMPEGETE,IDENT
20170401140111,SA2,901196,BONIPHACE,NGESI,IDENT
20170401140113,SA5,901384,JOSHUA,KITUNDU,IDENT
20170401140114,SA4,901123,REBECA,KALOFU,IDENT
20170401140118,SA5,901350,ALFRED,CHARLES,IDENT
20170401140121,SA4,900993,MARIAM,MSUMALI,IDENT
20170401140124,SA5,901427,JESCA,NGUMBU,IDENT
20170401140128,SA6,900153,MUSSA,KIGUNGAS,IDENT
20170401140129,SA4,900992,AGNES,MEJA,IDENT
20170401140129,SA5,901349,HABIBU,BAKARI,IDENT
20170401140132,SA1,900820,SALUM,KAISI,IDENT
20170401140135,SA4,901029,MARIAM,MWETEMBO,IDENT
20170401140135,SA5,901385,ABDALLA,MGAYA,IDENT
20170401140136,SA1,900222,HENRY,NGOWI,IDENT
20170401140136,SA6,900484,SHANI,MOHAMED,IDENT
20170401140141,SA5,901017,CATHERINE,NYEMA,IDENT
20170401140141,SA2,900921,MWAJUMA,IDDI,IDENT
20170401140141,SA4,900846,SARA,CHIDUNI,IDENT
20170401140150,SA5,901345,ALHAJI,KIHIYO,IDENT
20170401140150,SA4,901255,ASHA,BILALI,IDENT
20170401140155,SA4,900968,TAUSI,SIMBA,IDENT
20170401140200,SA4,901052,SUZANA,NAPANGA,IDENT
20170401140205,SA4,901122,NEEMA,FANUEL,IDENT
20170401140210,SA5,901286,AGNES,LUCAS,IDENT
20170401140211,SA4,901136,HONORATA,SHAYO,IDENT
20170401140214,SA2,901260,AISHA,MNEKA,IDENT
20170401140216,SA4,901022,SILIVIA,SHAYO,IDENT
20170401140222,SA4,901152,STELLA,MWAKATOBE,IDENT
20170401140225,SA5,901290,AGNES,SALAWA,IDENT
20170401140228,SA4,900856,MWAJAMBU,HAMAD,IDENT
20170401140229,SA6,900487,STEPHEN,KAMBWEMBWE,IDENT
20170401140233,SA5,901408,SAIDI,MAKALA,IDENT
20170401140234,SA4,900927,SAADA,SALUM,IDENT
20170401140234,SA6,900568,GODWIN,KIRIA,IDENT
20170401140238,SA6,900583,REGINALD,MICHAEL,IDENT
20170401140240,SA5,901388,OSWALD,SHILLA,IDENT
20170401140243,SA4,901112,BUSHRA,SALUM,IDENT
20170401140247,SA1,900728,JAMAL,MRISHO,IDENT
20170401140251,SA6,900414,EMMANUEL ,SERAPHINE,IDENT
20170401140319,SA2,901098,GERALD,MBAUKA,IDENT
20170401140326,SA6,900476,RAMADHANI,IDD,IDENT
20170401140357,SA2,901064,SAID,RAMADHANI,IDENT
20170401140415,SA2,901164,SWAUMU,KAYANDA,IDENT
20170401140446,SA1,900216,ELLY,MKONGWE,IDENT
20170401140301,SA5,901362,JULIETH,GODFREY,IDENT
20170401140302,SA4,901143,LINES,PILLI,IDENT
20170401140306,SA5,901376,ZAINABU ,SALUM,IDENT
20170401140307,SA4,901133,HUSNA,SENGAMBA,IDENT
20170401140321,SA4,900945,ELIZABETH,MREMA,IDENT
20170401140334,SA5,901359,VILET,MHELUKA,IDENT
20170401140351,SA4,900901,NEEMA,NYAKOKI,IDENT
20170401140356,SA5,901425,HIDAYA,KASSIM,IDENT
20170401140401,SA4,901034,STAMILI,MUSSA,IDENT
20170401140402,SA5,901371,YASINTA,LEKERI,IDENT
20170401140412,SA5,901354,AISHAH,OTHUMANI,IDENT
20170401140413,SA6,900396,ANDREW,MSANGI,IDENT
20170401140421,SA5,901324,MARIAM,YAHAYA,IDENT
20170401140423,SA4,900984,SALAMA,BIGE,IDENT
20170401140427,SA6,900127,DUNCAN,MHANDO,IDENT
20170401140428,SA5,901356,ZAMDA,NGWABAYA,IDENT
20170401140433,SA5,901298,SWAUMU,MZIRAI,IDENT
20170401140441,SA6,900423,GARDINO,MHIMBA,IDENT
20170401140441,SA5,901363,ZUCRA,SWEDI,IDENT
20170401140448,SA5,901364,SALAFINA,KISAPI,IDENT
20170401140458,SA4,901212,JASMINI,MOHAMED,IDENT
20170401140504,SA4,900910,ZAINABU,SADALLAH,IDENT
20170401140507,SA6,900406,CHAUREMBO,MWINYI,IDENT
20170401140511,SA4,900967,FATUMA,MTAMBUA,IDENT
20170401140523,SA4,901241,FATUMA,JUMA,IDENT
20170401140530,SA2,901009,MOSHI,SAIDI,IDENT
20170401140535,SA4,900961,ELIZABETH,FRANCISCO,IDENT
20170401140544,SA4,901048,HALIMA,IDDI,IDENT
20170401140551,SA4,900939,STELLA,MAGOGWA,IDENT
20170401140607,SA5,901368,NAOMI,YUSUPH,IDENT
20170401140616,SA4,901184,GRACE,NGALABA,IDENT
20170401140620,SA1,900789,KAMPBONA,PASCAL,IDENT
20170401140624,SA5,901366,LYDIA,MAKENE,IDENT
20170401140625,SA4,900959,REHEMA,LYOWA,IDENT
20170401140629,SA1,900818,PASCAL,MIKONDO,IDENT
20170401140642,SA5,901046,GRADIS,MAGANA,IDENT
20170401140652,SA5,901211,ANNA,KIMARO,IDENT
20170401140655,SA1,900734,REHEMA,NKYA,IDENT
20170401140656,SA4,901035,AGNES,NKONJELWA,IDENT
20170401140703,SA4,900881,ZAINABU,SAIDI,IDENT
20170401140705,SA2,901087,REHEMA,CHETE,IDENT
20170401140708,SA4,900879,RAHMA,KILO,IDENT
20170401140711,SA2,901021,NEEMA ,MWANGO,IDENT
20170401140712,SA5,900919,ANNA,MPUGE,IDENT
20170401140721,SA5,901295,ELLASIA,WILLIUM,IDENT
20170401140725,SA1,900437,HUSSEIN,MBONDE,IDENT
20170401140738,SA4,901091,FARIDA,LYIMO,IDENT
20170401140740,SA5,900914,HAWA,MWIMBE,IDENT
20170401140745,SA5,900947,ANNA,GODISON,IDENT
20170401140757,SA5,900917,SALMA,DIWILE,IDENT
20170401140802,SA4,900906,MARYSTELA,MCHOME,IDENT
20170401140804,SA5,901019,ASHA,NGAMBA,IDENT
20170401140809,SA6,900398,ARSEN, RWEBANGILA	,IDENT
20170401140815,SA5,900894,NURU,MAKANDE,IDENT
20170401140818,SA4,901027,EDDA,MWAKIBINGWA,IDENT
20170401140824,SA1,900232,MATIKO ,MICHAEL,IDENT
20170401140824,SA2,900957,HADIJA,MKOTA,IDENT
20170401140829,SA2,901176,FATUMA,MASOUD,IDENT
20170401140834,SA2,900978,ELIZABETH,ZAE,IDENT
20170401140838,SA4,901189,KURUTHUM,KHAMISI,IDENT
20170401140846,SA2,901083,HADIJA,MPAMBA,IDENT
20170401140847,SA4,901186,FROLA,KILIMA,IDENT
20170401140905,SA4,900948,VERONICA,MFILINGE,IDENT
20170401140911,SA4,901237,ZUBEDA,KIMARO,IDENT
20170401140938,SA6,900049,SIHABA,NAKIPENGELE,IDENT
20170401140946,SA4,900868,MAIMUNA,JARUFU,IDENT
20170401140948,SA1,900426,GESAGA,RAMADHANI,IDENT
20170401140952,SA4,901037,FADINA,IBRAHIM,IDENT
20170401141010,SA6,900393,ALLY,MTWALE,IDENT
20170401141028,SA2,901038,AMINA,MDOE,IDENT
20170401141044,SA4,901032,MARISELINA,NGULI,IDENT
20170401141052,SA4,900905,AMINA,MUHIDINI,IDENT
20170401141100,SA2,900976,LUCY,STANLEY,IDENT
20170401141106,SA6,900581,SAADA,MUHINTE,IDENT
20170401141120,SA1,900228,KAGERA,MSAMBUSI,IDENT
20170401141131,SA6,900140,IGNATUS,MLANGWA,IDENT
20170401141211,SA4,900899,MAGDALENA,SIMAO,IDENT
20170401141219,SA4,901105,MTUMWA,ALLY,IDENT
20170401141219,SA2,900943,MWAMINI,MPANGULE,IDENT
20170401141227,SA2,901444,BAKARI,KITILA,IDENT
20170401141232,SA2,901446,DANIEL,MBARUKA,IDENT
20170401141245,SA6,900388,AGNES,SHAYO,IDENT
20170401141304,SA2,900883,EDINA,ABED,IDENT
20170401141328,SA6,E032,SANKARAN,JAYARAM,IDENT
20170401141339,SA2,900908,SALMA,RWAMBANO,IDENT
20170401141355,SA1,900505,JESCA,MATECHI,IDENT
20170401141441,SA1,900723,SAIDI,JUMANE,IDENT
20170401141445,SA1,900233,MUSSSA,ABDALLAH,IDENT
20170401141506,SA1,900236,PENDO,MAGIGE,IDENT
20170401141311,SA4,901115,FROLA,SIKWEMBE,IDENT
20170401141320,SA4,900950,ASHURA,ATHUMAN,IDENT
20170401141340,SA4,901246,VERONICA,MTENGWA,IDENT
20170401141357,SA5,900849,IRENE,MMARI,IDENT
20170401141418,SA6,900133,GEORGE,GIDION,IDENT
20170401141429,SA6,900155,MWANAFATIMA,MATIPA,IDENT
20170401141450,SA5,901353,DOREEN,MDOE,IDENT
20170401141455,SA5,901399,DIANA,NDONGO,IDENT
20170401141517,SA4,900867,AISHA,KIUMBA,IDENT
20170401141526,SA4,900891,HINESS,KAAYA,IDENT
20170401141530,SA1,900392,ALLY,MBEGU,IDENT
20170401141555,SA4,901238,MARIAM,SELEMANI,IDENT
20170401141644,SA4,900865,CHRISTINA,MAGOWELA,IDENT
20170401141652,SA4,900860,AGNESS,LUHUNGO,IDENT
20170401141723,SA6,E078,SANJAY,GOYAL,IDENT
20170401141748,SA5,901310,MARIAM,BELEKO,IDENT
20170401141824,SA6,900270,HASSAN,KIGWIO,IDENT
20170401141855,SA5,901369,RECHO,MSHUMBUSI,IDENT
20170401141904,SA5,901325,JOSEPH,KAVISHE,IDENT
20170401142010,SA4,901025,ASHURA,HAMISI,IDENT
20170401142015,SA4,900916,SABINA,KINGIMALI,IDENT
20170401142015,SA1,900715,ELIASI,KIZITO,IDENT
20170401142229,SA6,900161,PILLI ,MOHAMED,IDENT
20170401142231,SA1,900712,JUMA,JUMBE,IDENT
20170401142235,SA4,901092,ASIA,JUMA,IDENT
20170401142242,SA4,901251,GATI,NYANTUMAN,IDENT
20170401142246,SA6,900139,IDD,YUSUFU,IDENT
20170401142248,SA4,901111,ASIA,MSHAMU,IDENT
20170401142553,SA1,900724,HASANI,MRISHO,IDENT
20170401142604,SA6,E084,NAVNEET, SINGH,IDENT
20170401142642,SA6,901582,ANTHONY,PAULO,IDENT
20170401142849,SA6,900567,BAKARI,BELEKETE,IDENT
20170401142945,SA2,900902,SAKINA,MAWEMBA,IDENT
20170401142949,SA1,900504,JEREMIA,TONNO,IDENT
20170401143009,SA6,900460,LAMECK,ASSETO,IDENT
20170401143025,SA2,900931,JOHARI,KIMARO,IDENT
20170401143247,SA6,900116,ASHA,ALLY,IDENT
20170401143351,SA1,900213,BEDASTUS,PIUS,IDENT
20170401143334,SA6,E045,SURESH,PS,IDENT
20170401143441,SA6,900417,FABIAN,FABIAN,IDENT
20170401143448,SA6,900436,HONEST,MATEMU,IDENT
20170401143451,SA5,901317,ASHA,HAMISI,IDENT
20170401143457,SA5,901316,ZUHURA,HAMIS,IDENT
20170401143501,SA5,901277,NEEMA,UISO,IDENT
20170401143628,SA1,900411,DEO,JULIUS,IDENT
20170401143635,SA6,900132,FRIDA,KIGWA,IDENT
20170401144011,SA6,900122,CATHERINE,KUMBATA,IDENT
20170401144026,SA6,E008,ATUL,PATHAK,IDENT
20170401144045,SA6,900292,ROSE,CHIKAWE,IDENT
20170401144453,SA5,901333,NEEMA,KILUZIA,IDENT
20170401144523,SA5,901329,ELIWA ,SHAO,IDENT
20170401144343,SA6,900170,REHEMA,CHINUNJE,IDENT
20170401144919,SA1,900441,ISSA,KAISI,IDENT
20170401144925,SA1,900238,SAIMON,TARIMO,IDENT
20170401144943,SA6,900435,HASSAN,NKHAMBI,IDENT
20170401145145,SA6,900023,JINGSON,SAIMON,IDENT
20170401145222,SA6,900464,MARTHA,MWIKOLA,IDENT
20170401145231,SA6,900575,CHRISTINA ,SENYANGWA,IDENT
20170401145321,SA6,E068,RANJEET SINGH,SAINI,IDENT
20170401145323,SA6,E060,ANOOP,TIWARI,IDENT
20170401145522,SA1,900502,IMAM,AJABU,IDENT
20170401145802,SA4,901239,SAKINA,KIZEE,IDENT
20170401145817,SA1,900503,JANE,RWEHUMBIZA,IDENT
20170401145850,SA4,900871,MWANAHAMISI,NDOLWA,IDENT
20170401145853,SA4,900871,MWANAHAMISI,NDOLWA,IDENT
20170401150042,SA6,900123,CHARLES,LUSWETULA,IDENT
20170401150212,SA6,900143,JACKLINE,MAIGA,IDENT
20170401150433,SA6,900629,MICHAEL,ZAMBETAKIS,IDENT
20170401150807,SA1,900497,EMANUEL,NGIMBUZI,IDENT
20170401150822,SA6,900407,CHRISTIAN ,NGONYANI,IDENT
20170401151020,SA6,900174,SOSTHENES,MUKAMA,IDENT
20170401151133,SA1,900517,THERESIA,NJAU,IDENT
20170401151255,SA1,901577,SALEEM,KHATRI,IDENT
20170401151610,SA1,900830,ARNOLD,NESTORY,IDENT
20170401152044,SA6,900114,ABEID,MOHAMED,IDENT
20170401152825,SA6,900387,ADAM,KINGU,IDENT
20170401153404,SA1,900515,SHOMARI,KIMBWEMBWE,IDENT
20170401153422,SA6,900165,RAMADHANI,NYENJE,IDENT
20170401153534,SA2,200349,FRANK,MOSHI,IDENT
20170401153539,SA2,100597,NOVATI,TARIMO,IDENT
20170401153857,SA6,900156,MWANAISHA,UWESU,IDENT
20170401154119,SA1,101589,AMIRI,YAHAYA,IDENT
20170401154129,SA6,900120,BENEDICTO,MBOKO,IDENT
20170401154955,SA2,901443,MWAJUMA,SHEMBWANA,IDENT
20170401154959,SA2,901450,FARIDA,JUMA,IDENT
20170401155045,SA6,101880,RICHARD,MAKASI,IDENT
20170401155157,SA6,900017,FIKA,JOMSON,IDENT
20170401155200,SA6,901435,FILES,MBANDO,IDENT
20170401155208,SA2,901449,BONIFAS,ANGANILE,IDENT
20170401155421,SA2,901447,MASHAKA,MATEKELE,IDENT
20170401155728,SA5,901326,ALLY,MBONDE,IDENT
20170401155440,SA6,900446,JOSEPH,KIBASA,IDENT
20170401155637,SA1,900235,PAULO,MGEMA,IDENT
20170401155840,SA6,900660,IDDI,ALLY,IDENT
20170401155850,SA1,900508,MARIAM ,HAMISI,IDENT
20170401155906,SA6,E021,RAJA,SWAMINATHAN,IDENT
20170401155909,SA6,E079,BALASUBRAMANIAM,M,IDENT
20170401155925,SA1,900506,JOE ,MATANDU,IDENT
20170401155929,SA6,900044,REGINARD,MSHANGA,IDENT
20170401155935,SA6,900130,FATUMA,CHOMBO,IDENT
20170401155937,SA1,900621,COSMAS,KARADIS,IDENT
20170401155943,SA1,900425,GEORGE,JOSEPH,IDENT
20170401160032,SA5,901347,JAMES,MAJIJI,IDENT
20170401160048,SA4,901442,JARINA,SHEKOLA,IDENT
20170401160048,SA5,901344,JACKSON,ATANUS,IDENT
20170401160053,SA5,901343,SEBASTIAN,KIPINGU,IDENT
20170401160058,SA5,901346,FRANK,MANDI,IDENT
20170401160151,SA6,900418			,FELIX,WAUSA,IDENT
20170401160211,SA6,900469,MICHAEL,MDACHI,IDENT
20170401160802,SA6,900431,HAMADI,ZUBERI,IDENT
20170401160956,SA6,901438,MARY,JOSEPH,IDENT
20170401161100,SA6,900574,FURAHA,MSAMBWA,IDENT
20170401161158,SA4,900983,RUKIA,KONDO,IDENT
20170401161337,SA5,901342,ANDREW,KILUGWA,IDENT
20170401161450,SA6,901433,ESTER,THEOFIL,IDENT
20170401161708,SA2,901069,ELIZABETH,MRAMU,IDENT
20170401161827,SA6,E013,GIRIRAJ,SHARMA,IDENT
20170401162211,SA6,900103,FREDNAND,JACKSON,IDENT
20170401162445,SA6,900584,LUCY,MACHAI,IDENT
20170401163459,SA6,900007,ANNA,DUA,IDENT
20170401163506,SA6,901432,AMINA,SOGOI,IDENT
20170401163520,SA6,901434,JOSEPHINA,HAU,IDENT
20170401163527,SA6,901573,DAUDI,NYASHIMO,IDENT
20170401163532,SA6,900039,MWAJABU,ALLY,IDENT
20170401163827,SA6,900175,TEDDY,SIMON,IDENT
20170401164006,SA6,900115,AKIDA,DUGANGE,IDENT
20170401164910,SA6,900128,ENELES,MBWAGA,IDENT
20170401165253,SA6,900448,JOSEPH,MKELEBE,IDENT
20170401165757,SA1,900757,JOSEPH,HEMA,IDENT
20170401162029,SA2,200314,DEO,SAKAYA,IDENT
20170401163925,SA2,200351,MICHAEL,MICHAEL,IDENT
20170401165905,SA2,200312,BARAKA,KATEGILE,IDENT
20170401170150,SA2,200309,RAMADHANI,KIHILE,IDENT
20170401170224,SA2,200311,DAVID,BWILE,IDENT
20170401172218,SA4,200318,JOSHUA , PAULO,IDENT
20170401172304,SA4,900941,KULWA,MSUMA,IDENT
20170401172336,SA6,901431,AMBALI,SOUD,IDENT
20170401172341,SA6,900057,ZAITUNI,ABDALLAH,IDENT
20170401172345,SA6,900016,FATUMA,HAMISI,IDENT
20170401173517,SA6,900142,IRENE,MREMA,IDENT
20170401173526,SA6,900173,SHARIFA,MRISHO,IDENT
20170401173719,SA4,900944,FROLA,KAMARA,IDENT
20170401173725,SA4,901015,JOYCE,CHACHA,IDENT
20170401174002,SA4,900859,MASANGULA,MASANGURA,IDENT
20170401174253,SA1,900571,FRANK,MALIMA,IDENT
20170401174543,SA1,900429,GOODLUCK,LYAHONA,IDENT
20170401175431,SA1,900457,KHAMISI,MASUMBUKO,IDENT
20170401181454,SA1,900421,FRANK ,MUSHI,IDENT
20170401181803,SA1,900770,ANDERSON,KIKOTI,IDENT
20170401184200,SA1,900225,JOHN,FREDRICK,IDENT
20170401185029,SA6,900138,HUSSEIN,SHABANI,IDENT
20170401190032,SA4,900973,SHARIFA,LIYAYA,IDENT
20170401190049,SA4,901261,ZAINA,KILWANDA,IDENT
20170401190057,SA4,901039,JULIANA,SUKU,IDENT
20170401190101,SA6,900420,FRANCIS,TESHA,IDENT
20170401190109,SA4,900926,AMINA,KONDO,IDENT
20170401190138,SA4,900844,AISHA,MSOMI,IDENT
20170401190144,SA4,901028,REHEMA,KWENGWEGU,IDENT
20170401190153,SA4,900984,SALAMA,BIGE,IDENT
20170401190158,SA4,901118,LILIAN,MREMA,IDENT
20170401190231,SA4,901145,ADELINA,MALEMA,IDENT
20170401190246,SA4,901058,HAMIDA,MATIPA,IDENT
20170401190250,SA4,901177,ASHA,MAVENGELO,IDENT
20170401190257,SA4,901117,HIDAYA,MASOUD,IDENT
20170401190304,SA4,901215,MWANAIDI,KOLOKO,IDENT
20170401190315,SA4,901119,LINA,MLAWA,IDENT
20170401190326,SA4,901074,VERONICA,KIMWAGA,IDENT
20170401190335,SA4,900966,ZUHURA,KIJIMBO,IDENT
20170401190343,SA4,901153,MAGRETH,ZANUARI,IDENT
20170401190349,SA4,901163,SIJALI,MKELE,IDENT
20170401190354,SA4,901066,ZULEHA,MOHAMED,IDENT
20170401190359,SA4,901120,MERCY,MONGI,IDENT
20170401190408,SA4,901036,AZIZA,MANGETU,IDENT
20170401190414,SA4,901213,HABIBA,NJIKU,IDENT
20170401190419,SA4,901014,LUCY,THOMAS,IDENT
20170401190424,SA4,900946,RAHMA,MWIMBA,IDENT
20170401190439,SA4,901216,ASHA,RAMADHANI,IDENT
20170401190444,SA4,901142,SOPHIA,YUSUPH,IDENT
20170401190450,SA4,901018,AISHA,KIBINDO,IDENT
20170401190455,SA4,900922,BAHATI,SALEHE,IDENT
20170401190508,SA4,901206,AISHA,MKUMBA,IDENT
20170401190519,SA4,900935,ZAINABU,SINGANO,IDENT
20170401190526,SA4,901144,ESTHER,NAPENGWA,IDENT
20170401190531,SA4,900882,WINIFRIDA,MALISELINO,IDENT
20170401190539,SA4,901171,ESTHER,MUNGUTI,IDENT
20170401190546,SA4,901235,TUMAIN,MUNGURE,IDENT
20170401190605,SA4,901033,TATU,ISSA,IDENT
20170401190617,SA4,901121,MWATANGA,ALLY,IDENT
20170401190623,SA4,901128,ZAITUNI,SOGOI,IDENT
20170401190657,SA4,901116,GRACE,KAHANGE,IDENT
20170401190708,SA4,901222,DEBORA,FILIPATALI,IDENT
20170401190715,SA1,900217,FRED,JAMES,IDENT
20170401190728,SA4,900929,HALIMA,SEIF,IDENT
20170401190734,SA4,901250,JENIPHA,DAMIAN,IDENT
20170401190743,SA4,900971,NAOMI,SAMWELI,IDENT
20170401190756,SA4,901257,FRIDA,MHELELA,IDENT
20170401190800,SA4,900953,JANE,LUSENDELA,IDENT
20170401190816,SA4,901077,CONSOLATH,MATERU,IDENT
20170401190824,SA4,901221,TEDDY,MAGAMBO,IDENT
20170401190831,SA4,901225,NOELA,YALOT,IDENT
20170401190837,SA4,901141,HADIJA,SALUM,IDENT
20170401190842,SA4,900895,CATHERINE,CHIGOGOLO,IDENT
20170401190850,SA4,900942,CHRISTINA,MWENDA,IDENT
20170401190856,SA4,901093,SHARON,IBRAHIM,IDENT
20170401190902,SA4,900958,SOPHIA,LIKONGO,IDENT
20170401190908,SA4,901126,YUNIS,LULANDALA,IDENT
20170401190914,SA4,901172,AGNES,STEVEN,IDENT
20170401190929,SA4,900928,MARIA,MAGWE,IDENT
20170401190934,SA4,901102,ORIVER,DAUD,IDENT
20170401190939,SA4,901249,HILDA,MWAZEMBE,IDENT
20170401191004,SA4,901207,AISHA,ABEID,IDENT
20170401191034,SA4,901165,FATUMA,ABDALLAH,IDENT
20170401191043,SA4,901214,MARIAM,OMAR,IDENT
20170401191050,SA4,901181,ASNA,SPRIAN,IDENT
20170401191054,SA4,901146,MARTHA,MAKOTI,IDENT
20170401191151,SA4,901169,VERONICA,LECHIPYA,IDENT
20170401191203,SA4,900967,FATUMA,MTAMBUA,IDENT
20170401191208,SA4,901001,AMINA,MUYA,IDENT
20170401191234,SA4,901057,ANNA,KITOMARY,IDENT
20170401191303,SA4,901131,ESTA,KWEKA,IDENT
20170401191328,SA4,900924,DEBORA,HOSSA,IDENT
20170401191341,SA4,901257,FRIDA,MHELELA,IDENT
20170401191406,SA4,901106,MARYNIA,KAYOMBO,IDENT
20170401191515,SA4,901252,JENIPHA,CHIZA,IDENT
20170401191546,SA4,900888,AMINA,NGAINA,IDENT
20170401191618,SA4,900952,SALAMA,MOHAMAD,IDENT
20170401191624,SA4,900975,EDINA,MZUNGU,IDENT
20170401191644,SA6,900144,JANE,MWAKABULUFU,IDENT
20170401191655,SA6,900452,KENNEDY,KIMARO,IDENT
20170401191854,SA4,901224,ANNA,NYAKAPALA,IDENT
20170401191951,SA4,901156,SAID,HAMISI,IDENT
20170401192106,SA4,901157,DAVID,JUMA,IDENT
20170401192724,SA6,901332,NASRA,MSANYA,IDENT
20170401192835,SA6,900162,PILLY,MANENO,IDENT
20170401193208,SA6,900151,LISSY,KIGONJOLA,IDENT
20170401193344,SA6,900135,HALIMA,NGAMZI,IDENT
20170401193414,SA6,900025,JOYCE,MAGANGA,IDENT
20170401194711,SA6,E083,GURURAJ,SHENVI,IDENT
20170401195735,SA6,900048,SHELLA,MFAUME,IDENT
20170401195808,SA6,900661,ADILILA,KONGA,IDENT
20170401200646,SA1,900721,GISELA,SHAYO,IDENT
20170401200650,SA1,900734,REHEMA,NKYA,IDENT
20170401201641,SA6,900035,MOHAMED,HAUSI,IDENT
20170401201749,SA6,900285,NKWABI,MDEHWA,IDENT
20170401201954,SA1,900281,NAYOPA,MTENDECHI,IDENT
20170401202449,SA1,900249,AMIRI,MZEE,IDENT
20170401202357,SA6,901149,EPIFANI, MBOKO,IDENT
20170401203038,SA1,900736,KANUNU,THABIT,IDENT
20170401203145,SA6,900046,SALUM,NDEGE,IDENT
20170401203232,SA1,900758,MOHAMEDY,ATHUMANI,IDENT
20170401203237,SA1,900738,MOHAMED,NGODA,IDENT
20170401203356,SA1,900045,SAIDI,MNDOLWA,IDENT
20170401203349,SA6,900047,SAMSON,SHILA,IDENT
20170401203353,SA6,900047,SAMSON,SHILA,IDENT
20170401203846,SA1,900744,SILVESTER,KAHINDI,IDENT
20170401203946,SA1,900777,MNADI,MRAJAA,IDENT
20170401204056,SA1,900210,ASHA,HUSSEIN,IDENT
20170401204106,SA1,900209,ANGELA,MBESIGWE,IDENT
20170401204117,SA1,900776,ZUBERI,MOHAMED,IDENT
20170401204154,SA6,900047,SAMSON,SHILA,IDENT
20170401204159,SA6,900047,SAMSON,SHILA,IDENT
20170401204203,SA1,900812,LEONARD,NYANGO,IDENT
20170401204314,SA6,900037,MOHAMED,MKALA,IDENT
20170401204529,SA1,900728,JAMAL,MRISHO,IDENT
20170401204350,SA6,900685,VICTOR,MBUNDAMILA,IDENT
20170401204443,SA6,900626,AUGUSTINO,CHITANDA,IDENT
20170401204541,SA6,900261,FRANCIS,MAKOTI,IDENT
20170401205206,SA1,900827,YASIN,MUSSA,IDENT
20170401205414,SA1,900743,JUMA,ISEMA,IDENT
20170401205544,SA1,900759,ELIAS,YAKOB,IDENT
20170401205642,SA1,900731,HUSSAIN,HAMADI,IDENT
20170401205713,SA1,900216,ELLY,MKONGWE,IDENT
20170401205840,SA1,900739,EMENUEL,KYEJO,IDENT
20170401205952,SA1,900569,JAMES,MWANDU,IDENT
20170401210222,SA6,900251,AMRI,WAZIRI,IDENT
20170401210437,SA1,900716,JUMA,JUMANNE,IDENT
20170401210442,SA1,900748,EDWARD,DAWSON,IDENT
20170401210850,SA1,900792,IDDI,IDDI,IDENT
20170401210902,SA1,900773,FELIX,CHRISTOPHER,IDENT
20170401210913,SA1,900220,HAMISI,NJOCHOLA,IDENT
20170401210946,SA1,900227,JOSEPH,NGANILWA,IDENT
20170401211248,SA1,900813,LEONARD,PETER,IDENT
20170401211355,SA1,900214,BRUNO,FREDRICK,IDENT
20170401211631,SA6,900166,RAMADHANI,KIPENGELE,IDENT
20170401211812,SA6,900116,ASHA,ALLY,IDENT
20170401211833,SA1,900800,NAPEGWA,JACOB,IDENT
20170401212041,SA5,901079,AGNESS,HAJI,IDENT
20170401212042,SA6,900036,MOHAMED,MAJUJULO,IDENT
20170401212055,SA5,900990,JANE,MHONGOLE,IDENT
20170401212202,SA6,900168,RAZAKI,MTINDA,IDENT
20170401212228,SA5,900995,MARY,KIAMA,IDENT
20170401212403,SA1,900764,OMBENI,MICHAEL,IDENT
20170401212520,SA5,900985,BAHATI,SARAPIONI,IDENT
20170401212633,SA5,900988,UPENDO,PETER,IDENT
20170401212733,SA6,900449,JUMA,SANGAYA,IDENT
20170401212747,SA5,901041,JACKLINI,MBOYA,IDENT
20170401212819,SA5,901314,JANE,NYAGAWA,IDENT
20170401212859,SA5,901130,NURU,DAUDI,IDENT
20170401212919,SA5,901397,LINETH,KYARUS,IDENT
20170401212931,SA5,901180,FURAHA,TEMBA,IDENT
20170401212941,SA5,901230,KUDRA,BAKARI,IDENT
20170401212947,SA5,901004,ZAHARA,YANGE,IDENT
20170401212955,SA5,901071,YUNIS,NDAIGA,IDENT
20170401213003,SA5,901134,NURU,MULONGANILE,IDENT
20170401213117,SA5,901381,DOROSTA,CLEMANCE,IDENT
20170401213212,SA5,901013,YASINTA,SHELUBANZI,IDENT
20170401213228,SA5,901387,GODFREY,YALED,IDENT
20170401213242,SA5,901281,JOSEPH,MUSUGULI,IDENT
20170401213250,SA5,901383,JOAN,OMANDI,IDENT
20170401213255,SA5,901267,NEEMA ,MWAMANYE,IDENT
20170401213418,SA5,901063,RACHEL,MZOROZORO,IDENT
20170401213505,SA5,901056,ANGELA,MWAKAPALILA,IDENT
20170401213714,SA5,901377,HUSSEIN,MANYEMBA,IDENT
20170401213725,SA6,900596,DAVID,MWAMPAMBA,IDENT
20170401213727,SA5,900900,HELENA,SENZUGWAKO,IDENT
20170401213753,SA1,900807,GODRICH,MCHOMVU,IDENT
20170401213922,SA5,901170,BAHATI,SHABANI,IDENT
20170401214030,SA1,900718,WILSON,ALOIS,IDENT
20170401214134,SA5,900876,MWASITI,MAULID,IDENT
20170401214335,SA5,901291,AISHA,ISSA,IDENT
20170401214416,SA6,900433,HARUNI,MKAMA,IDENT
20170401214430,SA6,900428,GLADIS,MAZENGO,IDENT
20170401214501,SA6,900148,JUDITH,MALISA,IDENT
20170401214525,SA5,901390,SHABANI,HUSEN,IDENT
20170401214603,SA1,900384,ABDALLA,SAIDI,IDENT
20170401214608,SA1,900798,ATHUMAN,SEIF,IDENT
20170401214643,SA5,901154,SALAMA,ALLY,IDENT
20170401214705,SA5,901299,SAUDA,MATOWELA,IDENT
20170401214710,SA5,901430,JOYCE,SEMWENDA,IDENT
20170401214723,SA5,900964,RAPHAEL,MBOKO,IDENT
20170401214808,SA6,900473,NAOMI,GONDA,IDENT
20170401214910,SA5,901307,MATRIDA,CHUVAKA,IDENT
20170401214932,SA5,900471,MOHAMED,MIRUNDI,IDENT
20170401214935,SA1,900754,ROBERT,JORAM,IDENT
20170401214940,SA1,900732,ELIA,FRANCIS,IDENT
20170401214944,SA1,900442,ITIKA,DICKSON,IDENT
20170401215002,SA5,900965,HERMAN,MAKOKO,IDENT
20170401215007,SA5,901559,MARIAM,JUMA,IDENT
20170401215039,SA5,901297,STELLA,MAKUNDI,IDENT
20170401215056,SA1,900726,ABDALLAH,CHOBO,IDENT
20170401215127,SA1,900858,MUHSIN,ATHUMANI,IDENT
20170401215133,SA1,900788,DEBORA,MWASOMOLA,IDENT
20170401215138,SA5,901402,ALLY,SELEMAN,IDENT
20170401215139,SA1,900741,ERICK,LUWUNGO,IDENT
20170401215143,SA1,900747,ADAM,MASALE,IDENT
20170401215148,SA6,900159,PAMELA,KUSALIKA,IDENT
20170401215154,SA1,900784,WILLIAM,MSOLOKA,IDENT
20170401215205,SA1,900729,MOHAMED,KOMBO,IDENT
20170401215213,SA6,900124,DAUDI,ELIFALETH,IDENT
20170401215223,SA1,900542,POUL,KIBELA,IDENT
20170401215233,SA1,900824,TITO,MGOVANO,IDENT
20170401215238,SA1,900755,NICHALAUS,AUGUSTINO,IDENT
20170401215241,SA1,900826,VITALIS,HOTTI,IDENT
20170401215311,SA5,900903,RUKIA,MOHAMED,IDENT
20170401215313,SA1,900212,BATHOLOMEO,MUSA,IDENT
20170401215319,SA1,900237,SHOMARI,SELEMANI,IDENT
20170401215321,SA5,901192,ASMA,KONDO,IDENT
20170401215330,SA5,901099,TAUS,MUSTAPHA,IDENT
20170401215356,SA1,900823,TADEO,MAPEMA,IDENT
20170401215426,SA5,901379,JUMA,MAKALA,IDENT
20170401215439,SA5,901217,VIVIAN,MWANGATA,IDENT
20170401215448,SA5,901322,SARAH,ALLY,IDENT
20170401215454,SA5,901409,MAGRETH,NGOSI,IDENT
20170401215554,SA5,901571,ENOCK,ELIA,IDENT
20170401215609,SA5,901429,REHEMA,MAZEKU,IDENT
20170401215636,SA5,901248,MAGRETH,MASAWE,IDENT
20170401215641,SA5,901320,REHEMA,ALLY,IDENT
20170401215735,SA5,901094,MARTINA,FISSO,IDENT
20170401215754,SA5,901417,REHEMA,SINDANO,IDENT
20170401215609,SA6,900391,ALLY,MASHAURI,IDENT
20170401215616,SA6,900647,JOHANSEN,MPANJU,IDENT
20170401215732,SA1,900825,TITO,MWAMBE,IDENT
20170401215811,SA5,901045,ASHURA,KATULA,IDENT
20170401215820,SA5,901296,STELLA,LUGOME,IDENT
20170401215830,SA5,901124,TABIA,OMARY,IDENT
20170401215842,SA5,900887,ELITABETH,GOMELO,IDENT
20170401215854,SA5,901191,ROSE,BENARD,IDENT
20170401215859,SA5,900850,ROSE,KITALI,IDENT
20170401215917,SA5,901284,MOHAMED,IDDI,IDENT
20170401215942,SA5,901355,HALIMA,SANANE,IDENT
20170401220003,SA6,900164,RAMADHANI ,BAKARI,IDENT
20170401220003,SA5,901110,ASHA,MPELA,IDENT
20170401220016,SA5,901086,ELIWAZA,MWIGOHA,IDENT
20170401220020,SA1,900774,MBEWE,ELIUS,IDENT
20170401220024,SA1,900762,SAID,MOHAMED,IDENT
20170401220024,SA5,901283,KEDMOND,KAMOGA,IDENT
20170401220027,SA1,900775,SABATO,JULIUS,IDENT
20170401220029,SA5,900861,MWAJABU,BAKARI,IDENT
20170401220034,SA5,901000,AGNES,MTYANGILE,IDENT
20170401220041,SA5,901308,MADINA,ATHUMANI,IDENT
20170401220047,SA5,901367,BEATHA,MLOSO,IDENT
20170401220053,SA5,901373,ADELA,MSAGA,IDENT
20170401220058,SA5,901414,EMMANUEL,BANDIKO,IDENT
20170401220103,SA1,900767,GLADNESS,KAIRUKI,IDENT
20170401220104,SA5,901330,SAVELINA ,KASHASHA,IDENT
20170401220109,SA5,901243,PLAKSEDA,AKIZAMUNGU,IDENT
20170401220115,SA5,901043,ANNA,JOHN,IDENT
20170401220119,SA5,901312,VUMILIA,NDEGE,IDENT
20170401220123,SA6,900422,FURAHA,MWAKIFWAMB,IDENT
20170401220131,SA5,901311,LOYCE,MASKINI,IDENT
20170401220138,SA5,901294,RATIFA,KAPINGA,IDENT
20170401220143,SA1,900231,MARKO,SHIMIZI,IDENT
20170401220144,SA5,900949,MUHINA,GOMBE,IDENT
20170401220147,SA1,900242,WILSON,ANYNGISE,IDENT
20170401220149,SA5,901200,INOCENT , KIFUMU,IDENT
20170401220153,SA5,901370,MARIAM,MJELELE,IDENT
20170401220159,SA6,900703,MUSSA,MTALI,IDENT
20170401220200,SA5,901234,ANITHA,AHALIELI,IDENT
20170401220205,SA5,900855,SINAHIA,OMARI,IDENT
20170401220211,SA5,900853,DEVOTHA,ELIAS,IDENT
20170401220212,SA6,900474,PHILBERT,MATOGO,IDENT
20170401220217,SA5,900981,FIDES,MONGI,IDENT
20170401220218,SA6,900406,CHAUREMBO,MWINYI,IDENT
20170401220237,SA5,901135,REHEMA,OMARY,IDENT
20170401220246,SA5,901328,MARRY,SHOO,IDENT
20170401220251,SA5,901310,MARIAM,BELEKO,IDENT
20170401220302,SA1,900215,EDWARD,RUFUNGA,IDENT
20170401220302,SA5,901190,NEEMA,MNYALAPE,IDENT
20170401220308,SA5,900999,ROSE,MWAMAKOLA,IDENT
20170401220316,SA5,900982,MWANAKOMBO,KHALID,IDENT
20170401220321,SA5,901394,TERESIA,MHAMBO,IDENT
20170401220330,SA5,901315,FIDEA,AGUSTINO,IDENT
20170401220338,SA5,901289,CONSOLATHA,RAPHAEL,IDENT
20170401220343,SA5,901292,SARA,YOEL,IDENT
20170401220350,SA5,901374,NASRA,HAMADI,IDENT
20170401220354,SA5,901412,ELIA,NGWALI,IDENT
20170401220358,SA5,901174,BETH,NGADADA,IDENT
20170401220404,SA5,901253,JOYCE,KESI,IDENT
20170401220410,SA5,901360,MARRY,MASULUBE,IDENT
20170401220417,SA5,901361,MARRY,MLIUNJA,IDENT
20170401220426,SA5,901321,ELIZABET,MHIMBA,IDENT
20170401220434,SA5,901375,PILLI,CHOLOGONDO,IDENT
20170401220443,SA5,901047,MWAJUMA,HAMIS,IDENT
20170401220451,SA5,901309,SALMA,RAFIKI,IDENT
20170401220458,SA5,901288,EPIPHANIA,LUKWI,IDENT
20170401220503,SA5,901301,TUKAE,MUSA,IDENT
20170401220512,SA5,901173,BAHATI,MAKAMBA,IDENT
20170401220520,SA5,901400,DANIEL,MAKAYA,IDENT
20170401220528,SA5,901179,AMANDA,KWEZI,IDENT
20170401220534,SA5,901413,LEILA,KIMBENGELE,IDENT
20170401220539,SA5,901572,WAISAHA,PATRICK,IDENT
20170401220544,SA5,901161,NURU,MOHAMED,IDENT
20170401220550,SA5,901006,RUKIA,ALLY,IDENT
20170401220635,SA5,901280,WHITNESS,MSAGATI,IDENT
20170401220640,SA5,901155,GRACE,MUHONO,IDENT
20170401220645,SA5,901380,BISURA,MCHELEO,IDENT
20170401220656,SA5,901306,VAILETH,NGULO,IDENT
20170401220442,SA6,900398,ARSEN, RWEBANGILA	,IDENT
20170401220949,SA6,900478,RAPHAEL,SENKONDO,IDENT
20170401221721,SA1,900207,ADELE,NJOCHOLA,IDENT
20170401221831,SA6,900169,REHEMA,YUSUFU,IDENT
20170401221959,SA1,900740,SPEDICTOR,NGOGO,IDENT
20170401222252,SA6,900409,DANIEL,MROPE,IDENT
20170402050020,SA6,900251,AMRI,WAZIRI,IDENT
20170402050717,SA1,900001,ABDALLAH,JUMANNE,IDENT
20170402053105,SA6,900661,ADILILA,KONGA,IDENT
20170402053751,SA5,901012,FATUMA,KABUMA,IDENT
20170402053757,SA5,901164,SWAUMU,KAYANDA,IDENT
20170402053805,SA5,901180,FURAHA,TEMBA,IDENT
20170402053814,SA5,900894,NURU,MAKANDE,IDENT
20170402053822,SA5,901085,ELIZABETH,NYAMBO,IDENT
20170402054228,SA5,900947,ANNA,GODISON,IDENT
20170402054236,SA1,900045,SAIDI,MNDOLWA,IDENT
20170402054302,SA1,900555,MHEZIWA,MALEWA,IDENT
20170402054326,SA5,900879,RAHMA,KILO,IDENT
20170402054517,SA5,901019,ASHA,NGAMBA,IDENT
20170402054536,SA1,900858,MUHSIN,ATHUMANI,IDENT
20170402054745,SA5,900868,MAIMUNA,JARUFU,IDENT
20170402054751,SA5,901152,STELLA,MWAKATOBE,IDENT
20170402054541,SA1,900788,DEBORA,MWASOMOLA,IDENT
20170402054544,SA1,900767,GLADNESS,KAIRUKI,IDENT
20170402054807,SA1,900812,LEONARD,NYANGO,IDENT
20170402054812,SA1,900807,GODRICH,MCHOMVU,IDENT
20170402054818,SA1,900813,LEONARD,PETER,IDENT
20170402054823,SA1,900775,SABATO,JULIUS,IDENT
20170402054827,SA1,900774,MBEWE,ELIUS,IDENT
20170402054827,SA6,900161,PILLI ,MOHAMED,IDENT
20170402054833,SA1,900718,WILSON,ALOIS,IDENT
20170402054920,SA6,900036,MOHAMED,MAJUJULO,IDENT
20170402055025,SA1,900800,NAPEGWA,JACOB,IDENT
20170402055037,SA1,900755,NICHALAUS,AUGUSTINO,IDENT
20170402055145,SA1,900747,ADAM,MASALE,IDENT
20170402055151,SA1,900726,ABDALLAH,CHOBO,IDENT
20170402055153,SA1,900792,IDDI,IDDI,IDENT
20170402055159,SA1,900762,SAID,MOHAMED,IDENT
20170402055256,SA5,900891,HINESS,KAAYA,IDENT
20170402055303,SA5,900881,ZAINABU,SAIDI,IDENT
20170402055347,SA1,900784,WILLIAM,MSOLOKA,IDENT
20170402055351,SA1,900826,VITALIS,HOTTI,IDENT
20170402055357,SA1,900827,YASIN,MUSSA,IDENT
20170402055403,SA1,900798,ATHUMAN,SEIF,IDENT
20170402055547,SA5,901402,ALLY,SELEMAN,IDENT
20170402055350,SA6,900596,DAVID,MWAMPAMBA,IDENT
20170402055406,SA6,900164,RAMADHANI ,BAKARI,IDENT
20170402055821,SA1,900542,POUL,KIBELA,IDENT
20170402055908,SA5,901387,GODFREY,YALED,IDENT
20170402055914,SA5,900914,HAWA,MWIMBE,IDENT
20170402055919,SA5,901281,JOSEPH,MUSUGULI,IDENT
20170402060005,SA5,901417,REHEMA,SINDANO,IDENT
20170402060010,SA5,901297,STELLA,MAKUNDI,IDENT
20170402060015,SA5,901056,ANGELA,MWAKAPALILA,IDENT
20170402060020,SA5,901004,ZAHARA,YANGE,IDENT
20170402060026,SA5,901311,LOYCE,MASKINI,IDENT
20170402060031,SA5,901154,SALAMA,ALLY,IDENT
20170402060036,SA5,901071,YUNIS,NDAIGA,IDENT
20170402060045,SA1,900741,ERICK,LUWUNGO,IDENT
20170402060046,SA5,901383,JOAN,OMANDI,IDENT
20170402060049,SA1,900770,ANDERSON,KIKOTI,IDENT
20170402060058,SA5,901013,YASINTA,SHELUBANZI,IDENT
20170402060103,SA5,901430,JOYCE,SEMWENDA,IDENT
20170402060109,SA5,901320,REHEMA,ALLY,IDENT
20170402060115,SA5,901314,JANE,NYAGAWA,IDENT
20170402060121,SA5,901307,MATRIDA,CHUVAKA,IDENT
20170402060126,SA5,901397,LINETH,KYARUS,IDENT
20170402060133,SA5,901299,SAUDA,MATOWELA,IDENT
20170402060138,SA5,901291,AISHA,ISSA,IDENT
20170402060145,SA5,901280,WHITNESS,MSAGATI,IDENT
20170402060152,SA5,901306,VAILETH,NGULO,IDENT
20170402060159,SA5,901380,BISURA,MCHELEO,IDENT
20170402060206,SA5,901377,HUSSEIN,MANYEMBA,IDENT
20170402060209,SA1,900384,ABDALLA,SAIDI,IDENT
20170402060214,SA5,901381,DOROSTA,CLEMANCE,IDENT
20170402060217,SA6,900433,HARUNI,MKAMA,IDENT
20170402060221,SA1,900824,TITO,MGOVANO,IDENT
20170402060224,SA5,901390,SHABANI,HUSEN,IDENT
20170402060227,SA1,900421,FRANK ,MUSHI,IDENT
20170402060231,SA5,900471,MOHAMED,MIRUNDI,IDENT
20170402060235,SA1,900209,ANGELA,MBESIGWE,IDENT
20170402060237,SA5,901571,ENOCK,ELIA,IDENT
20170402060238,SA6,900046,SALUM,NDEGE,IDENT
20170402060245,SA5,901429,REHEMA,MAZEKU,IDENT
20170402060259,SA6,900473,NAOMI,GONDA,IDENT
20170402060305,SA6,900170,REHEMA,CHINUNJE,IDENT
20170402060310,SA6,900428,GLADIS,MAZENGO,IDENT
20170402060330,SA6,900134,GRACE,KIM,IDENT
20170402060740,SA5,900919,ANNA,MPUGE,IDENT
20170402060541,SA1,900212,BATHOLOMEO,MUSA,IDENT
20170402060809,SA1,900237,SHOMARI,SELEMANI,IDENT
20170402060814,SA1,900210,ASHA,HUSSEIN,IDENT
20170402060852,SA1,900729,MOHAMED,KOMBO,IDENT
20170402061014,SA1,900764,OMBENI,MICHAEL,IDENT
20170402061030,SA1,900732,ELIA,FRANCIS,IDENT
20170402061037,SA1,900227,JOSEPH,NGANILWA,IDENT
20170402061041,SA1,900215,EDWARD,RUFUNGA,IDENT
20170402061110,SA1,900808,HEONANI,BAJANA,IDENT
20170402061115,SA6,900391,ALLY,MASHAURI,IDENT
20170402061133,SA6,900449,JUMA,SANGAYA,IDENT
20170402061218,SA1,900802,EMANUEL,SILAYO,IDENT
20170402061236,SA6,900409,DANIEL,MROPE,IDENT
20170402061336,SA6,900048,SHELLA,MFAUME,IDENT
20170402061402,SA1,900740,SPEDICTOR,NGOGO,IDENT
20170402061507,SA6,900025,JOYCE,MAGANGA,IDENT
20170402061624,SA6,900127,DUNCAN,MHANDO,IDENT
20170402061942,SA5,900901,NEEMA,NYAKOKI,IDENT
20170402062130,SA1,900249,AMIRI,MZEE,IDENT
20170402062544,SA1,900207,ADELE,NJOCHOLA,IDENT
20170402062548,SA1,900242,WILSON,ANYNGISE,IDENT
20170402062609,SA1,900231,MARKO,SHIMIZI,IDENT
20170402062935,SA6,900627,BAHATI,KAPIGA,IDENT
20170402063211,SA5,900915,DOROTHEA,KILO,IDENT
20170402063248,SA6,900261,FRANCIS,MAKOTI,IDENT
20170402064036,SA6,900626,AUGUSTINO,CHITANDA,IDENT
20170402064041,SA6,900626,AUGUSTINO,CHITANDA,IDENT
20170402064229,SA1,900754,ROBERT,JORAM,IDENT
20170402065414,SA6,900583,REGINALD,MICHAEL,IDENT
20170402071154,SA6,901265,FRANK ,RUZIGA,IDENT
20170402072112,SA1,900571,FRANK,MALIMA,IDENT
20170402072301,SA5,901062,RASHID,MDOE,IDENT
20170402072937,SA6,901149,EPIFANI, MBOKO,IDENT
20170402073752,SA6,900407,CHRISTIAN ,NGONYANI,IDENT
20170402075011,SA1,900457,KHAMISI,MASUMBUKO,IDENT
20170402075114,SA6,900144,JANE,MWAKABULUFU,IDENT
20170402075756,SA6,900115,AKIDA,DUGANGE,IDENT
20170402080757,SA6,900385,ABDALLAH,MOHAMED,IDENT
20170402082041,SA1,900224,JABIRI,AMANZI,IDENT
20170402082614,SA6,900143,JACKLINE,MAIGA,IDENT
20170402083345,SA6,900151,LISSY,KIGONJOLA,IDENT
20170402083504,SA6,900405,CHARLES,WILLIAM,IDENT
20170402083553,SA6,E032,SANKARAN,JAYARAM,IDENT
20170402084056,SA6,900171,ROBERT,MFUNI,IDENT
20170402084640,SA6,900452,KENNEDY,KIMARO,IDENT
20170402085053,SA6,900568,GODWIN,KIRIA,IDENT
