20160801050908,SA3,900919,ANNA,MPUGE,IDENT
20160801051136,SA3,901062,RASHID,MDOE,IDENT
20160801051416,SA3,901196,BONIPHACE,NGESI,IDENT
20160801064632,SA3,901534,MASANJA,JUMA,IDENT
20160801064919,SA2,200348,JONASI,LUCAS,IDENT
20160801065037,SA2,100566,MKWAYA,TONGOLA,IDENT
20160801065056,SA2,900938,ISMAIL,THOMAS,IDENT
20160801065118,SA2,901450,FARIDA,JUMA,IDENT
20160801065121,SA2,900859,MASANGULA,MASANGURA,IDENT
20160801065124,SA2,901273,HELLEN,KIZWALO,IDENT
20160801065220,SA2,901444,BAKARI,KITILA,IDENT
20160801065341,SA2,100597,NOVATI,TARIMO,IDENT
20160801065345,SA2,100603,EDWIN,OWINO,IDENT
20160801065351,SA2,100635,JULIUS,MUNISHI,IDENT
20160801065426,SA2,200314,DEO,SAKAYA,IDENT
20160801065614,SA2,200312,BARAKA,KATEGILE,IDENT
20160801065616,SA2,100638,AMINA,CHETE,IDENT
20160801065634,SA2,901452,STEVEN,CHUWA,IDENT
20160801065747,SA2,100624,HALIMA,KAMOTE,IDENT
20160801065750,SA2,901447,MASHAKA,MATEKELE,IDENT
20160801065809,SA2,101587,SHAMIM,FUNDI,IDENT
20160801065813,SA2,100596,ISMAIL,RAMADHANI,IDENT
20160801065823,SA2,200320,OMARI,OMAR,IDENT
20160801065826,SA2,200316,DENIS,JOHNSON,IDENT
20160801065839,SA2,200309,RAMADHANI,KIHILE,IDENT
20160801065843,SA2,200321,HEMED,KAZEMBE,IDENT
20160801065846,SA2,200313,GADISON,ROSENIUS,IDENT
20160801065849,SA2,901441,CHRISTOPHER ,MUSHI,IDENT
20160801065852,SA2,901453,JOHNSON,MUNISI,IDENT
20160801065858,SA2,100664,JUMA,MUSSA,IDENT
20160801065900,SA2,901446,DANIEL,MBARUKA,IDENT
20160801065925,SA2,100633,HADIJA,MMANGA,IDENT
20160801070023,SA2,200318,JOSHUA , PAULO,IDENT
20160801070043,SA2,901442,JARINA,SHEKOLA,IDENT
20160801070048,SA2,200347,SHABILU,MOHAMMED,IDENT
20160801070249,SA2,900871,MWANAHAMISI,NDOLWA,IDENT
20160801070313,SA2,901445,KARIM,MJAKA,IDENT
20160801070320,SA2,901445,KARIM,MJAKA,IDENT
20160801070411,SA2,901448,PAULINA,DAVID,IDENT
20160801070721,SA2,200351,MICHAEL,MICHAEL,IDENT
20160801081119,SA6,900137,HERIETH,MWELI,IDENT
20160801081123,SA6,900402,BARAKA,MVUNGI,IDENT
20160801081138,SA1,101589,AMIRI,YAHAYA,IDENT
20160801081143,SA1,900708,OMARY,ABDALLAH,IDENT
20160801081151,SA6,900452,KENNEDY,KIMARO,IDENT
20160801081156,SA6,900011,BLANTINA,MLOWE,IDENT
20160801081221,SA6,901560,FREDRICK,MUSHI,IDENT
20160801081226,SA6,900484,SHANI,MOHAMED,IDENT
20160801081228,SA1,900219,GEORGE,SAMATA,IDENT
20160801081242,SA6,900057,ZAITUNI,ABDALLAH,IDENT
20160801081242,SA1,900506,JOE ,MATANDU,IDENT
20160801081307,SA6,900142,IRENE,MREMA,IDENT
20160801081311,SA6,900122,CATHERINE,KUMBATA,IDENT
20160801081318,SA1,900558,FRANCIS,MFIKWA,IDENT
20160801081332,SA6,900439,IDDI,MOHAMED,IDENT
20160801081347,SA1,900235,PAULO,MGEMA,IDENT
20160801081353,SA5,901333,NEEMA,KILUZIA,IDENT
20160801081437,SA6,E069,SHANTANU,KULKARNI,IDENT
20160801081456,SA6,900390,ALBERT,KANENDA,IDENT
20160801081546,SA6,E037,SRINIVAS,DANTU,IDENT
20160801081503,SA1,900504,JEREMIA,TONNO,IDENT
20160801081508,SA1,900497,EMANUEL,NGIMBUZI,IDENT
20160801081624,SA6,900460,LAMECK,ASSETO,IDENT
20160801081707,SA1,900711,ATHUMAN,IDDI,IDENT
20160801081832,SA6,900008,ANNE,MCHUMA,IDENT
20160801081854,SA6,900280,TADEO,MWINGIZI,IDENT
20160801082214,SA6,E013,GIRIRAJ,SHARMA,IDENT
20160801082246,SA6,900681,ABUBAKARI,MGAZA,IDENT
20160801082253,SA6,900009,ASHA,HAMISI,IDENT
20160801082342,SA1,900030,JUMANNE,LUMBU,IDENT
20160801082401,SA1,900513,SALEHE,BAKARI,IDENT
20160801082404,SA6,900055,VERONICA,MBAZIGWA,IDENT
20160801082411,SA1,900507,KANTI,KADIRI,IDENT
20160801082412,SA6,900494,YOHANA,LUSANA,IDENT
20160801082634,SA6,900156,MWANAISHA,UWESU,IDENT
20160801082738,SA6,900246,ABDULKARIM,ALI,IDENT
20160801082743,SA6,901437,HASSAN,KAJUA,IDENT
20160801082816,SA6,900620,AYOUB,MTAFUNGWA,IDENT
20160801082927,SA6,E073,DEVANSHU,SETH,IDENT
20160801083147,SA1,901577,SALEEM,KHATRI,IDENT
20160801083205,SA6,900644,FARIDA,RUBANZA,IDENT
20160801083244,SA6,E033,SATISH,KRISHNASWAMY,IDENT
20160801083539,SA6,900649,ZUBEDA,MANDIA,IDENT
20160801083856,SA6,E078,SANJAY,GOYAL,IDENT
20160801084002,SA6,E045,SURESH,PS,IDENT
20160801084043,SA6,E067,ANKIT,JAIN,IDENT
20160801084652,SA6,901436,HAMISI,KAVINGA,IDENT
20160801084700,SA6,900270,HASSAN,KIGWIO,IDENT
20160801084703,SA6,901558,CONSOLATA,MDEMU,IDENT
20160801085259,SA6,900044,REGINARD,MSHANGA,IDENT
20160801090352,SA6,900435,HASSAN,NKHAMBI,IDENT
20160801101400,SA6,900405,CHARLES,WILLIAM,IDENT
20160801111414,SA6,900271,HUSNA,SAID,IDENT
20160801115859,SA1,900210,ASHA,HUSSEIN,IDENT
20160801121253,SA1,900231,MARKO,SHIMIZI,IDENT
20160801122305,SA6,900019,HAMISI,MADODO,IDENT
20160801123723,SA1,900238,SAIMON,TARIMO,IDENT
20160801125134,SA6,900661,ADILILA,KONGA,IDENT
20160801125354,SA6,900025,JOYCE,MAGANGA,IDENT
20160801132050,SA6,900406,CHAUREMBO,MWINYI,IDENT
20160801132733,SA6,900169,REHEMA,YUSUFU,IDENT
20160801132955,SA6,900162,PILLY,MANENO,IDENT
20160801133129,SA1,900805,FRANK ,JABIR,IDENT
20160801133254,SA6,900135,HALIMA,NGAMZI,IDENT
20160801133403,SA5,901427,JESCA,NGUMBU,IDENT
20160801133439,SA5,901411,AMINA,MUSA,IDENT
20160801133508,SA5,901388,OSWALD,SHILLA,IDENT
20160801133521,SA5,901389,OMARY,JUMA,IDENT
20160801133527,SA2,901158,ALOYCE,IZINA,IDENT
20160801133539,SA5,901367,BEATHA,MLOSO,IDENT
20160801133544,SA5,901356,ZAMDA,NGWABAYA,IDENT
20160801133623,SA5,901393,HADIJA,JUMA,IDENT
20160801133624,SA4,901102,ORIVER,DAUD,IDENT
20160801133638,SA5,901384,JOSHUA,KITUNDU,IDENT
20160801133641,SA3,901064,SAID,RAMADHANI,IDENT
20160801133647,SA5,901399,DIANA,NDONGO,IDENT
20160801133717,SA6,900396,ANDREW,MSANGI,IDENT
20160801133747,SA4,901163,SIJALI,MKELE,IDENT
20160801133759,SA4,901036,AZIZA,MANGETU,IDENT
20160801133806,SA4,901053,DORIS,JOHN,IDENT
20160801133820,SA4,901254,NURAT,JAFARI,IDENT
20160801133824,SA4,901100,REHEMA,SALEHE,IDENT
20160801133829,SA2,900930,TABIA,DOGOLI,IDENT
20160801133830,SA4,901028,REHEMA,KWENGWEGU,IDENT
20160801133833,SA4,900911,NEEMA,URASSA,IDENT
20160801133837,SA4,901005,HADIJJA,KIJUU,IDENT
20160801133853,SA4,901015,JOYCE,CHACHA,IDENT
20160801133858,SA4,901208,SARAH,MWINANI,IDENT
20160801133919,SA4,900888,AMINA,NGAINA,IDENT
20160801133925,SA5,901349,HABIBU,BAKARI,IDENT
20160801133931,SA5,901298,SWAUMU,MZIRAI,IDENT
20160801133938,SA5,901324,MARIAM,YAHAYA,IDENT
20160801133941,SA5,901418,ISAYA ,SAWASAWA,IDENT
20160801134000,SA2,901079,AGNESS,HAJI,IDENT
20160801134029,SA4,900966,ZUHURA,KIJIMBO,IDENT
20160801134032,SA4,901142,SOPHIA,YUSUPH,IDENT
20160801134036,SA4,901120,MERCY,MONGI,IDENT
20160801134043,SA4,901225,NOELA,YALOT,IDENT
20160801134053,SA4,901066,ZULEHA,MOHAMED,IDENT
20160801134058,SA4,900956,DIANA,LEMA,IDENT
20160801134107,SA4,900887,ELITABETH,GOMELO,IDENT
20160801134124,SA2,901204,SOPHIA,LUGOME,IDENT
20160801134124,SA4,900926,AMINA,KONDO,IDENT
20160801134127,SA4,900984,SALAMA,BIGE,IDENT
20160801134130,SA2,900923,HELENA,KHAJI,IDENT
20160801134133,SA4,900995,MARY,KIAMA,IDENT
20160801134137,SA2,901038,AMINA,MDOE,IDENT
20160801134142,SA6,900647,JOHANSEN,MPANJU,IDENT
20160801134146,SA2,901072,TATU,ATHUMAN,IDENT
20160801134152,SA5,901409,MAGRETH,NGOSI,IDENT
20160801134158,SA4,900958,SOPHIA,LIKONGO,IDENT
20160801134202,SA2,901083,EDINA,JOHN,IDENT
20160801134202,SA4,901269,AISHA,HALFAN,IDENT
20160801134209,SA4,901106,MARYNIA,KAYOMBO,IDENT
20160801134213,SA4,900896,HADIJA , KIHEGO,IDENT
20160801134215,SA4,901128,ZAITUNI,SOGOI,IDENT
20160801134216,SA5,901286,AGNES,LUCAS,IDENT
20160801134219,SA1,900772,ERICK,KAZIMOTO,IDENT
20160801134220,SA5,901161,NURU,MOHAMED,IDENT
20160801134221,SA4,901216,ASHA,RAMADHANI,IDENT
20160801134224,SA4,900973,SHARIFA,LIYAYA,IDENT
20160801134224,SA5,901001,AMINA,MUYA,IDENT
20160801134225,SA1,900742,PROSPER,POLITHO,IDENT
20160801134227,SA4,901207,AISHA,ABEID,IDENT
20160801134231,SA4,900895,CATHERINE,CHIGOGOLO,IDENT
20160801134234,SA4,901018,AISHA,KIBINDO,IDENT
20160801134238,SA4,900999,ROSE,MWAMAKOLA,IDENT
20160801134239,SA2,901103,MWATANGA,DIENI,IDENT
20160801134241,SA5,901405,ABDANI,SHILLA,IDENT
20160801134243,SA4,901213,HABIBA,NJIKU,IDENT
20160801134246,SA5,901404,AWAZI,SALIM,IDENT
20160801134248,SA4,901071,YUNIS,NDAIGA,IDENT
20160801134250,SA4,901131,ESTA,KWEKA,IDENT
20160801134259,SA4,901240,CANDY,ABRAHAM,IDENT
20160801134304,SA4,900844,AISHA,MSOMI,IDENT
20160801134310,SA4,900990,JANE,MHONGOLE,IDENT
20160801134319,SA4,901074,VERONICA,KIMWAGA,IDENT
20160801134323,SA5,901301,TUKAE,MUSA,IDENT
20160801134323,SA1,900781,GERALD,JOHN,IDENT
20160801134342,SA4,901250,JENIPHA,DAMIAN,IDENT
20160801134347,SA4,901169,VERONICA,LECHIPYA,IDENT
20160801134351,SA4,900991,CHRISTINA,JAILOS,IDENT
20160801134354,SA4,901056,ANGELA,MWAKAPALILA,IDENT
20160801134356,SA5,901355,HALIMA,SANANE,IDENT
20160801134358,SA4,901252,JENIPHA,CHIZA,IDENT
20160801134359,SA5,901292,SARA,YOEL,IDENT
20160801134403,SA5,901304,SOPHIA,ALLY,IDENT
20160801134409,SA4,900952,SALAMA,MOHAMAD,IDENT
20160801134411,SA6,900433,HARUNI,MKAMA,IDENT
20160801134414,SA4,901019,ASHA,NGAMBA,IDENT
20160801134417,SA4,901248,MAGRETH,MASAWE,IDENT
20160801134420,SA4,901211,ANNA,KIMARO,IDENT
20160801134423,SA1,900001,ABDALLAH,JUMANNE,IDENT
20160801134443,SA2,900907,PAULINA,DEVA,IDENT
20160801134446,SA4,900965,HERMAN,MAKOKO,IDENT
20160801134447,SA2,901070,FLORA,MSAMLA,IDENT
20160801134451,SA4,901165,FATUMA,ABDALLAH,IDENT
20160801134454,SA1,900749,EZEKIEL,SOLO,IDENT
20160801134456,SA4,901257,FRIDA,MHELELA,IDENT
20160801134459,SA1,900798,ATHUMAN,SEIF,IDENT
20160801134503,SA1,900821,SAWA,SWAHA,IDENT
20160801134507,SA4,901157,DAVID,JUMA,IDENT
20160801134507,SA2,901016,HALIFA,MOHAMED,IDENT
20160801134508,SA1,900752,SIMON,MAPUNDA,IDENT
20160801134511,SA1,900794,ADAM,SALTIELY,IDENT
20160801134516,SA4,901008,GRESS,KOBA,IDENT
20160801134536,SA4,901191,ROSE,BENARD,IDENT
20160801134558,SA5,901350,ALFRED,CHARLES,IDENT
20160801134612,SA4,901077,CONSOLATH,MATERU,IDENT
20160801134613,SA5,901369,RECHO,MSHUMBUSI,IDENT
20160801134615,SA1,900281,NAYOPA,MTENDECHI,IDENT
20160801134619,SA4,901081,PILI,MDEDE,IDENT
20160801134622,SA1,900272,ISRAEL,GYUNA,IDENT
20160801134626,SA1,900272,ISRAEL,GYUNA,IDENT
20160801134632,SA5,901364,SALAFINA,KISAPI,IDENT
20160801134638,SA5,901341,JESSE,JEREMIA,IDENT
20160801134643,SA4,901222,DEBORA,FILIPATALI,IDENT
20160801134645,SA2,901040,LUCY,AGASTINO,IDENT
20160801134650,SA2,900889,SALMA,MWAWILA,IDENT
20160801134652,SA4,900929,HALIMA,SEIF,IDENT
20160801134657,SA2,901085,ELIZABETH,NYAMBO,IDENT
20160801134658,SA4,901210,ROSE,CHUWA,IDENT
20160801134702,SA2,901065,ZAINABU,KARUMUNA,IDENT
20160801134704,SA4,901086,ELIWAZA,MWIGOHA,IDENT
20160801134707,SA5,901430,JOYCE,SEMWENDA,IDENT
20160801134711,SA5,900849,IRENE,MMARI,IDENT
20160801134712,SA4,901116,GRACE,KAHANGE,IDENT
20160801134716,SA5,901385,ABDALLA,MGAYA,IDENT
20160801134717,SA4,901145,ADELINA,MALEMA,IDENT
20160801134720,SA4,901146,MARTHA,MAKOTI,IDENT
20160801134725,SA6,900168,RAZAKI,MTINDA,IDENT
20160801134727,SA4,901118,LILIAN,MREMA,IDENT
20160801134729,SA4,901057,ANNA,KITOMARY,IDENT
20160801134729,SA5,901423,CONSOLATHA,JOSEPH,IDENT
20160801134731,SA4,900922,BAHATI,SALEHE,IDENT
20160801134735,SA2,901011,JANE,SIMON,IDENT
20160801134736,SA4,901119,LINA,MLAWA,IDENT
20160801134736,SA5,901279,NEEMA, GODFREY,IDENT
20160801134739,SA2,900957,HADIJA,MKOTA,IDENT
20160801134740,SA5,901305,DIANA,KIBASA,IDENT
20160801134744,SA2,901233,SAMI,MTITIMA,IDENT
20160801134755,SA4,901003,SALAMA,KADALA,IDENT
20160801134807,SA2,900912,MWAJUMA,KITANI,IDENT
20160801134809,SA2,901000,AGNES,MTYANGILE,IDENT
20160801134811,SA4,900975,EDINA,MZUNGU,IDENT
20160801134813,SA6,900124,DAUDI,ELIFALETH,IDENT
20160801134821,SA6,900159,PAMELA,KUSALIKA,IDENT
20160801134825,SA1,900745,YUSUPH,NGAPAWA,IDENT
20160801134825,SA5,901408,SAIDI,MAKALA,IDENT
20160801134831,SA1,900746,GEDION,BUTENGE,IDENT
20160801134831,SA4,901139,HAPPY ,ZAKAYO,IDENT
20160801134837,SA1,900490,TWAHA,MGUHI,IDENT
20160801134841,SA4,901058,HAMIDA,MATIPA,IDENT
20160801134843,SA2,900964,RAPHAEL,MBOKO,IDENT
20160801134845,SA4,901014,LUCY,THOMAS,IDENT
20160801134851,SA4,901141,HADIJA,SALUM,IDENT
20160801134855,SA4,901033,TATU,ISSA,IDENT
20160801134902,SA2,900969,JEMA,SALUM,IDENT
20160801134906,SA2,900982,MWANAKOMBO,KHALID,IDENT
20160801134911,SA3,900960,AGNESS,NAWAHIGA,IDENT
20160801134916,SA2,900936,SOPHIA,MBONDE,IDENT
20160801134925,SA4,900918,MARIAM,RAMADHANI,IDENT
20160801134929,SA1,900815,METHOD,DEDA,IDENT
20160801134942,SA1,900724,HASANI,MRISHO,IDENT
20160801134945,SA1,900783,DAMIAN,ALONE,IDENT
20160801134946,SA2,901084,MARIA ,SANGA,IDENT
20160801134947,SA4,900900,HELENA,SENZUGWAKO,IDENT
20160801135005,SA4,900873,SELEN,JUMA,IDENT
20160801135011,SA4,901267,NEEMA ,MWAMANYE,IDENT
20160801135014,SA4,901249,HILDA,MWAZEMBE,IDENT
20160801135024,SA4,901206,AISHA,MKUMBA,IDENT
20160801135027,SA4,901172,AGNES,STEVEN,IDENT
20160801135031,SA3,901227,MWAMVITA,MWAIPOPO,IDENT
20160801135034,SA4,901205,JAMILA,MASONGI,IDENT
20160801135035,SA1,900233,MUSSSA,ABDALLAH,IDENT
20160801135040,SA1,900763,SALEHE,NJAGE,IDENT
20160801135040,SA4,901138,JOYCE,CHEMRA,IDENT
20160801135043,SA1,900723,SAIDI,JUMANE,IDENT
20160801135048,SA1,900739,EMENUEL,KYEJO,IDENT
20160801135050,SA2,901166,SAUDA,MAULID,IDENT
20160801135053,SA6,900487,STEPHEN,KAMBWEMBWE,IDENT
20160801135054,SA2,901069,ELIZABETH,MRAMU,IDENT
20160801135104,SA1,900778,MARIAM,MICHAEL,IDENT
20160801135112,SA4,901171,ESTHER,MUNGUTI,IDENT
20160801135118,SA4,901093,SHARON,IBRAHIM,IDENT
20160801135121,SA4,900971,NAOMI,SAMWELI,IDENT
20160801135123,SA5,901126,YUNIS,LULANDALA,IDENT
20160801135130,SA4,901091,FARIDA,LYIMO,IDENT
20160801135132,SA4,900877,IRENE,GABRIEL,IDENT
20160801135132,SA5,901376,ZAINABU ,SALUM,IDENT
20160801135137,SA4,900892,MWANIA,PEMBE,IDENT
20160801135139,SA4,901121,MWATANGA,ALLY,IDENT
20160801135142,SA2,900847,ZAINABU,SINGANO,IDENT
20160801135146,SA4,901232,ZAMDA,HASSAN,IDENT
20160801135147,SA2,900880,MWANAHAMISI,MAREKANO,IDENT
20160801135151,SA4,901144,ESTHER,NAPENGWA,IDENT
20160801135152,SA2,901223,HAPPY,MKWEPU,IDENT
20160801135158,SA4,901228,CESILIA,MBABUYE,IDENT
20160801135200,SA4,901226,MARTHA,MAKASHA,IDENT
20160801135204,SA2,901154,SALAMA,ALLY,IDENT
20160801135204,SA5,901368,NAOMI,YUSUPH,IDENT
20160801135206,SA4,901236,FATIMA,ALLY,IDENT
20160801135209,SA2,901176,FATUMA,MASOUD,IDENT
20160801135209,SA1,900220,HAMISI,NJOCHOLA,IDENT
20160801135218,SA4,901220,AGNESS,MWAMBENGO,IDENT
20160801135221,SA4,900876,MWASITI,MAULID,IDENT
20160801135227,SA4,900866,FLORA,DAMAS,IDENT
20160801135228,SA6,900148,JUDITH,MALISA,IDENT
20160801135230,SA2,900949,MUHINA,GOMBE,IDENT
20160801135231,SA4,901002,MARIAM,SABURI,IDENT
20160801135233,SA4,900954,HABIBA,MDOSE,IDENT
20160801135235,SA4,901221,TEDDY,MAGAMBO,IDENT
20160801135243,SA4,900924,DEBORA,HOSSA,IDENT
20160801135246,SA4,901153,MAGRETH,ZANUARI,IDENT
20160801135249,SA4,901195,RAYMOND,BUKOJI,IDENT
20160801135252,SA4,901197,RASHID,NJERAN,IDENT
20160801135259,SA2,900948,VERONICA,MFILINGE,IDENT
20160801135304,SA4,900893,JOYCE,MCHOMVU,IDENT
20160801135311,SA4,900903,RUKIA,MOHAMED,IDENT
20160801135315,SA2,901099,TAUS,MUSTAPHA,IDENT
20160801135319,SA4,901125,TAUSI,SHABANI,IDENT
20160801135321,SA4,900935,ZAINABU,SINGANO,IDENT
20160801135323,SA2,901101,RAJABU,MOHAMMED,IDENT
20160801135331,SA2,900987,PILLY,MWAWILA,IDENT
20160801135335,SA2,900986,KAUSE,ABDALLAH,IDENT
20160801135351,SA6,900476,RAMADHANI,IDD,IDENT
20160801135353,SA1,900243,YOHANA,ALLY,IDENT
20160801135357,SA1,900760,OMARY,MHAGAMA,IDENT
20160801135358,SA6,900051,SUDI,KHALFANI,IDENT
20160801135405,SA4,901134,NURU,MULONGANILE,IDENT
20160801135410,SA1,900232,MATIKO ,MICHAEL,IDENT
20160801135412,SA2,900920,PILLI,SAIDI,IDENT
20160801135419,SA4,901110,ASHA,MPELA,IDENT
20160801135425,SA2,901258,ATHUMAN,KILINDU,IDENT
20160801135430,SA2,900946,RAHMA,MWIMBA,IDENT
20160801135441,SA2,900851,SOPHIA,ZONGORI,IDENT
20160801135443,SA4,901224,ANNA,NYAKAPALA,IDENT
20160801135454,SA4,90086,FRIDA,MKUMBO,IDENT
20160801135458,SA2,900875,ASHA,MALINBWI,IDENT
20160801135506,SA1,900811,JUMA,HUMBE,IDENT
20160801135509,SA5,901337,SALUM,LINJA,IDENT
20160801135514,SA5,901406,PASCAL,STANLEY,IDENT
20160801135517,SA6,900626,AUGUSTINO,CHITANDA,IDENT
20160801135522,SA5,901312,VUMILIA,NDEGE,IDENT
20160801135529,SA5,901422,EMMANUEL,KHALIDI,IDENT
20160801135534,SA5,901317,ASHA,HAMISI,IDENT
20160801135537,SA5,901316,ZUHURA,HAMIS,IDENT
20160801135543,SA5,901428,YOHANA,LEONARD,IDENT
20160801135559,SA2,900861,MWAJABU,BAKARI,IDENT
20160801135611,SA2,900864,TECLA,SAMWEL,IDENT
20160801135611,SA4,900942,CHRISTINA,MWENDA,IDENT
20160801135618,SA4,901244,SWAUMU,HIMBU,IDENT
20160801135627,SA2,901073,SALMA,MUHARAMU,IDENT
20160801135631,SA2,901055,FATUMA,MUHANDO,IDENT
20160801135634,SA2,901049,REDEMTA,DANIEL,IDENT
20160801135638,SA2,901039,JULIANA,SUKU,IDENT
20160801135640,SA2,901060,MARTHA,GABRIEL,IDENT
20160801135643,SA5,901351,BARNABA,EDWARD,IDENT
20160801135657,SA6,900423,GARDINO,MHIMBA,IDENT
20160801135707,SA5,901302,ASHA,SHOMARI,IDENT
20160801135712,SA2,901061,MWAJUMA,ABDALLAH,IDENT
20160801135716,SA5,901348,DAVID,NGELESHI,IDENT
20160801135737,SA1,900437,HUSSEIN,MBONDE,IDENT
20160801135743,SA5,901285,THABIT,ALLY,IDENT
20160801135745,SA2,901024,ASIA,KARATA,IDENT
20160801135746,SA1,900769,JAMES,MACKLINE,IDENT
20160801135750,SA1,900735,ZAINABU,MOHAMEDI,IDENT
20160801135755,SA1,900818,PASCAL,MIKONDO,IDENT
20160801135800,SA2,901268,ANITHA,KWIMBA,IDENT
20160801135815,SA1,900207,ADELE,NJOCHOLA,IDENT
20160801135820,SA1,900227,JOSEPH,NGANILWA,IDENT
20160801135832,SA1,900228,KAGERA,MSAMBUSI,IDENT
20160801135833,SA5,901396,EDWIN,KIPUYO,IDENT
20160801135843,SA5,901386,SHAMSI,MUHITI,IDENT
20160801135846,SA1,900793,ABDUL,MAINGO,IDENT
20160801135851,SA5,901401,GASPAL,MKOBA,IDENT
20160801135855,SA5,901395,HASHIM,HAIZA,IDENT
20160801135859,SA5,901402,ALLY,SELEMAN,IDENT
20160801135902,SA5,901323,AMINA,HAMISI,IDENT
20160801135907,SA5,901377,HUSSEIN,MANYEMBA,IDENT
20160801135909,SA1,900717,GODFREY,LAMBAU,IDENT
20160801135913,SA5,901290,AGNES,SALAWA,IDENT
20160801135915,SA1,900790,ISIHAKA,IDDI,IDENT
20160801135921,SA6,900658,MWASITI,LABOA,IDENT
20160801135922,SA1,900719,STEPHAN,SIMON,IDENT
20160801135929,SA2,901006,RUKIA,ALLY,IDENT
20160801135933,SA1,900757,JOSEPH,HEMA,IDENT
20160801135934,SA2,901055,ZAINABU,OMARY,IDENT
20160801135939,SA5,901419,JENIPHA,MWILONGO,IDENT
20160801135945,SA5,901397,LINETH,KYARUS,IDENT
20160801135955,SA1,900775,SABATO,JULIUS,IDENT
20160801140005,SA5,901280,WHITNESS,MSAGATI,IDENT
20160801140007,SA4,901090,HADIJA,JUMA,IDENT
20160801140008,SA5,901380,BISURA,MCHELEO,IDENT
20160801140009,SA4,900890,OLIVER,UDOBA,IDENT
20160801140017,SA4,901183,YASINTA,MKIWA,IDENT
20160801140019,SA4,901029,MARIAM,MWETEMBO,IDENT
20160801140025,SA2,101510,SALOME,DUA,IDENT
20160801140026,SA4,901168,REHEMA ,MWASOMOLA,IDENT
20160801140027,SA5,901307,MATRIDA,CHUVAKA,IDENT
20160801140030,SA4,901276,COSTASIA,LUCAS,IDENT
20160801140033,SA4,901272,NDEKESIO,SIKAWA,IDENT
20160801140033,SA1,900767,GLADNESS,KAIRUKI,IDENT
20160801140037,SA4,901271,RACHEL,MCHOVU,IDENT
20160801140042,SA4,900996,LILIAN,RASHIDI,IDENT
20160801140048,SA1,900771,DATIUS,MARTINE,IDENT
20160801140052,SA1,900822,MENRUFU,PILLY,IDENT
20160801140058,SA1,900720,FRANCIS,RAFAEL,IDENT
20160801140104,SA4,901160,SAUDA,MCHECHE,IDENT
20160801140108,SA5,900855,SINAHIA,OMARI,IDENT
20160801140110,SA4,901047,MWAJUMA,HAMIS,IDENT
20160801140113,SA5,901320,REHEMA,ALLY,IDENT
20160801140115,SA1,900440,IDRISA,KIMARO,IDENT
20160801140116,SA4,901124,TABIA,OMARY,IDENT
20160801140118,SA1,900810,JOSEPH,JULIUS,IDENT
20160801140124,SA4,901260,AISHA,MNEKA,IDENT
20160801140127,SA4,900904,ANNA,MAGEMBE,IDENT
20160801140130,SA4,901184,GRACE,NGALABA,IDENT
20160801140135,SA1,900814,MARTIN,MUHANDO,IDENT
20160801140138,SA6,900391,ALLY,MASHAURI,IDENT
20160801140143,SA1,900578,MTARI,MAGINGA,IDENT
20160801140147,SA3,901062,RASHID,MDOE,IDENT
20160801140149,SA1,900809,JAMES,MWENDA,IDENT
20160801140151,SA1,900813,LEONARD,PETER,IDENT
20160801140154,SA1,900826,VITALIS,HOTTI,IDENT
20160801140158,SA3,901025,ASHURA,HAMISI,IDENT
20160801140206,SA2,900939,STELLA,MAGOGWA,IDENT
20160801140209,SA3,901196,BONIPHACE,NGESI,IDENT
20160801140212,SA5,901398,MAGRETH,LUGERA,IDENT
20160801140212,SA4,901155,GRACE,MUHONO,IDENT
20160801140217,SA5,901425,HIDAYA,KASSIM,IDENT
20160801140218,SA2,901098,GERALD,MBAUKA,IDENT
20160801140220,SA1,900819,PATRICK,MTONDOLA,IDENT
20160801140220,SA3,901202,VITALIS,KESSI,IDENT
20160801140223,SA4,900992,AGNES,MEJA,IDENT
20160801140223,SA1,900800,NAPEGWA,JACOB,IDENT
20160801140225,SA3,901148,IBRAHIM,MZENTO,IDENT
20160801140227,SA3,901201,DEOGRATIUS,KESSY,IDENT
20160801140227,SA4,901179,AMANDA,KWEZI,IDENT
20160801140228,SA2,901017,CATHERINE,NYEMA,IDENT
20160801140230,SA3,901203,STANLEY,KIGUNGA,IDENT
20160801140234,SA3,901198,MANEO,ATHUMANI,IDENT
20160801140241,SA4,901238,MARIAM,SELEMANI,IDENT
20160801140241,SA5,901391,GEOFREY,MAPESA,IDENT
20160801140246,SA4,901137,SOFIA,KIUMBE,IDENT
20160801140251,SA4,901218,JANE,RYOBA,IDENT
20160801140251,SA1,900770,ANDERSON,KIKOTI,IDENT
20160801140257,SA5,901291,AISHA,ISSA,IDENT
20160801140302,SA2,900914,HAWA,MWIMBE,IDENT
20160801140303,SA5,901343,SEBASTIAN,KIPINGU,IDENT
20160801140307,SA4,901089,HARUNA,ATHUMANI,IDENT
20160801140307,SA2,901109,AMINA,MNYIFUNA,IDENT
20160801140309,SA5,901344,JACKSON,ATANUS,IDENT
20160801140310,SA4,901247,KULUTHUM,CHILEMILE,IDENT
20160801140314,SA5,901375,PILLI,CHOLOGONDO,IDENT
20160801140315,SA4,900878,AISHA,KIZINGA,IDENT
20160801140318,SA5,900901,NEEMA,NYAKOKI,IDENT
20160801140321,SA5,901338,WAZIRI,WAZIRI,IDENT
20160801140325,SA4,900937,UPENDO,MLEWA,IDENT
20160801140329,SA4,901104,MWANAHAWA,HASSAN,IDENT
20160801140329,SA1,900725,SAMSONI,KINGU,IDENT
20160801140331,SA5,901296,STELLA,LUGOME,IDENT
20160801140332,SA3,900885,AMINA,MZARA,IDENT
20160801140341,SA1,900384,ABDALLA,SAIDI,IDENT
20160801140341,SA4,901123,REBECA,KALOFU,IDENT
20160801140344,SA4,901173,BAHATI,MAKAMBA,IDENT
20160801140345,SA1,900733,ALHAJI,IDD,IDENT
20160801140347,SA4,901026,FATUMA,KONYO,IDENT
20160801140352,SA3,901152,STELLA,MWAKATOBE,IDENT
20160801140355,SA1,900774,MBEWE,ELIUS,IDENT
20160801140356,SA3,901004,ZAHARA,YANGE,IDENT
20160801140401,SA3,901048,HALIMA,IDDI,IDENT
20160801140404,SA3,900884,HADIJA,GOGO,IDENT
20160801140409,SA6,901149,EPIFANI, MBOKO,IDENT
20160801140409,SA4,901007,MODESTA,JOGOO,IDENT
20160801140411,SA4,900985,BAHATI,SARAPIONI,IDENT
20160801140414,SA5,901378,HOYCE,TILLYA,IDENT
20160801140416,SA3,900886,ELIZABERTH,KIJA,IDENT
20160801140417,SA4,900913,ASHURA,NGUMBE,IDENT
20160801140418,SA3,900950,ASHURA,ATHUMAN,IDENT
20160801140419,SA5,900850,ROSE,KITALI,IDENT
20160801140420,SA4,901113,ELIZABETH,SHIRIMA,IDENT
20160801140423,SA3,900906,MARYSTELA,MCHOME,IDENT
20160801140424,SA5,901360,MARRY,MASULUBE,IDENT
20160801140427,SA3,900917,SALMA,DIWILE,IDENT
20160801140431,SA4,900972,SAFINA,ABEID,IDENT
20160801140431,SA3,900894,NURU,MAKANDE,IDENT
20160801140434,SA3,900925,REGINA,THOMAS,IDENT
20160801140436,SA3,900959,REHEMA,LYOWA,IDENT
20160801140436,SA4,901030,VERONICA,WANGWE,IDENT
20160801140437,SA5,901012,FATUMA,KABUMA,IDENT
20160801140440,SA6,900580,BARAKA,MAGAFU,IDENT
20160801140441,SA4,900993,MARIAM,MSUMALI,IDENT
20160801140447,SA3,900879,RAHMA,KILO,IDENT
20160801140448,SA4,901231,ASHA,DUTCH,IDENT
20160801140452,SA4,901174,BETH,NGADADA,IDENT
20160801140454,SA3,901059,JAZIRA,RAMADHANI,IDENT
20160801140456,SA4,901129,FELISTA,NYAHENGE,IDENT
20160801140457,SA3,901051,HABIBA,PAZZI,IDENT
20160801140503,SA5,901328,MARRY,SHOO,IDENT
20160801140507,SA2,901162,MWANAHARUSI,MOHAMED,IDENT
20160801140511,SA3,900951,MWAJUMA,AIDAN,IDENT
20160801140514,SA6,900422,FURAHA,MWAKIFWAMB,IDENT
20160801140514,SA3,900863,ANNA,MICHAEL,IDENT
20160801140517,SA1,900459,KULWA,MLYASANZA,IDENT
20160801140517,SA5,901297,STELLA,MAKUNDI,IDENT
20160801140522,SA4,900997,MARY,ONDURU,IDENT
20160801140523,SA2,901031,AMINA,BAKARI,IDENT
20160801140530,SA3,901035,AGNES,NKONJELWA,IDENT
20160801140536,SA3,900856,MWAJAMBU,HAMAD,IDENT
20160801140539,SA3,900905,AMINA,MUHIDINI,IDENT
20160801140541,SA6,900469,MICHAEL,MDACHI,IDENT
20160801140542,SA3,900933,WINFRIDA,LUSEBA,IDENT
20160801140543,SA2,901175,SALMA,RAMADHAN,IDENT
20160801140544,SA5,901306,VAILETH,NGULO,IDENT
20160801140545,SA3,900883,EDINA,ABED,IDENT
20160801140548,SA3,901115,FROLA,SIKWEMBE,IDENT
20160801140554,SA4,901045,ASHURA,KATULA,IDENT
20160801140556,SA4,901076,AGNESS,NGAPONDA,IDENT
20160801140556,SA3,900891,HINESS,KAAYA,IDENT
20160801140601,SA2,901078,NASMA,LINOGA,IDENT
20160801140602,SA1,900751,TUSKAR,HALFANI,IDENT
20160801140604,SA4,901212,JASMINI,MOHAMED,IDENT
20160801140606,SA1,900242,WILSON,ANYNGISE,IDENT
20160801140607,SA4,901043,ANNA,JOHN,IDENT
20160801140608,SA2,901251,GATI,NYANTUMAN,IDENT
20160801140611,SA2,901067,HELENA,SAMWELI,IDENT
20160801140613,SA4,900968,TAUSI,SIMBA,IDENT
20160801140615,SA5,901387,GODFREY,YALED,IDENT
20160801140620,SA4,900846,SARA,CHIDUNI,IDENT
20160801140621,SA6,900444,JOHN,MEDA,IDENT
20160801140625,SA6,900138,HUSSEIN,SHABANI,IDENT
20160801140626,SA4,901133,HUSNA,SENGAMBA,IDENT
20160801140626,SA1,900209,ANGELA,MBESIGWE,IDENT
20160801140627,SA2,901095,BEATA,KOMBA,IDENT
20160801140628,SA4,901140,ASHURA,MGENI,IDENT
20160801140631,SA2,901192,ASMA,KONDO,IDENT
20160801140631,SA3,901032,MARISELINA,NGULI,IDENT
20160801140634,SA2,900934,MWAJABU,MARIDADI,IDENT
20160801140640,SA3,900868,MAIMUNA,JARUFU,IDENT
20160801140646,SA3,901229,ANNA,NGAPONDA,IDENT
20160801140647,SA5,901294,RATIFA,KAPINGA,IDENT
20160801140649,SA2,900998,ASHA,MOHAMED,IDENT
20160801140652,SA2,900961,ELIZABETH,FRANCISCO,IDENT
20160801140655,SA5,901342,ANDREW,KILUGWA,IDENT
20160801140657,SA2,901217,VIVIAN,MWANGATA,IDENT
20160801140659,SA1,900211,BARAKA,MAKI,IDENT
20160801140708,SA3,900908,SALMA,RWAMBANO,IDENT
20160801140717,SA6,900048,SHELLA,MFAUME,IDENT
20160801140726,SA6,900134,GRACE,KIM,IDENT
20160801140726,SA4,901237,ZUBEDA,KIMARO,IDENT
20160801140730,SA4,901127,ZAHARA,MBELWA,IDENT
20160801140734,SA4,901185,JOYCE,SAMWEL,IDENT
20160801140737,SA3,900915,DOROTHEA,KILO,IDENT
20160801140738,SA4,901136,HONORATA,SHAYO,IDENT
20160801140742,SA6,900046,SALUM,NDEGE,IDENT
20160801140745,SA4,901117,HIDAYA,MASOUD,IDENT
20160801140749,SA1,900827,YASIN,MUSSA,IDENT
20160801140754,SA3,900921,MWAJUMA,IDDI,IDENT
20160801140754,SA1,900463,MARTENUS,MAPESA,IDENT
20160801140758,SA6,900543,JOHN,MAGANYA,IDENT
20160801140811,SA6,900443,JABIRI,RAMADHANI,IDENT
20160801140823,SA3,900881,ZAINABU,SAIDI,IDENT
20160801140837,SA1,900755,NICHALAUS,AUGUSTINO,IDENT
20160801140839,SA6,900006,ANDREW,JOSEPH,IDENT
20160801140841,SA4,901023,AMINA,CHAKWE,IDENT
20160801140843,SA1,900718,WILSON,ALOIS,IDENT
20160801140847,SA5,901417,REHEMA,SINDANO,IDENT
20160801140852,SA3,901111,ASIA,MSHAMU,IDENT
20160801140854,SA1,900792,IDDI,IDDI,IDENT
20160801140906,SA3,900919,ANNA,MPUGE,IDENT
20160801140907,SA4,901215,MWANAIDI,KOLOKO,IDENT
20160801140913,SA2,901075,AGATHA,JAMALI,IDENT
20160801140914,SA5,901315,FIDEA,AGUSTINO,IDENT
20160801140940,SA2,901259,SHOMARY,MRISHO,IDENT
20160801140945,SA6,900568,GODWIN,KIRIA,IDENT
20160801140948,SA6,900662,ABDALLAH,ABEID,IDENT
20160801140951,SA2,901009,MOSHI,SAIDI,IDENT
20160801140954,SA6,900480,RASHID,MOHAMED,IDENT
20160801141002,SA2,901164,SWAUMU,KAYANDA,IDENT
20160801141011,SA5,901407,AMINA,MSINGWA,IDENT
20160801141024,SA4,900967,FATUMA,MTAMBUA,IDENT
20160801141039,SA5,901373,ADELA,MSAGA,IDENT
20160801141048,SA2,901167,KELVIN,NGOZI,IDENT
20160801141116,SA6,900582,ZABRON,TOSSI,IDENT
20160801141116,SA1,900824,TITO,MGOVANO,IDENT
20160801141133,SA4,901274,AMINA,KAHABUKA,IDENT
20160801141159,SA1,900858,MUHSIN,ATHUMANI,IDENT
20160801141214,SA5,901358,MWANAHAMIS ,MSUYA,IDENT
20160801141225,SA5,901370,MARIAM,MJELELE,IDENT
20160801141231,SA4,901230,KUDRA,BAKARI,IDENT
20160801141234,SA5,901311,LOYCE,MASKINI,IDENT
20160801141241,SA4,901219,MARIAM,MUSSA,IDENT
20160801141312,SA3,900865,CHRISTINA,MAGOWELA,IDENT
20160801141317,SA4,901261,ZAINA,KILWANDA,IDENT
20160801141322,SA1,900782,JANETH,DADAA,IDENT
20160801141332,SA5,901361,MARRY,MLIUNJA,IDENT
20160801141340,SA4,901050,MARIAM,SAIDI,IDENT
20160801141343,SA4,900953,JANE,LUSENDELA,IDENT
20160801141345,SA5,900853,DEVOTHA,ELIAS,IDENT
20160801141348,SA6,900164,RAMADHANI ,BAKARI,IDENT
20160801141352,SA1,900732,ELIA,FRANCIS,IDENT
20160801141356,SA4,900981,FIDES,MONGI,IDENT
20160801141401,SA3,901150,CHRISTINA,MBODE,IDENT
20160801141412,SA1,900768,FILAN,FATAEL,IDENT
20160801141417,SA4,901108,AISHA,WILLIUM,IDENT
20160801141431,SA2,901266,AZIZA,KAKOMBE,IDENT
20160801141450,SA4,901114,FARIDA,AMBLOS,IDENT
20160801141453,SA5,901094,MARTINA,FISSO,IDENT
20160801141603,SA2,901020,VICTORIA,MWALUANDA,IDENT
20160801141604,SA5,901314,JANE,NYAGAWA,IDENT
20160801141649,SA1,900740,SPEDICTOR,NGOGO,IDENT
20160801141705,SA4,900988,UPENDO,PETER,IDENT
20160801141707,SA3,900931,JOHARI,KIMARO,IDENT
20160801141727,SA4,901170,BAHATI,SHABANI,IDENT
20160801141727,SA6,900474,PHILBERT,MATOGO,IDENT
20160801141735,SA4,901130,NURU,DAUDI,IDENT
20160801141740,SA4,901042,FARIDA,NDAUKE,IDENT
20160801141751,SA4,901143,LINES,PILLI,IDENT
20160801141756,SA1,900426,GESAGA,RAMADHANI,IDENT
20160801141814,SA2,900867,AISHA,KIUMBA,IDENT
20160801141828,SA4,900974,ZAWADI,SADIKI,IDENT
20160801141828,SA1,900290,RASHIDI,GEUZA,IDENT
20160801141834,SA1,900741,ERICK,LUWUNGO,IDENT
20160801141849,SA4,901132,HEAVENLIGHT,NKYA,IDENT
20160801141854,SA4,901253,JOYCE,KESI,IDENT
20160801141858,SA6,900409,DANIEL,MROPE,IDENT
20160801141858,SA5,901353,DOREEN,MDOE,IDENT
20160801141906,SA4,901194,ELINA,ABEL,IDENT
20160801141910,SA4,901092,ASIA,JUMA,IDENT
20160801141928,SA4,901181,ASNA,SPRIAN,IDENT
20160801141954,SA4,901027,EDDA,MWAKIBINGWA,IDENT
20160801141958,SA1,900747,ADAM,MASALE,IDENT
20160801142001,SA4,901245,EVERINA,MKETO,IDENT
20160801142021,SA1,900421,FRANK ,MUSHI,IDENT
20160801142024,SA4,901193,VICTORIA,MWAMPEGETE,IDENT
20160801142026,SA1,900154,MWAJUMA,MSAKUZI,IDENT
20160801142034,SA1,900784,WILLIAM,MSOLOKA,IDENT
20160801142050,SA4,901241,FATUMA,JUMA,IDENT
20160801142112,SA1,900788,DEBORA,MWASOMOLA,IDENT
20160801142128,SA1,900296,SAVERY,KAJELA,IDENT
20160801142136,SA4,901156,SAID,HAMISI,IDENT
20160801142140,SA3,901246,VERONICA,MTENGWA,IDENT
20160801142143,SA4,901243,PLAKSEDA,AKIZAMUNGU,IDENT
20160801142144,SA6,900112,ABDALLAH,MIKALAMBILO,IDENT
20160801142200,SA2,901041,JACKLINI,MBOYA,IDENT
20160801142204,SA2,900978,ELIZABETH,ZAE,IDENT
20160801142249,SA4,901190,NEEMA,MNYALAPE,IDENT
20160801142252,SA4,901135,REHEMA,OMARY,IDENT
20160801142257,SA4,901187,MONICA,SHEMBONI,IDENT
20160801142257,SA1,900726,ABDALLAH,CHOBO,IDENT
20160801142259,SA4,901182,RENIFRIDA,NGUMBU,IDENT
20160801142304,SA4,901256,AVERINA,AMANDUS,IDENT
20160801142309,SA4,901088,JANETH,MUONDO,IDENT
20160801142311,SA4,901234,ANITHA,AHALIELI,IDENT
20160801142319,SA6,900139,IDD,YUSUFU,IDENT
20160801142326,SA4,901235,TUMAIN,MUNGURE,IDENT
20160801142418,SA4,901185,JOYCE,SAMWEL,IDENT
20160801142434,SA4,901045,ASHURA,KATULA,IDENT
20160801142459,SA4,900932,MONICA,LIGOMBAIKA,IDENT
20160801142504,SA4,901112,BUSHRA,SALUM,IDENT
20160801142508,SA3,900977,MWANAHAMISI,MUNKUNDA,IDENT
20160801142520,SA1,900031,LUCAS,MABUYE,IDENT
20160801142537,SA2,900902,SAKINA,MAWEMBA,IDENT
20160801142629,SA6,900140,IGNATUS,MLANGWA,IDENT
20160801142641,SA4,900994,MWAISHA,MWAMOTO,IDENT
20160801142724,SA2,901209,MIRIAM,MNDEWA,IDENT
20160801142811,SA4,901107,MUHIDINI,HASSAN,IDENT
20160801143019,SA1,900762,SAID,MOHAMED,IDENT
20160801143051,SA1,900789,KAMPBONA,PASCAL,IDENT
20160801143138,SA4,900970,MARIA,ELIESEL,IDENT
20160801143151,SA3,901186,FROLA,KILIMA,IDENT
20160801143423,SA4,900899,MAGDALENA,SIMAO,IDENT
20160801143711,SA1,900442,ITIKA,DICKSON,IDENT
20160801143805,SA6,900541,GOLDEN,MDUBA,IDENT
20160801143919,SA4,900976,LUCY,STANLEY,IDENT
20160801143941,SA3,901105,MTUMWA,ALLY,IDENT
20160801143941,SA4,901189,KURUTHUM,KHAMISI,IDENT
20160801143948,SA3,900943,MWAMINI,MPANGULE,IDENT
20160801144045,SA3,901037,FADINA,IBRAHIM,IDENT
20160801144049,SA3,900927,SAADA,SALUM,IDENT
20160801144055,SA3,900945,ELIZABETH,MREMA,IDENT
20160801144405,SA6,900575,CHRISTINA ,SENYANGWA,IDENT
20160801144619,SA6,900171,ROBERT,MFUNI,IDENT
20160801144709,SA4,900910,ZAINABU,SADALLAH,IDENT
20160801144941,SA3,900963,MWAZANI,SAIDI,IDENT
20160801145240,SA4,900983,RUKIA,KONDO,IDENT
20160801145535,SA4,900910,ZAINABU,SADALLAH,IDENT
20160801150121,SA2,901021,NEEMA ,MWANGO,IDENT
20160801151831,SA2,901442,JARINA,SHEKOLA,IDENT
20160801155034,SA6,900115,AKIDA,DUGANGE,IDENT
20160801155945,SA1,900517,THERESIA,NJAU,IDENT
20160801160141,SA6,900133,GEORGE,GIDION,IDENT
20160801160146,SA6,900127,DUNCAN,MHANDO,IDENT
20160801160332,SA1,900804,FROLAH,MPONDO,IDENT
20160801160417,SA1,900706,MECKLEEN,NANGEDA,IDENT
20160801160420,SA1,901575,LINDA,MLAY,IDENT
20160801161143,SA6,900584,LUCY,MACHAI,IDENT
20160801161148,SA6,900128,ENELES,MBWAGA,IDENT
20160801161814,SA5,901327,EMERY,MSUNGU,IDENT
20160801161902,SA1,901557,WALTER,MAYA,IDENT
20160801162130,SA6,900449,JUMA,SANGAYA,IDENT
20160801162431,SA6,900130,FATUMA,CHOMBO,IDENT
20160801162439,SA6,900116,ASHA,ALLY,IDENT
20160801162718,SA1,900687,PROTUS,RUWANDA,IDENT
20160801162740,SA1,900506,JOE ,MATANDU,IDENT
20160801162750,SA1,900558,FRANCIS,MFIKWA,IDENT
20160801164518,SA1,900780,THEO,MAPUNDA,IDENT
20160801165321,SA1,900655,ZAINAB,JERECKO,IDENT
20160801165400,SA6,900120,BENEDICTO,MBOKO,IDENT
20160801165453,SA1,900237,SHOMARI,SELEMANI,IDENT
20160801165554,SA1,900241,STANLEY,KASIAN,IDENT
20160801165907,SA6,900055,VERONICA,MBAZIGWA,IDENT
20160801165914,SA6,900271,HUSNA,SAID,IDENT
20160801165958,SA6,901558,CONSOLATA,MDEMU,IDENT
20160801170003,SA6,900644,FARIDA,RUBANZA,IDENT
20160801170008,SA6,900420,FRANCIS,TESHA,IDENT
20160801170101,SA6,900008,ANNE,MCHUMA,IDENT
20160801170108,SA2,901448,PAULINA,DAVID,IDENT
20160801170112,SA2,100633,HADIJA,MMANGA,IDENT
20160801170116,SA2,101587,SHAMIM,FUNDI,IDENT
20160801170119,SA2,100596,ISMAIL,RAMADHANI,IDENT
20160801170137,SA6,900397,ANNA,MOSHI,IDENT
20160801170138,SA2,100624,HALIMA,KAMOTE,IDENT
20160801170140,SA2,100638,AMINA,CHETE,IDENT
20160801170212,SA1,900710,NICHOLAS,KAPANDE,IDENT
20160801170215,SA1,900707,ATHUMANI,SALEHE,IDENT
20160801170219,SA1,900712,JUMA,JUMBE,IDENT
20160801170223,SA1,900502,IMAM,AJABU,IDENT
20160801170242,SA1,900499,HASSAN,HAULE,IDENT
20160801170250,SA1,900500,HEMEDI,KANIKI,IDENT
20160801170256,SA4,901273,HELLEN,KIZWALO,IDENT
20160801170306,SA1,900411,DEO,JULIUS,IDENT
20160801170336,SA6,900649,ZUBEDA,MANDIA,IDENT
20160801170350,SA1,900714,STIVINI,STIVINI,IDENT
20160801170355,SA6,900581,SAADA,MUHINTE,IDENT
20160801170410,SA6,900560,DEOGRASIAS,STEPHIN,IDENT
20160801170420,SA6,900439,IDDI,MOHAMED,IDENT
20160801170425,SA6,900488,THOBIAS,KIWELU,IDENT
20160801170451,SA1,900236,PENDO,MAGIGE,IDENT
20160801170454,SA5,901278,HENRY ,CHELULA,IDENT
20160801170526,SA6,900184,JASPER,NGURUBE,IDENT
20160801170527,SA1,900515,SHOMARI,KIMBWEMBWE,IDENT
20160801170545,SA6,900681,ABUBAKARI,MGAZA,IDENT
20160801170556,SA6,900268,GWANTWA,MWASYEBULE,IDENT
20160801170604,SA6,900111,SALUM,SAIDI,IDENT
20160801170610,SA6,900099,AMIN,JUMA,IDENT
20160801170615,SA6,901265,FRANK ,RUZIGA,IDENT
20160801170620,SA6,900458,KIBWANA,SAIDI,IDENT
20160801170702,SA1,900224,JABIRI,AMANZI,IDENT
20160801170709,SA6,900043,RANI,MOHAR,IDENT
20160801170729,SA6,901560,FREDRICK,MUSHI,IDENT
20160801170748,SA2,900979,FATUMA,MSAKUZI,IDENT
20160801170753,SA6,900435,HASSAN,NKHAMBI,IDENT
20160801170824,SA6,900591,RASHID ,MUNKENDA,IDENT
20160801170854,SA6,900484,SHANI,MOHAMED,IDENT
20160801170917,SA6,900057,ZAITUNI,ABDALLAH,IDENT
20160801170923,SA6,900247,ALLY,SELEMANI,IDENT
20160801170937,SA6,900414,EMMANUEL ,SERAPHINE,IDENT
20160801171015,SA6,900393,ALLY,MTWALE,IDENT
20160801171022,SA4,900944,FROLA,KAMARA,IDENT
20160801171035,SA6,900472,MWALIMU,SELEMANI,IDENT
20160801171107,SA6,900291,RASHIDI,MUSSSA,IDENT
20160801171114,SA6,900029,JUMANNE,MBONDE,IDENT
20160801171128,SA6,900703,MUSSA,MTALI,IDENT
20160801171144,SA5,901333,NEEMA,KILUZIA,IDENT
20160801171156,SA4,900941,KULWA,MSUMA,IDENT
20160801171213,SA6,900009,ASHA,HAMISI,IDENT
20160801171234,SA6,900566,ERICK,NDUNGURU,IDENT
20160801171241,SA6,900418			,FELIX,WAUSA,IDENT
20160801171309,SA6,900620,AYOUB,MTAFUNGWA,IDENT
20160801171315,SA6,900682,BENEDICT,ELIAS,IDENT
20160801171323,SA6,900108,NORAH,CLEMENCE,IDENT
20160801171330,SA6,900430,GWAKISA,MWAKASAGURE,IDENT
20160801171330,SA5,901335,YONA,MAPELELE,IDENT
20160801171404,SA6,900041,NELSON,MTEMI,IDENT
20160801171414,SA1,900843,KHALFANI,SHABAN,IDENT
20160801171416,SA6,900468,MICHAEL,IBRAHIM,IDENT
20160801171423,SA5,901332,NASRA,MSANYA,IDENT
20160801171432,SA6,101110,ESTER,THEOOFIL,IDENT
20160801171439,SA5,901329,ELIWA ,SHAO,IDENT
20160801171449,SA2,100603,EDWIN,OWINO,IDENT
20160801171453,SA2,200348,JONASI,LUCAS,IDENT
20160801171741,SA6,900109,AMANI,NYAKARASHI,IDENT
20160801171754,SA6,900257,ENGLIBERTH,DAUDI,IDENT
20160801171806,SA6,900485,SHUFAA,ABEID,IDENT
20160801171937,SA6,900405,CHARLES,WILLIAM,IDENT
20160801171956,SA6,900407,CHRISTIAN ,NGONYANI,IDENT
20160801172011,SA6,900388,AGNES,SHAYO,IDENT
20160801172237,SA6,900470,MODEST,NJAU,IDENT
20160801172353,SA6,900107,MSELEM,MSELEM,IDENT
20160801172400,SA1,101140,FAUSTINI,MGIMBA,IDENT
20160801172412,SA6,900465,MARTIN,KIDUNGU,IDENT
20160801172421,SA6,900387,ADAM,KINGU,IDENT
20160801172441,SA2,200320,OMARI,OMAR,IDENT
20160801172538,SA6,900280,TADEO,MWINGIZI,IDENT
20160801172558,SA5,200171,RESPICIUS, NDYAMUKAMWA,IDENT
20160801172602,SA6,E043,VAGEESH,KUMAR,IDENT
20160801172610,SA6,900574,FURAHA,MSAMBWA,IDENT
20160801172618,SA6,901438,MARY,JOSEPH,IDENT
20160801172702,SA6,900011,BLANTINA,MLOWE,IDENT
20160801172812,SA1,900709,MRISHO,ATHUMANI,IDENT
20160801172825,SA6,900155,MWANAFATIMA,MATIPA,IDENT
20160801172833,SA6,E041,JAGAN MOHAN,YERUVA,IDENT
20160801172838,SA6,E073,DEVANSHU,SETH,IDENT
20160801172927,SA1,900157,MZEE,KONDOWE,IDENT
20160801173016,SA2,200314,DEO,SAKAYA,IDENT
20160801173030,SA1,900098,TATU,MTUPA,IDENT
20160801173030,SA2,100664,JUMA,MUSSA,IDENT
20160801173227,SA6,900464,MARTHA,MWIKOLA,IDENT
20160801173248,SA3,901534,MASANJA,JUMA,IDENT
20160801173253,SA2,901446,DANIEL,MBARUKA,IDENT
20160801173407,SA1,200053,MIKIDADI,NGODU,IDENT
20160801173416,SA2,200316,DENIS,JOHNSON,IDENT
20160801173421,SA2,200313,GADISON,ROSENIUS,IDENT
20160801173422,SA1,101529,SELEMAN,RAMADHANI,IDENT
20160801173428,SA1,101531,RASHIDI,BAKARI,IDENT
20160801173444,SA2,200309,RAMADHANI,KIHILE,IDENT
20160801173515,SA6,900413,ELIBAHATI,JOSEPH,IDENT
20160801173528,SA2,100635,JULIUS,MUNISHI,IDENT
20160801173559,SA2,901445,KARIM,MJAKA,IDENT
20160801173604,SA6,900701,MATHEW,NDANSHAU,IDENT
20160801173612,SA6,E032,SANKARAN,JAYARAM,IDENT
20160801173623,SA2,901453,JOHNSON,MUNISI,IDENT
20160801173702,SA2,900859,MASANGULA,MASANGURA,IDENT
20160801173947,SA1,900715,ELIASI,KIZITO,IDENT
20160801174442,SA2,200349,FRANK,MOSHI,IDENT
20160801174447,SA6,E033,SATISH,KRISHNASWAMY,IDENT
20160801174453,SA6,900446,JOSEPH,KIBASA,IDENT
20160801174505,SA2,901239,SAKINA,KIZEE,IDENT
20160801174526,SA6,900246,ABDULKARIM,ALI,IDENT
20160801174535,SA2,100566,MKWAYA,TONGOLA,IDENT
20160801174616,SA2,901451,JUSTINE,MKUDE,IDENT
20160801174622,SA2,901452,STEVEN,CHUWA,IDENT
20160801174639,SA2,901450,FARIDA,JUMA,IDENT
20160801174649,SA6,900389,AHMAD,KINDUMA,IDENT
20160801174809,SA6,900416,ERICK,DAUD,IDENT
20160801174855,SA6,900262,FRIDA, MWAMBEGELE,IDENT
20160801174914,SA6,900144,JANE,MWAKABULUFU,IDENT
20160801174958,SA3,900940,JUMANNE,ZONGO,IDENT
20160801175036,SA1,101123,KHAMISI ,PEMBE,IDENT
20160801175045,SA2,901447,MASHAKA,MATEKELE,IDENT
20160801175156,SA6,900151,LISSY,KIGONJOLA,IDENT
20160801175202,SA2,200321,HEMED,KAZEMBE,IDENT
20160801175245,SA6,E060,ANOOP,TIWARI,IDENT
20160801175405,SA1,101124,KHALIDI,KASSIMU,IDENT
20160801175446,SA1,900504,JEREMIA,TONNO,IDENT
20160801175631,SA6,900398,ARSEN, RWEBANGILA	,IDENT
20160801175727,SA6,900436,HONEST,MATEMU,IDENT
20160801175908,SA6,E045,SURESH,PS,IDENT
20160801175958,SA6,901436,HAMISI,KAVINGA,IDENT
20160801180144,SA6,900123,CHARLES,LUSWETULA,IDENT
20160801180456,SA1,900410,DAVID,JOSEPH,IDENT
20160801180524,SA6,900452,KENNEDY,KIMARO,IDENT
20160801180600,SA1,900795,ALLY,LIKIWA,IDENT
20160801180606,SA2,200351,MICHAEL,MICHAEL,IDENT
20160801180705,SA6,E067,ANKIT,JAIN,IDENT
20160801180710,SA6,900462,MANDZEL,KWIMBA,IDENT
20160801180714,SA6,900432,HAMZA,ABDALLAH,IDENT
20160801181121,SA6,900137,HERIETH,MWELI,IDENT
20160801181126,SA6,900132,FRIDA,KIGWA,IDENT
20160801181208,SA1,900569,JAMES,MWANDU,IDENT
20160801181317,SA6,E037,SRINIVAS,DANTU,IDENT
20160801181322,SA6,900103,FREDNAND,JACKSON,IDENT
20160801181406,SA1,101141,FRANK,RAPAHAEL,IDENT
20160801181443,SA1,900708,OMARY,ABDALLAH,IDENT
20160801181544,SA1,101115,ATHUUMANI,HEMEDI,IDENT
20160801181601,SA6,900494,YOHANA,LUSANA,IDENT
20160801181632,SA1,900505,JESCA,MATECHI,IDENT
20160801181657,SA5,901339,JAMES,MKONO,IDENT
20160801181947,SA6,900460,LAMECK,ASSETO,IDENT
20160801181951,SA1,900441,ISSA,KAISI,IDENT
20160801182021,SA1,900425,GEORGE,JOSEPH,IDENT
20160801182314,SA6,900004,AGATHA,KAYOMBO,IDENT
20160801182344,SA6,E078,SANJAY,GOYAL,IDENT
20160801182418,SA1,900497,EMANUEL,NGIMBUZI,IDENT
20160801182603,SA6,900431,HAMADI,ZUBERI,IDENT
20160801182615,SA1,900219,GEORGE,SAMATA,IDENT
20160801182759,SA6,E076,KAILASH,MONEN,IDENT
20160801183053,SA6,900448,JOSEPH,MKELEBE,IDENT
20160801183137,SA1,901577,SALEEM,KHATRI,IDENT
20160801184225,SA6,900142,IRENE,MREMA,IDENT
20160801184230,SA6,900173,SHARIFA,MRISHO,IDENT
20160801184316,SA6,E021,RAJA,SWAMINATHAN,IDENT
20160801184444,SA6,900039,MWAJABU,ALLY,IDENT
20160801184455,SA6,901432,AMINA,SOGOI,IDENT
20160801184502,SA6,901434,JOSEPHINA,HAU,IDENT
20160801184509,SA6,E079,BALASUBRAMANIAM,M,IDENT
20160801184617,SA6,900007,ANNA,DUA,IDENT
20160801184716,SA2,200312,BARAKA,KATEGILE,IDENT
20160801185011,SA6,900385,ABDALLAH,MOHAMED,IDENT
20160801185036,SA2,100597,NOVATI,TARIMO,IDENT
20160801185148,SA3,901068,CATHERINE,MATENGO,IDENT
20160801185155,SA6,E013,GIRIRAJ,SHARMA,IDENT
20160801185541,SA2,901444,BAKARI,KITILA,IDENT
20160801185814,SA2,900938,ISMAIL,THOMAS,IDENT
20160801185844,SA1,900235,PAULO,MGEMA,IDENT
20160801190602,SA6,900122,CATHERINE,KUMBATA,IDENT
20160801190606,SA6,900156,MWANAISHA,UWESU,IDENT
20160801190614,SA6,900292,ROSE,CHIKAWE,IDENT
20160801191943,SA6,901435,FILES,MBANDO,IDENT
20160801192007,SA6,901440,UMMY,KWANGALA,IDENT
20160801192458,SA1,900571,FRANK,MALIMA,IDENT
20160801192742,SA1,900429,GOODLUCK,LYAHONA,IDENT
20160801194308,SA6,900049,SIHABA,NAKIPENGELE,IDENT
20160801195420,SA6,900002,ABDALLAH,MWEYO,IDENT
20160801200919,SA6,900054,THOMAS,MGABO,IDENT
20160801200948,SA6,900010,BITSON,MWASILE,IDENT
20160801201338,SA6,900025,JOYCE,MAGANGA,IDENT
20160801202113,SA6,900015,EMMANUEL ,CLEMENT,IDENT
20160801202149,SA6,900010,BITSON,MWASILE,IDENT
20160801203749,SA1,900001,ABDALLAH,JUMANNE,IDENT
20160801204405,SA1,900281,NAYOPA,MTENDECHI,IDENT
20160801204444,SA6,900261,FRANCIS,MAKOTI,IDENT
20160801205417,SA1,900272,ISRAEL,GYUNA,IDENT
20160801205657,SA6,900037,MOHAMED,MKALA,IDENT
20160801205715,SA1,900214,BRUNO,FREDRICK,IDENT
20160801205751,SA1,900594,GASPER,MATALO,IDENT
20160801210049,SA6,900019,HAMISI,MADODO,IDENT
20160801210312,SA1,900798,ATHUMAN,SEIF,IDENT
20160801210319,SA1,900818,PASCAL,MIKONDO,IDENT
20160801210530,SA1,900808,HEONANI,BAJANA,IDENT
20160801210643,SA1,900220,HAMISI,NJOCHOLA,IDENT
20160801210651,SA1,900233,MUSSSA,ABDALLAH,IDENT
20160801210800,SA6,900611,EVARIST,MPINGAURUGU,IDENT
20160801210810,SA6,900051,SUDI,KHALFANI,IDENT
20160801210921,SA1,900805,FRANK ,JABIR,IDENT
20160801210942,SA6,900175,TEDDY,SIMON,IDENT
20160801210953,SA1,900232,MATIKO ,MICHAEL,IDENT
20160801210957,SA1,900781,GERALD,JOHN,IDENT
20160801211006,SA1,900723,SAIDI,JUMANE,IDENT
20160801211020,SA1,900783,DAMIAN,ALONE,IDENT
20160801211022,SA6,900661,ADILILA,KONGA,IDENT
20160801211238,SA1,900437,HUSSEIN,MBONDE,IDENT
20160801211243,SA1,900827,YASIN,MUSSA,IDENT
20160801211250,SA1,900821,SAWA,SWAHA,IDENT
20160801211254,SA1,900815,METHOD,DEDA,IDENT
20160801211300,SA1,900555,MHEZIWA,MALEWA,IDENT
20160801211309,SA1,900249,AMIRI,MZEE,IDENT
20160801211639,SA1,900459,KULWA,MLYASANZA,IDENT
20160801211915,SA1,900490,TWAHA,MGUHI,IDENT
20160801211953,SA1,900227,JOSEPH,NGANILWA,IDENT
20160801212204,SA1,900736,KANUNU,THABIT,IDENT
20160801212327,SA1,900760,OMARY,MHAGAMA,IDENT
20160801212643,SA5,901403,RUBUNDA,NJELELE,IDENT
20160801212649,SA1,900793,ABDUL,MAINGO,IDENT
20160801213429,SA5,901412,ELIA,NGWALI,IDENT
20160801213434,SA1,900757,JOSEPH,HEMA,IDENT
20160801213437,SA1,900749,EZEKIEL,SOLO,IDENT
20160801213446,SA1,900745,YUSUPH,NGAPAWA,IDENT
20160801213452,SA1,900746,GEDION,BUTENGE,IDENT
20160801213457,SA1,900244,YOHA,MSANGI,IDENT
20160801213504,SA5,901322,SARAH,ALLY,IDENT
20160801213509,SA5,901371,YASINTA,LEKERI,IDENT
20160801213616,SA1,900207,ADELE,NJOCHOLA,IDENT
20160801213639,SA4,900862,EDINA,MWAKYOMA,IDENT
20160801213657,SA5,901383,JOAN,OMANDI,IDENT
20160801213836,SA5,901340,FELIX,MAKANYA,IDENT
20160801213848,SA6,900050,STANLEY,JEREMIAH,IDENT
20160801213913,SA5,901374,NASRA,HAMADI,IDENT
20160801213928,SA5,901289,CONSOLATHA,RAPHAEL,IDENT
20160801213935,SA1,900742,PROSPER,POLITHO,IDENT
20160801213948,SA1,900228,KAGERA,MSAMBUSI,IDENT
20160801213955,SA1,900816,MICHAEL,HUSEIN,IDENT
20160801214012,SA1,900735,ZAINABU,MOHAMEDI,IDENT
20160801214021,SA4,900870,GOMERY,DAUDI,IDENT
20160801214024,SA1,900778,MARIAM,MICHAEL,IDENT
20160801214025,SA4,900916,SABINA,KINGIMALI,IDENT
20160801214032,SA1,900769,JAMES,MACKLINE,IDENT
20160801214034,SA4,900860,AGNESS,LUHUNGO,IDENT
20160801214034,SA6,900395,AMOS,MIMBI,IDENT
20160801214039,SA1,900801,DAVID ,MWANJA,IDENT
20160801214125,SA1,900758,MOHAMEDY,ATHUMANI,IDENT
20160801214146,SA5,901366,LYDIA,MAKENE,IDENT
20160801214154,SA5,901319,CHRISTINA,TATI,IDENT
20160801214200,SA5,901365,JOYCE,SWILLAH,IDENT
20160801214205,SA5,901381,DOROSTA,CLEMANCE,IDENT
20160801214209,SA1,900825,TITO,MWAMBE,IDENT
20160801214239,SA6,900428,GLADIS,MAZENGO,IDENT
20160801214302,SA4,900947,ANNA,GODISON,IDENT
20160801214316,SA5,901354,AISHAH,OTHUMANI,IDENT
20160801214335,SA5,901362,JULIETH,GODFREY,IDENT
20160801214408,SA1,900243,YOHANA,ALLY,IDENT
20160801214522,SA5,901410,ALFRED,MUGHWAI,IDENT
20160801214526,SA4,901102,ORIVER,DAUD,IDENT
20160801214529,SA1,900477,RAMADHANI,LUBASHA,IDENT
20160801214532,SA4,900922,BAHATI,SALEHE,IDENT
20160801214534,SA5,901284,MOHAMED,IDDI,IDENT
20160801214600,SA2,900989,AMINA,CHITWANGWA,IDENT
20160801214619,SA1,900738,MOHAMED,NGODA,IDENT
20160801214625,SA5,200018,ABDALAH,SUDY,IDENT
20160801214626,SA1,900724,HASANI,MRISHO,IDENT
20160801214638,SA1,900739,EMENUEL,KYEJO,IDENT
20160801214641,SA3,900955,MWANAHAMISI,MAKUNGANYA,IDENT
20160801214642,SA5,901300,ANNA,TEMBA,IDENT
20160801214708,SA4,900897,SWAUMU,SAIDI,IDENT
20160801214734,SA2,101510,SALOME,DUA,IDENT
20160801214740,SA5,901413,LEILA,KIMBENGELE,IDENT
20160801214747,SA6,900404,BRYANT,NYENYEMBE,IDENT
20160801214749,SA5,901309,SALMA,RAFIKI,IDENT
20160801214753,SA6,900447,JOSEPH,LUSANA,IDENT
20160801214800,SA1,900766,JUDITH,GEOFREY,IDENT
20160801214807,SA1,900721,GISELA,SHAYO,IDENT
20160801214909,SA2,900872,ZALAU,NGWELE,IDENT
20160801214917,SA1,900730,UHURU,MARWA,IDENT
20160801214922,SA2,900930,TABIA,DOGOLI,IDENT
20160801214925,SA1,900386,ABDALLAH ,RAMADHANI,IDENT
20160801214926,SA2,900851,SOPHIA,ZONGORI,IDENT
20160801214930,SA1,900752,SIMON,MAPUNDA,IDENT
20160801214931,SA6,900406,CHAUREMBO,MWINYI,IDENT
20160801214933,SA2,901019,ASHA,NGAMBA,IDENT
20160801214934,SA1,900729,MOHAMED,KOMBO,IDENT
20160801214938,SA2,900991,CHRISTINA,JAILOS,IDENT
20160801214943,SA2,901056,ANGELA,MWAKAPALILA,IDENT
20160801214944,SA5,901288,EPIPHANIA,LUKWI,IDENT
20160801214948,SA2,901134,NURU,MULONGANILE,IDENT
20160801214951,SA4,900926,AMINA,KONDO,IDENT
20160801214957,SA5,901426,TABU,SUPHIANI,IDENT
20160801215002,SA4,901169,VERONICA,LECHIPYA,IDENT
20160801215006,SA2,901154,SALAMA,ALLY,IDENT
20160801215010,SA4,901144,ESTHER,NAPENGWA,IDENT
20160801215014,SA4,901165,FATUMA,ABDALLAH,IDENT
20160801215015,SA2,901176,FATUMA,MASOUD,IDENT
20160801215019,SA4,901211,ANNA,KIMARO,IDENT
20160801215027,SA2,900900,HELENA,SENZUGWAKO,IDENT
20160801215030,SA2,901072,TATU,ATHUMAN,IDENT
20160801215030,SA4,901120,MERCY,MONGI,IDENT
20160801215034,SA2,900964,RAPHAEL,MBOKO,IDENT
20160801215034,SA4,900920,PILLI,SAIDI,IDENT
20160801215048,SA4,901099,TAUS,MUSTAPHA,IDENT
20160801215049,SA2,901073,SALMA,MUHARAMU,IDENT
20160801215054,SA2,900923,HELENA,KHAJI,IDENT
20160801215056,SA2,901268,ANITHA,KWIMBA,IDENT
20160801215104,SA5,901033,TATU,ISSA,IDENT
20160801215107,SA5,901001,AMINA,MUYA,IDENT
20160801215108,SA1,900727,GEORGE,GREAD,IDENT
20160801215109,SA5,901226,MARTHA,MAKASHA,IDENT
20160801215115,SA5,900975,EDINA,MZUNGU,IDENT
20160801215118,SA5,901057,ANNA,KITOMARY,IDENT
20160801215119,SA1,900744,SILVESTER,KAHINDI,IDENT
20160801215120,SA5,901028,REHEMA,KWENGWEGU,IDENT
20160801215124,SA1,900748,EDWARD,DAWSON,IDENT
20160801215126,SA5,900999,ROSE,MWAMAKOLA,IDENT
20160801215130,SA1,900403,BEDA,YUDA,IDENT
20160801215153,SA3,901081,PILI,MDEDE,IDENT
20160801215201,SA4,901260,AISHA,MNEKA,IDENT
20160801215207,SA3,900986,KAUSE,ABDALLAH,IDENT
20160801215231,SA5,901331,DIANA,KABYEMELA,IDENT
20160801215232,SA1,900773,FELIX,CHRISTOPHER,IDENT
20160801215240,SA1,900743,JUMA,ISEMA,IDENT
20160801215241,SA2,900903,RUKIA,MOHAMED,IDENT
20160801215243,SA4,901119,LINA,MLAWA,IDENT
20160801215250,SA4,901177,ASHA,MAVENGELO,IDENT
20160801215305,SA1,900731,HUSSAIN,HAMADI,IDENT
20160801215308,SA4,901225,NOELA,YALOT,IDENT
20160801215311,SA6,900164,RAMADHANI ,BAKARI,IDENT
20160801215315,SA6,900124,DAUDI,ELIFALETH,IDENT
20160801215319,SA6,900647,JOHANSEN,MPANJU,IDENT
20160801215325,SA5,901295,ELLASIA,WILLIUM,IDENT
20160801215332,SA1,900728,JAMAL,MRISHO,IDENT
20160801215333,SA4,901172,AGNES,STEVEN,IDENT
20160801215334,SA5,901249,HILDA,MWAZEMBE,IDENT
20160801215337,SA6,900489,TUMAINI,MNZAVA,IDENT
20160801215346,SA5,901126,YUNIS,LULANDALA,IDENT
20160801215349,SA5,901347,JAMES,MAJIJI,IDENT
20160801215359,SA5,901232,ZAMDA,HASSAN,IDENT
20160801215404,SA5,901207,AISHA,ABEID,IDENT
20160801215404,SA4,901131,ESTA,KWEKA,IDENT
20160801215408,SA5,901116,GRACE,KAHANGE,IDENT
20160801215416,SA1,900217,FRED,JAMES,IDENT
20160801215428,SA1,900213,BEDASTUS,PIUS,IDENT
20160801215434,SA1,900216,ELLY,MKONGWE,IDENT
20160801215436,SA5,901385,ABDALLA,MGAYA,IDENT
20160801215439,SA5,901395,HASHIM,HAIZA,IDENT
20160801215441,SA2,900873,SELEN,JUMA,IDENT
20160801215444,SA2,900987,PILLY,MWAWILA,IDENT
20160801215450,SA2,900907,PAULINA,DEVA,IDENT
20160801215500,SA2,901055,FATUMA,MUHANDO,IDENT
20160801215504,SA5,901292,SARA,YOEL,IDENT
20160801215508,SA2,900844,AISHA,MSOMI,IDENT
20160801215515,SA5,901409,MAGRETH,NGOSI,IDENT
20160801215517,SA1,900807,GODRICH,MCHOMVU,IDENT
20160801215519,SA2,901258,ATHUMAN,KILINDU,IDENT
20160801215522,SA5,901389,OMARY,JUMA,IDENT
20160801215524,SA5,901405,ABDANI,SHILLA,IDENT
20160801215526,SA4,900875,ASHA,MALINBWI,IDENT
20160801215527,SA5,901221,TEDDY,MAGAMBO,IDENT
20160801215530,SA5,901257,FRIDA,MHELELA,IDENT
20160801215535,SA5,901313,FATUMA,KAUNDA,IDENT
20160801215544,SA5,901293,JOHARI,MAHARIA,IDENT
20160801215546,SA5,901355,HALIMA,SANANE,IDENT
20160801215546,SA4,900971,NAOMI,SAMWELI,IDENT
20160801215552,SA5,901430,JOYCE,SEMWENDA,IDENT
20160801215552,SA4,900973,SHARIFA,LIYAYA,IDENT
20160801215556,SA5,901298,SWAUMU,MZIRAI,IDENT
20160801215558,SA4,901195,RAYMOND,BUKOJI,IDENT
20160801215600,SA5,901425,HIDAYA,KASSIM,IDENT
20160801215604,SA4,901146,MARTHA,MAKOTI,IDENT
20160801215604,SA5,901393,HADIJA,JUMA,IDENT
20160801215610,SA1,900811,JUMA,HUMBE,IDENT
20160801215611,SA5,901399,DIANA,NDONGO,IDENT
20160801215613,SA1,900794,ADAM,SALTIELY,IDENT
20160801215619,SA1,900763,SALEHE,NJAGE,IDENT
20160801215625,SA4,901071,YUNIS,NDAIGA,IDENT
20160801215628,SA5,901418,ISAYA ,SAWASAWA,IDENT
20160801215634,SA5,901404,AWAZI,SALIM,IDENT
20160801215636,SA3,900954,HABIBA,MDOSE,IDENT
20160801215641,SA5,901324,MARIAM,YAHAYA,IDENT
20160801215643,SA3,900887,ELITABETH,GOMELO,IDENT
20160801215648,SA5,901429,REHEMA,MAZEKU,IDENT
20160801215654,SA5,901367,BEATHA,MLOSO,IDENT
20160801215659,SA2,900990,JANE,MHONGOLE,IDENT
20160801215701,SA5,901376,ZAINABU ,SALUM,IDENT
20160801215704,SA4,901222,DEBORA,FILIPATALI,IDENT
20160801215708,SA4,901141,HADIJA,SALUM,IDENT
20160801215708,SA5,901341,JESSE,JEREMIA,IDENT
20160801215710,SA5,901350,ALFRED,CHARLES,IDENT
20160801215713,SA4,900918,MARIAM,RAMADHANI,IDENT
20160801215717,SA5,901369,RECHO,MSHUMBUSI,IDENT
20160801215720,SA4,901236,FATIMA,ALLY,IDENT
20160801215722,SA4,901269,AISHA,HALFAN,IDENT
20160801215730,SA6,900572,DOTO,KAJOGOO,IDENT
20160801215737,SA5,901356,ZAMDA,NGWABAYA,IDENT
20160801215737,SA2,901065,ZAINABU,KARUMUNA,IDENT
20160801215740,SA2,901079,AGNESS,HAJI,IDENT
20160801215743,SA5,901317,ASHA,HAMISI,IDENT
20160801215743,SA6,900433,HARUNI,MKAMA,IDENT
20160801215747,SA2,900948,VERONICA,MFILINGE,IDENT
20160801215749,SA4,901158,ALOYCE,IZINA,IDENT
20160801215751,SA5,901423,CONSOLATHA,JOSEPH,IDENT
20160801215754,SA4,900866,FLORA,DAMAS,IDENT
20160801215759,SA2,901085,ELIZABETH,NYAMBO,IDENT
20160801215801,SA4,900965,HERMAN,MAKOKO,IDENT
20160801215801,SA2,901060,MARTHA,GABRIEL,IDENT
20160801215805,SA2,901049,REDEMTA,DANIEL,IDENT
20160801215809,SA2,901024,ASIA,KARATA,IDENT
20160801215811,SA4,901254,NURAT,JAFARI,IDENT
20160801215813,SA5,901411,AMINA,MUSA,IDENT
20160801215814,SA2,901024,ASIA,KARATA,IDENT
20160801215817,SA4,901220,AGNESS,MWAMBENGO,IDENT
20160801215836,SA5,901427,JESCA,NGUMBU,IDENT
20160801215842,SA5,901282,ADAM,MUSSA,IDENT
20160801215843,SA6,900579,GRAYSON,KUNZUGALA,IDENT
20160801215847,SA5,901368,NAOMI,YUSUPH,IDENT
20160801215850,SA5,901345,ALHAJI,KIHIYO,IDENT
20160801215854,SA5,901388,OSWALD,SHILLA,IDENT
20160801215857,SA5,901316,ZUHURA,HAMIS,IDENT
20160801215857,SA6,900422,FURAHA,MWAKIFWAMB,IDENT
20160801215859,SA3,901166,SAUDA,MAULID,IDENT
20160801215903,SA5,901336,ISMAIL,MHINA,IDENT
20160801215911,SA5,901408,SAIDI,MAKALA,IDENT
20160801215911,SA2,901204,SOPHIA,LUGOME,IDENT
20160801215920,SA5,901364,SALAFINA,KISAPI,IDENT
20160801215924,SA3,901069,ELIZABETH,MRAMU,IDENT
20160801215931,SA3,900982,MWANAKOMBO,KHALID,IDENT
20160801215931,SA2,901097,EMANUEL,MSOKWA,IDENT
20160801215945,SA1,900797,ASHAM,MUSA,IDENT
20160801215946,SA4,901275,SALOME,KINUNDA,IDENT
20160801215947,SA5,901301,TUKAE,MUSA,IDENT
20160801215948,SA3,901084,MARIA ,SANGA,IDENT
20160801215955,SA4,901064,SAID,RAMADHANI,IDENT
20160801215955,SA6,900473,NAOMI,GONDA,IDENT
20160801215958,SA5,901286,AGNES,LUCAS,IDENT
20160801220001,SA1,900222,HENRY,NGOWI,IDENT
20160801220004,SA4,900888,AMINA,NGAINA,IDENT
20160801220008,SA1,101945,JAMES,VALENTINE,IDENT
20160801220009,SA5,901390,SHABANI,HUSEN,IDENT
20160801220009,SA2,901038,AMINA,MDOE,IDENT
20160801220010,SA4,900911,NEEMA,URASSA,IDENT
20160801220013,SA2,901039,JULIANA,SUKU,IDENT
20160801220013,SA4,901100,REHEMA,SALEHE,IDENT
20160801220014,SA6,900451,KASSIM,MALICK,IDENT
20160801220014,SA5,901302,ASHA,SHOMARI,IDENT
20160801220015,SA2,901083,EDINA,JOHN,IDENT
20160801220017,SA4,900957,HADIJA,MKOTA,IDENT
20160801220024,SA2,900861,MWAJABU,BAKARI,IDENT
20160801220026,SA5,901312,VUMILIA,NDEGE,IDENT
20160801220028,SA4,901011,JANE,SIMON,IDENT
20160801220030,SA5,901304,SOPHIA,ALLY,IDENT
20160801220033,SA2,901200,INOCENT , KIFUMU,IDENT
20160801220034,SA4,900956,DIANA,LEMA,IDENT
20160801220037,SA4,901153,MAGRETH,ZANUARI,IDENT
20160801220038,SA5,901406,PASCAL,STANLEY,IDENT
20160801220041,SA3,900864,TECLA,SAMWEL,IDENT
20160801220042,SA5,901416,YONA,MUSA,IDENT
20160801220045,SA4,900966,ZUHURA,KIJIMBO,IDENT
20160801220046,SA5,901058,HAMIDA,MATIPA,IDENT
20160801220048,SA4,900895,CATHERINE,CHIGOGOLO,IDENT
20160801220050,SA5,901103,MWATANGA,DIENI,IDENT
20160801220051,SA4,901036,AZIZA,MANGETU,IDENT
20160801220103,SA4,901213,HABIBA,NJIKU,IDENT
20160801220103,SA1,900750,JACOB,KAWALE,IDENT
20160801220105,SA5,901414,EMMANUEL,BANDIKO,IDENT
20160801220105,SA3,901000,AGNES,MTYANGILE,IDENT
20160801220106,SA4,901070,FLORA,MSAMLA,IDENT
20160801220108,SA3,900912,MWAJUMA,KITANI,IDENT
20160801220109,SA4,901121,MWATANGA,ALLY,IDENT
20160801220110,SA5,901384,JOSHUA,KITUNDU,IDENT
20160801220115,SA4,901074,VERONICA,KIMWAGA,IDENT
20160801220117,SA3,901055,ZAINABU,OMARY,IDENT
20160801220121,SA4,901197,RASHID,NJERAN,IDENT
20160801220123,SA5,901279,NEEMA, GODFREY,IDENT
20160801220127,SA4,901171,ESTHER,MUNGUTI,IDENT
20160801220128,SA3,900877,IRENE,GABRIEL,IDENT
20160801220132,SA3,901086,ELIWAZA,MWIGOHA,IDENT
20160801220135,SA4,901101,RAJABU,MOHAMMED,IDENT
20160801220137,SA3,900886,ELIZABERTH,KIJA,IDENT
20160801220143,SA5,901305,DIANA,KIBASA,IDENT
20160801220144,SA6,900148,JUDITH,MALISA,IDENT
20160801220202,SA5,901066,ZULEHA,MOHAMED,IDENT
20160801220209,SA5,901191,ROSE,BENARD,IDENT
20160801220210,SA4,901053,DORIS,JOHN,IDENT
20160801220212,SA3,900896,HADIJA , KIHEGO,IDENT
20160801220213,SA1,900777,MNADI,MRAJAA,IDENT
20160801220214,SA4,901014,LUCY,THOMAS,IDENT
20160801220220,SA4,901003,SALAMA,KADALA,IDENT
20160801220220,SA2,900880,MWANAHAMISI,MAREKANO,IDENT
20160801220221,SA5,901210,ROSE,CHUWA,IDENT
20160801220231,SA6,900487,STEPHEN,KAMBWEMBWE,IDENT
20160801220253,SA5,900849,IRENE,MMARI,IDENT
20160801220302,SA5,901303,TAUSI,KATULA,IDENT
20160801220307,SA5,901348,DAVID,NGELESHI,IDENT
20160801220316,SA5,901394,TERESIA,MHAMBO,IDENT
20160801220316,SA4,901018,AISHA,KIBINDO,IDENT
20160801220319,SA6,900168,RAZAKI,MTINDA,IDENT
20160801220329,SA4,901163,SIJALI,MKELE,IDENT
20160801220330,SA3,901110,ASHA,MPELA,IDENT
20160801220331,SA5,901394,TERESIA,MHAMBO,IDENT
20160801220332,SA4,901118,LILIAN,MREMA,IDENT
20160801220336,SA2,900946,RAHMA,MWIMBA,IDENT
20160801220336,SA3,901061,MWAJUMA,ABDALLAH,IDENT
20160801220341,SA2,901270,NAOMI,OBONG,IDENT
20160801220343,SA4,900952,SALAMA,MOHAMAD,IDENT
20160801220348,SA4,901161,NURU,MOHAMED,IDENT
20160801220355,SA4,901267,NEEMA ,MWAMANYE,IDENT
20160801220358,SA4,901091,FARIDA,LYIMO,IDENT
20160801220406,SA4,901206,AISHA,MKUMBA,IDENT
20160801220412,SA4,900935,ZAINABU,SINGANO,IDENT
20160801220419,SA4,900892,MWANIA,PEMBE,IDENT
20160801220425,SA4,900929,HALIMA,SEIF,IDENT
20160801220428,SA1,900802,EMANUEL,SILAYO,IDENT
20160801220431,SA4,901145,ADELINA,MALEMA,IDENT
20160801220439,SA3,901205,JAMILA,MASONGI,IDENT
20160801220441,SA6,900417,FABIAN,FABIAN,IDENT
20160801220442,SA4,901223,HAPPY,MKWEPU,IDENT
20160801220446,SA1,900820,SALUM,KAISI,IDENT
20160801220448,SA4,901252,JENIPHA,CHIZA,IDENT
20160801220453,SA4,900960,AGNESS,NAWAHIGA,IDENT
20160801220457,SA5,901396,EDWIN,KIPUYO,IDENT
20160801220458,SA4,901250,JENIPHA,DAMIAN,IDENT
20160801220459,SA6,900476,RAMADHANI,IDD,IDENT
20160801220504,SA5,901392,STELLA,MTALLO,IDENT
20160801220505,SA4,900958,SOPHIA,LIKONGO,IDENT
20160801220506,SA2,901259,SHOMARY,MRISHO,IDENT
20160801220510,SA3,901227,MWAMVITA,MWAIPOPO,IDENT
20160801220510,SA4,901208,SARAH,MWINANI,IDENT
20160801220517,SA4,901002,MARIAM,SABURI,IDENT
20160801220531,SA5,901283,KEDMOND,KAMOGA,IDENT
20160801220537,SA4,901008,GRESS,KOBA,IDENT
20160801220550,SA4,901106,MARYNIA,KAYOMBO,IDENT
20160801220613,SA5,901277,NEEMA,UISO,IDENT
20160801220614,SA4,900984,SALAMA,BIGE,IDENT
20160801220630,SA4,900937,UPENDO,MLEWA,IDENT
20160801220636,SA4,901005,HADIJJA,KIJUU,IDENT
20160801220641,SA4,901093,SHARON,IBRAHIM,IDENT
20160801220646,SA4,900893,JOYCE,MCHOMVU,IDENT
20160801220730,SA3,901233,SAMI,MTITIMA,IDENT
20160801220735,SA3,901216,ASHA,RAMADHANI,IDENT
20160801220736,SA1,900716,JUMA,JUMANNE,IDENT
20160801220740,SA6,900170,REHEMA,CHINUNJE,IDENT
20160801220743,SA1,900240,SOSTHENES,MANYAMA,IDENT
20160801220746,SA3,900898,RUKIA,MATAUKA,IDENT
20160801220850,SA5,901308,MADINA,ATHUMANI,IDENT
20160801220851,SA1,900737,EXPEDTO,MKONGWE,IDENT
20160801220855,SA1,900776,ZUBERI,MOHAMED,IDENT
20160801220902,SA3,901125,TAUSI,SHABANI,IDENT
20160801220907,SA3,901040,LUCY,AGASTINO,IDENT
20160801221015,SA4,901142,SOPHIA,YUSUPH,IDENT
20160801221024,SA4,901138,JOYCE,CHEMRA,IDENT
20160801221032,SA4,901077,CONSOLATH,MATERU,IDENT
20160801221039,SA4,900995,MARY,KIAMA,IDENT
20160801221042,SA4,900847,ZAINABU,SINGANO,IDENT
20160801221113,SA6,900159,PAMELA,KUSALIKA,IDENT
20160801221120,SA3,900889,SALMA,MWAWILA,IDENT
20160801221124,SA4,901228,CESILIA,MBABUYE,IDENT
20160801221146,SA4,901224,ANNA,NYAKAPALA,IDENT
20160801221147,SA6,900391,ALLY,MASHAURI,IDENT
20160801221148,SA1,900392,ALLY,MBEGU,IDENT
20160801221153,SA1,900231,MARKO,SHIMIZI,IDENT
20160801221155,SA3,901006,RUKIA,ALLY,IDENT
20160801221212,SA4,901139,HAPPY ,ZAKAYO,IDENT
20160801221218,SA1,900456,KHALIFA,BASHILI,IDENT
20160801221226,SA4,901128,ZAITUNI,SOGOI,IDENT
20160801221302,SA4,901015,JOYCE,CHACHA,IDENT
20160801221438,SA4,901157,DAVID,JUMA,IDENT
20160801221541,SA6,900162,PILLY,MANENO,IDENT
20160801221858,SA1,900806,GODFREY,KIHAWA,IDENT
20160801222234,SA6,900135,HALIMA,NGAMZI,IDENT
20160801223010,SA1,900542,POUL,KIBELA,IDENT
20160801223059,SA3,900936,SOPHIA,MBONDE,IDENT
20160801223123,SA3,901248,MAGRETH,MASAWE,IDENT
20160801223922,SA6,900169,REHEMA,YUSUFU,IDENT
20160802043452,SA1,900272,ISRAEL,GYUNA,IDENT
20160802045616,SA6,900002,ABDALLAH,MWEYO,IDENT
20160802045910,SA1,900001,ABDALLAH,JUMANNE,IDENT
20160802051332,SA6,900543,JOHN,MAGANYA,IDENT
20160802051627,SA6,900661,ADILILA,KONGA,IDENT
20160802052602,SA3,900983,RUKIA,KONDO,IDENT
20160802052658,SA1,900281,NAYOPA,MTENDECHI,IDENT
20160802053158,SA1,900542,POUL,KIBELA,IDENT
20160802053604,SA5,901244,SWAUMU,HIMBU,IDENT
20160802053631,SA5,900994,MWAISHA,MWAMOTO,IDENT
20160802053658,SA5,901351,BARNABA,EDWARD,IDENT
20160802053702,SA5,900913,ASHURA,NGUMBE,IDENT
20160802053712,SA5,901281,JOSEPH,MUSUGULI,IDENT
20160802053719,SA6,900568,GODWIN,KIRIA,IDENT
20160802053802,SA6,900582,ZABRON,TOSSI,IDENT
20160802053825,SA5,901012,FATUMA,KABUMA,IDENT
20160802053828,SA4,900993,MARIAM,MSUMALI,IDENT
20160802053833,SA6,900140,IGNATUS,MLANGWA,IDENT
20160802053915,SA5,900915,DOROTHEA,KILO,IDENT
20160802053926,SA4,901030,VERONICA,WANGWE,IDENT
20160802053935,SA4,900902,SAKINA,MAWEMBA,IDENT
20160802053941,SA4,900908,SALMA,RWAMBANO,IDENT
20160802053947,SA4,901133,HUSNA,SENGAMBA,IDENT
20160802053953,SA4,900899,MAGDALENA,SIMAO,IDENT
20160802054029,SA4,900883,EDINA,ABED,IDENT
20160802054031,SA5,900850,ROSE,KITALI,IDENT
20160802054035,SA4,900874,LUCY,ELIAS,IDENT
20160802054039,SA4,901256,AVERINA,AMANDUS,IDENT
20160802054043,SA4,901190,NEEMA,MNYALAPE,IDENT
20160802054045,SA4,901234,ANITHA,AHALIELI,IDENT
20160802054048,SA1,901557,WALTER,MAYA,IDENT
20160802054050,SA4,901009,MOSHI,SAIDI,IDENT
20160802054056,SA4,901229,ANNA,NGAPONDA,IDENT
20160802054059,SA4,901174,BETH,NGADADA,IDENT
20160802054102,SA4,900988,UPENDO,PETER,IDENT
20160802054106,SA3,901021,NEEMA ,MWANGO,IDENT
20160802054107,SA4,901135,REHEMA,OMARY,IDENT
20160802054119,SA4,901183,YASINTA,MKIWA,IDENT
20160802054125,SA4,900906,MARYSTELA,MCHOME,IDENT
20160802054131,SA4,901105,MTUMWA,ALLY,IDENT
20160802054132,SA5,901255,ASHA,BILALI,IDENT
20160802054137,SA4,901246,VERONICA,MTENGWA,IDENT
20160802054142,SA4,900932,MONICA,LIGOMBAIKA,IDENT
20160802054157,SA4,901186,FROLA,KILIMA,IDENT
20160802054204,SA4,901143,LINES,PILLI,IDENT
20160802054213,SA4,901185,JOYCE,SAMWEL,IDENT
20160802054223,SA4,901035,AGNES,NKONJELWA,IDENT
20160802054226,SA4,901212,JASMINI,MOHAMED,IDENT
20160802054233,SA5,901397,LINETH,KYARUS,IDENT
20160802054234,SA4,901231,ASHA,DUTCH,IDENT
20160802054237,SA4,900878,AISHA,KIZINGA,IDENT
20160802054243,SA5,901285,THABIT,ALLY,IDENT
20160802054247,SA4,900865,CHRISTINA,MAGOWELA,IDENT
20160802054249,SA4,901160,SAUDA,MCHECHE,IDENT
20160802054255,SA4,901175,SALMA,RAMADHAN,IDENT
20160802054302,SA4,901162,MWANAHARUSI,MOHAMED,IDENT
20160802054305,SA4,901181,ASNA,SPRIAN,IDENT
20160802054309,SA4,901090,HADIJA,JUMA,IDENT
20160802054315,SA4,900976,LUCY,STANLEY,IDENT
20160802054321,SA4,901023,AMINA,CHAKWE,IDENT
20160802054324,SA4,901075,AGATHA,JAMALI,IDENT
20160802054327,SA4,900925,REGINA,THOMAS,IDENT
20160802054330,SA4,900951,MWAJUMA,AIDAN,IDENT
20160802054334,SA4,901020,VICTORIA,MWALUANDA,IDENT
20160802054338,SA4,901241,FATUMA,JUMA,IDENT
20160802054354,SA4,900921,MWAJUMA,IDDI,IDENT
20160802054401,SA4,901104,MWANAHAWA,HASSAN,IDENT
20160802054405,SA4,901182,RENIFRIDA,NGUMBU,IDENT
20160802054412,SA4,901168,REHEMA ,MWASOMOLA,IDENT
20160802054418,SA4,900868,MAIMUNA,JARUFU,IDENT
20160802054421,SA3,900862,EDINA,MWAKYOMA,IDENT
20160802054422,SA5,901360,MARRY,MASULUBE,IDENT
20160802054427,SA5,901375,PILLI,CHOLOGONDO,IDENT
20160802054430,SA4,901032,MARISELINA,NGULI,IDENT
20160802054433,SA4,900894,NURU,MAKANDE,IDENT
20160802054435,SA4,901193,VICTORIA,MWAMPEGETE,IDENT
20160802054438,SA6,900134,GRACE,KIM,IDENT
20160802054446,SA4,900917,SALMA,DIWILE,IDENT
20160802054451,SA4,900881,ZAINABU,SAIDI,IDENT
20160802054457,SA4,901115,FROLA,SIKWEMBE,IDENT
20160802054501,SA4,900963,MWAZANI,SAIDI,IDENT
20160802054506,SA4,901215,MWANAIDI,KOLOKO,IDENT
20160802054510,SA4,901067,HELENA,SAMWELI,IDENT
20160802054514,SA4,900846,SARA,CHIDUNI,IDENT
20160802054515,SA2,900905,AMINA,MUHIDINI,IDENT
20160802054517,SA5,901386,SHAMSI,MUHITI,IDENT
20160802054521,SA1,900442,ITIKA,DICKSON,IDENT
20160802054522,SA2,901094,MARTINA,FISSO,IDENT
20160802054527,SA2,900927,SAADA,SALUM,IDENT
20160802054529,SA4,901274,AMINA,KAHABUKA,IDENT
20160802054537,SA4,901132,HEAVENLIGHT,NKYA,IDENT
20160802054539,SA5,901130,NURU,DAUDI,IDENT
20160802054542,SA4,901113,ELIZABETH,SHIRIMA,IDENT
20160802054543,SA5,901108,AISHA,WILLIUM,IDENT
20160802054544,SA4,900885,AMINA,MZARA,IDENT
20160802054550,SA4,901238,MARIAM,SELEMANI,IDENT
20160802054555,SA4,900943,MWAMINI,MPANGULE,IDENT
20160802054558,SA5,900879,RAHMA,KILO,IDENT
20160802054558,SA4,901007,MODESTA,JOGOO,IDENT
20160802054603,SA5,900953,JANE,LUSENDELA,IDENT
20160802054603,SA4,901027,EDDA,MWAKIBINGWA,IDENT
20160802054616,SA5,901155,GRACE,MUHONO,IDENT
20160802054620,SA6,E032,SANKARAN,JAYARAM,IDENT
20160802054621,SA4,901041,JACKLINI,MBOYA,IDENT
20160802054631,SA4,901026,FATUMA,KONYO,IDENT
20160802054635,SA4,901124,TABIA,OMARY,IDENT
20160802054640,SA4,900891,HINESS,KAAYA,IDENT
20160802054642,SA4,901123,REBECA,KALOFU,IDENT
20160802054647,SA4,901245,EVERINA,MKETO,IDENT
20160802054651,SA4,901107,MUHIDINI,HASSAN,IDENT
20160802054658,SA4,901109,AMINA,MNYIFUNA,IDENT
20160802054706,SA4,901037,FADINA,IBRAHIM,IDENT
20160802054709,SA4,900961,ELIZABETH,FRANCISCO,IDENT
20160802054710,SA2,901150,CHRISTINA,MBODE,IDENT
20160802054715,SA4,901164,SWAUMU,KAYANDA,IDENT
20160802054721,SA4,901243,PLAKSEDA,AKIZAMUNGU,IDENT
20160802054729,SA4,901230,KUDRA,BAKARI,IDENT
20160802054731,SA4,900974,ZAWADI,SADIKI,IDENT
20160802054732,SA5,901370,MARIAM,MJELELE,IDENT
20160802054732,SA6,900449,JUMA,SANGAYA,IDENT
20160802054739,SA5,901315,FIDEA,AGUSTINO,IDENT
20160802054742,SA1,900384,ABDALLA,SAIDI,IDENT
20160802054752,SA5,901422,EMMANUEL,KHALIDI,IDENT
20160802054800,SA3,901098,GERALD,MBAUKA,IDENT
20160802054800,SA4,901235,TUMAIN,MUNGURE,IDENT
20160802054815,SA4,901059,JAZIRA,RAMADHANI,IDENT
20160802054821,SA4,901088,JANETH,MUONDO,IDENT
20160802054824,SA6,900611,EVARIST,MPINGAURUGU,IDENT
20160802054828,SA4,900968,TAUSI,SIMBA,IDENT
20160802054830,SA6,900626,AUGUSTINO,CHITANDA,IDENT
20160802054831,SA5,900901,NEEMA,NYAKOKI,IDENT
20160802054836,SA4,900985,BAHATI,SARAPIONI,IDENT
20160802054839,SA4,901017,CATHERINE,NYEMA,IDENT
20160802054841,SA4,901089,HARUNA,ATHUMANI,IDENT
20160802054853,SA5,901353,DOREEN,MDOE,IDENT
20160802054854,SA4,900933,WINFRIDA,LUSEBA,IDENT
20160802054858,SA4,901029,MARIAM,MWETEMBO,IDENT
20160802054901,SA4,901237,ZUBEDA,KIMARO,IDENT
20160802054902,SA1,900809,JAMES,MWENDA,IDENT
20160802054905,SA4,901095,BEATA,KOMBA,IDENT
20160802054906,SA2,901198,MANEO,ATHUMANI,IDENT
20160802054910,SA4,900856,MWAJAMBU,HAMAD,IDENT
20160802054921,SA3,900977,MWANAHAMISI,MUNKUNDA,IDENT
20160802054930,SA4,900863,ANNA,MICHAEL,IDENT
20160802054935,SA4,900997,MARY,ONDURU,IDENT
20160802054940,SA4,901047,MWAJUMA,HAMIS,IDENT
20160802054943,SA4,901192,ASMA,KONDO,IDENT
20160802054946,SA5,900967,FATUMA,MTAMBUA,IDENT
20160802054951,SA5,901402,ALLY,SELEMAN,IDENT
20160802054956,SA4,901117,HIDAYA,MASOUD,IDENT
20160802055002,SA2,901167,KELVIN,NGOZI,IDENT
20160802055003,SA4,900981,FIDES,MONGI,IDENT
20160802055007,SA5,901280,WHITNESS,MSAGATI,IDENT
20160802055024,SA6,900662,ABDALLAH,ABEID,IDENT
20160802055031,SA1,900721,GISELA,SHAYO,IDENT
20160802055036,SA1,900766,JUDITH,GEOFREY,IDENT
20160802055038,SA5,901311,LOYCE,MASKINI,IDENT
20160802055043,SA1,900758,MOHAMEDY,ATHUMANI,IDENT
20160802055044,SA4,901184,GRACE,NGALABA,IDENT
20160802055051,SA4,901247,KULUTHUM,CHILEMILE,IDENT
20160802055051,SA1,900776,ZUBERI,MOHAMED,IDENT
20160802055053,SA4,901114,FARIDA,AMBLOS,IDENT
20160802055056,SA1,900744,SILVESTER,KAHINDI,IDENT
20160802055100,SA4,901092,ASIA,JUMA,IDENT
20160802055106,SA1,900816,MICHAEL,HUSEIN,IDENT
20160802055115,SA1,900750,JACOB,KAWALE,IDENT
20160802055120,SA4,901129,FELISTA,NYAHENGE,IDENT
20160802055127,SA4,901042,FARIDA,NDAUKE,IDENT
20160802055129,SA1,900244,YOHA,MSANGI,IDENT
20160802055129,SA5,901361,MARRY,MLIUNJA,IDENT
20160802055135,SA1,900748,EDWARD,DAWSON,IDENT
20160802055138,SA4,901111,ASIA,MSHAMU,IDENT
20160802055142,SA4,900959,REHEMA,LYOWA,IDENT
20160802055152,SA4,900998,ASHA,MOHAMED,IDENT
20160802055158,SA4,901034,STAMILI,MUSSA,IDENT
20160802055205,SA5,901290,AGNES,SALAWA,IDENT
20160802055212,SA5,901328,MARRY,SHOO,IDENT
20160802055213,SA2,900978,ELIZABETH,ZAE,IDENT
20160802055219,SA4,900972,SAFINA,ABEID,IDENT
20160802055221,SA6,900480,RASHID,MOHAMED,IDENT
20160802055227,SA2,900945,ELIZABETH,MREMA,IDENT
20160802055228,SA4,901050,MARIAM,SAIDI,IDENT
20160802055232,SA4,901043,ANNA,JOHN,IDENT
20160802055232,SA5,901288,EPIPHANIA,LUKWI,IDENT
20160802055235,SA4,901219,MARIAM,MUSSA,IDENT
20160802055237,SA5,901428,YOHANA,LEONARD,IDENT
20160802055238,SA4,901052,SUZANA,NAPANGA,IDENT
20160802055240,SA4,901051,HABIBA,PAZZI,IDENT
20160802055241,SA5,901346,FRANK,MANDI,IDENT
20160802055244,SA5,901331,DIANA,KABYEMELA,IDENT
20160802055304,SA5,901293,JOHARI,MAHARIA,IDENT
20160802055304,SA1,900216,ELLY,MKONGWE,IDENT
20160802055306,SA4,901112,BUSHRA,SALUM,IDENT
20160802055308,SA1,900743,JUMA,ISEMA,IDENT
20160802055312,SA1,900217,FRED,JAMES,IDENT
20160802055317,SA4,901136,HONORATA,SHAYO,IDENT
20160802055319,SA1,900463,MARTENUS,MAPESA,IDENT
20160802055321,SA5,901319,CHRISTINA,TATI,IDENT
20160802055335,SA5,901170,BAHATI,SHABANI,IDENT
20160802055342,SA1,900729,MOHAMED,KOMBO,IDENT
20160802055344,SA4,900955,MWANAHAMISI,MAKUNGANYA,IDENT
20160802055345,SA5,901373,ADELA,MSAGA,IDENT
20160802055347,SA4,900989,AMINA,CHITWANGWA,IDENT
20160802055356,SA4,900904,ANNA,MAGEMBE,IDENT
20160802055359,SA4,901004,ZAHARA,YANGE,IDENT
20160802055404,SA5,901391,GEOFREY,MAPESA,IDENT
20160802055408,SA5,901419,JENIPHA,MWILONGO,IDENT
20160802055409,SA1,900770,ANDERSON,KIKOTI,IDENT
20160802055409,SA4,901217,VIVIAN,MWANGATA,IDENT
20160802055413,SA5,901296,STELLA,LUGOME,IDENT
20160802055418,SA5,901343,SEBASTIAN,KIPINGU,IDENT
20160802055422,SA4,901022,SILIVIA,SHAYO,IDENT
20160802055427,SA5,901295,ELLASIA,WILLIUM,IDENT
20160802055428,SA4,901251,GATI,NYANTUMAN,IDENT
20160802055434,SA5,901322,SARAH,ALLY,IDENT
20160802055437,SA2,901201,DEOGRATIUS,KESSY,IDENT
20160802055440,SA2,901202,VITALIS,KESSI,IDENT
20160802055440,SA5,901137,SOFIA,KIUMBE,IDENT
20160802055446,SA4,901189,KURUTHUM,KHAMISI,IDENT
20160802055452,SA4,900996,LILIAN,RASHIDI,IDENT
20160802055503,SA4,901048,HALIMA,IDDI,IDENT
20160802055511,SA5,200018,ABDALAH,SUDY,IDENT
20160802055513,SA4,901173,BAHATI,MAKAMBA,IDENT
20160802055517,SA4,901152,STELLA,MWAKATOBE,IDENT
20160802055524,SA1,900789,KAMPBONA,PASCAL,IDENT
20160802055525,SA2,901200,INOCENT , KIFUMU,IDENT
20160802055525,SA6,901149,EPIFANI, MBOKO,IDENT
20160802055527,SA4,901218,JANE,RYOBA,IDENT
20160802055532,SA2,901203,STANLEY,KIGUNGA,IDENT
20160802055532,SA1,900797,ASHAM,MUSA,IDENT
20160802055540,SA6,900575,CHRISTINA ,SENYANGWA,IDENT
20160802055540,SA2,901097,EMANUEL,MSOKWA,IDENT
20160802055551,SA4,900939,STELLA,MAGOGWA,IDENT
20160802055553,SA6,900112,ABDALLAH,MIKALAMBILO,IDENT
20160802055553,SA5,901283,KEDMOND,KAMOGA,IDENT
20160802055556,SA5,901340,FELIX,MAKANYA,IDENT
20160802055556,SA4,900947,ANNA,GODISON,IDENT
20160802055605,SA5,901410,ALFRED,MUGHWAI,IDENT
20160802055610,SA1,900807,GODRICH,MCHOMVU,IDENT
20160802055613,SA4,901209,MIRIAM,MNDEWA,IDENT
20160802055616,SA5,901417,REHEMA,SINDANO,IDENT
20160802055617,SA4,901140,ASHURA,MGENI,IDENT
20160802055621,SA5,900853,DEVOTHA,ELIAS,IDENT
20160802055624,SA5,901294,RATIFA,KAPINGA,IDENT
20160802055624,SA1,900403,BEDA,YUDA,IDENT
20160802055629,SA1,900801,DAVID ,MWANJA,IDENT
20160802055630,SA5,901320,REHEMA,ALLY,IDENT
20160802055638,SA1,900477,RAMADHANI,LUBASHA,IDENT
20160802055639,SA5,900855,SINAHIA,OMARI,IDENT
20160802055642,SA1,900825,TITO,MWAMBE,IDENT
20160802055643,SA6,900579,GRAYSON,KUNZUGALA,IDENT
20160802055644,SA5,901277,NEEMA,UISO,IDENT
20160802055646,SA4,901194,ELINA,ABEL,IDENT
20160802055656,SA1,900727,GEORGE,GREAD,IDENT
20160802055656,SA5,901394,TERESIA,MHAMBO,IDENT
20160802055703,SA5,901291,AISHA,ISSA,IDENT
20160802055707,SA6,900474,PHILBERT,MATOGO,IDENT
20160802055709,SA4,901272,NDEKESIO,SIKAWA,IDENT
20160802055712,SA4,900962,JOSEPH,ELISAFI,IDENT
20160802055718,SA4,901078,NASMA,LINOGA,IDENT
20160802055722,SA1,900808,HEONANI,BAJANA,IDENT
20160802055723,SA2,901266,AZIZA,KAKOMBE,IDENT
20160802055726,SA4,901242,ISSA,MFAUME,IDENT
20160802055736,SA5,901284,MOHAMED,IDDI,IDENT
20160802055740,SA5,901303,TAUSI,KATULA,IDENT
20160802055745,SA2,901196,BONIPHACE,NGESI,IDENT
20160802055746,SA5,901179,AMANDA,KWEZI,IDENT
20160802055747,SA4,900950,ASHURA,ATHUMAN,IDENT
20160802055753,SA5,901401,GASPAL,MKOBA,IDENT
20160802055756,SA4,900870,GOMERY,DAUDI,IDENT
20160802055758,SA5,901347,JAMES,MAJIJI,IDENT
20160802055803,SA5,901414,EMMANUEL,BANDIKO,IDENT
20160802055807,SA1,900802,EMANUEL,SILAYO,IDENT
20160802055808,SA5,901403,RUBUNDA,NJELELE,IDENT
20160802055813,SA5,901412,ELIA,NGWALI,IDENT
20160802055814,SA4,901253,JOYCE,KESI,IDENT
20160802055814,SA6,900443,JABIRI,RAMADHANI,IDENT
20160802055821,SA6,900010,BITSON,MWASILE,IDENT
20160802055822,SA4,900992,AGNES,MEJA,IDENT
20160802055831,SA6,900473,NAOMI,GONDA,IDENT
20160802055837,SA1,900810,JOSEPH,JULIUS,IDENT
20160802055840,SA6,900428,GLADIS,MAZENGO,IDENT
20160802055844,SA5,901342,ANDREW,KILUGWA,IDENT
20160802055848,SA5,901354,AISHAH,OTHUMANI,IDENT
20160802055851,SA5,901365,JOYCE,SWILLAH,IDENT
20160802055856,SA5,901313,FATUMA,KAUNDA,IDENT
20160802055857,SA1,900747,ADAM,MASALE,IDENT
20160802055903,SA1,900730,UHURU,MARWA,IDENT
20160802055905,SA4,900910,ZAINABU,SADALLAH,IDENT
20160802055908,SA1,900214,BRUNO,FREDRICK,IDENT
20160802055911,SA4,900914,HAWA,MWIMBE,IDENT
20160802055913,SA5,901429,REHEMA,MAZEKU,IDENT
20160802055914,SA1,900755,NICHALAUS,AUGUSTINO,IDENT
20160802055915,SA4,900897,SWAUMU,SAIDI,IDENT
20160802055916,SA6,900170,REHEMA,CHINUNJE,IDENT
20160802055917,SA5,901380,BISURA,MCHELEO,IDENT
20160802055919,SA1,900466,MATHEW,PHILIP,IDENT
20160802055923,SA4,901025,ASHURA,HAMISI,IDENT
20160802055923,SA1,900858,MUHSIN,ATHUMANI,IDENT
20160802055930,SA3,901062,RASHID,MDOE,IDENT
20160802055939,SA4,901261,ZAINA,KILWANDA,IDENT
20160802055952,SA4,900872,ZALAU,NGWELE,IDENT
20160802055952,SA6,900127,DUNCAN,MHANDO,IDENT
20160802055959,SA6,900444,JOHN,MEDA,IDENT
20160802060008,SA2,901276,COSTASIA,LUCAS,IDENT
20160802060011,SA5,901323,AMINA,HAMISI,IDENT
20160802060014,SA5,901407,AMINA,MSINGWA,IDENT
20160802060016,SA6,900139,IDD,YUSUFU,IDENT
20160802060017,SA1,900716,JUMA,JUMANNE,IDENT
20160802060019,SA5,901338,WAZIRI,WAZIRI,IDENT
20160802060021,SA5,901337,SALUM,LINJA,IDENT
20160802060023,SA1,900777,MNADI,MRAJAA,IDENT
20160802060030,SA5,901362,JULIETH,GODFREY,IDENT
20160802060035,SA4,901076,AGNESS,NGAPONDA,IDENT
20160802060037,SA5,901387,GODFREY,YALED,IDENT
20160802060043,SA2,900916,SABINA,KINGIMALI,IDENT
20160802060045,SA5,901383,JOAN,OMANDI,IDENT
20160802060052,SA5,901300,ANNA,TEMBA,IDENT
20160802060100,SA1,900440,IDRISA,KIMARO,IDENT
20160802060104,SA5,901289,CONSOLATHA,RAPHAEL,IDENT
20160802060107,SA6,900404,BRYANT,NYENYEMBE,IDENT
20160802060108,SA5,901413,LEILA,KIMBENGELE,IDENT
20160802060113,SA6,900451,KASSIM,MALICK,IDENT
20160802060115,SA5,901426,TABU,SUPHIANI,IDENT
20160802060120,SA5,901309,SALMA,RAFIKI,IDENT
20160802060121,SA4,901271,RACHEL,MCHOVU,IDENT
20160802060129,SA5,901344,JACKSON,ATANUS,IDENT
20160802060131,SA5,901345,ALHAJI,KIHIYO,IDENT
20160802060137,SA5,901378,HOYCE,TILLYA,IDENT
20160802060141,SA4,901127,ZAHARA,MBELWA,IDENT
20160802060143,SA5,901308,MADINA,ATHUMANI,IDENT
20160802060147,SA5,901282,ADAM,MUSSA,IDENT
20160802060148,SA4,900867,AISHA,KIUMBA,IDENT
20160802060149,SA1,900571,FRANK,MALIMA,IDENT
20160802060152,SA5,901366,LYDIA,MAKENE,IDENT
20160802060157,SA5,901371,YASINTA,LEKERI,IDENT
20160802060217,SA5,901374,NASRA,HAMADI,IDENT
20160802060227,SA4,900890,OLIVER,UDOBA,IDENT
20160802060235,SA2,900919,ANNA,MPUGE,IDENT
20160802060237,SA5,901381,DOROSTA,CLEMANCE,IDENT
20160802060237,SA1,900790,ISIHAKA,IDDI,IDENT
20160802060245,SA5,900471,MOHAMED,MIRUNDI,IDENT
20160802060245,SA1,900725,SAMSONI,KINGU,IDENT
20160802060249,SA2,900884,HADIJA,GOGO,IDENT
20160802060250,SA5,901307,MATRIDA,CHUVAKA,IDENT
20160802060252,SA4,900934,MWAJABU,MARIDADI,IDENT
20160802060253,SA1,900773,FELIX,CHRISTOPHER,IDENT
20160802060300,SA1,900456,KHALIFA,BASHILI,IDENT
20160802060313,SA1,900738,MOHAMED,NGODA,IDENT
20160802060342,SA1,900751,TUSKAR,HALFANI,IDENT
20160802060416,SA1,900213,BEDASTUS,PIUS,IDENT
20160802060426,SA6,900138,HUSSEIN,SHABANI,IDENT
20160802060435,SA6,900050,STANLEY,JEREMIAH,IDENT
20160802060437,SA5,901392,STELLA,MTALLO,IDENT
20160802060500,SA1,900154,MWAJUMA,MSAKUZI,IDENT
20160802060505,SA1,900792,IDDI,IDDI,IDENT
20160802060510,SA6,900051,SUDI,KHALFANI,IDENT
20160802060521,SA1,900813,LEONARD,PETER,IDENT
20160802060526,SA1,900819,PATRICK,MTONDOLA,IDENT
20160802060628,SA1,900822,MENRUFU,PILLY,IDENT
20160802060632,SA1,900812,LEONARD,NYANGO,IDENT
20160802060633,SA2,901096,SAMWELI,MANGARE,IDENT
20160802060634,SA1,900814,MARTIN,MUHANDO,IDENT
20160802060637,SA1,900800,NAPEGWA,JACOB,IDENT
20160802060643,SA1,900803,EMMANUEL,YOUZE,IDENT
20160802060648,SA2,901148,IBRAHIM,MZENTO,IDENT
20160802060657,SA1,900806,GODFREY,KIHAWA,IDENT
20160802060706,SA1,900717,GODFREY,LAMBAU,IDENT
20160802060707,SA4,900970,MARIA,ELIESEL,IDENT
20160802060709,SA6,900489,TUMAINI,MNZAVA,IDENT
20160802060711,SA4,901264,HADIJA,RAMADHANI,IDENT
20160802060722,SA5,901416,YONA,MUSA,IDENT
20160802060813,SA4,901045,ASHURA,KATULA,IDENT
20160802060815,SA6,900048,SHELLA,MFAUME,IDENT
20160802060842,SA1,900820,SALUM,KAISI,IDENT
20160802060846,SA1,900737,EXPEDTO,MKONGWE,IDENT
20160802060908,SA1,900764,OMBENI,MICHAEL,IDENT
20160802060954,SA6,900580,BARAKA,MAGAFU,IDENT
20160802061011,SA1,900242,WILSON,ANYNGISE,IDENT
20160802061016,SA1,900209,ANGELA,MBESIGWE,IDENT
20160802061024,SA1,900784,WILLIAM,MSOLOKA,IDENT
20160802061103,SA2,900931,JOHARI,KIMARO,IDENT
20160802061130,SA1,900795,ALLY,LIKIWA,IDENT
20160802061137,SA6,900049,SIHABA,NAKIPENGELE,IDENT
20160802061140,SA1,900719,STEPHAN,SIMON,IDENT
20160802061149,SA1,900774,MBEWE,ELIUS,IDENT
20160802061153,SA1,900578,MTARI,MAGINGA,IDENT
20160802061205,SA1,900731,HUSSAIN,HAMADI,IDENT
20160802061249,SA1,900826,VITALIS,HOTTI,IDENT
20160802061257,SA1,900421,FRANK ,MUSHI,IDENT
20160802061313,SA1,101945,JAMES,VALENTINE,IDENT
20160802061350,SA6,900115,AKIDA,DUGANGE,IDENT
20160802061448,SA1,900733,ALHAJI,IDD,IDENT
20160802061504,SA1,900775,SABATO,JULIUS,IDENT
20160802061508,SA1,900762,SAID,MOHAMED,IDENT
20160802061528,SA1,900782,JANETH,DADAA,IDENT
20160802061534,SA6,900469,MICHAEL,MDACHI,IDENT
20160802061548,SA1,900455,KHALFAN,OMARI,IDENT
20160802061603,SA1,900718,WILSON,ALOIS,IDENT
20160802061646,SA1,900736,KANUNU,THABIT,IDENT
20160802061655,SA1,900771,DATIUS,MARTINE,IDENT
20160802061731,SA1,900249,AMIRI,MZEE,IDENT
20160802061736,SA6,900015,EMMANUEL ,CLEMENT,IDENT
20160802061821,SA1,900768,FILAN,FATAEL,IDENT
20160802061825,SA1,900411,DEO,JULIUS,IDENT
20160802061856,SA1,900741,ERICK,LUWUNGO,IDENT
20160802062000,SA1,900569,JAMES,MWANDU,IDENT
20160802062003,SA6,900572,DOTO,KAJOGOO,IDENT
20160802062126,SA1,900450,JUMA,RAMADHANI,IDENT
20160802062157,SA1,900767,GLADNESS,KAIRUKI,IDENT
20160802062200,SA1,900212,BATHOLOMEO,MUSA,IDENT
20160802062410,SA1,900788,DEBORA,MWASOMOLA,IDENT
20160802062545,SA6,900409,DANIEL,MROPE,IDENT
20160802062558,SA6,900420,FRANCIS,TESHA,IDENT
20160802062715,SA1,900732,ELIA,FRANCIS,IDENT
20160802062755,SA1,900726,ABDALLAH,CHOBO,IDENT
20160802062835,SA5,901187,MONICA,SHEMBONI,IDENT
20160802062839,SA6,900037,MOHAMED,MKALA,IDENT
20160802063201,SA5,901336,ISMAIL,MHINA,IDENT
20160802063317,SA6,900054,THOMAS,MGABO,IDENT
20160802063338,SA1,900728,JAMAL,MRISHO,IDENT
20160802063348,SA1,900386,ABDALLAH ,RAMADHANI,IDENT
20160802063418,SA6,900447,JOSEPH,LUSANA,IDENT
20160802063611,SA6,900133,GEORGE,GIDION,IDENT
20160802063808,SA6,900175,TEDDY,SIMON,IDENT
20160802064806,SA1,900804,FROLAH,MPONDO,IDENT
20160802065606,SA6,900448,JOSEPH,MKELEBE,IDENT
20160802065849,SA1,900429,GOODLUCK,LYAHONA,IDENT
20160802070051,SA5,901327,EMERY,MSUNGU,IDENT
20160802070313,SA6,900629,MICHAEL,ZAMBETAKIS,IDENT
20160802070338,SA6,101110,ESTER,THEOOFIL,IDENT
20160802070509,SA6,901435,FILES,MBANDO,IDENT
20160802071050,SA1,900210,ASHA,HUSSEIN,IDENT
20160802071209,SA6,900171,ROBERT,MFUNI,IDENT
20160802072028,SA6,901434,JOSEPHINA,HAU,IDENT
20160802072119,SA6,900385,ABDALLAH,MOHAMED,IDENT
20160802072513,SA6,900560,DEOGRASIAS,STEPHIN,IDENT
20160802072715,SA2,900938,ISMAIL,THOMAS,IDENT
20160802072824,SA6,901431,AMBALI,SOUD,IDENT
20160802072838,SA6,900010,BITSON,MWASILE,IDENT
20160802073329,SA6,900485,SHUFAA,ABEID,IDENT
20160802073344,SA6,900291,RASHIDI,MUSSSA,IDENT
20160802073408,SA1,901575,LINDA,MLAY,IDENT
20160802073453,SA6,900041,NELSON,MTEMI,IDENT
20160802073530,SA6,900039,MWAJABU,ALLY,IDENT
20160802073630,SA6,900123,CHARLES,LUSWETULA,IDENT
20160802073636,SA6,900029,JUMANNE,MBONDE,IDENT
20160802073701,SA6,900007,ANNA,DUA,IDENT
20160802073756,SA2,200348,JONASI,LUCAS,IDENT
20160802074124,SA6,900566,ERICK,NDUNGURU,IDENT
20160802074139,SA1,900715,ELIASI,KIZITO,IDENT
20160802074341,SA6,900143,JACKLINE,MAIGA,IDENT
20160802074504,SA6,900397,ANNA,MOSHI,IDENT
20160802074529,SA1,101141,FRANK,RAPAHAEL,IDENT
20160802074558,SA2,200320,OMARI,OMAR,IDENT
20160802074734,SA6,900583,REGINALD,MICHAEL,IDENT
20160802074735,SA1,900547,COLMAN,KIWALE,IDENT
20160802074737,SA6,901265,FRANK ,RUZIGA,IDENT
20160802074741,SA1,900852,LEONCE,BARONGO,IDENT
20160802074753,SA1,900687,PROTUS,RUWANDA,IDENT
20160802074756,SA4,900941,KULWA,MSUMA,IDENT
20160802074804,SA6,900389,AHMAD,KINDUMA,IDENT
20160802074808,SA2,200347,SHABILU,MOHAMMED,IDENT
20160802074809,SA6,900470,MODEST,NJAU,IDENT
20160802074828,SA6,900390,ALBERT,KANENDA,IDENT
20160802074837,SA6,900494,YOHANA,LUSANA,IDENT
20160802074846,SA2,900859,MASANGULA,MASANGURA,IDENT
20160802074849,SA2,901444,BAKARI,KITILA,IDENT
20160802074852,SA2,901446,DANIEL,MBARUKA,IDENT
20160802074937,SA6,900144,JANE,MWAKABULUFU,IDENT
20160802074940,SA2,901534,MASANJA,JUMA,IDENT
20160802074947,SA2,100597,NOVATI,TARIMO,IDENT
20160802074949,SA2,100603,EDWIN,OWINO,IDENT
20160802074950,SA5,901339,JAMES,MKONO,IDENT
20160802074953,SA2,200349,FRANK,MOSHI,IDENT
20160802075023,SA2,901441,CHRISTOPHER ,MUSHI,IDENT
20160802075027,SA2,200312,BARAKA,KATEGILE,IDENT
20160802075034,SA5,901278,HENRY ,CHELULA,IDENT
20160802075040,SA6,900271,HUSNA,SAID,IDENT
20160802075043,SA6,900271,HUSNA,SAID,IDENT
20160802075048,SA6,900100,AROBOGAST,MOGELLA,IDENT
20160802075058,SA6,900262,FRIDA, MWAMBEGELE,IDENT
20160802075135,SA1,101588,ATHUMAN,SALIM,IDENT
20160802075201,SA6,900682,BENEDICT,ELIAS,IDENT
20160802075208,SA6,101880,RICHARD,MAKASI,IDENT
20160802075209,SA2,200311,DAVID,BWILE,IDENT
20160802075211,SA1,900500,HEMEDI,KANIKI,IDENT
20160802075216,SA6,900257,ENGLIBERTH,DAUDI,IDENT
20160802075218,SA2,901450,FARIDA,JUMA,IDENT
20160802075223,SA6,E021,RAJA,SWAMINATHAN,IDENT
20160802075244,SA6,900156,MWANAISHA,UWESU,IDENT
20160802075251,SA6,900703,MUSSA,MTALI,IDENT
20160802075307,SA6,900292,ROSE,CHIKAWE,IDENT
20160802075426,SA2,100635,JULIUS,MUNISHI,IDENT
20160802075428,SA6,E041,JAGAN MOHAN,YERUVA,IDENT
20160802075450,SA1,900712,JUMA,JUMBE,IDENT
20160802075457,SA6,900055,VERONICA,MBAZIGWA,IDENT
20160802075527,SA2,100596,ISMAIL,RAMADHANI,IDENT
20160802075531,SA2,100633,HADIJA,MMANGA,IDENT
20160802075537,SA2,900940,JUMANNE,ZONGO,IDENT
20160802075545,SA4,901239,SAKINA,KIZEE,IDENT
20160802075548,SA6,900131,FRANK,MAKWABU,IDENT
20160802075617,SA5,200171,RESPICIUS, NDYAMUKAMWA,IDENT
20160802075631,SA5,901334,SHAIBU,KASANGA,IDENT
20160802075634,SA6,900446,JOSEPH,KIBASA,IDENT
20160802075640,SA6,900432,HAMZA,ABDALLAH,IDENT
20160802075643,SA1,101589,AMIRI,YAHAYA,IDENT
20160802075653,SA1,101114,ABUBAKARI,KHALIDI,IDENT
20160802075658,SA1,900720,FRANCIS,RAFAEL,IDENT
20160802075707,SA1,101124,KHALIDI,KASSIMU,IDENT
20160802075709,SA2,100664,JUMA,MUSSA,IDENT
20160802075712,SA2,100624,HALIMA,KAMOTE,IDENT
20160802075713,SA1,900843,KHALFANI,SHABAN,IDENT
20160802075715,SA2,100638,AMINA,CHETE,IDENT
20160802075716,SA1,101531,RASHIDI,BAKARI,IDENT
20160802075730,SA2,200313,GADISON,ROSENIUS,IDENT
20160802075735,SA2,101587,SHAMIM,FUNDI,IDENT
20160802075737,SA6,901440,UMMY,KWANGALA,IDENT
20160802075738,SA2,200316,DENIS,JOHNSON,IDENT
20160802075743,SA2,200309,RAMADHANI,KIHILE,IDENT
20160802075748,SA2,200318,JOSHUA , PAULO,IDENT
20160802075751,SA6,900418			,FELIX,WAUSA,IDENT
20160802075754,SA2,200321,HEMED,KAZEMBE,IDENT
20160802075757,SA2,901448,PAULINA,DAVID,IDENT
20160802075759,SA6,E079,BALASUBRAMANIAM,M,IDENT
20160802075809,SA1,101123,KHAMISI ,PEMBE,IDENT
20160802075816,SA6,E060,ANOOP,TIWARI,IDENT
20160802075823,SA1,900515,SHOMARI,KIMBWEMBWE,IDENT
20160802075834,SA1,200053,MIKIDADI,NGODU,IDENT
20160802075837,SA1,900711,ATHUMAN,IDDI,IDENT
20160802075840,SA1,900507,KANTI,KADIRI,IDENT
20160802075845,SA1,101134,HASSAN,KAPANYA,IDENT
20160802075851,SA1,900503,JANE,RWEHUMBIZA,IDENT
20160802075858,SA1,900499,HASSAN,HAULE,IDENT
20160802075901,SA6,E073,DEVANSHU,SETH,IDENT
20160802075914,SA1,900713,ANICET,ABEL,IDENT
20160802075919,SA6,900620,AYOUB,MTAFUNGWA,IDENT
20160802075922,SA2,901447,MASHAKA,MATEKELE,IDENT
20160802075923,SA6,E076,KAILASH,MONEN,IDENT
20160802075926,SA2,901449,BONIFAS,ANGANILE,IDENT
20160802075928,SA6,900407,CHRISTIAN ,NGONYANI,IDENT
20160802075933,SA6,900701,MATHEW,NDANSHAU,IDENT
20160802075933,SA2,100566,MKWAYA,TONGOLA,IDENT
20160802075939,SA6,900458,KIBWANA,SAIDI,IDENT
20160802075942,SA1,900098,TATU,MTUPA,IDENT
20160802080002,SA6,E078,SANJAY,GOYAL,IDENT
20160802080014,SA1,900707,ATHUMANI,SALEHE,IDENT
20160802080024,SA2,200314,DEO,SAKAYA,IDENT
20160802080032,SA1,900024,JOSEPH,TWALIB,IDENT
20160802080033,SA2,901068,CATHERINE,MATENGO,IDENT
20160802080037,SA2,901452,STEVEN,CHUWA,IDENT
20160802080042,SA1,900237,SHOMARI,SELEMANI,IDENT
20160802080044,SA6,900465,MARTIN,KIDUNGU,IDENT
20160802080049,SA1,900706,MECKLEEN,NANGEDA,IDENT
20160802080054,SA1,900753,ALBERT,MASAWE,IDENT
20160802080057,SA1,900425,GEORGE,JOSEPH,IDENT
20160802080102,SA6,900126,DORIKA,MALYANGO,IDENT
20160802080104,SA2,901273,HELLEN,KIZWALO,IDENT
20160802080108,SA1,101128,ISSA,RAMADHANI,IDENT
20160802080119,SA5,901332,NASRA,MSANYA,IDENT
20160802080140,SA6,900472,MWALIMU,SELEMANI,IDENT
20160802080157,SA6,900468,MICHAEL,IBRAHIM,IDENT
20160802080209,SA4,900944,FROLA,KAMARA,IDENT
20160802080215,SA4,900979,FATUMA,MSAKUZI,IDENT
20160802080216,SA1,101118,MANENO,RAMADHANI,IDENT
20160802080244,SA5,901333,NEEMA,KILUZIA,IDENT
20160802080303,SA6,900454,KHALFAN,AMOUR,IDENT
20160802080307,SA2,901442,JARINA,SHEKOLA,IDENT
20160802080307,SA6,900464,MARTHA,MWIKOLA,IDENT
20160802080310,SA6,900581,SAADA,MUHINTE,IDENT
20160802080314,SA6,900649,ZUBEDA,MANDIA,IDENT
20160802080316,SA6,901560,FREDRICK,MUSHI,IDENT
20160802080316,SA1,900709,MRISHO,ATHUMANI,IDENT
20160802080318,SA6,900184,JASPER,NGURUBE,IDENT
20160802080328,SA6,900414,EMMANUEL ,SERAPHINE,IDENT
20160802080332,SA6,900435,HASSAN,NKHAMBI,IDENT
20160802080334,SA1,101530,SIMON,YOHANA,IDENT
20160802080335,SA6,900431,HAMADI,ZUBERI,IDENT
20160802080340,SA6,900165,RAMADHANI,NYENJE,IDENT
20160802080344,SA6,900173,SHARIFA,MRISHO,IDENT
20160802080349,SA1,101115,ATHUUMANI,HEMEDI,IDENT
20160802080417,SA6,900103,FREDNAND,JACKSON,IDENT
20160802080439,SA6,900268,GWANTWA,MWASYEBULE,IDENT
20160802080445,SA2,200351,MICHAEL,MICHAEL,IDENT
20160802080449,SA1,900502,IMAM,AJABU,IDENT
20160802080454,SA1,900225,JOHN,FREDRICK,IDENT
20160802080503,SA1,900517,THERESIA,NJAU,IDENT
20160802080509,SA6,900247,ALLY,SELEMANI,IDENT
20160802080525,SA5,901335,YONA,MAPELELE,IDENT
20160802080535,SA3,900871,MWANAHAMISI,NDOLWA,IDENT
20160802080545,SA6,900122,CATHERINE,KUMBATA,IDENT
20160802080611,SA6,900591,RASHID ,MUNKENDA,IDENT
20160802080620,SA1,900219,GEORGE,SAMATA,IDENT
20160802080626,SA1,900236,PENDO,MAGIGE,IDENT
20160802080654,SA1,900708,OMARY,ABDALLAH,IDENT
20160802080658,SA6,900155,MWANAFATIMA,MATIPA,IDENT
20160802080700,SA6,901432,AMINA,SOGOI,IDENT
20160802080705,SA6,900574,FURAHA,MSAMBWA,IDENT
20160802080721,SA6,901438,MARY,JOSEPH,IDENT
20160802080726,SA6,900043,RANI,MOHAR,IDENT
20160802080748,SA1,900710,NICHOLAS,KAPANDE,IDENT
20160802080752,SA1,900157,MZEE,KONDOWE,IDENT
20160802080803,SA6,900462,MANDZEL,KWIMBA,IDENT
20160802080834,SA6,900408,COLLMAN,KISISA,IDENT
20160802080839,SA6,900044,REGINARD,MSHANGA,IDENT
