20170801094114,SA1,901575,LINDA,MLAY,IDENT
20170801101124,SA6,900574,FURAHA,MSAMBWA,IDENT
20170801104334,SA6,900100,AROBOGAST,MOGELLA,IDENT
20170801110214,SA1,901586,MOHAMED,KIPANGUZI,IDENT
20170801110738,SA1,900219,GEORGE,SAMATA,IDENT
20170801122831,SA6,E079,BALASUBRAMANIAM,M,IDENT
20170801123754,SA6,900044,REGINARD,MSHANGA,IDENT
20170801124344,SA6,900035,MOHAMED,HAUSI,IDENT
20170801125025,SA6,900050,STANLEY,JEREMIAH,IDENT
20170801125448,SA6,901573,DAUDI,NYASHIMO,IDENT
20170801130032,SA6,900285,NKWABI,MDEHWA,IDENT
20170801131002,SA6,900099,AMIN,JUMA,IDENT
20170801131313,SA6,900036,MOHAMED,MAJUJULO,IDENT
20170801131409,SA1,900031,LUCAS,MABUYE,IDENT
20170801131703,SA6,900261,FRANCIS,MAKOTI,IDENT
20170801131845,SA6,900564,RAMADHANI,SAIDI,IDENT
20170801132023,SA6,900171,ROBERT,MFUNI,IDENT
20170801132058,SA4,200318,JOSHUA , PAULO,IDENT
20170801132427,SA6,900040,MWAJUMA,KATONA,IDENT
20170801132825,SA1,900798,ATHUMAN,SEIF,IDENT
20170801133140,SA6,900404,BRYANT,NYENYEMBE,IDENT
20170801133208,SA6,900132,FRIDA,KIGWA,IDENT
20170801133437,SA6,900662,ABDALLAH,ABEID,IDENT
20170801133504,SA4,900966,ZUHURA,KIJIMBO,IDENT
20170801133541,SA4,900937,UPENDO,MLEWA,IDENT
20170801133559,SA4,901074,VERONICA,KIMWAGA,IDENT
20170801133619,SA6,900647,JOHANSEN,MPANJU,IDENT
20170801133646,SA4,901036,AZIZA,MANGETU,IDENT
20170801133652,SA4,901005,HADIJJA,KIJUU,IDENT
20170801133715,SA6,900140,IGNATUS,MLANGWA,IDENT
20170801133718,SA4,901081,PILI,MDEDE,IDENT
20170801133724,SA4,900983,RUKIA,KONDO,IDENT
20170801133754,SA4,901125,TAUSI,SHABANI,IDENT
20170801133759,SA4,901166,SAUDA,MAULID,IDENT
20170801133759,SA6,900560,DEOGRASIAS,STEPHIN,IDENT
20170801133804,SA4,901133,HUSNA,SENGAMBA,IDENT
20170801133808,SA4,901222,DEBORA,FILIPATALI,IDENT
20170801133816,SA4,901066,ZULEHA,MOHAMED,IDENT
20170801133826,SA4,901161,NURU,MOHAMED,IDENT
20170801133843,SA4,901085,ELIZABETH,NYAMBO,IDENT
20170801133848,SA4,901049,REDEMTA,DANIEL,IDENT
20170801133855,SA4,901038,AMINA,MDOE,IDENT
20170801133902,SA4,900957,HADIJA,MKOTA,IDENT
20170801133908,SA4,901009,MOSHI,SAIDI,IDENT
20170801133920,SA4,900952,SALAMA,MOHAMAD,IDENT
20170801133925,SA4,901138,JOYCE,CHEMRA,IDENT
20170801133931,SA4,901126,YUNIS,LULANDALA,IDENT
20170801133942,SA4,901142,SOPHIA,YUSUPH,IDENT
20170801133955,SA4,901249,HILDA,MWAZEMBE,IDENT
20170801134121,SA4,901008,GRESS,KOBA,IDENT
20170801134110,SA6,900166,RAMADHANI,KIPENGELE,IDENT
20170801134123,SA1,900217,FRED,JAMES,IDENT
20170801134210,SA1,900754,ROBERT,JORAM,IDENT
20170801134217,SA1,900758,MOHAMEDY,ATHUMANI,IDENT
20170801134225,SA1,900776,ZUBERI,MOHAMED,IDENT
20170801134225,SA4,900958,SOPHIA,LIKONGO,IDENT
20170801134232,SA4,901270,NAOMI,OBONG,IDENT
20170801134242,SA4,901204,SOPHIA,LUGOME,IDENT
20170801134301,SA4,901007,MODESTA,JOGOO,IDENT
20170801134306,SA4,900991,CHRISTINA,JAILOS,IDENT
20170801134311,SA4,901171,ESTHER,MUNGUTI,IDENT
20170801134320,SA4,901116,GRACE,KAHANGE,IDENT
20170801134326,SA4,901274,AMINA,KAHABUKA,IDENT
20170801134352,SA4,901238,MARIAM,SELEMANI,IDENT
20170801134407,SA4,900889,SALMA,MWAWILA,IDENT
20170801134436,SA1,900797,ASHAM,MUSA,IDENT
20170801134502,SA4,901000,AGNES,MTYANGILE,IDENT
20170801134507,SA4,901057,ANNA,KITOMARY,IDENT
20170801134511,SA4,901225,NOELA,YALOT,IDENT
20170801134518,SA4,901073,SALMA,MUHARAMU,IDENT
20170801134525,SA4,901228,CESILIA,MBABUYE,IDENT
20170801134530,SA4,900973,SHARIFA,LIYAYA,IDENT
20170801134534,SA4,900926,AMINA,KONDO,IDENT
20170801134539,SA4,900893,JOYCE,MCHOMVU,IDENT
20170801134545,SA4,901224,ANNA,NYAKAPALA,IDENT
20170801134550,SA4,901213,HABIBA,NJIKU,IDENT
20170801134554,SA4,901176,FATUMA,MASOUD,IDENT
20170801134557,SA4,901102,ORIVER,DAUD,IDENT
20170801134602,SA4,901145,ADELINA,MALEMA,IDENT
20170801134608,SA4,901221,TEDDY,MAGAMBO,IDENT
20170801134612,SA4,901207,AISHA,ABEID,IDENT
20170801134618,SA4,901252,JENIPHA,CHIZA,IDENT
20170801134626,SA4,901070,FLORA,MSAMLA,IDENT
20170801134628,SA6,900575,CHRISTINA ,SENYANGWA,IDENT
20170801134634,SA6,900128,ENELES,MBWAGA,IDENT
20170801134640,SA4,901227,MWAMVITA,MWAIPOPO,IDENT
20170801134647,SA1,900555,MHEZIWA,MALEWA,IDENT
20170801134712,SA4,901128,ZAITUNI,SOGOI,IDENT
20170801134721,SA4,901003,SALAMA,KADALA,IDENT
20170801134738,SA2,900977,MWANAHAMISI,MUNKUNDA,IDENT
20170801134739,SA4,901220,AGNESS,MWAMBENGO,IDENT
20170801134745,SA4,901141,HADIJA,SALUM,IDENT
20170801134751,SA4,900918,MARIAM,RAMADHANI,IDENT
20170801134800,SA4,901173,BAHATI,MAKAMBA,IDENT
20170801134801,SA6,900626,AUGUSTINO,CHITANDA,IDENT
20170801134821,SA4,901146,MARTHA,MAKOTI,IDENT
20170801134904,SA4,901257,FRIDA,MHELELA,IDENT
20170801134908,SA1,900816,MICHAEL,HUSEIN,IDENT
20170801134911,SA1,900759,ELIAS,YAKOB,IDENT
20170801134916,SA1,900735,ZAINABU,MOHAMEDI,IDENT
20170801134917,SA2,900987,PILLY,MWAWILA,IDENT
20170801134920,SA4,901077,CONSOLATH,MATERU,IDENT
20170801134926,SA6,900010,BITSON,MWASILE,IDENT
20170801134931,SA2,900872,ZALAU,NGWELE,IDENT
20170801134932,SA4,901236,FATIMA,ALLY,IDENT
20170801134942,SA1,900154,MWAJUMA,MSAKUZI,IDENT
20170801135014,SA4,900928,MARIA,MAGWE,IDENT
20170801135020,SA4,901103,MWATANGA,DIENI,IDENT
20170801135029,SA6,900130,FATUMA,CHOMBO,IDENT
20170801135036,SA6,901590,ISSA,JUMA,IDENT
20170801135048,SA4,901172,AGNES,STEVEN,IDENT
20170801135054,SA4,900847,ZAINABU,SINGANO,IDENT
20170801135059,SA4,900911,NEEMA,URASSA,IDENT
20170801135130,SA2,901101,RAJABU,MOHAMMED,IDENT
20170801135056,SA1,900415,EMMANUEL,JONAS,IDENT
20170801135059,SA6,900489,TUMAINI,MNZAVA,IDENT
20170801135149,SA1,900823,TADEO,MAPEMA,IDENT
20170801135155,SA1,900777,MNADI,MRAJAA,IDENT
20170801135157,SA1,900809,JAMES,MWENDA,IDENT
20170801135201,SA1,900244,YOHA,MSANGI,IDENT
20170801135204,SA1,900731,HUSSAIN,HAMADI,IDENT
20170801135208,SA1,900799,RAJABU,RUBASHA,IDENT
20170801135213,SA1,900728,JAMAL,MRISHO,IDENT
20170801135216,SA1,900744,SILVESTER,KAHINDI,IDENT
20170801135218,SA1,900808,HEONANI,BAJANA,IDENT
20170801135219,SA4,901093,SHARON,IBRAHIM,IDENT
20170801135221,SA1,900743,JUMA,ISEMA,IDENT
20170801135223,SA1,900225,JOHN,FREDRICK,IDENT
20170801135227,SA1,900729,MOHAMED,KOMBO,IDENT
20170801135233,SA1,900814,MARTIN,MUHANDO,IDENT
20170801135249,SA1,900730,UHURU,MARWA,IDENT
20170801135308,SA4,900920,PILLI,SAIDI,IDENT
20170801135311,SA6,900164,RAMADHANI ,BAKARI,IDENT
20170801135318,SA6,900025,JOYCE,MAGANGA,IDENT
20170801135323,SA4,901214,MARIAM,OMAR,IDENT
20170801135350,SA1,900738,MOHAMED,NGODA,IDENT
20170801135353,SA1,900773,FELIX,CHRISTOPHER,IDENT
20170801135358,SA1,900727,GEORGE,GREAD,IDENT
20170801135401,SA4,901153,MAGRETH,ZANUARI,IDENT
20170801135414,SA4,901053,DORIS,JOHN,IDENT
20170801135423,SA4,900970,MARIA,ELIESEL,IDENT
20170801135428,SA2,901024,ASIA,KARATA,IDENT
20170801135428,SA1,900249,AMIRI,MZEE,IDENT
20170801135435,SA2,900982,MWANAKOMBO,KHALID,IDENT
20170801135455,SA4,901063,RACHEL,MZOROZORO,IDENT
20170801135505,SA4,901064,SAID,RAMADHANI,IDENT
20170801135515,SA4,900942,CHRISTINA,MWENDA,IDENT
20170801135530,SA4,900948,VERONICA,MFILINGE,IDENT
20170801135534,SA1,900750,JACOB,KAWALE,IDENT
20170801135547,SA1,900826,VITALIS,HOTTI,IDENT
20170801135548,SA6,900472,MWALIMU,SELEMANI,IDENT
20170801135600,SA1,900820,SALUM,KAISI,IDENT
20170801135623,SA4,900965,HERMAN,MAKOKO,IDENT
20170801135628,SA4,901237,ZUBEDA,KIMARO,IDENT
20170801135631,SA1,900214,BRUNO,FREDRICK,IDENT
20170801135638,SA4,901260,AISHA,MNEKA,IDENT
20170801135708,SA4,901006,RUKIA,ALLY,IDENT
20170801135747,SA4,900956,DIANA,LEMA,IDENT
20170801135755,SA6,900567,BAKARI,BELEKETE,IDENT
20170801135759,SA1,900748,EDWARD,DAWSON,IDENT
20170801135804,SA2,901198,MANEO,ATHUMANI,IDENT
20170801135821,SA4,901089,HARUNA,ATHUMANI,IDENT
20170801135828,SA4,901108,AISHA,WILLIUM,IDENT
20170801135836,SA4,901127,ZAHARA,MBELWA,IDENT
20170801135839,SA1,900240,SOSTHENES,MANYAMA,IDENT
20170801135855,SA4,901559,MARIAM,JUMA,IDENT
20170801135905,SA4,901230,KUDRA,BAKARI,IDENT
20170801135910,SA4,901018,AISHA,KIBINDO,IDENT
20170801135911,SA6,900661,ADILILA,KONGA,IDENT
20170801135931,SA1,900795,ALLY,LIKIWA,IDENT
20170801135938,SA2,901031,AMINA,BAKARI,IDENT
20170801135940,SA4,900862,EDINA,MWAKYOMA,IDENT
20170801135941,SA6,900451,KASSIM,MALICK,IDENT
20170801135943,SA1,901557,WALTER,MAYA,IDENT
20170801140006,SA4,901050,MARIAM,SAIDI,IDENT
20170801140012,SA4,901114,FARIDA,AMBLOS,IDENT
20170801140017,SA4,901137,SOFIA,KIUMBE,IDENT
20170801140017,SA2,900923,HELENA,KHAJI,IDENT
20170801140022,SA2,900978,ELIZABETH,ZAE,IDENT
20170801140023,SA4,901216,ASHA,RAMADHANI,IDENT
20170801140027,SA6,900579,GRAYSON,KUNZUGALA,IDENT
20170801140031,SA4,901135,REHEMA,OMARY,IDENT
20170801140037,SA4,900985,BAHATI,SARAPIONI,IDENT
20170801140046,SA4,900890,OLIVER,UDOBA,IDENT
20170801140047,SA6,900406,CHAUREMBO,MWINYI,IDENT
20170801140051,SA4,901160,SAUDA,MCHECHE,IDENT
20170801140056,SA4,900993,MARIAM,MSUMALI,IDENT
20170801140101,SA4,900972,SAFINA,ABEID,IDENT
20170801140103,SA2,900927,SAADA,SALUM,IDENT
20170801140106,SA4,901023,AMINA,CHAKWE,IDENT
20170801140108,SA2,901072,TATU,ATHUMAN,IDENT
20170801140111,SA4,900988,UPENDO,PETER,IDENT
20170801140116,SA4,901187,MONICA,SHEMBONI,IDENT
20170801140117,SA2,901134,NURU,MULONGANILE,IDENT
20170801140124,SA4,901212,JASMINI,MOHAMED,IDENT
20170801140128,SA4,900897,SWAUMU,SAIDI,IDENT
20170801140129,SA2,900976,LUCY,STANLEY,IDENT
20170801140146,SA4,901030,VERONICA,WANGWE,IDENT
20170801140200,SA2,900976,LUCY,STANLEY,IDENT
20170801140208,SA1,900726,ABDALLAH,CHOBO,IDENT
20170801140208,SA2,901223,HAPPY,MKWEPU,IDENT
20170801140212,SA4,901261,ZAINA,KILWANDA,IDENT
20170801140217,SA4,901034,STAMILI,MUSSA,IDENT
20170801140236,SA1,900440,IDRISA,KIMARO,IDENT
20170801140240,SA1,900819,PATRICK,MTONDOLA,IDENT
20170801140244,SA2,901044,SUZANA,KIMARO,IDENT
20170801140252,SA1,900802,EMANUEL,SILAYO,IDENT
20170801140253,SA4,901181,ASNA,SPRIAN,IDENT
20170801140312,SA2,900990,JANE,MHONGOLE,IDENT
20170801140318,SA4,901022,SILIVIA,SHAYO,IDENT
20170801140331,SA1,900450,JUMA,RAMADHANI,IDENT
20170801140337,SA2,901020,VICTORIA,MWALUANDA,IDENT
20170801140338,SA1,900455,KHALFAN,OMARI,IDENT
20170801140341,SA1,900290,RASHIDI,GEUZA,IDENT
20170801140343,SA4,901241,FATUMA,JUMA,IDENT
20170801140347,SA1,900578,MTARI,MAGINGA,IDENT
20170801140350,SA4,901143,LINES,PILLI,IDENT
20170801140351,SA1,900456,KHALIFA,BASHILI,IDENT
20170801140401,SA2,901167,KELVIN,NGOZI,IDENT
20170801140402,SA4,901256,AVERINA,AMANDUS,IDENT
20170801140406,SA2,901258,ATHUMAN,KILINDU,IDENT
20170801140410,SA2,900921,MWAJUMA,IDDI,IDENT
20170801140415,SA2,900945,ELIZABETH,MREMA,IDENT
20170801140420,SA2,900933,WINFRIDA,LUSEBA,IDENT
20170801140424,SA4,901132,HEAVENLIGHT,NKYA,IDENT
20170801140428,SA2,901083,HADIJA,MPAMBA,IDENT
20170801140435,SA2,900906,MARYSTELA,MCHOME,IDENT
20170801140440,SA4,901148,IBRAHIM,MZENTO,IDENT
20170801140444,SA4,901140,ASHURA,MGENI,IDENT
20170801140453,SA2,900943,MWAMINI,MPANGULE,IDENT
20170801140500,SA1,900811,JUMA,HUMBE,IDENT
20170801140501,SA2,900905,AMINA,MUHIDINI,IDENT
20170801140504,SA1,900384,ABDALLA,SAIDI,IDENT
20170801140513,SA4,901268,ANITHA,KWIMBA,IDENT
20170801140519,SA4,900913,ASHURA,NGUMBE,IDENT
20170801140525,SA6,900433,HARUNI,MKAMA,IDENT
20170801140527,SA4,900997,MARY,ONDURU,IDENT
20170801140531,SA1,900806,GODFREY,KIHAWA,IDENT
20170801140546,SA4,901244,SWAUMU,HIMBU,IDENT
20170801140551,SA4,901112,BUSHRA,SALUM,IDENT
20170801140555,SA4,901113,ELIZABETH,SHIRIMA,IDENT
20170801140610,SA4,901129,FELISTA,NYAHENGE,IDENT
20170801140654,SA2,901084,MARIA ,SANGA,IDENT
20170801140657,SA4,901182,RENIFRIDA,NGUMBU,IDENT
20170801140703,SA2,901180,FURAHA,TEMBA,IDENT
20170801140705,SA1,900739,EMENUEL,KYEJO,IDENT
20170801140711,SA1,900466,MATHEW,PHILIP,IDENT
20170801140721,SA4,900984,SALAMA,BIGE,IDENT
20170801140728,SA2,901032,MARISELINA,NGULI,IDENT
20170801140733,SA2,900885,AMINA,MZARA,IDENT
20170801140809,SA2,901246,VERONICA,MTENGWA,IDENT
20170801140809,SA4,900968,TAUSI,SIMBA,IDENT
20170801140814,SA6,900487,STEPHEN,KAMBWEMBWE,IDENT
20170801140816,SA4,901151,SIJARI,MAGOMBE,IDENT
20170801140818,SA2,900925,REGINA,THOMAS,IDENT
20170801140823,SA4,901190,NEEMA,MNYALAPE,IDENT
20170801140843,SA4,901130,NURU,DAUDI,IDENT
20170801140847,SA2,901105,MTUMWA,ALLY,IDENT
20170801140850,SA6,900473,NAOMI,GONDA,IDENT
20170801140853,SA4,901235,TUMAIN,MUNGURE,IDENT
20170801140902,SA2,901037,FADINA,IBRAHIM,IDENT
20170801140910,SA1,900790,ISIHAKA,IDDI,IDENT
20170801140914,SA1,900779,MUSTAFA,HAMISI,IDENT
20170801140916,SA2,901105,MTUMWA,ALLY,IDENT
20170801140920,SA2,901271,RACHEL,MCHOVU,IDENT
20170801140939,SA2,900846,SARA,CHIDUNI,IDENT
20170801140942,SA4,901234,ANITHA,AHALIELI,IDENT
20170801140954,SA1,900722,ELIZABETH,MATHIUS,IDENT
20170801140955,SA4,901253,JOYCE,KESI,IDENT
20170801140956,SA2,900844,AISHA,MSOMI,IDENT
20170801141034,SA2,901164,SWAUMU,KAYANDA,IDENT
20170801141115,SA4,901043,ANNA,JOHN,IDENT
20170801141123,SA4,901245,EVERINA,MKETO,IDENT
20170801141134,SA6,900703,MUSSA,MTALI,IDENT
20170801141249,SA4,901193,VICTORIA,MWAMPEGETE,IDENT
20170801141256,SA4,901185,JOYCE,SAMWEL,IDENT
20170801141311,SA1,900752,SIMON,MAPUNDA,IDENT
20170801141318,SA4,901027,EDDA,MWAKIBINGWA,IDENT
20170801141327,SA4,901155,GRACE,MUHONO,IDENT
20170801141350,SA4,900946,RAHMA,MWIMBA,IDENT
20170801141403,SA4,901186,FROLA,KILIMA,IDENT
20170801141404,SA1,900211,BARAKA,MAKI,IDENT
20170801141409,SA1,900742,PROSPER,POLITHO,IDENT
20170801141430,SA2,900934,MWAJABU,MARIDADI,IDENT
20170801141438,SA6,900627,BAHATI,KAPIGA,IDENT
20170801141457,SA4,901219,MARIAM,MUSSA,IDENT
20170801141534,SA4,901262,HADIJA,SALUM,IDENT
20170801141542,SA6,900586,MOHAMED,SOLOKA,IDENT
20170801141656,SA6,900417,FABIAN,FABIAN,IDENT
20170801141729,SA2,900959,REHEMA,LYOWA,IDENT
20170801141743,SA4,901091,FARIDA,LYIMO,IDENT
20170801141748,SA4,901184,GRACE,NGALABA,IDENT
20170801141753,SA2,900899,MAGDALENA,SIMAO,IDENT
20170801141834,SA2,901150,CHRISTINA,MBODE,IDENT
20170801141951,SA1,900766,JUDITH,GEOFREY,IDENT
20170801141959,SA1,900778,MARIAM,MICHAEL,IDENT
20170801142003,SA1,900765,REBECA,GIDEON,IDENT
20170801142007,SA1,900801,DAVID ,MWANJA,IDENT
20170801142043,SA4,900992,AGNES,MEJA,IDENT
20170801142048,SA1,900786,FARAJI,KILUWA,IDENT
20170801142127,SA2,901035,AGNES,NKONJELWA,IDENT
20170801142102,SA1,900209,ANGELA,MBESIGWE,IDENT
20170801142205,SA6,900476,RAMADHANI,IDD,IDENT
20170801142216,SA1,900794,ADAM,SALTIELY,IDENT
20170801142247,SA2,900908,SALMA,RWAMBANO,IDENT
20170801142255,SA1,900822,MENRUFU,PILLY,IDENT
20170801142400,SA1,900232,MATIKO ,MICHAEL,IDENT
20170801142414,SA1,900228,KAGERA,MSAMBUSI,IDENT
20170801142417,SA1,900807,GODRICH,MCHOMVU,IDENT
20170801142421,SA1,900426,GESAGA,RAMADHANI,IDENT
20170801142431,SA1,900818,PASCAL,MIKONDO,IDENT
20170801142439,SA1,900760,OMARY,MHAGAMA,IDENT
20170801142514,SA1,900272,ISRAEL,GYUNA,IDENT
20170801142517,SA1,900569,JAMES,MWANDU,IDENT
20170801142521,SA1,900783,DAMIAN,ALONE,IDENT
20170801142525,SA1,900207,ADELE,NJOCHOLA,IDENT
20170801142600,SA1,900803,EMMANUEL,YOUZE,IDENT
20170801142609,SA1,900810,JOSEPH,JULIUS,IDENT
20170801142706,SA6,900396,ANDREW,MSANGI,IDENT
20170801142713,SA6,900112,ABDALLAH,MIKALAMBILO,IDENT
20170801142723,SA1,900768,FILAN,FATAEL,IDENT
20170801142728,SA1,900386,ABDALLAH ,RAMADHANI,IDENT
20170801142732,SA1,900746,GEDION,BUTENGE,IDENT
20170801142734,SA1,900746,GEDION,BUTENGE,IDENT
20170801142958,SA2,901111,ASIA,MSHAMU,IDENT
20170801143055,SA6,900544,YUSUPH,MTUTUMA,IDENT
20170801143130,SA1,900763,SALEHE,NJAGE,IDENT
20170801143141,SA1,900749,EZEKIEL,SOLO,IDENT
20170801143145,SA1,900723,SAIDI,JUMANE,IDENT
20170801143150,SA1,900719,STEPHAN,SIMON,IDENT
20170801143157,SA1,900745,YUSUPH,NGAPAWA,IDENT
20170801143212,SA2,900856,MWAJAMBU,HAMAD,IDENT
20170801143215,SA1,900216,ELLY,MKONGWE,IDENT
20170801143325,SA1,900769,JAMES,MACKLINE,IDENT
20170801143534,SA6,900658,MWASITI,LABOA,IDENT
20170801143821,SA6,900389,AHMAD,KINDUMA,IDENT
20170801143905,SA2,900936,SOPHIA,MBONDE,IDENT
20170801144030,SA1,900220,HAMISI,NJOCHOLA,IDENT
20170801144045,SA1,900789,KAMPBONA,PASCAL,IDENT
20170801144158,SA1,900724,HASANI,MRISHO,IDENT
20170801144202,SA1,900218,GEDDY,SONENGA,IDENT
20170801144305,SA1,900756,HUSSEIN,KANDORO,IDENT
20170801144846,SA6,900170,REHEMA,CHINUNJE,IDENT
20170801145205,SA2,900969,JEMA,SALUM,IDENT
20170801145215,SA4,901015,JOYCE,CHACHA,IDENT
20170801145718,SA6,900436,HONEST,MATEMU,IDENT
20170801145831,SA6,900161,PILLI ,MOHAMED,IDENT
20170801150009,SA2,901092,ASIA,JUMA,IDENT
20170801150027,SA2,900986,KAUSE,ABDALLAH,IDENT
20170801150729,SA4,901218,JANE,RYOBA,IDENT
20170801152635,SA6,900139,IDD,YUSUFU,IDENT
20170801152823,SA4,901264,HADIJA,RAMADHANI,IDENT
20170801152945,SA1,900213,BEDASTUS,PIUS,IDENT
20170801153114,SA1,900720,FRANCIS,RAFAEL,IDENT
20170801155625,SA2,900902,SAKINA,MAWEMBA,IDENT
20170801160651,SA6,900123,CHARLES,LUSWETULA,IDENT
20170801160725,SA1,900804,FROLAH,MPONDO,IDENT
20170801163417,SA6,901433,ESTER,THEOFIL,IDENT
20170801163549,SA6,900041,NELSON,MTEMI,IDENT
20170801163859,SA6,101880,RICHARD,MAKASI,IDENT
20170801165418,SA6,900110,RASHID,ISSA,IDENT
20170801165618,SA6,900271,HUSNA,SAID,IDENT
20170801165636,SA1,900711,ATHUMAN,IDDI,IDENT
20170801165638,SA6,900184,JASPER,NGURUBE,IDENT
20170801165659,SA6,900008,ANNE,MCHUMA,IDENT
20170801165708,SA1,900710,NICHOLAS,KAPANDE,IDENT
20170801165730,SA1,900499,HASSAN,HAULE,IDENT
20170801165754,SA1,900708,OMARY,ABDALLAH,IDENT
20170801165757,SA6,900397,ANNA,MOSHI,IDENT
20170801170003,SA2,901060,MARTHA,GABRIEL,IDENT
20170801170009,SA2,901039,JULIANA,SUKU,IDENT
20170801170036,SA6,901569,FREDRICK,MUSHI,IDENT
20170801170050,SA6,900115,AKIDA,DUGANGE,IDENT
20170801170121,SA2,900938,ISMAIL,THOMAS,IDENT
20170801170111,SA6,900560,DEOGRASIAS,STEPHIN,IDENT
20170801170116,SA6,900583,REGINALD,MICHAEL,IDENT
20170801170131,SA6,900689,IRENE,MOSHI,IDENT
20170801170133,SA6,901584,PENDO,MNJAGILA,IDENT
20170801170136,SA6,900620,AYOUB,MTAFUNGWA,IDENT
20170801170142,SA1,900655,ZAINAB,JERECKO,IDENT
20170801170152,SA6,900247,ALLY,SELEMANI,IDENT
20170801170156,SA2,901450,FARIDA,JUMA,IDENT
20170801170156,SA6,900043,RANI,MOHAR,IDENT
20170801170237,SA6,900133,GEORGE,GIDION,IDENT
20170801170254,SA6,900445,JOHN,MASUNGWA,IDENT
20170801170315,SA6,900111,SALUM,SAIDI,IDENT
20170801170325,SA6,900029,JUMANNE,MBONDE,IDENT
20170801170332,SA6,900099,AMIN,JUMA,IDENT
20170801170338,SA6,900280,TADEO,MWINGIZI,IDENT
20170801170353,SA6,900494,YOHANA,LUSANA,IDENT
20170801170417,SA1,900714,STIVINI,STIVINI,IDENT
20170801170421,SA1,900843,KHALFANI,SHABAN,IDENT
20170801170437,SA6,900629,MICHAEL,ZAMBETAKIS,IDENT
20170801170445,SA1,900429,GOODLUCK,LYAHONA,IDENT
20170801170447,SA1,900411,DEO,JULIUS,IDENT
20170801170500,SA6,900291,RASHIDI,MUSSSA,IDENT
20170801170514,SA6,900488,THOBIAS,KIWELU,IDENT
20170801170529,SA6,900430,GWAKISA,MWAKASAGURE,IDENT
20170801170552,SA2,901443,MWAJUMA,SHEMBWANA,IDENT
20170801170613,SA6,900107,MSELEM,MSELEM,IDENT
20170801170617,SA6,900468,MICHAEL,IBRAHIM,IDENT
20170801170622,SA6,900432,HAMZA,ABDALLAH,IDENT
20170801170624,SA6,900682,BENEDICT,ELIAS,IDENT
20170801170631,SA6,900393,ALLY,MTWALE,IDENT
20170801170634,SA1,900098,TATU,MTUPA,IDENT
20170801170658,SA2,901069,ELIZABETH,MRAMU,IDENT
20170801170724,SA6,900407,CHRISTIAN ,NGONYANI,IDENT
20170801170732,SA4,901243,PLAKSEDA,AKIZAMUNGU,IDENT
20170801170734,SA1,900780,THEO,MAPUNDA,IDENT
20170801170748,SA6,900131,FRANK,MAKWABU,IDENT
20170801170752,SA6,900566,ERICK,NDUNGURU,IDENT
20170801170805,SA6,900408,COLLMAN,KISISA,IDENT
20170801170830,SA4,901239,SAKINA,KIZEE,IDENT
20170801170835,SA1,900236,PENDO,MAGIGE,IDENT
20170801170837,SA6,901585,SADICK,MAPUNDA,IDENT
20170801170843,SA1,900512,SAIDI,BARUTI,IDENT
20170801170904,SA1,900239,SOPHIA,MUSHI,IDENT
20170801170930,SA6,901265,FRANK ,RUZIGA,IDENT
20170801170947,SA6,900416,ERICK,DAUD,IDENT
20170801170954,SA6,900402,BARAKA,MVUNGI,IDENT
20170801171038,SA6,900484,SHANI,MOHAMED,IDENT
20170801171044,SA6,900581,SAADA,MUHINTE,IDENT
20170801171059,SA6,900649,ZUBEDA,MANDIA,IDENT
20170801171112,SA6,900414,EMMANUEL ,SERAPHINE,IDENT
20170801171124,SA6,900701,MATHEW,NDANSHAU,IDENT
20170801171127,SA6,900681,ABUBAKARI,MGAZA,IDENT
20170801171128,SA1,900503,JANE,RWEHUMBIZA,IDENT
20170801171203,SA6,900108,NORAH,CLEMENCE,IDENT
20170801171306,SA1,101529,SELEMAN,RAMADHANI,IDENT
20170801171449,SA6,900009,ASHA,HAMISI,IDENT
20170801171502,SA1,901700,JOSEPH,KUANDIKA,IDENT
20170801171552,SA1,101134,HASSAN,KAPANYA,IDENT
20170801171614,SA6,900447,JOSEPH,LUSANA,IDENT
20170801171711,SA6,900460,LAMECK,ASSETO,IDENT
20170801171727,SA6,900246,ABDULKARIM,ALI,IDENT
20170801171751,SA1,900571,FRANK,MALIMA,IDENT
20170801171756,SA6,901591,EINHARD,MASSAWE,IDENT
20170801171831,SA6,900109,AMANI,NYAKARASHI,IDENT
20170801171912,SA6,900435,HASSAN,NKHAMBI,IDENT
20170801171949,SA6,900481,RICHARD,KWEYAMBA,IDENT
20170801171950,SA1,900829,MOHAMED,ENZI,IDENT
20170801172137,SA6,900420,FRANCIS,TESHA,IDENT
20170801172142,SA6,900057,ZAITUNI,ABDALLAH,IDENT
20170801172148,SA6,901435,FILES,MBANDO,IDENT
20170801172239,SA1,101141,FRANK,RAPAHAEL,IDENT
20170801172249,SA1,901575,LINDA,MLAY,IDENT
20170801172257,SA6,900439,IDDI,MOHAMED,IDENT
20170801172306,SA6,900142,IRENE,MREMA,IDENT
20170801172313,SA6,900399,ATHUMANI,JUMA,IDENT
20170801172339,SA6,900173,SHARIFA,MRISHO,IDENT
20170801172350,SA2,901442,JARINA,SHEKOLA,IDENT
20170801172353,SA6,900474,PHILBERT,MATOGO,IDENT
20170801172425,SA2,901453,JOHNSON,MUNISI,IDENT
20170801172517,SA1,900706,MECKLEEN,NANGEDA,IDENT
20170801172740,SA6,900143,JACKLINE,MAIGA,IDENT
20170801173046,SA6,900465,MARTIN,KIDUNGU,IDENT
20170801173343,SA6,900478,RAPHAEL,SENKONDO,IDENT
20170801173353,SA6,900388,AGNES,SHAYO,IDENT
20170801173417,SA6,900165,RAMADHANI,NYENJE,IDENT
20170801173432,SA1,900243,YOHANA,ALLY,IDENT
20170801173545,SA6,900405,CHARLES,WILLIAM,IDENT
20170801173701,SA6,900400,BAHATI,LUBUVA,IDENT
20170801173720,SA1,101118,MANENO,RAMADHANI,IDENT
20170801173833,SA6,E037,SRINIVAS,DANTU,IDENT
20170801174016,SA6,E008,ATUL,PATHAK,IDENT
20170801174041,SA6,E084,NAVNEET, SINGH,IDENT
20170801174126,SA6,900413,ELIBAHATI,JOSEPH,IDENT
20170801174138,SA1,900497,EMANUEL,NGIMBUZI,IDENT
20170801174155,SA6,900390,ALBERT,KANENDA,IDENT
20170801174237,SA1,101124,KHALIDI,KASSIMU,IDENT
20170801174344,SA1,200053,MIKIDADI,NGODU,IDENT
20170801174422,SA6,900114,ABEID,MOHAMED,IDENT
20170801174533,SA1,900715,ELIASI,KIZITO,IDENT
20170801174649,SA6,E060,ANOOP,TIWARI,IDENT
20170801174652,SA6,E068,RANJEET SINGH,SAINI,IDENT
20170801174716,SA6,E078,SANJAY,GOYAL,IDENT
20170801174737,SA6,900270,HASSAN,KIGWIO,IDENT
20170801174821,SA6,E085,ASEEM,VERMA,IDENT
20170801174858,SA2,901016,HALIFA,MOHAMED,IDENT
20170801175117,SA6,901434,JOSEPHINA,HAU,IDENT
20170801175123,SA6,900584,LUCY,MACHAI,IDENT
20170801175130,SA1,900502,IMAM,AJABU,IDENT
20170801175227,SA6,900007,ANNA,DUA,IDENT
20170801175434,SA2,901196,BONIPHACE,NGESI,IDENT
20170801175523,SA1,900463,MARTENUS,MAPESA,IDENT
20170801175725,SA1,900504,JEREMIA,TONNO,IDENT
20170801175857,SA1,900645,PETER,MTOLELA,IDENT
20170801175859,SA6,900485,SHUFAA,ABEID,IDENT
20170801175935,SA1,900828,WILLIUM,MPANGALA,IDENT
20170801180013,SA6,900470,MODEST,NJAU,IDENT
20170801180126,SA1,101140,FAUSTINI,MGIMBA,IDENT
20170801180144,SA6,900017,FIKA,JOMSON,IDENT
20170801180247,SA1,900825,TITO,MWAMBE,IDENT
20170801180344,SA1,900505,JESCA,MATECHI,IDENT
20170801180349,SA1,900770,ANDERSON,KIKOTI,IDENT
20170801180355,SA6,900446,JOSEPH,KIBASA,IDENT
20170801180512,SA2,901444,BAKARI,KITILA,IDENT
20170801180514,SA6,900418			,FELIX,WAUSA,IDENT
20170801180616,SA6,900127,DUNCAN,MHANDO,IDENT
20170801180622,SA6,900431,HAMADI,ZUBERI,IDENT
20170801180630,SA1,900231,MARKO,SHIMIZI,IDENT
20170801180646,SA2,901451,JUSTINE,MKUDE,IDENT
20170801180949,SA4,901156,SAID,HAMISI,IDENT
20170801181033,SA4,901157,DAVID,JUMA,IDENT
20170801181154,SA6,900448,JOSEPH,MKELEBE,IDENT
20170801181305,SA2,901447,MASHAKA,MATEKELE,IDENT
20170801181447,SA4,901452,STEVEN,CHUWA,IDENT
20170801181654,SA6,E079,BALASUBRAMANIAM,M,IDENT
20170801181659,SA6,900591,RASHID ,MUNKENDA,IDENT
20170801181939,SA6,900044,REGINARD,MSHANGA,IDENT
20170801181956,SA6,E021,RAJA,SWAMINATHAN,IDENT
20170801181959,SA6,E045,SURESH,PS,IDENT
20170801182031,SA6,901436,HAMISI,ALI,IDENT
20170801182126,SA6,900660,IDDI,ALLY,IDENT
20170801182440,SA1,900757,JOSEPH,HEMA,IDENT
20170801182447,SA4,900962,JOSEPH,ELISAFI,IDENT
20170801182455,SA6,900039,MWAJABU,ALLY,IDENT
20170801182516,SA6,901432,AMINA,SOGOI,IDENT
20170801182548,SA6,900151,LISSY,KIGONJOLA,IDENT
20170801182711,SA1,900219,GEORGE,SAMATA,IDENT
20170801182723,SA1,901598,GERALD,RUHERE,IDENT
20170801182800,SA6,900452,KENNEDY,KIMARO,IDENT
20170801182846,SA6,900454,KHALFAN,AMOUR,IDENT
20170801182934,SA6,900144,JANE,MWAKABULUFU,IDENT
20170801183037,SA6,900387,ADAM,KINGU,IDENT
20170801183043,SA6,E083,GURURAJ,SHENVI,IDENT
20170801183220,SA1,900224,JABIRI,AMANZI,IDENT
20170801183609,SA6,900398,ARSEN, RWEBANGILA	,IDENT
20170801183641,SA2,200311,DAVID,BWILE,IDENT
20170801183716,SA1,900222,HENRY,NGOWI,IDENT
20170801183827,SA6,900175,TEDDY,SIMON,IDENT
20170801184109,SA6,900493,YAKOBO,ALLY,IDENT
20170801184148,SA1,101114,ABUBAKARI,KHALIDI,IDENT
20170801184956,SA2,901449,BONIFAS,ANGANILE,IDENT
20170801185003,SA1,101589,AMIRI,YAHAYA,IDENT
20170801185031,SA6,900582,ZABRON,TOSSI,IDENT
20170801185128,SA2,901068,CATHERINE,MATENGO,IDENT
20170801185440,SA1,900515,SHOMARI,KIMBWEMBWE,IDENT
20170801185917,SA6,E013,GIRIRAJ,SHARMA,IDENT
20170801190025,SA6,900137,HERIETH,MWELI,IDENT
20170801190153,SA4,900941,KULWA,MSUMA,IDENT
20170801190151,SA6,900156,MWANAISHA,UWESU,IDENT
20170801190211,SA6,900262,FRIDA, MWAMBEGELE,IDENT
20170801190347,SA6,900543,JOHN,MAGANYA,IDENT
20170801190755,SA1,900506,JOE ,MATANDU,IDENT
20170801191238,SA1,900517,THERESIA,NJAU,IDENT
20170801191340,SA6,900292,ROSE,CHIKAWE,IDENT
20170801191715,SA1,900621,COSMAS,KARADIS,IDENT
20170801192311,SA6,900103,FREDNAND,JACKSON,IDENT
20170801193204,SA6,900574,FURAHA,MSAMBWA,IDENT
20170801193208,SA6,901438,MARY,JOSEPH,IDENT
20170801193227,SA6,900037,MOHAMED,MKALA,IDENT
20170801193914,SA6,900464,MARTHA,MWIKOLA,IDENT
20170801195816,SA6,900049,SIHABA,NAKIPENGELE,IDENT
20170801200008,SA4,200052,HUSSEIN,MEZA,IDENT
20170801200054,SA6,900541,GOLDEN,MDUBA,IDENT
20170801200141,SA1,900045,SAIDI,MNDOLWA,IDENT
20170801201224,SA6,900040,MWAJUMA,KATONA,IDENT
20170801204017,SA6,900002,ABDALLAH,MWEYO,IDENT
20170801204412,SA1,900249,AMIRI,MZEE,IDENT
20170801204557,SA1,900813,LEONARD,PETER,IDENT
20170801204933,SA6,900047,SAMSON,SHILA,IDENT
20170801204938,SA6,900047,SAMSON,SHILA,IDENT
20170801205049,SA1,900812,LEONARD,NYANGO,IDENT
20170801205053,SA1,900542,POUL,KIBELA,IDENT
20170801205408,SA6,900051,SUDI,KHALFANI,IDENT
20170801205438,SA6,900685,VICTOR,MBUNDAMILA,IDENT
20170801205943,SA6,900023,JINGSON,SAIMON,IDENT
20170801210059,SA6,900036,MOHAMED,MAJUJULO,IDENT
20170801210754,SA6,900135,HALIMA,NGAMZI,IDENT
20170801211630,SA6,900035,MOHAMED,HAUSI,IDENT
20170801211640,SA1,900792,IDDI,IDDI,IDENT
20170801211641,SA6,900050,STANLEY,JEREMIAH,IDENT
20170801211719,SA1,900747,ADAM,MASALE,IDENT
20170801212248,SA1,900225,JOHN,FREDRICK,IDENT
20170801212618,SA6,900162,PILLY,MANENO,IDENT
20170801212658,SA1,900800,NAPEGWA,JACOB,IDENT
20170801212937,SA1,900227,JOSEPH,NGANILWA,IDENT
20170801213141,SA4,901052,SUZANA,NAPANGA,IDENT
20170801213202,SA6,900480,RASHID,MOHAMED,IDENT
20170801213209,SA6,900423,GARDINO,MHIMBA,IDENT
20170801213217,SA6,900169,REHEMA,YUSUFU,IDENT
20170801213217,SA4,901131,ESTA,KWEKA,IDENT
20170801213225,SA4,900904,ANNA,MAGEMBE,IDENT
20170801213231,SA4,900888,AMINA,NGAINA,IDENT
20170801213242,SA4,901117,HIDAYA,MASOUD,IDENT
20170801213251,SA4,901136,HONORATA,SHAYO,IDENT
20170801213254,SA1,900555,MHEZIWA,MALEWA,IDENT
20170801213315,SA4,901169,VERONICA,LECHIPYA,IDENT
20170801213324,SA4,901215,MWANAIDI,KOLOKO,IDENT
20170801213418,SA4,900999,ROSE,MWAMAKOLA,IDENT
20170801213426,SA1,900490,TWAHA,MGUHI,IDENT
20170801213434,SA4,901121,MWATANGA,ALLY,IDENT
20170801213448,SA4,901033,TATU,ISSA,IDENT
20170801213453,SA4,901118,LILIAN,MREMA,IDENT
20170801213503,SA1,900751,TUSKAR,HALFANI,IDENT
20170801213532,SA4,901120,MERCY,MONGI,IDENT
20170801213713,SA4,901104,MWANAHAWA,HASSAN,IDENT
20170801213730,SA4,901106,MARYNIA,KAYOMBO,IDENT
20170801213741,SA4,901165,FATUMA,ABDALLAH,IDENT
20170801213805,SA4,901058,HAMIDA,MATIPA,IDENT
20170801213831,SA4,901124,TABIA,OMARY,IDENT
20170801213908,SA6,900449,JUMA,SANGAYA,IDENT
20170801213920,SA1,900732,ELIA,FRANCIS,IDENT
20170801213925,SA1,900718,WILSON,ALOIS,IDENT
20170801213943,SA1,900788,DEBORA,MWASOMOLA,IDENT
20170801214014,SA1,900755,NICHALAUS,AUGUSTINO,IDENT
20170801214019,SA1,900684,ABDUL,IMAMU,IDENT
20170801214023,SA4,901163,SIJALI,MKELE,IDENT
20170801214127,SA4,901055,ZAINABU,OMARY,IDENT
20170801214132,SA4,900878,AISHA,KIZINGA,IDENT
20170801214157,SA4,901247,KULUTHUM,CHILEMILE,IDENT
20170801214056,SA1,900031,LUCAS,MABUYE,IDENT
20170801214121,SA6,901149,EPIFANI, MBOKO,IDENT
20170801214341,SA1,900442,ITIKA,DICKSON,IDENT
20170801214346,SA1,900717,GODFREY,LAMBAU,IDENT
20170801214349,SA1,900775,SABATO,JULIUS,IDENT
20170801214353,SA1,900814,MARTIN,MUHANDO,IDENT
20170801214402,SA1,900824,TITO,MGOVANO,IDENT
20170801214403,SA6,900168,RAZAKI,MTINDA,IDENT
20170801214428,SA1,900799,RAJABU,RUBASHA,IDENT
20170801214431,SA1,900795,ALLY,LIKIWA,IDENT
20170801214435,SA1,900731,HUSSAIN,HAMADI,IDENT
20170801214439,SA1,900741,ERICK,LUWUNGO,IDENT
20170801214442,SA1,900777,MNADI,MRAJAA,IDENT
20170801214445,SA1,900743,JUMA,ISEMA,IDENT
20170801214448,SA1,900730,UHURU,MARWA,IDENT
20170801214452,SA1,900240,SOSTHENES,MANYAMA,IDENT
20170801214455,SA1,900750,JACOB,KAWALE,IDENT
20170801214459,SA1,900809,JAMES,MWENDA,IDENT
20170801214501,SA4,901179,AMANDA,KWEZI,IDENT
20170801214506,SA4,901255,ASHA,BILALI,IDENT
20170801214511,SA1,900727,GEORGE,GREAD,IDENT
20170801214514,SA1,900758,MOHAMEDY,ATHUMANI,IDENT
20170801214519,SA1,900808,HEONANI,BAJANA,IDENT
20170801214529,SA1,900826,VITALIS,HOTTI,IDENT
20170801214533,SA1,900798,ATHUMAN,SEIF,IDENT
20170801214536,SA1,900735,ZAINABU,MOHAMEDI,IDENT
20170801214542,SA1,900738,MOHAMED,NGODA,IDENT
20170801214549,SA1,900217,FRED,JAMES,IDENT
20170801214550,SA4,900953,JANE,LUSENDELA,IDENT
20170801214621,SA4,900924,DEBORA,HOSSA,IDENT
20170801214642,SA4,900996,LILIAN,RASHIDI,IDENT
20170801214645,SA1,900754,ROBERT,JORAM,IDENT
20170801214702,SA1,900816,MICHAEL,HUSEIN,IDENT
20170801214705,SA6,900428,GLADIS,MAZENGO,IDENT
20170801214713,SA1,900722,ELIZABETH,MATHIUS,IDENT
20170801214733,SA4,901001,AMINA,MUYA,IDENT
20170801214744,SA1,900729,MOHAMED,KOMBO,IDENT
20170801214748,SA1,900244,YOHA,MSANGI,IDENT
20170801214754,SA1,900403,BEDA,YUDA,IDENT
20170801214817,SA4,900929,HALIMA,SEIF,IDENT
20170801214853,SA1,900759,ELIAS,YAKOB,IDENT
20170801214902,SA4,901119,LINA,MLAWA,IDENT
20170801214908,SA4,901082,EDINA,JOHN,IDENT
20170801214912,SA1,900728,JAMAL,MRISHO,IDENT
20170801214915,SA4,901041,JACKLINI,MBOYA,IDENT
20170801214920,SA1,900858,MUHSIN,ATHUMANI,IDENT
20170801214930,SA1,900784,WILLIAM,MSOLOKA,IDENT
20170801214950,SA4,901014,LUCY,THOMAS,IDENT
20170801214954,SA6,900556,REGINA,NDALUHEKEYE,IDENT
20170801214959,SA4,901168,REHEMA ,MWASOMOLA,IDENT
20170801215025,SA4,901177,ASHA,MAVENGELO,IDENT
20170801215031,SA4,901139,HAPPY ,ZAKAYO,IDENT
20170801215041,SA4,900984,SALAMA,BIGE,IDENT
20170801215105,SA4,901174,BETH,NGADADA,IDENT
20170801215113,SA4,901122,NEEMA,FANUEL,IDENT
20170801215055,SA1,900773,FELIX,CHRISTOPHER,IDENT
20170801215058,SA1,900744,SILVESTER,KAHINDI,IDENT
20170801215103,SA1,900716,JUMA,JUMANNE,IDENT
20170801215122,SA6,900489,TUMAINI,MNZAVA,IDENT
20170801215142,SA1,900392,ALLY,MBEGU,IDENT
20170801215214,SA4,901225,NOELA,YALOT,IDENT
20170801215223,SA4,900991,CHRISTINA,JAILOS,IDENT
20170801215236,SA1,900817,MOSES,MASENGA,IDENT
20170801215300,SA1,900721,GISELA,SHAYO,IDENT
20170801215314,SA1,900774,MBEWE,ELIUS,IDENT
20170801215323,SA4,900922,BAHATI,SALEHE,IDENT
20170801215327,SA1,900733,ALHAJI,IDD,IDENT
20170801215331,SA4,900971,NAOMI,SAMWELI,IDENT
20170801215347,SA1,900456,KHALIFA,BASHILI,IDENT
20170801215356,SA1,900797,ASHAM,MUSA,IDENT
20170801215412,SA4,900847,ZAINABU,SINGANO,IDENT
20170801215416,SA1,900214,BRUNO,FREDRICK,IDENT
20170801215424,SA6,900444,JOHN,MEDA,IDENT
20170801215425,SA4,901213,HABIBA,NJIKU,IDENT
20170801215450,SA1,900437,HUSSEIN,MBONDE,IDENT
20170801215517,SA4,901047,MWAJUMA,HAMIS,IDENT
20170801215608,SA6,900579,GRAYSON,KUNZUGALA,IDENT
20170801215627,SA1,900415,EMMANUEL,JONAS,IDENT
20170801215646,SA6,900662,ABDALLAH,ABEID,IDENT
20170801215646,SA4,901161,NURU,MOHAMED,IDENT
20170801215649,SA4,900973,SHARIFA,LIYAYA,IDENT
20170801215657,SA1,900212,BATHOLOMEO,MUSA,IDENT
20170801215710,SA1,900767,GLADNESS,KAIRUKI,IDENT
20170801215715,SA4,901003,SALAMA,KADALA,IDENT
20170801215724,SA4,901076,AGNESS,NGAPONDA,IDENT
20170801215727,SA1,900748,EDWARD,DAWSON,IDENT
20170801215729,SA4,901123,REBECA,KALOFU,IDENT
20170801215732,SA1,900776,ZUBERI,MOHAMED,IDENT
20170801215737,SA1,900726,ABDALLAH,CHOBO,IDENT
20170801215742,SA4,901029,MARIAM,MWETEMBO,IDENT
20170801215757,SA6,900580,BARAKA,MAGAFU,IDENT
20170801215807,SA4,901172,AGNES,STEVEN,IDENT
20170801215840,SA4,901007,MODESTA,JOGOO,IDENT
20170801215850,SA4,901036,AZIZA,MANGETU,IDENT
20170801215917,SA4,901077,CONSOLATH,MATERU,IDENT
20170801215925,SA4,901228,CESILIA,MBABUYE,IDENT
20170801215953,SA4,901166,SAUDA,MAULID,IDENT
20170801220003,SA4,901138,JOYCE,CHEMRA,IDENT
20170801220005,SA1,900242,WILSON,ANYNGISE,IDENT
20170801220009,SA4,901151,SIJARI,MAGOMBE,IDENT
20170801220014,SA4,901074,VERONICA,KIMWAGA,IDENT
20170801220021,SA4,900911,NEEMA,URASSA,IDENT
20170801220027,SA4,900918,MARIAM,RAMADHANI,IDENT
20170801220033,SA4,900966,ZUHURA,KIJIMBO,IDENT
20170801220037,SA4,901221,TEDDY,MAGAMBO,IDENT
20170801220042,SA4,901066,ZULEHA,MOHAMED,IDENT
20170801220047,SA4,900937,UPENDO,MLEWA,IDENT
20170801220049,SA6,900138,HUSSEIN,SHABANI,IDENT
20170801220052,SA4,900928,MARIA,MAGWE,IDENT
20170801220059,SA4,901053,DORIS,JOHN,IDENT
20170801220105,SA4,901171,ESTHER,MUNGUTI,IDENT
20170801220110,SA4,901116,GRACE,KAHANGE,IDENT
20170801220115,SA4,901153,MAGRETH,ZANUARI,IDENT
20170801220124,SA4,901102,ORIVER,DAUD,IDENT
20170801220138,SA4,901057,ANNA,KITOMARY,IDENT
20170801220150,SA4,901145,ADELINA,MALEMA,IDENT
20170801220156,SA4,901128,ZAITUNI,SOGOI,IDENT
20170801220202,SA4,900893,JOYCE,MCHOMVU,IDENT
20170801220107,SA6,900409,DANIEL,MROPE,IDENT
20170801220124,SA1,900764,OMBENI,MICHAEL,IDENT
20170801220134,SA6,900116,ASHA,ALLY,IDENT
20170801220152,SA1,900793,ABDUL,MAINGO,IDENT
20170801220158,SA1,900762,SAID,MOHAMED,IDENT
20170801220213,SA6,900568,GODWIN,KIRIA,IDENT
20170801220232,SA4,901008,GRESS,KOBA,IDENT
20170801220243,SA6,900647,JOHANSEN,MPANJU,IDENT
20170801220248,SA4,900975,EDINA,MZUNGU,IDENT
20170801220250,SA1,900740,SPEDICTOR,NGOGO,IDENT
20170801220257,SA4,900994,MWAISHA,MWAMOTO,IDENT
20170801220258,SA6,900124,DAUDI,ELIFALETH,IDENT
20170801220309,SA6,900469,MICHAEL,MDACHI,IDENT
20170801220318,SA6,900140,IGNATUS,MLANGWA,IDENT
20170801220321,SA4,900942,CHRISTINA,MWENDA,IDENT
20170801220329,SA4,901249,HILDA,MWAZEMBE,IDENT
20170801220334,SA4,901018,AISHA,KIBINDO,IDENT
20170801220347,SA4,901126,YUNIS,LULANDALA,IDENT
20170801220349,SA1,900820,SALUM,KAISI,IDENT
20170801220353,SA4,900952,SALAMA,MOHAMAD,IDENT
20170801220400,SA4,901146,MARTHA,MAKOTI,IDENT
20170801220409,SA4,901141,HADIJA,SALUM,IDENT
20170801220418,SA4,901133,HUSNA,SENGAMBA,IDENT
20170801220431,SA4,901214,MARIAM,OMAR,IDENT
20170801220439,SA4,901049,REDEMTA,DANIEL,IDENT
20170801220445,SA4,901248,MAGRETH,MASAWE,IDENT
20170801220451,SA4,901085,ELIZABETH,NYAMBO,IDENT
20170801220525,SA4,901222,DEBORA,FILIPATALI,IDENT
20170801220533,SA4,901005,HADIJJA,KIJUU,IDENT
20170801220542,SA4,901173,BAHATI,MAKAMBA,IDENT
20170801220604,SA4,901142,SOPHIA,YUSUPH,IDENT
20170801220604,SA6,900567,BAKARI,BELEKETE,IDENT
20170801220619,SA1,900823,TADEO,MAPEMA,IDENT
20170801220623,SA4,901063,RACHEL,MZOROZORO,IDENT
20170801220648,SA4,901257,FRIDA,MHELELA,IDENT
20170801220656,SA4,900970,MARIA,ELIESEL,IDENT
20170801220704,SA4,901093,SHARON,IBRAHIM,IDENT
20170801220726,SA4,900982,MWANAKOMBO,KHALID,IDENT
20170801220741,SA6,900404,BRYANT,NYENYEMBE,IDENT
20170801220756,SA4,901224,ANNA,NYAKAPALA,IDENT
20170801220832,SA4,901101,RAJABU,MOHAMMED,IDENT
20170801220915,SA1,900821,SAWA,SWAHA,IDENT
20170801220943,SA6,900391,ALLY,MASHAURI,IDENT
20170801221149,SA4,901000,AGNES,MTYANGILE,IDENT
20170801221155,SA4,901207,AISHA,ABEID,IDENT
20170801221105,SA6,900575,CHRISTINA ,SENYANGWA,IDENT
20170801221131,SA6,900164,RAMADHANI ,BAKARI,IDENT
20170801221201,SA1,900241,STANLEY,KASIAN,IDENT
20170801221521,SA6,900132,FRIDA,KIGWA,IDENT
20170801221536,SA4,901252,JENIPHA,CHIZA,IDENT
20170801221550,SA4,900958,SOPHIA,LIKONGO,IDENT
20170801221554,SA6,900451,KASSIM,MALICK,IDENT
20170801221638,SA6,900128,ENELES,MBWAGA,IDENT
20170801221850,SA4,900983,RUKIA,KONDO,IDENT
20170801222150,SA4,900910,ZAINABU,SADALLAH,IDENT
20170801223148,SA6,900130,FATUMA,CHOMBO,IDENT
20170802043402,SA1,900555,MHEZIWA,MALEWA,IDENT
20170802043535,SA6,900002,ABDALLAH,MWEYO,IDENT
20170802044831,SA1,900031,LUCAS,MABUYE,IDENT
20170802045811,SA6,900035,MOHAMED,HAUSI,IDENT
20170802050940,SA6,900036,MOHAMED,MAJUJULO,IDENT
20170802051028,SA6,900050,STANLEY,JEREMIAH,IDENT
20170802051833,SA6,900285,NKWABI,MDEHWA,IDENT
20170802052254,SA4,901015,JOYCE,CHACHA,IDENT
20170802052604,SA6,900161,PILLI ,MOHAMED,IDENT
20170802052809,SA1,900045,SAIDI,MNDOLWA,IDENT
20170802052828,SA4,900902,SAKINA,MAWEMBA,IDENT
20170802052912,SA1,900228,KAGERA,MSAMBUSI,IDENT
20170802053023,SA4,901027,EDDA,MWAKIBINGWA,IDENT
20170802053243,SA4,901072,TATU,ATHUMAN,IDENT
20170802053329,SA6,900685,VICTOR,MBUNDAMILA,IDENT
20170802053422,SA4,901186,FROLA,KILIMA,IDENT
20170802053434,SA4,900883,EDINA,ABED,IDENT
20170802053442,SA4,901022,SILIVIA,SHAYO,IDENT
20170802053539,SA4,901113,ELIZABETH,SHIRIMA,IDENT
20170802053546,SA4,901108,AISHA,WILLIUM,IDENT
20170802053621,SA4,901035,AGNES,NKONJELWA,IDENT
20170802053629,SA4,900985,BAHATI,SARAPIONI,IDENT
20170802053640,SA4,901180,FURAHA,TEMBA,IDENT
20170802053646,SA4,900856,MWAJAMBU,HAMAD,IDENT
20170802053651,SA4,901155,GRACE,MUHONO,IDENT
20170802053656,SA4,901043,ANNA,JOHN,IDENT
20170802053759,SA4,901150,CHRISTINA,MBODE,IDENT
20170802053805,SA4,901219,MARIAM,MUSSA,IDENT
20170802053832,SA4,901112,BUSHRA,SALUM,IDENT
20170802053840,SA4,901256,AVERINA,AMANDUS,IDENT
20170802053848,SA4,900933,WINFRIDA,LUSEBA,IDENT
20170802053857,SA4,901034,STAMILI,MUSSA,IDENT
20170802053927,SA4,900925,REGINA,THOMAS,IDENT
20170802054001,SA4,901007,MODESTA,JOGOO,IDENT
20170802054025,SA4,901181,ASNA,SPRIAN,IDENT
20170802054053,SA4,901234,ANITHA,AHALIELI,IDENT
20170802054122,SA4,900959,REHEMA,LYOWA,IDENT
20170802054139,SA4,901245,EVERINA,MKETO,IDENT
20170802054145,SA4,901246,VERONICA,MTENGWA,IDENT
20170802054206,SA4,901185,JOYCE,SAMWEL,IDENT
20170802054134,SA1,900384,ABDALLA,SAIDI,IDENT
20170802054208,SA1,900794,ADAM,SALTIELY,IDENT
20170802054220,SA4,901089,HARUNA,ATHUMANI,IDENT
20170802054232,SA4,901229,ANNA,NGAPONDA,IDENT
20170802054252,SA4,901030,VERONICA,WANGWE,IDENT
20170802054318,SA4,901032,MARISELINA,NGULI,IDENT
20170802054322,SA1,901557,WALTER,MAYA,IDENT
20170802054330,SA4,900906,MARYSTELA,MCHOME,IDENT
20170802054347,SA4,901132,HEAVENLIGHT,NKYA,IDENT
20170802054415,SA4,901050,MARIAM,SAIDI,IDENT
20170802054420,SA4,901037,FADINA,IBRAHIM,IDENT
20170802054426,SA4,901216,ASHA,RAMADHANI,IDENT
20170802054451,SA4,901143,LINES,PILLI,IDENT
20170802054534,SA4,900921,MWAJUMA,IDDI,IDENT
20170802054607,SA4,901105,MTUMWA,ALLY,IDENT
20170802054645,SA4,900844,AISHA,MSOMI,IDENT
20170802054701,SA6,900487,STEPHEN,KAMBWEMBWE,IDENT
20170802054719,SA1,900811,JUMA,HUMBE,IDENT
20170802054801,SA6,900703,MUSSA,MTALI,IDENT
20170802054809,SA6,900433,HARUNI,MKAMA,IDENT
20170802054811,SA4,901170,BAHATI,SHABANI,IDENT
20170802054835,SA4,900992,AGNES,MEJA,IDENT
20170802054839,SA6,900582,ZABRON,TOSSI,IDENT
20170802054853,SA1,900218,GEDDY,SONENGA,IDENT
20170802054858,SA4,901129,FELISTA,NYAHENGE,IDENT
20170802054900,SA6,900127,DUNCAN,MHANDO,IDENT
20170802054902,SA1,900756,HUSSEIN,KANDORO,IDENT
20170802054910,SA1,900684,ABDUL,IMAMU,IDENT
20170802054928,SA6,900476,RAMADHANI,IDD,IDENT
20170802054936,SA4,901160,SAUDA,MCHECHE,IDENT
20170802054938,SA4,901160,SAUDA,MCHECHE,IDENT
20170802054952,SA4,901127,ZAHARA,MBELWA,IDENT
20170802054959,SA4,901122,NEEMA,FANUEL,IDENT
20170802055005,SA6,900473,NAOMI,GONDA,IDENT
20170802055005,SA4,901052,SUZANA,NAPANGA,IDENT
20170802055028,SA4,901023,AMINA,CHAKWE,IDENT
20170802055029,SA1,900717,GODFREY,LAMBAU,IDENT
20170802055047,SA1,900789,KAMPBONA,PASCAL,IDENT
20170802055051,SA4,900899,MAGDALENA,SIMAO,IDENT
20170802055100,SA4,901091,FARIDA,LYIMO,IDENT
20170802055117,SA4,901182,RENIFRIDA,NGUMBU,IDENT
20170802055127,SA4,901244,SWAUMU,HIMBU,IDENT
20170802055136,SA4,901184,GRACE,NGALABA,IDENT
20170802055143,SA4,901223,HAPPY,MKWEPU,IDENT
20170802055150,SA4,901230,KUDRA,BAKARI,IDENT
20170802055200,SA4,901083,HADIJA,MPAMBA,IDENT
20170802055207,SA4,901193,VICTORIA,MWAMPEGETE,IDENT
20170802055142,SA6,900396,ANDREW,MSANGI,IDENT
20170802055149,SA6,900474,PHILBERT,MATOGO,IDENT
20170802055212,SA4,901130,NURU,DAUDI,IDENT
20170802055232,SA1,900825,TITO,MWAMBE,IDENT
20170802055238,SA1,900818,PASCAL,MIKONDO,IDENT
20170802055249,SA6,900541,GOLDEN,MDUBA,IDENT
20170802055253,SA4,901114,FARIDA,AMBLOS,IDENT
20170802055254,SA6,900541,GOLDEN,MDUBA,IDENT
20170802055301,SA6,900417,FABIAN,FABIAN,IDENT
20170802055313,SA4,901135,REHEMA,OMARY,IDENT
20170802055338,SA4,900968,TAUSI,SIMBA,IDENT
20170802055342,SA6,900139,IDD,YUSUFU,IDENT
20170802055346,SA4,901241,FATUMA,JUMA,IDENT
20170802055354,SA4,900922,BAHATI,SALEHE,IDENT
20170802055415,SA1,900243,YOHANA,ALLY,IDENT
20170802055432,SA4,900943,MWAMINI,MPANGULE,IDENT
20170802055434,SA1,900578,MTARI,MAGINGA,IDENT
20170802055451,SA4,900962,JOSEPH,ELISAFI,IDENT
20170802055456,SA4,901235,TUMAIN,MUNGURE,IDENT
20170802055501,SA4,901190,NEEMA,MNYALAPE,IDENT
20170802055508,SA1,900775,SABATO,JULIUS,IDENT
20170802055511,SA1,900767,GLADNESS,KAIRUKI,IDENT
20170802055516,SA1,900774,MBEWE,ELIUS,IDENT
20170802055520,SA1,900747,ADAM,MASALE,IDENT
20170802055524,SA1,900762,SAID,MOHAMED,IDENT
20170802055527,SA1,900788,DEBORA,MWASOMOLA,IDENT
20170802055535,SA1,900734,REHEMA,NKYA,IDENT
20170802055542,SA4,901140,ASHURA,MGENI,IDENT
20170802055547,SA4,900929,HALIMA,SEIF,IDENT
20170802055548,SA1,900721,GISELA,SHAYO,IDENT
20170802055552,SA4,900975,EDINA,MZUNGU,IDENT
20170802055553,SA1,900718,WILSON,ALOIS,IDENT
20170802055556,SA1,900784,WILLIAM,MSOLOKA,IDENT
20170802055601,SA1,900755,NICHALAUS,AUGUSTINO,IDENT
20170802055605,SA4,900988,UPENDO,PETER,IDENT
20170802055611,SA4,901212,JASMINI,MOHAMED,IDENT
20170802055615,SA1,900792,IDDI,IDDI,IDENT
20170802055618,SA4,900953,JANE,LUSENDELA,IDENT
20170802055628,SA4,901253,JOYCE,KESI,IDENT
20170802055637,SA4,901120,MERCY,MONGI,IDENT
20170802055638,SA6,900169,REHEMA,YUSUFU,IDENT
20170802055647,SA4,900999,ROSE,MWAMAKOLA,IDENT
20170802055647,SA6,900556,REGINA,NDALUHEKEYE,IDENT
20170802055655,SA4,900964,RAPHAEL,MBOKO,IDENT
20170802055700,SA4,900890,OLIVER,UDOBA,IDENT
20170802055714,SA1,900858,MUHSIN,ATHUMANI,IDENT
20170802055717,SA4,900997,MARY,ONDURU,IDENT
20170802055720,SA6,900409,DANIEL,MROPE,IDENT
20170802055722,SA4,900946,RAHMA,MWIMBA,IDENT
20170802055724,SA6,901149,EPIFANI, MBOKO,IDENT
20170802055727,SA4,900865,CHRISTINA,MAGOWELA,IDENT
20170802055733,SA4,901215,MWANAIDI,KOLOKO,IDENT
20170802055737,SA6,900480,RASHID,MOHAMED,IDENT
20170802055741,SA4,900993,MARIAM,MSUMALI,IDENT
20170802055754,SA4,901247,KULUTHUM,CHILEMILE,IDENT
20170802055758,SA4,901117,HIDAYA,MASOUD,IDENT
20170802055802,SA6,900543,JOHN,MAGANYA,IDENT
20170802055813,SA4,901255,ASHA,BILALI,IDENT
20170802055818,SA1,900801,DAVID ,MWANJA,IDENT
20170802055822,SA4,901001,AMINA,MUYA,IDENT
20170802055827,SA4,901033,TATU,ISSA,IDENT
20170802055834,SA4,901136,HONORATA,SHAYO,IDENT
20170802055836,SA6,900420,FRANCIS,TESHA,IDENT
20170802055838,SA4,901179,AMANDA,KWEZI,IDENT
20170802055843,SA4,901123,REBECA,KALOFU,IDENT
20170802055848,SA4,901165,FATUMA,ABDALLAH,IDENT
20170802055856,SA4,901058,HAMIDA,MATIPA,IDENT
20170802055901,SA4,901163,SIJALI,MKELE,IDENT
20170802055905,SA6,900124,DAUDI,ELIFALETH,IDENT
20170802055906,SA1,900817,MOSES,MASENGA,IDENT
20170802055908,SA4,900888,AMINA,NGAINA,IDENT
20170802055910,SA1,900403,BEDA,YUDA,IDENT
20170802055917,SA4,900923,HELENA,KHAJI,IDENT
20170802055930,SA1,900442,ITIKA,DICKSON,IDENT
20170802055931,SA4,900972,SAFINA,ABEID,IDENT
20170802060004,SA1,900749,EZEKIEL,SOLO,IDENT
20170802060010,SA1,900729,MOHAMED,KOMBO,IDENT
20170802060016,SA1,900786,FARAJI,KILUWA,IDENT
20170802060022,SA1,900766,JUDITH,GEOFREY,IDENT
20170802060026,SA1,900440,IDRISA,KIMARO,IDENT
20170802060031,SA1,900819,PATRICK,MTONDOLA,IDENT
20170802060035,SA1,900790,ISIHAKA,IDDI,IDENT
20170802060038,SA1,900720,FRANCIS,RAFAEL,IDENT
20170802060043,SA1,900739,EMENUEL,KYEJO,IDENT
20170802060051,SA1,900745,YUSUPH,NGAPAWA,IDENT
20170802060104,SA4,901131,ESTA,KWEKA,IDENT
20170802060130,SA4,901194,ELINA,ABEL,IDENT
20170802060143,SA4,900971,NAOMI,SAMWELI,IDENT
20170802060056,SA1,900746,GEDION,BUTENGE,IDENT
20170802060100,SA1,900763,SALEHE,NJAGE,IDENT
20170802060115,SA1,900211,BARAKA,MAKI,IDENT
20170802060120,SA1,900571,FRANK,MALIMA,IDENT
20170802060124,SA1,900751,TUSKAR,HALFANI,IDENT
20170802060126,SA1,900770,ANDERSON,KIKOTI,IDENT
20170802060146,SA6,900436,HONEST,MATEMU,IDENT
20170802060151,SA6,900423,GARDINO,MHIMBA,IDENT
20170802060201,SA6,900148,JUDITH,MALISA,IDENT
20170802060209,SA6,900170,REHEMA,CHINUNJE,IDENT
20170802060210,SA4,901051,HABIBA,PAZZI,IDENT
20170802060220,SA1,900411,DEO,JULIUS,IDENT
20170802060226,SA6,900112,ABDALLAH,MIKALAMBILO,IDENT
20170802060301,SA1,900802,EMANUEL,SILAYO,IDENT
20170802060307,SA6,900168,RAZAKI,MTINDA,IDENT
20170802060322,SA1,900723,SAIDI,JUMANE,IDENT
20170802060330,SA1,900216,ELLY,MKONGWE,IDENT
20170802060337,SA1,900795,ALLY,LIKIWA,IDENT
20170802060341,SA1,900426,GESAGA,RAMADHANI,IDENT
20170802060403,SA1,900806,GODFREY,KIHAWA,IDENT
20170802060403,SA4,901106,MARYNIA,KAYOMBO,IDENT
20170802060414,SA1,900455,KHALFAN,OMARI,IDENT
20170802060419,SA1,900490,TWAHA,MGUHI,IDENT
20170802060422,SA1,900450,JUMA,RAMADHANI,IDENT
20170802060448,SA1,900437,HUSSEIN,MBONDE,IDENT
20170802060455,SA1,900812,LEONARD,NYANGO,IDENT
20170802060500,SA6,900568,GODWIN,KIRIA,IDENT
20170802060502,SA4,901107,MUHIDINI,HASSAN,IDENT
20170802060511,SA6,900580,BARAKA,MAGAFU,IDENT
20170802060515,SA6,900586,MOHAMED,SOLOKA,IDENT
20170802060530,SA1,900757,JOSEPH,HEMA,IDENT
20170802060537,SA1,900800,NAPEGWA,JACOB,IDENT
20170802060542,SA1,900821,SAWA,SWAHA,IDENT
20170802060613,SA1,900742,PROSPER,POLITHO,IDENT
20170802060617,SA1,900732,ELIA,FRANCIS,IDENT
20170802060622,SA1,900822,MENRUFU,PILLY,IDENT
20170802060622,SA4,901261,ZAINA,KILWANDA,IDENT
20170802060650,SA1,900771,DATIUS,MARTINE,IDENT
20170802060659,SA6,900037,MOHAMED,MKALA,IDENT
20170802060707,SA4,901169,VERONICA,LECHIPYA,IDENT
20170802060742,SA4,900924,DEBORA,HOSSA,IDENT
20170802060749,SA4,901139,HAPPY ,ZAKAYO,IDENT
20170802060755,SA6,900162,PILLY,MANENO,IDENT
20170802060804,SA1,900724,HASANI,MRISHO,IDENT
20170802060808,SA1,900768,FILAN,FATAEL,IDENT
20170802060816,SA1,900213,BEDASTUS,PIUS,IDENT
20170802060911,SA6,900391,ALLY,MASHAURI,IDENT
20170802060937,SA1,900778,MARIAM,MICHAEL,IDENT
20170802061002,SA1,900779,MUSTAFA,HAMISI,IDENT
20170802061027,SA1,900569,JAMES,MWANDU,IDENT
20170802061030,SA1,900760,OMARY,MHAGAMA,IDENT
20170802061042,SA6,900116,ASHA,ALLY,IDENT
20170802061114,SA4,900996,LILIAN,RASHIDI,IDENT
20170802061118,SA4,901124,TABIA,OMARY,IDENT
20170802061127,SA4,901121,MWATANGA,ALLY,IDENT
20170802061135,SA4,901029,MARIAM,MWETEMBO,IDENT
20170802061140,SA4,900904,ANNA,MAGEMBE,IDENT
20170802061145,SA4,901168,REHEMA ,MWASOMOLA,IDENT
20170802061116,SA6,900658,MWASITI,LABOA,IDENT
20170802061123,SA6,900444,JOHN,MEDA,IDENT
20170802061156,SA1,900783,DAMIAN,ALONE,IDENT
20170802061219,SA6,900123,CHARLES,LUSWETULA,IDENT
20170802061222,SA1,900803,EMMANUEL,YOUZE,IDENT
20170802061223,SA4,901156,SAID,HAMISI,IDENT
20170802061232,SA4,900994,MWAISHA,MWAMOTO,IDENT
20170802061307,SA4,900878,AISHA,KIZINGA,IDENT
20170802061321,SA6,900443,JABIRI,RAMADHANI,IDENT
20170802061331,SA6,900469,MICHAEL,MDACHI,IDENT
20170802061353,SA4,901047,MWAJUMA,HAMIS,IDENT
20170802061457,SA1,900207,ADELE,NJOCHOLA,IDENT
20170802061606,SA1,900752,SIMON,MAPUNDA,IDENT
20170802061912,SA4,901076,AGNESS,NGAPONDA,IDENT
20170802061954,SA6,900428,GLADIS,MAZENGO,IDENT
20170802062026,SA1,900542,POUL,KIBELA,IDENT
20170802062230,SA6,900007,ANNA,DUA,IDENT
20170802062239,SA1,900741,ERICK,LUWUNGO,IDENT
20170802062259,SA1,900392,ALLY,MBEGU,IDENT
20170802062307,SA1,900249,AMIRI,MZEE,IDENT
20170802062349,SA1,900764,OMBENI,MICHAEL,IDENT
20170802062434,SA1,900212,BATHOLOMEO,MUSA,IDENT
20170802062530,SA1,900242,WILSON,ANYNGISE,IDENT
20170802062533,SA4,901157,DAVID,JUMA,IDENT
20170802062539,SA1,900824,TITO,MGOVANO,IDENT
20170802062553,SA6,900023,JINGSON,SAIMON,IDENT
20170802062553,SA1,900227,JOSEPH,NGANILWA,IDENT
20170802062939,SA1,900463,MARTENUS,MAPESA,IDENT
20170802063117,SA6,900049,SIHABA,NAKIPENGELE,IDENT
20170802063350,SA6,901433,ESTER,THEOFIL,IDENT
20170802063459,SA6,900135,HALIMA,NGAMZI,IDENT
20170802063916,SA6,900449,JUMA,SANGAYA,IDENT
20170802063955,SA4,900994,MWAISHA,MWAMOTO,IDENT
20170802064323,SA1,900765,REBECA,GIDEON,IDENT
20170802064431,SA1,900804,FROLAH,MPONDO,IDENT
20170802064455,SA1,900807,GODRICH,MCHOMVU,IDENT
20170802064933,SA1,900769,JAMES,MACKLINE,IDENT
20170802064948,SA1,900793,ABDUL,MAINGO,IDENT
20170802065239,SA1,900222,HENRY,NGOWI,IDENT
20170802065420,SA6,900387,ADAM,KINGU,IDENT
20170802065841,SA6,900115,AKIDA,DUGANGE,IDENT
20170802070122,SA6,901573,DAUDI,NYASHIMO,IDENT
20170802070132,SA6,900047,SAMSON,SHILA,IDENT
20170802070140,SA6,900047,SAMSON,SHILA,IDENT
20170802070346,SA6,900051,SUDI,KHALFANI,IDENT
20170802071035,SA1,900740,SPEDICTOR,NGOGO,IDENT
20170802071636,SA6,901434,JOSEPHINA,HAU,IDENT
20170802071837,SA6,900448,JOSEPH,MKELEBE,IDENT
20170802072233,SA6,900041,NELSON,MTEMI,IDENT
20170802072331,SA6,901431,AMBALI,SOUD,IDENT
20170802072356,SA6,900040,MWAJUMA,KATONA,IDENT
20170802072503,SA6,900291,RASHIDI,MUSSSA,IDENT
20170802072506,SA1,900231,MARKO,SHIMIZI,IDENT
20170802072508,SA6,900100,AROBOGAST,MOGELLA,IDENT
20170802072520,SA6,900120,BENEDICTO,MBOKO,IDENT
20170802072530,SA6,900029,JUMANNE,MBONDE,IDENT
20170802072814,SA1,900429,GOODLUCK,LYAHONA,IDENT
20170802073446,SA6,101880,RICHARD,MAKASI,IDENT
20170802073657,SA6,900111,SALUM,SAIDI,IDENT
20170802073701,SA6,900397,ANNA,MOSHI,IDENT
20170802074041,SA1,900466,MATHEW,PHILIP,IDENT
20170801190436,SA2,200314,DEO,SAKAYA,IDENT
20170801190737,SA2,901446,DANIEL,MBARUKA,IDENT
20170801191101,SA2,901448,PAULINA,DAVID,IDENT
20170801192017,SA2,200351,MICHAEL,MICHAEL,IDENT
20170801192613,SA2,200309,RAMADHANI,KIHILE,IDENT
20170801192928,SA2,200312,BARAKA,KATEGILE,IDENT
20170801210325,SA2,901073,SALMA,MUHARAMU,IDENT
20170801210754,SA2,901021,NEEMA ,MWANGO,IDENT
20170801214119,SA2,901079,AGNESS,HAJI,IDENT
20170801214418,SA2,901054,FATUMA,MUHANDO,IDENT
20170801214424,SA2,901011,JANE,SIMON,IDENT
20170801214638,SA2,901263,JAMIRA,SAIDI,IDENT
20170801215248,SA2,901270,NAOMI,OBONG,IDENT
20170801215256,SA2,901044,SUZANA,KIMARO,IDENT
20170801215342,SA2,900926,AMINA,KONDO,IDENT
20170801215457,SA2,900920,PILLI,SAIDI,IDENT
20170801215615,SA2,901274,AMINA,KAHABUKA,IDENT
20170801215621,SA2,901262,HADIJA,SALUM,IDENT
20170801215629,SA2,901251,GATI,NYANTUMAN,IDENT
20170801215636,SA2,901125,TAUSI,SHABANI,IDENT
20170801215740,SA2,901268,ANITHA,KWIMBA,IDENT
20170801215755,SA2,900987,PILLY,MWAWILA,IDENT
20170801215802,SA2,901006,RUKIA,ALLY,IDENT
20170801215806,SA2,901233,SAMI,MTITIMA,IDENT
20170801215815,SA2,900948,VERONICA,MFILINGE,IDENT
20170801215828,SA2,901024,ASIA,KARATA,IDENT
20170801215841,SA2,900957,HADIJA,MKOTA,IDENT
20170801215846,SA2,900889,SALMA,MWAWILA,IDENT
20170801215903,SA2,901237,ZUBEDA,KIMARO,IDENT
20170801215908,SA2,901081,PILI,MDEDE,IDENT
20170801215913,SA2,901009,MOSHI,SAIDI,IDENT
20170801215917,SA2,901103,MWATANGA,DIENI,IDENT
20170801215928,SA2,900995,MARY,KIAMA,IDENT
20170801215945,SA2,901267,NEEMA ,MWAMANYE,IDENT
20170801220004,SA2,901176,FATUMA,MASOUD,IDENT
20170801220022,SA2,901238,MARIAM,SELEMANI,IDENT
20170801220028,SA2,901031,AMINA,BAKARI,IDENT
20170801220034,SA2,901220,AGNESS,MWAMBENGO,IDENT
20170801220039,SA2,901070,FLORA,MSAMLA,IDENT
20170801220048,SA2,901038,AMINA,MDOE,IDENT
20170801220102,SA2,901260,AISHA,MNEKA,IDENT
20170801220128,SA2,901064,SAID,RAMADHANI,IDENT
20170802053234,SA2,900969,JEMA,SALUM,IDENT
20170802053353,SA2,900945,ELIZABETH,MREMA,IDENT
20170802053359,SA2,900976,LUCY,STANLEY,IDENT
20170802053702,SA2,900908,SALMA,RWAMBANO,IDENT
20170802053823,SA2,901198,MANEO,ATHUMANI,IDENT
20170802054215,SA2,900927,SAADA,SALUM,IDENT
20170802054754,SA2,900846,SARA,CHIDUNI,IDENT
20170802054809,SA2,901111,ASIA,MSHAMU,IDENT
20170802054841,SA2,900905,AMINA,MUHIDINI,IDENT
20170802055029,SA2,901020,VICTORIA,MWALUANDA,IDENT
20170802055136,SA2,900978,ELIZABETH,ZAE,IDENT
20170802055216,SA2,901263,JAMIRA,SAIDI,IDENT
20170802055223,SA2,901267,NEEMA ,MWAMANYE,IDENT
20170802055231,SA2,901016,HALIFA,MOHAMED,IDENT
20170802055417,SA2,901134,NURU,MULONGANILE,IDENT
20170802055459,SA2,901096,SAMWELI,MANGARE,IDENT
20170802055506,SA2,901118,LILIAN,MREMA,IDENT
20170802055519,SA2,901258,ATHUMAN,KILINDU,IDENT
20170802055607,SA2,900885,AMINA,MZARA,IDENT
20170802055745,SA2,901271,RACHEL,MCHOVU,IDENT
20170802055823,SA2,901167,KELVIN,NGOZI,IDENT
20170802055832,SA2,900936,SOPHIA,MBONDE,IDENT
20170802055915,SA2,900934,MWAJABU,MARIDADI,IDENT
20170802060047,SA2,901041,JACKLINI,MBOYA,IDENT
20170802060056,SA2,901079,AGNESS,HAJI,IDENT
20170802060101,SA2,900897,SWAUMU,SAIDI,IDENT
20170802060225,SA2,901082,EDINA,JOHN,IDENT
20170802060233,SA2,901054,FATUMA,MUHANDO,IDENT
20170802060407,SA2,901084,MARIA ,SANGA,IDENT
20170802060807,SA2,901343,SEBASTIAN,KIPINGU,IDENT
20170802061156,SA2,901196,BONIPHACE,NGESI,IDENT
20170802063115,SA2,901021,NEEMA ,MWANGO,IDENT
20170802073301,SA2,901068,CATHERINE,MATENGO,IDENT
20170802073525,SA2,100597,NOVATI,TARIMO,IDENT
20170802073935,SA2,901060,MARTHA,GABRIEL,IDENT
20170802074224,SA1,900232,MATIKO ,MICHAEL,IDENT
20170802074303,SA6,900407,CHRISTIAN ,NGONYANI,IDENT
20170802074316,SA6,900446,JOSEPH,KIBASA,IDENT
20170802074428,SA6,900431,HAMADI,ZUBERI,IDENT
20170802074508,SA6,900701,MATHEW,NDANSHAU,IDENT
20170802074518,SA1,901598,GERALD,RUHERE,IDENT
20170802074521,SA4,901092,ASIA,JUMA,IDENT
20170802074637,SA6,900467,MBARUKU,OSWAD,IDENT
20170802074642,SA6,900583,REGINALD,MICHAEL,IDENT
20170802074719,SA4,901239,SAKINA,KIZEE,IDENT
20170802074729,SA4,901447,MASHAKA,MATEKELE,IDENT
20170802074759,SA1,900237,SHOMARI,SELEMANI,IDENT
20170802074906,SA6,900385,ABDALLAH,MOHAMED,IDENT
20170802074913,SA6,900385,ABDALLAH,MOHAMED,IDENT
20170802074919,SA6,E008,ATUL,PATHAK,IDENT
20170802074923,SA6,E008,ATUL,PATHAK,IDENT
20170802074924,SA1,900505,JESCA,MATECHI,IDENT
20170802074936,SA2,900938,ISMAIL,THOMAS,IDENT
20170802075001,SA1,101141,FRANK,RAPAHAEL,IDENT
20170802075005,SA6,900039,MWAJABU,ALLY,IDENT
20170802075013,SA6,900418			,FELIX,WAUSA,IDENT
20170802075045,SA6,901435,FILES,MBANDO,IDENT
20170802075125,SA6,E083,GURURAJ,SHENVI,IDENT
20170802075146,SA6,900432,HAMZA,ABDALLAH,IDENT
20170802075325,SA4,900986,KAUSE,ABDALLAH,IDENT
20170802075409,SA4,901069,ELIZABETH,MRAMU,IDENT
20170802075419,SA6,901265,FRANK ,RUZIGA,IDENT
20170802075426,SA6,900262,FRIDA, MWAMBEGELE,IDENT
20170802075448,SA4,200318,JOSHUA , PAULO,IDENT
20170802075449,SA6,900156,MWANAISHA,UWESU,IDENT
20170802075454,SA6,900584,LUCY,MACHAI,IDENT
20170802075507,SA4,901243,PLAKSEDA,AKIZAMUNGU,IDENT
20170802075516,SA6,901432,AMINA,SOGOI,IDENT
20170802075522,SA6,900447,JOSEPH,LUSANA,IDENT
20170802075527,SA6,900133,GEORGE,GIDION,IDENT
20170802075532,SA6,900144,JANE,MWAKABULUFU,IDENT
20170802075542,SA2,200314,DEO,SAKAYA,IDENT
20170802075546,SA6,900408,COLLMAN,KISISA,IDENT
20170802075550,SA6,901569,FREDRICK,MUSHI,IDENT
20170802075553,SA1,900710,NICHOLAS,KAPANDE,IDENT
20170802075557,SA1,900098,TATU,MTUPA,IDENT
20170802075627,SA1,900829,MOHAMED,ENZI,IDENT
20170802075634,SA2,200316,DENIS,JOHNSON,IDENT
20170802075635,SA1,900707,ATHUMANI,SALEHE,IDENT
20170802075638,SA1,101140,FAUSTINI,MGIMBA,IDENT
20170802075640,SA1,900712,JUMA,JUMBE,IDENT
20170802075644,SA1,900236,PENDO,MAGIGE,IDENT
20170802075647,SA6,900470,MODEST,NJAU,IDENT
20170802075651,SA1,900508,MARIAM ,HAMISI,IDENT
20170802075655,SA1,900719,STEPHAN,SIMON,IDENT
20170802075659,SA6,E021,RAJA,SWAMINATHAN,IDENT
20170802075711,SA1,900517,THERESIA,NJAU,IDENT
20170802075722,SA6,900660,IDDI,ALLY,IDENT
20170802075727,SA6,900280,TADEO,MWINGIZI,IDENT
20170802075731,SA4,901218,JANE,RYOBA,IDENT
20170802075751,SA1,200053,MIKIDADI,NGODU,IDENT
20170802075759,SA6,900430,GWAKISA,MWAKASAGURE,IDENT
20170802075759,SA1,900711,ATHUMAN,IDDI,IDENT
20170802075809,SA1,900499,HASSAN,HAULE,IDENT
20170802075819,SA1,901700,JOSEPH,KUANDIKA,IDENT
20170802075825,SA1,101123,KHAMISI ,PEMBE,IDENT
20170802075827,SA6,900494,YOHANA,LUSANA,IDENT
20170802075830,SA6,900454,KHALFAN,AMOUR,IDENT
20170802075831,SA2,901453,JOHNSON,MUNISI,IDENT
20170802075834,SA2,200351,MICHAEL,MICHAEL,IDENT
20170802075848,SA6,900682,BENEDICT,ELIAS,IDENT
20170802075958,SA6,901438,MARY,JOSEPH,IDENT
20170802080011,SA4,901189,KURUTHUM,KHAMISI,IDENT
20170802080020,SA1,101128,ISSA,RAMADHANI,IDENT
20170802080026,SA6,901584,PENDO,MNJAGILA,IDENT
20170802080028,SA1,900219,GEORGE,SAMATA,IDENT
20170802080034,SA6,900468,MICHAEL,IBRAHIM,IDENT
20170802080039,SA6,E079,BALASUBRAMANIAM,M,IDENT
20170802080045,SA6,900399,ATHUMANI,JUMA,IDENT
20170802080105,SA6,900044,REGINARD,MSHANGA,IDENT
20170802080112,SA6,900464,MARTHA,MWIKOLA,IDENT
20170802080117,SA6,900389,AHMAD,KINDUMA,IDENT
20170802080126,SA1,900457,KHAMISI,MASUMBUKO,IDENT
20170802080131,SA1,101118,MANENO,RAMADHANI,IDENT
20170802080141,SA1,900714,STIVINI,STIVINI,IDENT
20170802080143,SA6,900465,MARTIN,KIDUNGU,IDENT
20170802080148,SA1,900843,KHALFANI,SHABAN,IDENT
20170802080157,SA1,900512,SAIDI,BARUTI,IDENT
20170802080203,SA1,900502,IMAM,AJABU,IDENT
20170802080208,SA6,900142,IRENE,MREMA,IDENT
20170802080209,SA1,900713,ANICET,ABEL,IDENT
20170802080213,SA6,900173,SHARIFA,MRISHO,IDENT
20170802080213,SA1,900504,JEREMIA,TONNO,IDENT
20170802080216,SA6,900478,RAPHAEL,SENKONDO,IDENT
20170802080219,SA6,900591,RASHID ,MUNKENDA,IDENT
20170802080222,SA6,900488,THOBIAS,KIWELU,IDENT
20170802080227,SA6,900108,NORAH,CLEMENCE,IDENT
20170802080232,SA6,900620,AYOUB,MTAFUNGWA,IDENT
20170802080233,SA1,900515,SHOMARI,KIMBWEMBWE,IDENT
20170802080240,SA1,900441,ISSA,KAISI,IDENT
20170802080247,SA1,900516,SOLOMON,MBANGA,IDENT
20170802080310,SA6,901591,EINHARD,MASSAWE,IDENT
20170802080322,SA1,900224,JABIRI,AMANZI,IDENT
20170802080330,SA1,900708,OMARY,ABDALLAH,IDENT
20170802080345,SA1,101124,KHALIDI,KASSIMU,IDENT
20170802080350,SA1,101588,ATHUMAN,SALIM,IDENT
20170802080353,SA1,901586,MOHAMED,KIPANGUZI,IDENT
20170802080356,SA1,101530,SIMON,YOHANA,IDENT
20170802080407,SA6,900271,HUSNA,SAID,IDENT
20170802080411,SA6,900416,ERICK,DAUD,IDENT
20170802080416,SA6,900131,FRANK,MAKWABU,IDENT
20170802080421,SA4,900944,FROLA,KAMARA,IDENT
20170802080450,SA6,900057,ZAITUNI,ABDALLAH,IDENT
20170802080514,SA6,900043,RANI,MOHAR,IDENT
20170802080521,SA6,900043,RANI,MOHAR,IDENT
20170802080527,SA6,900247,ALLY,SELEMANI,IDENT
20170802080543,SA6,900445,JOHN,MASUNGWA,IDENT
20170802080605,SA6,900400,BAHATI,LUBUVA,IDENT
20170802080616,SA1,900621,COSMAS,KARADIS,IDENT
20170802080628,SA1,900235,PAULO,MGEMA,IDENT
20170802080630,SA6,E078,SANJAY,GOYAL,IDENT
20170802080637,SA6,900246,ABDULKARIM,ALI,IDENT
20170802080708,SA6,900398,ARSEN, RWEBANGILA	,IDENT
20170802080713,SA6,900270,HASSAN,KIGWIO,IDENT
20170802080717,SA6,900388,AGNES,SHAYO,IDENT
20170802080731,SA6,900414,EMMANUEL ,SERAPHINE,IDENT
20170802080735,SA6,900390,ALBERT,KANENDA,IDENT
20170802080811,SA6,900393,ALLY,MTWALE,IDENT
20170802080813,SA6,900402,BARAKA,MVUNGI,IDENT
20170802080833,SA6,900109,AMANI,NYAKARASHI,IDENT
20170802080840,SA6,900137,HERIETH,MWELI,IDENT
20170802080843,SA2,901444,BAKARI,KITILA,IDENT
20170802080900,SA6,900485,SHUFAA,ABEID,IDENT
20170802080910,SA1,900645,PETER,MTOLELA,IDENT
20170802080916,SA6,900165,RAMADHANI,NYENJE,IDENT
20170802080921,SA6,900103,FREDNAND,JACKSON,IDENT
20170802080925,SA6,900184,JASPER,NGURUBE,IDENT
20170802080930,SA6,900107,MSELEM,MSELEM,IDENT
20170802080942,SA2,901446,DANIEL,MBARUKA,IDENT
20170802080958,SA2,901452,STEVEN,CHUWA,IDENT
20170802081000,SA2,200311,DAVID,BWILE,IDENT
20170802081035,SA6,900175,TEDDY,SIMON,IDENT
20170802081148,SA2,901396,EDWIN,KIPUYO,IDENT
20170802081119,SA6,900452,KENNEDY,KIMARO,IDENT
20170802081122,SA6,900458,KIBWANA,SAIDI,IDENT
20170802081125,SA6,900439,IDDI,MOHAMED,IDENT
20170802081159,SA6,900566,ERICK,NDUNGURU,IDENT
20170802081210,SA6,E085,ASEEM,VERMA,IDENT
20170802081217,SA6,E060,ANOOP,TIWARI,IDENT
20170802081230,SA6,900435,HASSAN,NKHAMBI,IDENT
20170802081235,SA6,900574,FURAHA,MSAMBWA,IDENT
20170802081242,SA6,900114,ABEID,MOHAMED,IDENT
20170802081244,SA2,200309,RAMADHANI,KIHILE,IDENT
20170802081257,SA2,200312,BARAKA,KATEGILE,IDENT
20170802081301,SA2,901451,JUSTINE,MKUDE,IDENT
20170802081338,SA6,E037,SRINIVAS,DANTU,IDENT
20170802081348,SA6,900481,RICHARD,KWEYAMBA,IDENT
20170802081421,SA2,901450,FARIDA,JUMA,IDENT
20170802081443,SA2,901442,JARINA,SHEKOLA,IDENT
20170802081508,SA2,901443,MWAJUMA,SHEMBWANA,IDENT
20170802081512,SA2,901448,PAULINA,DAVID,IDENT
20170802081526,SA6,900143,JACKLINE,MAIGA,IDENT
20170802081527,SA1,900715,ELIASI,KIZITO,IDENT
20170802081614,SA6,900405,CHARLES,WILLIAM,IDENT
20170802081624,SA4,901264,HADIJA,RAMADHANI,IDENT
20170802081720,SA6,900009,ASHA,HAMISI,IDENT
20170802081725,SA6,900110,RASHID,ISSA,IDENT
20170802081729,SA6,900460,LAMECK,ASSETO,IDENT
20170802081827,SA6,901585,SADICK,MAPUNDA,IDENT
20170802081959,SA1,901575,LINDA,MLAY,IDENT
20170802082002,SA1,900780,THEO,MAPUNDA,IDENT
20170802082129,SA1,900828,WILLIUM,MPANGALA,IDENT
20170802082158,SA6,900292,ROSE,CHIKAWE,IDENT
20170802082222,SA1,900507,KANTI,KADIRI,IDENT
20170802082226,SA6,E045,SURESH,PS,IDENT
20170802082230,SA6,E077,SUMIT,BHATNAGAR,IDENT
20170802082300,SA6,E084,NAVNEET, SINGH,IDENT
20170802082326,SA6,900472,MWALIMU,SELEMANI,IDENT
20170802082330,SA4,900941,KULWA,MSUMA,IDENT
20170802082419,SA6,900649,ZUBEDA,MANDIA,IDENT
20170802082508,SA6,E013,GIRIRAJ,SHARMA,IDENT
20170802082628,SA1,900506,JOE ,MATANDU,IDENT
20170802082735,SA6,900008,ANNE,MCHUMA,IDENT
20170802082755,SA6,900413,ELIBAHATI,JOSEPH,IDENT
20170802082834,SA6,900581,SAADA,MUHINTE,IDENT
20170802082923,SA6,901558,CONSOLATA,MDEMU,IDENT
20170802083033,SA6,900151,LISSY,KIGONJOLA,IDENT
20170802083255,SA6,900484,SHANI,MOHAMED,IDENT
20170802083308,SA6,900681,ABUBAKARI,MGAZA,IDENT
20170802083437,SA6,900629,MICHAEL,ZAMBETAKIS,IDENT
20170802083516,SA6,901590,ISSA,JUMA,IDENT
20170802084318,SA6,900689,IRENE,MOSHI,IDENT
20170802091445,SA6,901581,PROSPER,KATABALWA,IDENT
20170802092743,SA6,900100,AROBOGAST,MOGELLA,IDENT
