20160402104459,SA6,900644,FARIDA,RUBANZA,IDENT
20160402110816,SA1,900741,ERICK,LUWUNGO,IDENT
20160402120429,SA6,900245,ABDALLAH,KIMULIMULI,IDENT
20160402120632,SA6,900019,HAMISI,MADODO,IDENT
20160402121554,SA6,900164,RAMADHANI ,BAKARI,IDENT
20160402125440,SA6,900050,STANLEY,JEREMIAH,IDENT
20160402130057,SA6,900184,JASPER,NGURUBE,IDENT
20160402130141,SA6,900008,ANNE,MCHUMA,IDENT
20160402130209,SA6,900458,KIBWANA,SAIDI,IDENT
20160402130500,SA6,900701,MATHEW,NDANSHAU,IDENT
20160402130504,SA6,900681,ABUBAKARI,MGAZA,IDENT
20160402130507,SA6,900397,ANNA,MOSHI,IDENT
20160402130513,SA6,900620,AYOUB,MTAFUNGWA,IDENT
20160402130524,SA6,900138,HUSSEIN,SHABANI,IDENT
20160402130626,SA6,900021,JAFARI,BAINA,IDENT
20160402130753,SA6,900445,JOHN,MASUNGWA,IDENT
20160402130825,SA6,900110,RASHID,ISSA,IDENT
20160402130833,SA6,900268,GWANTWA,MWASYEBULE,IDENT
20160402130858,SA6,900291,RASHIDI,MUSSSA,IDENT
20160402130917,SA6,900041,NELSON,MTEMI,IDENT
20160402131013,SA6,900649,ZUBEDA,MANDIA,IDENT
20160402131248,SA6,900111,SALUM,SAIDI,IDENT
20160402131318,SA6,900454,KHALFAN,AMOUR,IDENT
20160402131529,SA6,900468,MICHAEL,IBRAHIM,IDENT
20160402131702,SA6,900418,FELIX ,WAUSA,IDENT
20160402131723,SA6,900120,BENEDICTO,MBOKO,IDENT
20160402131746,SA6,900685,VICTOR,MBUNDAMILA,IDENT
20160402131810,SA6,900271,HUSNA,SAID,IDENT
20160402131937,SA6,900114,ABEID,MOHAMED,IDENT
20160402132014,SA6,900430,GWAKISA,MWAKASAGURE,IDENT
20160402132056,SA6,900576,AZZA,MSAKANGOTO,IDENT
20160402132133,SA6,900439,IDDI,MOHAMED,IDENT
20160402132141,SA6,900280,TADEO,MWINGIZI,IDENT
20160402132256,SA6,900390,ALBERT,KANENDA,IDENT
20160402132443,SA6,900131,FRANK,MAKWABU,IDENT
20160402132509,SA6,900591,RASHID ,MUNKENDA,IDENT
20160402132700,SA6,900168,RAZAKI,MTINDA,IDENT
20160402132742,SA6,900541,GOLDEN,MDUBA,IDENT
20160402132943,SA6,900396,ANDREW,MSANGI,IDENT
20160402133001,SA6,900246,ABDULKARIM,ALI,IDENT
20160402133249,SA6,900611,EVARIST,MPINGAURUGU,IDENT
20160402133253,SA6,900040,MWAJUMA,KATONA,IDENT
20160402133437,SA6,900159,PAMELA,KUSALIKA,IDENT
20160402133657,SA6,900261,FRANCIS,MAKOTI,IDENT
20160402133701,SA6,900470,MODEST,NJAU,IDENT
20160402133721,SA6,900583,REGINALD,MICHAEL,IDENT
20160402133755,SA6,900029,JUMANNE,MBONDE,IDENT
20160402133808,SA5,100152,GEOFREY,MAPESA,IDENT
20160402133832,SA6,900389,AHMAD,KINDUMA,IDENT
20160402133835,SA5,101882,BEATHA,MLOSO,IDENT
20160402133908,SA5,100181,AGNES,LUCAS,IDENT
20160402133922,SA5,100264,ISAYA ,SAWASAWA,IDENT
20160402133932,SA5,100189,REGINA,JEMES,IDENT
20160402134000,SA5,200012,DAVID,NGELESHI,IDENT
20160402134006,SA5,100266,HADIJA,JUMA,IDENT
20160402134040,SA2,101778,RAJABU,MOHAMMED,IDENT
20160402134056,SA6,900414,EMMANUEL ,SERAPHINE,IDENT
20160402134110,SA5,200014,ALFRED,CHARLES,IDENT
20160402134112,SA5,101744,SALUM,LINJA,IDENT
20160402134119,SA5,200026,MARIAM,YAHAYA,IDENT
20160402134129,SA5,100197,TUKAE,MUSA,IDENT
20160402134136,SA5,100155,STELLA,MTALLO,IDENT
20160402134141,SA5,100198,ASHA,SHOMARI,IDENT
20160402134154,SA3,200158,MANEO,ATHUMANI,IDENT
20160402134241,SA5,100182,CONSOLATHA,JOSEPH,IDENT
20160402134245,SA5,100370,SARA,YOEL,IDENT
20160402134335,SA6,900560,DEOGRASIAS,STEPHIN,IDENT
20160402134337,SA5,200021,SWAUMU,MZIRAI,IDENT
20160402134356,SA4,101917,MERCY,MONGI,IDENT
20160402134400,SA6,E067,ANKIT,JAIN,IDENT
20160402134406,SA4,100921,TATU,ISSA,IDENT
20160402134412,SA4,100925,AZIZA,MANGETU,IDENT
20160402134415,SA5,200013,HABIBU,BAKARI,IDENT
20160402134416,SA4,100848,AMINA,MUYA,IDENT
20160402134452,SA5,100236,SAUDA,MATOWELA,IDENT
20160402134507,SA4,100717,ZUHURA,KIJIMBO,IDENT
20160402134517,SA5,100214,HALIMA,SANANE,IDENT
20160402134521,SA5,100396,DIANA,NDONGO,IDENT
20160402134525,SA5,100215,ZAMDA,NGWABAYA,IDENT
20160402134534,SA4,100882,AISHA,KIBINDO,IDENT
20160402134552,SA5,100311,SALAFINA,KISAPI,IDENT
20160402134552,SA6,900627,BAHATI,KAPIGA,IDENT
20160402134600,SA4,200279,KULUTHUM,CHILEMILE,IDENT
20160402134604,SA5,200020,NAOMI,YUSUPH,IDENT
20160402134605,SA4,200058,NURU,MOHAMED,IDENT
20160402134625,SA4,100490,AMINA,NGAINA,IDENT
20160402134630,SA3,200287,NURAT,JAFARI,IDENT
20160402134634,SA6,900015,EMMANUEL ,CLEMENT,IDENT
20160402134634,SA5,100191,JOYCE,SEMWENDA,IDENT
20160402134639,SA3,100535,PAULINA,DEVA,IDENT
20160402134642,SA5,100195,ANNA,TEMBA,IDENT
20160402134642,SA4,101017,ANNA,KITOMARY,IDENT
20160402134645,SA3,100464,ASHA,MALINBWI,IDENT
20160402134651,SA3,100513,HADIJA , KIHEGO,IDENT
20160402134657,SA6,E078,SANJAY,GOYAL,IDENT
20160402134713,SA5,200039,ALLY,SELEMAN,IDENT
20160402134720,SA4,100679,SOPHIA,LIKONGO,IDENT
20160402134729,SA5,100356,AWAZI,SALIM,IDENT
20160402134730,SA4,200130,RENIFRIDA,NGUMBU,IDENT
20160402134731,SA3,100488,ELITABETH,GOMELO,IDENT
20160402134733,SA6,900262,FRIDA, MWAMBEGELE,IDENT
20160402134739,SA3,100670,MWANAHAMISI,MAKUNGANYA,IDENT
20160402134745,SA3,101516,ELIWAZA,MWIGOHA,IDENT
20160402134752,SA3,100487,ELIZABERTH,KIJA,IDENT
20160402134802,SA3,200202,ROSE,CHUWA,IDENT
20160402134817,SA5,100359,ASHA,HAMISI,IDENT
20160402134819,SA2,101078,SALMA,MUHARAMU,IDENT
20160402134824,SA5,100237,HIDAYA,KASSIM,IDENT
20160402134829,SA5,100242,HUSSEIN,MANYEMBA,IDENT
20160402134834,SA2,100492,SALMA,MWAWILA,IDENT
20160402134837,SA4,100745,SHARIFA,LIYAYA,IDENT
20160402134838,SA2,101782,MWATANGA,DIENI,IDENT
20160402134841,SA4,100794,RUKIA,KONDO,IDENT
20160402134849,SA4,100853,HADIJJA,KIJUU,IDENT
20160402134903,SA2,101034,MWAJUMA,ABDALLAH,IDENT
20160402134905,SA4,100658,SALAMA,MOHAMAD,IDENT
20160402134911,SA2,100457,ZALAU,NGWELE,IDENT
20160402134912,SA4,101613,SHARON,IBRAHIM,IDENT
20160402134928,SA2,101765,TAUS,MUSTAPHA,IDENT
20160402134943,SA2,100667,HABIBA,MDOSE,IDENT
20160402134945,SA4,200076,BAHATI,MAKAMBA,IDENT
20160402134953,SA4,200060,SIJALI,MKELE,IDENT
20160402134955,SA3,100475,MWANAHAMISI,MAREKANO,IDENT
20160402134957,SA6,900169,REHEMA,YUSUFU,IDENT
20160402135002,SA4,100455,GOMERY,DAUDI,IDENT
20160402135007,SA6,900169,REHEMA,YUSUFU,IDENT
20160402135009,SA3,100684,AGNESS,NAWAHIGA,IDENT
20160402135014,SA2,200042,SIJARI,MAGOMBE,IDENT
20160402135017,SA3,200191,JAMILA,MASONGI,IDENT
20160402135019,SA4,101885,AISHA,WILLIUM,IDENT
20160402135021,SA2,200064,SAUDA,MAULID,IDENT
20160402135032,SA2,101067,ELIZABETH,MRAMU,IDENT
20160402135036,SA6,900556,REGINA,NDALUHEKEYE,IDENT
20160402135036,SA3,100915,AMINA,BAKARI,IDENT
20160402135037,SA2,101068,FLORA,MSAMLA,IDENT
20160402135041,SA4,100850,MARIAM,SABURI,IDENT
20160402135045,SA2,100845,AGNES,MTYANGILE,IDENT
20160402135048,SA4,100910,REHEMA,KWENGWEGU,IDENT
20160402135049,SA2,100730,JEMA,SALUM,IDENT
20160402135056,SA6,900661,ADILILA,KONGA,IDENT
20160402135057,SA4,200195,AISHA,MKUMBA,IDENT
20160402135059,SA2,100560,PILLI,SAIDI,IDENT
20160402135103,SA2,101991,IBRAHIM,MZENTO,IDENT
20160402135103,SA6, 900487,STEPEHEN,SIJALI,IDENT
20160402135105,SA5,200023,VUMILIA,NDEGE,IDENT
20160402135108,SA4,200143,SOMOE,KANYIMBA,IDENT
20160402135110,SA5,100351,LINETH,KYARUS,IDENT
20160402135113,SA4,200252,ANNA,NGAPONDA,IDENT
20160402135114,SA3,100710,HERMAN,MAKOKO,IDENT
20160402135115,SA2,200225,AGNESS,MWAMBENGO,IDENT
20160402135115,SA5,200019,ADELA,MSAGA,IDENT
20160402135118,SA2,200280,MAGRETH,MASAWE,IDENT
20160402135119,SA5,100186,DIANA,KIBASA,IDENT
20160402135124,SA6,900656,DOTTO,MONGOMONGO,IDENT
20160402135132,SA5,100199,SOPHIA,ALLY,IDENT
20160402135134,SA2,100792,MWANAKOMBO,KHALID,IDENT
20160402135136,SA4,200077,BETH,NGADADA,IDENT
20160402135137,SA5,100263,HASHIM,HAIZA,IDENT
20160402135142,SA4,200290,AVERINA,AMANDUS,IDENT
20160402135150,SA4,100506,JOYCE,MCHOMVU,IDENT
20160402135154,SA5,2000183,OMARY,JUMA,IDENT
20160402135154,SA2,100503,MWANIA,PEMBE,IDENT
20160402135156,SA3,200071,VERONICA,LECHIPYA,IDENT
20160402135157,SA4,200157,RASHID,NJERAN,IDENT
20160402135201,SA4,101050,ZULEHA,MOHAMED,IDENT
20160402135204,SA5,100187,ZUHURA,HAMIS,IDENT
20160402135208,SA4,101023,HAMIDA,MATIPA,IDENT
20160402135212,SA5,100259,SEBASTIAN,KIPINGU,IDENT
20160402135213,SA4,100858,GRESS,KOBA,IDENT
20160402135221,SA4,101910,LILIAN,MREMA,IDENT
20160402135226,SA4,100851,SALAMA,KADALA,IDENT
20160402135244,SA4,200227,DEBORA,FILIPATALI,IDENT
20160402135245,SA5,200016,BARNABA,EDWARD,IDENT
20160402135250,SA4,100517,MARIAM,JUMA,IDENT
20160402135302,SA4,200260,ANITHA,AHALIELI,IDENT
20160402135307,SA4,101987,ADELINA,MALEMA,IDENT
20160402135312,SA4,101947,HEAVENLIGHT,NKYA,IDENT
20160402135316,SA3,100461,SELEN,JUMA,IDENT
20160402135318,SA4,100672,DIANA,LEMA,IDENT
20160402135321,SA3,100444,FLORA,DAMAS,IDENT
20160402135328,SA5,200040,RUBUNDA,NJELELE,IDENT
20160402135329,SA4,101920,NEEMA,FANUEL,IDENT
20160402135330,SA3,100450,FRIDA,MKUMBO,IDENT
20160402135333,SA4,200285,JENIPHA,CHIZA,IDENT
20160402135334,SA3,100808,KAUSE,ABDALLAH,IDENT
20160402135338,SA5,2000187,PASCAL,STANLEY,IDENT
20160402135341,SA2,101511,PILI,MDEDE,IDENT
20160402135342,SA3,100812,AMINA,CHITWANGWA,IDENT
20160402135347,SA2,100612,SOPHIA,MBONDE,IDENT
20160402135351,SA5,100387,REHEMA,ALLY,IDENT
20160402135355,SA5,100376,CHRISTINA,TATI,IDENT
20160402135400,SA5,100383,STELLA,MAKUNDI,IDENT
20160402135408,SA6,900143,JACKLINE,MAIGA,IDENT
20160402135414,SA6,900428,GLADIS,MAZENGO,IDENT
20160402135415,SA2,100641,AISHA,MNEKA,IDENT
20160402135415,SA4,200273,PLAKSEDA,AKIZAMUNGU,IDENT
20160402135419,SA4,200152,VICTORIA,MWAMPEGETE,IDENT
20160402135420,SA2,100508,AZIZA,KAKOMBE,IDENT
20160402135422,SA5,100234,SAVELINA ,KASHASHA,IDENT
20160402135423,SA3,100544,MWAJUMA,KITANI,IDENT
20160402135425,SA2,101035,NAOMI,OBONG,IDENT
20160402135429,SA5,100238,AGNES,SALAWA,IDENT
20160402135431,SA2,100957,SUZANA,KIMARO,IDENT
20160402135431,SA4,100518,HELENA,SENZUGWAKO,IDENT
20160402135435,SA5,200025,AMINA,HAMISI,IDENT
20160402135438,SA4,100645,RAHMA,MWIMBA,IDENT
20160402135442,SA5,100371,REHEMA,SINDANO,IDENT
20160402135448,SA5,100229,MATRIDA,CHUVAKA,IDENT
20160402135448,SA2,101014,ANGELA,MWAKAPALILA,IDENT
20160402135454,SA5,101743,YOHANA,LEONARD,IDENT
20160402135454,SA2,101952,NURU,MULONGANILE,IDENT
20160402135506,SA5,2000182,OSWALD,SHILLA,IDENT
20160402135515,SA5,100153, ZAINABU , SALUM,IDENT
20160402135515,SA4,101088,CONSOLATH,MATERU,IDENT
20160402135518,SA3,100655,ASHURA,ATHUMAN,IDENT
20160402135520,SA4,101932,TAUSI,SHABANI,IDENT
20160402135523,SA4,100541,NEEMA,URASSA,IDENT
20160402135526,SA4,100886,ASHA,NGAMBA,IDENT
20160402135529,SA6,900422,FURAHA,MWAKIFWAMB,IDENT
20160402135536,SA4,100876,LUCY,THOMAS,IDENT
20160402135537,SA2,200262,FATIMA,ALLY,IDENT
20160402135545,SA4,200142,MONICA,SHEMBONI,IDENT
20160402135548,SA4,200149,NEEMA,MNYALAPE,IDENT
20160402135552,SA4,100616,UPENDO,MLEWA,IDENT
20160402135559,SA4,200247,MARTHA,MAKASHA,IDENT
20160402135602,SA4,101600,FARIDA,LYIMO,IDENT
20160402135602,SA3,100465,MWASITI,MAULID,IDENT
20160402135611,SA6,900124,DAUDI,ELIFALETH,IDENT
20160402135615,SA4,200282,JENIPHA,DAMIAN,IDENT
20160402135616,SA6,900476,RAMADHANI,IDD,IDENT
20160402135624,SA5,100246,TERESIA , MIHAMBO,IDENT
20160402135629,SA6,900647,JOHANSEN,MPANJU,IDENT
20160402135629,SA5,100349,DOROSTA,CLEMANCE,IDENT
20160402135632,SA3,100467,IRENE,GABRIEL,IDENT
20160402135632,SA5,2000220,SHAMSI,MUHITI,IDENT
20160402135638,SA2,100944,LUCY,AGASTINO,IDENT
20160402135639,SA5,100226,JANE,NYAGAWA,IDENT
20160402135643,SA3,101889,ASHA,MPELA,IDENT
20160402135646,SA2,100809,PILLY,MWAWILA,IDENT
20160402135649,SA4,101936,ZAHARA,MBELWA,IDENT
20160402135652,SA4,101919,MWATANGA,ALLY,IDENT
20160402135701,SA5,100227,FIDEA,AGUSTINO,IDENT
20160402135705,SA2,200128,FURAHA,TEMBA,IDENT
20160402135707,SA5,100239,HASINA,OMARI,IDENT
20160402135712,SA2,100572,HELENA,KHAJI,IDENT
20160402135717,SA4,200259,SAMI,MTITIMA,IDENT
20160402135723,SA2,100623,STELLA,MAGOGWA,IDENT
20160402135726,SA5,100373,RATIFA,KAPINGA,IDENT
20160402135726,SA2,100815,CHRISTINA,JAILOS,IDENT
20160402135735,SA2,100691,ELIZABETH,FRANCISCO,IDENT
20160402135738,SA3,100996,HABIBA,PAZZI,IDENT
20160402135739,SA6,900494,YOHANA,LUSANA,IDENT
20160402135743,SA5,100374,MARIAM,BELEKO,IDENT
20160402135756,SA2,101514,MARIA ,SANGA,IDENT
20160402135800,SA2,100438,TECLA,SAMWEL,IDENT
20160402135805,SA2,101005,FATUMA,MUHANDO,IDENT
20160402135813,SA2,100678,HADIJA,MKOTA,IDENT
20160402135813,SA4,100732,NAOMI,SAMWELI,IDENT
20160402135819,SA2,101071,YUNIS,NDAIGA,IDENT
20160402135820,SA6,900112,ABDALLAH,MIKALAMBILO,IDENT
20160402135822,SA2,101614,MARTINA,FISSO,IDENT
20160402135827,SA2,100855,RUKIA,ALLY,IDENT
20160402135829,SA4,200226,TEDDY,MAGAMBO,IDENT
20160402135830,SA6,900472,MWALIMU,SELEMANI,IDENT
20160402135831,SA3,100440,CHRISTINA,MAGOWELA,IDENT
20160402135835,SA5,100328,EDWIN,KIPUYO,IDENT
20160402135837,SA4,100580,AMINA,KONDO,IDENT
20160402135839,SA2,100937,AMINA,MDOE,IDENT
20160402135839,SA3,100499,HINESS,KAAYA,IDENT
20160402135845,SA2,100879,CATHERINE,NYEMA,IDENT
20160402135848,SA4,200269,CANDY,ABRAHAM,IDENT
20160402135848,SA6,900581,SAADA,MUHINTE,IDENT
20160402135851,SA3,100436,ANNA,MICHAEL,IDENT
20160402135851,SA2,200190,SOPHIA,LUGOME,IDENT
20160402135853,SA6,900586,MOHAMED,SOLOKA,IDENT
20160402135854,SA2,200055,ALOYCE,IZINA,IDENT
20160402135856,SA6,200317,FRANK ,RUZIGA,IDENT
20160402135857,SA3,101802,FATUMA,KABUMA,IDENT
20160402135859,SA5,200027,GASPAL,MKOBA,IDENT
20160402135900,SA6,900580,BARAKA,MAGAFU,IDENT
20160402135901,SA3,100473,RAHMA,KILO,IDENT
20160402135903,SA2,100463,LUCY,ELIAS,IDENT
20160402135909,SA2,101512,EDINA,JOHN,IDENT
20160402135909,SA3,100435,EDINA,MWAKYOMA,IDENT
20160402135910,SA5,100200,VAILETH,NGULO,IDENT
20160402135911,SA6,101993,EPIFANI, MBOKO,IDENT
20160402135913,SA4,200125,AMANDA,KWEZI,IDENT
20160402135915,SA2,200046,SALAMA,ALLY,IDENT
20160402135916,SA3,100429,AGNESS,LUHUNGO,IDENT
20160402135919,SA4,200068,KELVIN,NGOZI,IDENT
20160402135922,SA2,101072,TATU,ATHUMAN,IDENT
20160402135926,SA3,100509,NURU,MAKANDE,IDENT
20160402135928,SA5,200022,LOYCE,MASKINI,IDENT
20160402135953,SA2,101886,AMINA,MNYIFUNA,IDENT
20160402135954,SA6,900107,MSELEM,MSELEM,IDENT
20160402140000,SA2,200243,HAPPY,MKWEPU,IDENT
20160402140008,SA3,100549,HAWA,MWIMBE,IDENT
20160402140011,SA2,200200,MIRIAM,MNDEWA,IDENT
20160402140014,SA3,100446,MAIMUNA,JARUFU,IDENT
20160402140017,SA2,101048,ZAINABU,KARUMUNA,IDENT
20160402140026,SA2,100895,ASIA,KARATA,IDENT
20160402140029,SA2,101031,MARTHA,GABRIEL,IDENT
20160402140038,SA2,100814,JANE,MHONGOLE,IDENT
20160402140042,SA2,100445,AISHA,KIUMBA,IDENT
20160402140047,SA2,101513,HADIJA,MPAMBA,IDENT
20160402140051,SA6,900166,RAMADHANI,KIPENGELE,IDENT
20160402140055,SA5,100279,FRANK,MANDI,IDENT
20160402140100,SA2,101517,REHEMA,CHETE,IDENT
20160402140103,SA5,100260,JACKSON,ATANUS,IDENT
20160402140103,SA2,100869,JANE,SIMON,IDENT
20160402140112,SA4,200045,MAGRETH,ZANUARI,IDENT
20160402140126,SA2,100514,SWAUMU,SAIDI,IDENT
20160402140127,SA5,100397,JOAN,OMANDI,IDENT
20160402140129,SA4,101956,REHEMA,OMARY,IDENT
20160402140131,SA2,100607,STELLA,MWAKATOBE,IDENT
20160402140134,SA4,101903,GRACE,KAHANGE,IDENT
20160402140134,SA6,900568,GODWIN,KIRIA,IDENT
20160402140137,SA5,100278,AISHA,ISSA,IDENT
20160402140137,SA4,101775,REHEMA,SALEHE,IDENT
20160402140139,SA2,200151,ASMA,KONDO,IDENT
20160402140142,SA4,200250,CESILIA,MBABUYE,IDENT
20160402140144,SA3,100551,DOROTHEA,KILO,IDENT
20160402140149,SA4,200056,SAFINA,OMARI,IDENT
20160402140150,SA3,100654,MUHINA,GOMBE,IDENT
20160402140153,SA2,101515,ELIZABETH,NYAMBO,IDENT
20160402140157,SA2,200081,FATUMA,MASOUD,IDENT
20160402140207,SA2,101510,SALOME,DUA,IDENT
20160402140211,SA2,200305,NDEKESIO,SIKAWA,IDENT
20160402140218,SA2,101081,AGATHA,JAMALI,IDENT
20160402140210,SA4,100630,CHRISTINA,MWENDA,IDENT
20160402140213,SA6,900170,REHEMA,CHINUNJE,IDENT
20160402140220,SA6,900407,CHRISTIAN ,NGONYANI,IDENT
20160402140221,SA3,100896,ASHURA,HAMISI,IDENT
20160402140228,SA3,101036,RASHID,MDOE,IDENT
20160402140233,SA3,100656,MWAJUMA,AIDAN,IDENT
20160402140249,SA4,200244,ANNA,NYAKAPALA,IDENT
20160402140251,SA2,100888,VICTORIA,MWALUANDA,IDENT
20160402140252,SA3,100646,ANNA,GODISON,IDENT
20160402140254,SA3,100552,SABINA,KINGIMALI,IDENT
20160402140258,SA2,100782,ELIZABETH,ZAE,IDENT
20160402140312,SA2,100765,LUCY,STANLEY,IDENT
20160402140325,SA2,100978,REDEMTA,DANIEL,IDENT
20160402140331,SA5,100235,DEVOTA,RWEYEMAMU,IDENT
20160402140334,SA4,100521,NEEMA,NYAKOKI,IDENT
20160402140338,SA5,101746,JENIPHA,MWILONGO,IDENT
20160402140340,SA3,100478,EDINA,ABED,IDENT
20160402140344,SA6,900416,ERICK,DAUD,IDENT
20160402140358,SA2,100945,JACKLINI,MBOYA,IDENT
20160402140403,SA2,100481,HADIJA,GOGO,IDENT
20160402140407,SA5,200037,ABDALLA,MGAYA,IDENT
20160402140416,SA2,100943,JULIANA,SUKU,IDENT
20160402140423,SA3,100432,MWAJABU,BAKARI,IDENT
20160402140424,SA4,100760,EDINA,MZUNGU,IDENT
20160402140428,SA2,101093,NASMA,LINOGA,IDENT
20160402140432,SA6,900417,FABIAN,FABIAN,IDENT
20160402140458,SA4,100565,BAHATI,SALEHE,IDENT
20160402140503,SA6,900465,MARTIN,KIDUNGU,IDENT
20160402140510,SA4,101976,ASHURA,MGENI,IDENT
20160402140526,SA4,100824,MARIAM,MSUMALI,IDENT
20160402140546,SA6,900139,IDD,YUSUFU,IDENT
20160402140551,SA6,900399,ATHUMANI,JUMA,IDENT
20160402140601,SA2,200294,ATHUMAN,KILINDU,IDENT
20160402140617,SA4,101898,FARIDA,AMBLOS,IDENT
20160402140622,SA2,100593,TABIA,DOGOLI,IDENT
20160402140627,SA5,100398,JOSHUA,KITUNDU,IDENT
20160402140629,SA2,101634,BEATA,KOMBA,IDENT
20160402140634,SA4,100954,ANNA,JOHN,IDENT
20160402140636,SA2,200061,SWAUMU,KAYANDA,IDENT
20160402140640,SA2,200078,SALMA,RAMADHAN,IDENT
20160402140643,SA2,101061,HELENA,SAMWELI,IDENT
20160402140643,SA5,2000186,SHABANI,HUSEN,IDENT
20160402140649,SA5,100255,ANDREW,KILUGWA,IDENT
20160402140703,SA3,200163,INOCENT , KIFUMU,IDENT
20160402140707,SA2,200217,VIVIAN,MWANGATA,IDENT
20160402140710,SA4,100893,SILIVIA,SHAYO,IDENT
20160402140712,SA2,200059,MWANAHARUSI,MOHAMED,IDENT
20160402140713,SA5,100244,MWANAHAMIS ,MSUYA,IDENT
20160402140718,SA5,100250,MARRY,MASULUBE,IDENT
20160402140719,SA4,100836,MARY,ONDURU,IDENT
20160402140726,SA4,100547,ASHURA,NGUMBE,IDENT
20160402140729,SA4,100804,SALAMA,BIGE,IDENT
20160402140733,SA6,900406,CHAUREMBO,MWINYI,IDENT
20160402140735,SA5,100257,HOYCE,TILLYA,IDENT
20160402140737,SA4,100833,LILIAN,RASHIDI,IDENT
20160402140742,SA4,101897,ELIZABETH,SHIRIMA,IDENT
20160402140746,SA3,200248,MWAMVITA,MWAIPOPO,IDENT
20160402140746,SA4,101939,FELISTA,NYAHENGE,IDENT
20160402140756,SA4,100727,TAUSI,SIMBA,IDENT
20160402140801,SA4,101784,MWANAHAWA,HASSAN,IDENT
20160402140807,SA5,100348,BISURA,MCHELEO,IDENT
20160402140819,SA5,100353,MAGRETH,LUGERA,IDENT
20160402140820,SA4,100530,ANNA,MAGEMBE,IDENT
20160402140826,SA4,101521,HARUNA,ATHUMANI,IDENT
20160402140832,SA4,101000,DORIS,JOHN,IDENT
20160402140834,SA5,100175,THABIT,ALLY,IDENT
20160402140836,SA4,100739,SAFINA,ABEID,IDENT
20160402140839,SA4,100953,FARIDA,NDAUKE,IDENT
20160402140839,SA5,2000185,WAZIRI,WAZIRI,IDENT
20160402140843,SA4,100994,MARIAM,SAIDI,IDENT
20160402140847,SA4,200057,SAUDA,MCHECHE,IDENT
20160402140853,SA4,101524,HADIJA,JUMA,IDENT
20160402140856,SA4,100911,MARIAM,MWETEMBO,IDENT
20160402140901,SA4,100907,FATUMA,KONYO,IDENT
20160402140918,SA4,101037,RACHEL,MZOROZORO,IDENT
20160402140927,SA4,200212,ASHA,RAMADHANI,IDENT
20160402140931,SA4,100496,ORIVER,UDOBA,IDENT
20160402140937,SA6,900175,TEDDY,SIMON,IDENT
20160402140944,SA6,900153,MUSSA,KIGUNGAS,IDENT
20160402140953,SA4,200047,GRACE,MUHONO,IDENT
20160402141001,SA4,200254,ASHA,DUTCH,IDENT
20160402141013,SA4,200245,NOELA,YALOT,IDENT
20160402141018,SA2,100602,MWAJABU,MARIDADI,IDENT
20160402141020,SA4,100554,MARIAM,RAMADHANI,IDENT
20160402141024,SA4,100661,JANE,LUSENDELA,IDENT
20160402141029,SA2,100652,VERONICA,MFILINGE,IDENT
20160402141032,SA2,100838,ASHA,MOHAMED,IDENT
20160402141036,SA2,100537,SALMA,RWAMBANO,IDENT
20160402141036,SA4,101781,ORIVER,DAUD,IDENT
20160402141052,SA4,101940,NURU,DAUDI,IDENT
20160402141057,SA1,900741,ERICK,LUWUNGO,IDENT
20160402141105,SA4,101972,JOYCE,CHEMRA,IDENT
20160402141111,SA4,200253,KUDRA,BAKARI,IDENT
20160402141120,SA5,100253,MARRY,MLIUNJA,IDENT
20160402141130,SA6,900444,JOHN,MEDA,IDENT
20160402141134,SA5,100201,MARRY,SHOO,IDENT
20160402141136,SA4,200197,AISHA,ABEID,IDENT
20160402141138,SA5,100165,DOREEN,MDOE,IDENT
20160402141144,SA6,900391,ALLY,MASHAURI,IDENT
20160402141159,SA5,100247,VILET,MHELUKA,IDENT
20160402141201,SA4,200210,MARIAM,OMAR,IDENT
20160402141210,SA5,200075,AGNES,STEVEN,IDENT
20160402141212,SA4,100721,FATUMA,MTAMBUA,IDENT
20160402141220,SA4,200205,ANNA,KIMARO,IDENT
20160402141227,SA4,101935,YUNIS,LULANDALA,IDENT
20160402141238,SA4,100856,MODESTA,JOGOO,IDENT
20160402141243,SA4,100591,MARIA,MAGWE,IDENT
20160402141255,SA4,200256,ZAMDA,HASSAN,IDENT
20160402141258,SA4,100807,BAHATI,SARAPIONI,IDENT
20160402141308,SA4,101912,LINA,MLAWA,IDENT
20160402141312,SA4,200136,GRACE,NGALABA,IDENT
20160402141324,SA4,101892,BUSHRA,SALUM,IDENT
20160402141329,SA4,200063,FATUMA,ABDALLAH,IDENT
20160402141332,SA4,200281,HILDA,MWAZEMBE,IDENT
20160402141337,SA4,200288,ASHA,BILALI,IDENT
20160402141345,SA4,100832,MARY,KIAMA,IDENT
20160402141355,SA4,100830,MWAISHA,MWAMOTO,IDENT
20160402141416,SA4,200198,SARAH,MWINANI,IDENT
20160402141420,SA5,200035,MARIAM,MJELELE,IDENT
20160402141425,SA4,100959,ASHURA,KATULA,IDENT
20160402141426,SA5,100271,PILLI,CHOLOGONDO,IDENT
20160402141438,SA6,900157,MZEE,KONDOWE,IDENT
20160402141438,SA4,100476,ZAINABU,SAIDI,IDENT
20160402141440,SA4,100469,AISHA,KIZINGA,IDENT
20160402141444,SA4,101024,JAZIRA,RAMADHANI,IDENT
20160402141453,SA4,100553,SALMA,DIWILE,IDENT
20160402141501,SA4,100821,AGNESS,MEJA,IDENT
20160402141517,SA6,900409,DANIEL,MROPE,IDENT
20160402141528,SA4,200223,MARIAM,MUSSA,IDENT
20160402141544,SA4,101938,ZAITUNI,SOGOI,IDENT
20160402141549,SA4,101087,AGNESS,NGAPONDA,IDENT
20160402141554,SA4,100577,SUZANA,NAPANGA,IDENT
20160402141559,SA5,200034,RECHO,MSHUMBUSI,IDENT
20160402141607,SA4,200209,HABIBA,NJIKU,IDENT
20160402141612,SA4,100922,STAMILI,MUSSA,IDENT
20160402141639,SA6,900474,PHILBERT,MATOGO,IDENT
20160402141704,SA2,100644,ANITHA,KWIMBA,IDENT
20160402141726,SA4,100539,HADIJA,MTENTE,IDENT
20160402141729,SA3,100533,MARYSTELA,MCHOME,IDENT
20160402141733,SA3,100564,MWAJUMA,IDDI,IDENT
20160402141734,SA4,100894,AMINA,CHAKWE,IDENT
20160402141740,SA4,200292,FRIDA,MHELELA,IDENT
20160402141812,SA3,100483,AMINA,MZARA,IDENT
20160402141828,SA3,101601,ASIA,JUMA,IDENT
20160402141830,SA2,200278,VERONICA,MTENGWA,IDENT
20160402141850,SA6,900162,PILLY,MANENO,IDENT
20160402142053,SA4,100629,KULWA,MSUMA,IDENT
20160402142142,SA6,900449,JUMA,SANGAYA,IDENT
20160402142205,SA2,100924,AGNESS,HELEMAN,IDENT
20160402142214,SA2,100704,MWAZANI,SAIDI,IDENT
20160402142222,SA3,200084,JUDETH,MADULU,IDENT
20160402142223,SA2,100631,MWAMINI,MPANGULE,IDENT
20160402142226,SA3,100581,SAADA,SALUM,IDENT
20160402142233,SA3,100920,MARISELINA,NGULI,IDENT
20160402142240,SA3,100579,REGINA,THOMAS,IDENT
20160402142413,SA3,100683,REHEMA,LYOWA,IDENT
20160402142418,SA3,101786,MTUMWA,ALLY,IDENT
20160402142423,SA3,100639,ELIZABETH,MREMA,IDENT
20160402142439,SA3,100600,WINFRIDA,LUSEBA,IDENT
20160402142501,SA3,100532,AMINA,MUHIDINI,IDENT
20160402142840,SA4,100772,MWANAHAMISI,MUNKUNDA,IDENT
20160402142858,SA6,900682,BENEDICT,ELIAS,IDENT
20160402142904,SA6,900108,NORAH,CLEMENCE,IDENT
20160402142925,SA6,900480,RASHID,MOHAMED,IDENT
20160402142947,SA4,101890,ASIA,MSHAMU,IDENT
20160402142957,SA4,200267,MARIAM,SELEMANI,IDENT
20160402143205,SA4,200069,REHEMA ,MWASOMOLA,IDENT
20160402143410,SA6,900161,PILLI ,MOHAMED,IDENT
20160402143453,SA6,900575,CHRISTINA ,SENYANGWA,IDENT
20160402143620,SA6,900048,SHELLA,MFAUME,IDENT
20160402143639,SA6,900135,HALIMA,NGAMZI,IDENT
20160402143701,SA6,900485,SHUFAA,ABEID,IDENT
20160402143800,SA6,900703,MUSSA,MTALI,IDENT
20160402143958,SA6,900115,AKIDA,DUGANGE,IDENT
20160402144043,SA6,900488,THOBIAS,KIWELU,IDENT
20160402145048,SA6,900489,TUMAINI,MNZAVA,IDENT
20160402145135,SA6,900137,HERIETH,MWELI,IDENT
20160402145630,SA6,900629,MICHAEL,ZAMBETAKIS,IDENT
20160402145641,SA6,900629,MICHAEL,ZAMBETAKIS,IDENT
20160402145651,SA6,900629,MICHAEL,ZAMBETAKIS,IDENT
20160402145725,SA6,900629,MICHAEL,ZAMBETAKIS,IDENT
20160402145737,SA6,900629,MICHAEL,ZAMBETAKIS,IDENT
20160402145748,SA6,900629,MICHAEL,ZAMBETAKIS,IDENT
20160402145752,SA6,900629,MICHAEL,ZAMBETAKIS,IDENT
20160402145813,SA6,900629,MICHAEL,ZAMBETAKIS,IDENT
20160402145818,SA6,900629,MICHAEL,ZAMBETAKIS,IDENT
20160402145820,SA6,900629,MICHAEL,ZAMBETAKIS,IDENT
20160402145823,SA6,900629,MICHAEL,ZAMBETAKIS,IDENT
20160402145828,SA6,900629,MICHAEL,ZAMBETAKIS,IDENT
20160402150124,SA6,900646,SARAH,MWAIPOPO,IDENT
20160402150334,SA6,900486,SIMON,MWANKEMWA,IDENT
20160402150436,SA2,100891,NEEMA ,MWANGO,IDENT
20160402151327,SA6,900460,LAMECK,ASSETO,IDENT
20160402151717,SA6,900464,MARTHA,MWIKOLA,IDENT
20160402151722,SA6,900132,FRIDA,KIGWA,IDENT
20160402151906,SA6,900446,JOSEPH,KIBASA,IDENT
20160402152126,SA6,900155,MWANAFATIMA,MATIPA,IDENT
20160402152144,SA6,900388,AGNES,SHAYO,IDENT
20160402152916,SA6,900420,FRANCIS,TESHA,IDENT
20160402153100,SA6,900452,KENNEDY,KIMARO,IDENT
20160402153248,SA6,900431,HAMADI,ZUBERI,IDENT
20160402153352,SA6,900582,ZABRON,TOSSI,IDENT
20160402154331,SA6,900462,MANDIZEL,KWIMBA,IDENT
20160402154516,SA5,100301,ALLY,MBONDE,IDENT
20160402160252,SA6,E076,KAILASH,MONEN,IDENT
20160402160254,SA6,E076,KAILASH,MONEN,IDENT
20160402160401,SA6,900432,HAMZA,ABDALLAH,IDENT
20160402160415,SA6,900009,ASHA,HAMISI,IDENT
20160402160525,SA6,900470,MODEST,NJAU,IDENT
20160402160753,SA6,900123,CHARLES,LUSWETULA,IDENT
20160402160931,SA2,200306,HELLEN,KIZWALO,IDENT
20160402161239,SA6,E037,SRINIVAS,DANTU,IDENT
20160402161342,SA6,101110,ESTER,THEOOFIL,IDENT
20160402161659,SA6,900023,JINGSON,SAIMON,IDENT
20160402161801,SA6,E021,RAJA,SWAMINATHAN,IDENT
20160402161828,SA6,101103,UMMY,KWANGALA,IDENT
20160402162515,SA6,900011,BLANTINA,MLOWE,IDENT
20160402162520,SA6,101104,MARY,JOSEPH,IDENT
20160402162547,SA6,900574,FURAHA,MSAMBWA,IDENT
20160402162651,SA6,900133,GEORGE,GIDION,IDENT
20160402163011,SA6,101880,RICHARD,MAKASI,IDENT
20160402164356,SA6,900004,AGATHA,KAYOMBO,IDENT
20160402165247,SA6,900398,ARSEN, RWEBANGILA	,IDENT
20160402165259,SA4,200268,SAKINA,KIZEE,IDENT
20160402165413,SA6,900257,ENGLIBERTH,DAUDI,IDENT
20160402165919,SA4,200051,SAID,HAMISI,IDENT
20160402170017,SA6,900436,HONEST,MATEMU,IDENT
20160402170040,SA3,101062,SAID,RAMADHANI,IDENT
20160402170048,SA3,101722,GERALD,MBAUKA,IDENT
20160402170206,SA6,900007,ANNA,DUA,IDENT
20160402170405,SA6,101113,JOSEPHINA,HAU,IDENT
20160402170411,SA6,900039,MWAJABU,ALLY,IDENT
20160402170419,SA6,101112,AMINA,SOGOI,IDENT
20160402170554,SA6,900134,GRACE,KIM,IDENT
20160402170956,SA3,100456,MWANAHAMISI,NDOLWA,IDENT
20160402171156,SA2,101587,SHAMIM,FUNDI,IDENT
20160402171201,SA2,100633,HADIJA,MMANGA,IDENT
20160402171211,SA2,100624,HALIMA,KAMOTE,IDENT
20160402171441,SA4,100637,FROLA,KAMARA,IDENT
20160402171544,SA3,100627,JUMANNE,ZONGO,IDENT
20160402171545,SA2,100638,AMINA,CHETE,IDENT
20160402171714,SA6,101106,AMBALI,SOUD,IDENT
20160402173409,SA6,900127,DUNCAN,MHANDO,IDENT
20160402174955,SA3,101992,MASANJA,JUMA,IDENT
20160402175429,SA6,900057,ZAITUNI,ABDALLAH,IDENT
20160402175437,SA6,900016,FATUMA,HAMISI,IDENT
20160402175704,SA4,100696,JOSEPH,ELISAFI,IDENT
20160402175715,SA2,100708,RAPHAEL,MBOKO,IDENT
20160402180019,SA4,200272,ISSA,MFAUME,IDENT
20160402180639,SA4,200053,DAVID,JUMA,IDENT
20160402181010,SA2,100566,MKWAYA,TONGOLA,IDENT
20160402181230,SA6,900151,LISSY,KIGONJOLA,IDENT
20160402181544,SA3,200156,BONIPHACE,NGESI,IDENT
20160402181633,SA2,200214,CATHELIN,MATENGO,IDENT
20160402181744,SA6,900144,JANE,MWAKABULUFU,IDENT
20160402181933,SA2,100622,MWAJUMA,SHEMBWANA,IDENT
20160402181937,SA2,100142,FARIDA,JUMA,IDENT
20160402182029,SA6,900174,SOSTHENES,MUKAMA,IDENT
20160402182031,SA6,900174,SOSTHENES,MUKAMA,IDENT
20160402182601,SA1,900429,GOODLUCK,LYAHONA,IDENT
20160402182750,SA2,200315,MAJID,MASANGULA,IDENT
20160402182850,SA6,900448,JOSEPH,MKELEBE,IDENT
20160402182910,SA2,100628,BAKARI,KITILA,IDENT
20160402182928,SA6,900292,ROSE,CHIKAWE,IDENT
20160402182928,SA2,100878,HALIFA,MOHAMED,IDENT
20160402182933,SA6,900122,CATHERINE,KUMBATA,IDENT
20160402182958,SA6,E013,GIRIRAJ,SHARMA,IDENT
20160402183248,SA2,100604,CHRISTOPHER ,MUSHI,IDENT
20160402183253,SA2,200316,DENIS,JOHNSON,IDENT
20160402183302,SA6,900156,MWANAISHA,UWESU,IDENT
20160402183315,SA2,200346,JOHNSON,MUNISI,IDENT
20160402183322,SA2,100635,JULIUS,MUNISHI,IDENT
20160402183448,SA2,200349,FRANK,MOSHI,IDENT
20160402183632,SA2,200314,DEO,SAKAYA,IDENT
20160402183709,SA2,100597,NOVATI,TARIMO,IDENT
20160402183714,SA2,200348,JONASI,LUCAS,IDENT
20160402183726,SA2,100603,EDWIN,OWINO,IDENT
20160402183751,SA2,100669,KARIM,MJAKA,IDENT
20160402183852,SA2,100664,JUMA,MUSSA,IDENT
20160402183948,SA2,100596,ISMAIL,RAMADHANI,IDENT
20160402183950,SA2,200311,DAVID,BWILE,IDENT
20160402183953,SA2,101729,MASHAKA,MATEKELE,IDENT
20160402183956,SA2,200320,OMARI,OMAR,IDENT
20160402184006,SA6,900142,IRENE,MREMA,IDENT
20160402184100,SA2,200351,MICHAEL,MICHAEL,IDENT
20160402184840,SA2,200347,SHABILU,MOHAMMED,IDENT
20160402185326,SA6,900103,FREDNAND,JACKSON,IDENT
20160402185330,SA6,900165,RAMADHANI,NYENJE,IDENT
20160402185450,SA2,200309,RAMADHANI,KIHILE,IDENT
20160402185806,SA2,200313,GADISON,ROSENIUS,IDENT
20160402185811,SA2,200318,JOSHUA , PAULO,IDENT
20160402185827,SA2,200321,HEMED,KAZEMBE,IDENT
20160402185835,SA2,200312,BARAKA,KATEGILE,IDENT
20160402200749,SA6,900047,SAMSON,SHILA,IDENT
20160402200800,SA6,900019,HAMISI,MADODO,IDENT
20160402203224,SA6,900046,SALUM,NDEGE,IDENT
20160402204117,SA6,900006,ANDREW,JOSEPH,IDENT
20160402204137,SA6,900541,GOLDEN,MDUBA,IDENT
20160402204339,SA6,900051,SUDI,KHALFANI,IDENT
20160402204417,SA2,101991,IBRAHIM,MZENTO,IDENT
20160402204452,SA6,900035,MOHAMED,HAUSI,IDENT
20160402210302,SA2,100438,TECLA,SAMWEL,IDENT
20160402210307,SA2,100572,HELENA,KHAJI,IDENT
20160402210324,SA2,101035,NAOMI,OBONG,IDENT
20160402210328,SA2,100895,ASIA,KARATA,IDENT
20160402210533,SA2,100652,VERONICA,MFILINGE,IDENT
20160402210539,SA2,101517,REHEMA,CHETE,IDENT
20160402210609,SA2,101513,HADIJA,MPAMBA,IDENT
20160402211222,SA6,900050,STANLEY,JEREMIAH,IDENT
20160402211232,SA6,900245,ABDALLAH,KIMULIMULI,IDENT
20160402211601,SA2,101071,YUNIS,NDAIGA,IDENT
20160402211615,SA2,100508,AZIZA,KAKOMBE,IDENT
20160402211645,SA2,101072,TATU,ATHUMAN,IDENT
20160402211739,SA2,101512,EDINA,JOHN,IDENT
20160402211859,SA2,200151,ASMA,KONDO,IDENT
20160402212025,SA2,100869,JANE,SIMON,IDENT
20160402212136,SA2,200081,FATUMA,MASOUD,IDENT
20160402212231,SA2,101952,NURU,MULONGANILE,IDENT
20160402212237,SA2,200190,SOPHIA,LUGOME,IDENT
20160402212241,SA2,101614,MARTINA,FISSO,IDENT
20160402212300,SA2,200243,HAPPY,MKWEPU,IDENT
20160402212458,SA3,100710,HERMAN,MAKOKO,IDENT
20160402212525,SA2,100944,LUCY,AGASTINO,IDENT
20160402212532,SA3,200158,MANEO,ATHUMANI,IDENT
20160402212538,SA2,101514,MARIA ,SANGA,IDENT
20160402212618,SA2,100937,AMINA,MDOE,IDENT
20160402212620,SA6,900168,RAZAKI,MTINDA,IDENT
20160402212639,SA2,101510,SALOME,DUA,IDENT
20160402212718,SA4,100908,EDDA,MWAKIBINGWA,IDENT
20160402212743,SA2,101005,FATUMA,MUHANDO,IDENT
20160402212844,SA2,100644,ANITHA,KWIMBA,IDENT
20160402212948,SA6,900556,REGINA,NDALUHEKEYE,IDENT
20160402213141,SA5,2000189,ELIA,NGWALI,IDENT
20160402213157,SA5,200040,RUBUNDA,NJELELE,IDENT
20160402213212,SA5,101738,LYDIA,MAKENE,IDENT
20160402213217,SA5,100274,ZUCRA,SWEDI,IDENT
20160402213347,SA3,101778,RAJABU,MOHAMMED,IDENT
20160402213521,SA4,200129,ASNA,SPRIAN,IDENT
20160402213524,SA6,900541,GOLDEN,MDUBA,IDENT
20160402213557,SA3,100503,MWANIA,PEMBE,IDENT
20160402213658,SA5,200024,SARAH,ALLY,IDENT
20160402213721,SA5,101761,SAIDI,MAKALA,IDENT
20160402213740,SA3,100464,ASHA,MALINBWI,IDENT
20160402213747,SA3,100812,AMINA,CHITWANGWA,IDENT
20160402213750,SA5,100378,REHEMA,MAZEKU,IDENT
20160402213751,SA4,200218,JANE,RYOBA,IDENT
20160402213751,SA3,100444,FLORA,DAMAS,IDENT
20160402213803,SA3,100488,ELITABETH,GOMELO,IDENT
20160402213808,SA3,100461,SELEN,JUMA,IDENT
20160402213810,SA3,200163,INOCENT , KIFUMU,IDENT
20160402213815,SA3,100467,IRENE,GABRIEL,IDENT
20160402213818,SA3,100457,ZALAU,NGWELE,IDENT
20160402213820,SA3,100513,HADIJA , KIHEGO,IDENT
20160402213837,SA3,100670,MWANAHAMISI,MAKUNGANYA,IDENT
20160402213840,SA3,101889,ASHA,MPELA,IDENT
20160402213845,SA3,200248,MWAMVITA,MWAIPOPO,IDENT
20160402213855,SA3,101034,MWAJUMA,ABDALLAH,IDENT
20160402213857,SA3,100535,PAULINA,DEVA,IDENT
20160402213901,SA3,100450,FRIDA,MKUMBO,IDENT
20160402213905,SA3,200202,ROSE,CHUWA,IDENT
20160402213911,SA3,100487,ELIZABERTH,KIJA,IDENT
20160402213915,SA3,100475,MWANAHAMISI,MAREKANO,IDENT
20160402213925,SA3,101516,ELIWAZA,MWIGOHA,IDENT
20160402213928,SA3,101007,ZAINABU,OMARY,IDENT
20160402213932,SA3,200191,JAMILA,MASONGI,IDENT
20160402213937,SA5,100354,TAUSI,KATULA,IDENT
20160402213937,SA3,100684,AGNESS,NAWAHIGA,IDENT
20160402213942,SA3,100654,MUHINA,GOMBE,IDENT
20160402213953,SA5,2000188,MOHAMED,IDDI,IDENT
20160402214004,SA5,100328,EDWIN,KIPUYO,IDENT
20160402214016,SA4,101988,MARTHA,MAKOTI,IDENT
20160402214022,SA4,200275,EVERINA,MKETO,IDENT
20160402214118,SA6,900647,JOHANSEN,MPANJU,IDENT
20160402214132,SA4,200138,FROLA,KILIMA,IDENT
20160402214136,SA5,100263,HASHIM,HAIZA,IDENT
20160402214140,SA4,101950,HUSNA,SENGAMBA,IDENT
20160402214145,SA5,100289,JOSEPH,MUSUGULI,IDENT
20160402214151,SA5,200018,ABDALAH,SUDY,IDENT
20160402214155,SA5,200039,ALLY,SELEMAN,IDENT
20160402214210,SA4,200211,MWANAIDI,KOLOKO,IDENT
20160402214223,SA5,100197,TUKAE,MUSA,IDENT
20160402214238,SA4,200137,JOYCE,SAMWEL,IDENT
20160402214238,SA5,100264,ISAYA ,SAWASAWA,IDENT
20160402214242,SA4,200271,FATUMA,JUMA,IDENT
20160402214304,SA4,100645,RAHMA,MWIMBA,IDENT
20160402214309,SA5,100191,JOYCE,SEMWENDA,IDENT
20160402214310,SA4,101906,HIDAYA,MASOUD,IDENT
20160402214317,SA5,100353,MAGRETH,LUGERA,IDENT
20160402214322,SA4,100717,ZUHURA,KIJIMBO,IDENT
20160402214341,SA5,100396,DIANA,NDONGO,IDENT
20160402214342,SA4,200226,TEDDY,MAGAMBO,IDENT
20160402214346,SA5,100370,SARA,YOEL,IDENT
20160402214347,SA4,200264,ZUBEDA,KIMARO,IDENT
20160402214410,SA5,100204,HAPPFANIA,LUKWI,IDENT
20160402214414,SA4,100851,SALAMA,KADALA,IDENT
20160402214417,SA4,100811,UPENDO,PETER,IDENT
20160402214418,SA3,100792,MWANAKOMBO,KHALID,IDENT
20160402214422,SA4,200261,TUMAIN,MUNGURE,IDENT
20160402214425,SA5,100152,GEOFREY,MAPESA,IDENT
20160402214429,SA5,101744,SALUM,LINJA,IDENT
20160402214433,SA6,900417,FABIAN,FABIAN,IDENT
20160402214440,SA6,900124,DAUDI,ELIFALETH,IDENT
20160402214440,SA4,100760,EDINA,MZUNGU,IDENT
20160402214441,SA5,2000187,PASCAL,STANLEY,IDENT
20160402214447,SA5,100359,ASHA,HAMISI,IDENT
20160402214450,SA5,100187,ZUHURA,HAMIS,IDENT
20160402214502,SA5,2000181,ABDANI,SHILLA,IDENT
20160402214512,SA4,100679,SOPHIA,LIKONGO,IDENT
20160402214516,SA5,100216,NASRA,HAMADI,IDENT
20160402214523,SA5,100356,AWAZI,SALIM,IDENT
20160402214530,SA5,200030,KEDMOND,KAMOGA,IDENT
20160402214534,SA6,900148,JUDITH,MALISA,IDENT
20160402214545,SA4,200155,RAYMOND,BUKOJI,IDENT
20160402214552,SA6,900139,IDD,YUSUFU,IDENT
20160402214555,SA5,100198,ASHA,SHOMARI,IDENT
20160402214604,SA5,200021,SWAUMU,MZIRAI,IDENT
20160402214619,SA5,100237,HIDAYA,KASSIM,IDENT
20160402214624,SA5,200023,VUMILIA,NDEGE,IDENT
20160402214627,SA3,100544,MWAJUMA,KITANI,IDENT
20160402214632,SA3,101765,TAUS,MUSTAPHA,IDENT
20160402214633,SA4,200308,AMINA,KAHABUKA,IDENT
20160402214635,SA5,200026,MARIAM,YAHAYA,IDENT
20160402214636,SA3,101078,SALMA,MUHARAMU,IDENT
20160402214640,SA3,100612,SOPHIA,MBONDE,IDENT
20160402214643,SA5,200025,AMINA,HAMISI,IDENT
20160402214644,SA3,101782,MWATANGA,DIENI,IDENT
20160402214646,SA4,200307,SALOME,KINUNDA,IDENT
20160402214649,SA3,100855,RUKIA,ALLY,IDENT
20160402214649,SA5,100181,AGNES,LUCAS,IDENT
20160402214652,SA3,200280,MAGRETH,MASAWE,IDENT
20160402214656,SA3,100845,AGNES,MTYANGILE,IDENT
20160402214657,SA5,200027,GASPAL,MKOBA,IDENT
20160402214658,SA3,100667,HABIBA,MDOSE,IDENT
20160402214701,SA3,100560,PILLI,SAIDI,IDENT
20160402214708,SA5,100189,REGINA,JEMES,IDENT
20160402214712,SA4,200286,JOYCE,KESI,IDENT
20160402214720,SA5,100212,PORTINA,MSALA,IDENT
20160402214725,SA6,900159,PAMELA,KUSALIKA,IDENT
20160402214727,SA4,100910,REHEMA,KWENGWEGU,IDENT
20160402214731,SA3,200042,SIJARI,MAGOMBE,IDENT
20160402214732,SA4,100658,SALAMA,MOHAMAD,IDENT
20160402214735,SA3,200064,SAUDA,MAULID,IDENT
20160402214738,SA5,100351,LINETH,KYARUS,IDENT
20160402214755,SA3,101068,FLORA,MSAMLA,IDENT
20160402214757,SA5,200013,HABIBU,BAKARI,IDENT
20160402214806,SA5,100155,STELLA,MTALLO,IDENT
20160402214818,SA3,100915,AMINA,BAKARI,IDENT
20160402214823,SA3,200287,NURAT,JAFARI,IDENT
20160402214824,SA4,100490,AMINA,NGAINA,IDENT
20160402214828,SA3,101511,PILI,MDEDE,IDENT
20160402214833,SA3,101067,ELIZABETH,MRAMU,IDENT
20160402214835,SA5,101733,ALFRED,MUGHWAI,IDENT
20160402214839,SA4,100876,LUCY,THOMAS,IDENT
20160402214840,SA5,200036,YASINTA,LEKERI,IDENT
20160402214843,SA4,100925,AZIZA,MANGETU,IDENT
20160402214844,SA3,100492,SALMA,MWAWILA,IDENT
20160402214846,SA5,100267,JULIETH,GODFREY,IDENT
20160402214850,SA5,100156,NEEMA,UISO,IDENT
20160402214850,SA4,200285,JENIPHA,CHIZA,IDENT
20160402214856,SA5,200031,EMMANUEL,KHALIDI,IDENT
20160402214856,SA3,200225,AGNESS,MWAMBENGO,IDENT
20160402214857,SA4,101050,ZULEHA,MOHAMED,IDENT
20160402214901,SA4,200045,MAGRETH,ZANUARI,IDENT
20160402214906,SA4,200060,SIJALI,MKELE,IDENT
20160402214915,SA4,100506,JOYCE,MCHOMVU,IDENT
20160402214923,SA6,900433,HARUNI,MKAMA,IDENT
20160402214923,SA5,100206,FATUMA,KAUNDA,IDENT
20160402214929,SA4,101017,ANNA,KITOMARY,IDENT
20160402214932,SA5,100266,HADIJA,JUMA,IDENT
20160402214933,SA4,100672,DIANA,LEMA,IDENT
20160402214936,SA4,100882,AISHA,KIBINDO,IDENT
20160402214943,SA4,200269,CANDY,ABRAHAM,IDENT
20160402214946,SA5,100246,TERESIA , MIHAMBO,IDENT
20160402214948,SA4,101600,FARIDA,LYIMO,IDENT
20160402214951,SA4,101903,GRACE,KAHANGE,IDENT
20160402214956,SA4,100517,MARIAM,JUMA,IDENT
20160402215001,SA4,101924,REBECA,KALOFU,IDENT
20160402215010,SA5,100199,SOPHIA,ALLY,IDENT
20160402215015,SA4,100804,SALAMA,BIGE,IDENT
20160402215018,SA4,200058,NURU,MOHAMED,IDENT
20160402215025,SA4,101023,HAMIDA,MATIPA,IDENT
20160402215028,SA4,100541,NEEMA,URASSA,IDENT
20160402215031,SA4,101966,HONORATA,SHAYO,IDENT
20160402215034,SA5,100167,AISHAH,OTHUMANI,IDENT
20160402215036,SA4,200227,DEBORA,FILIPATALI,IDENT
20160402215041,SA5,100236,SAUDA,MATOWELA,IDENT
20160402215052,SA5,101882,BEATHA,MLOSO,IDENT
20160402215100,SA4,100661,JANE,LUSENDELA,IDENT
20160402215101,SA5,100228,CONSOLATHA,RAPHAEL,IDENT
20160402215106,SA5,100375,MAGRETH,NGOSI,IDENT
20160402215111,SA5,100382,STELLA,JOHN,IDENT
20160402215117,SA4,100858,GRESS,KOBA,IDENT
20160402215127,SA5,100311,SALAFINA,KISAPI,IDENT
20160402215132,SA5,100154,JESCA,NGUMBU,IDENT
20160402215136,SA4,100616,UPENDO,MLEWA,IDENT
20160402215143,SA4,100850,MARIAM,SABURI,IDENT
20160402215144,SA5,100214,HALIMA,SANANE,IDENT
20160402215149,SA5,200020,NAOMI,YUSUPH,IDENT
20160402215151,SA4,100630,CHRISTINA,MWENDA,IDENT
20160402215154,SA5,100186,DIANA,KIBASA,IDENT
20160402215156,SA4,100853,HADIJJA,KIJUU,IDENT
20160402215158,SA5,100392,ELIZABET,MHIMBA,IDENT
20160402215202,SA4,101917,MERCY,MONGI,IDENT
20160402215207,SA4,101885,AISHA,WILLIUM,IDENT
20160402215211,SA4,101910,LILIAN,MREMA,IDENT
20160402215221,SA5,100182,CONSOLATHA,JOSEPH,IDENT
20160402215226,SA5,101737,TABU,SUPHIANI,IDENT
20160402215232,SA5,100215,ZAMDA,NGWABAYA,IDENT
20160402215232,SA4,200198,SARAH,MWINANI,IDENT
20160402215242,SA4,200282,JENIPHA,DAMIAN,IDENT
20160402215246,SA4,100848,AMINA,MUYA,IDENT
20160402215306,SA4,200145,KURUTHUM,KHAMISI,IDENT
20160402215313,SA4,100732,NAOMI,SAMWELI,IDENT
20160402215315,SA6,900169,REHEMA,YUSUFU,IDENT
20160402215317,SA4,100877,JOYCE,CHACHA,IDENT
20160402215321,SA4,101613,SHARON,IBRAHIM,IDENT
20160402215329,SA5,100195,ANNA,TEMBA,IDENT
20160402215331,SA4,101983,SOPHIA,YUSUPH,IDENT
20160402215355,SA4,200195,AISHA,MKUMBA,IDENT
20160402215421,SA4,100731,MARIA,ELIESEL,IDENT
20160402215423,SA5,900415,EMMANUEL,JONAS,IDENT
20160402215431,SA5,100388,LEILA,KIMBENGELE,IDENT
20160402215437,SA5,100381,SALMA,RAFIKI,IDENT
20160402215441,SA6, 900487,STEPEHEN,SIJALI,IDENT
20160402215444,SA5,100399,DANIEL,MAKAYA,IDENT
20160402215449,SA5,2000184,SAMWEL,KANIKI,IDENT
20160402215503,SA4,101975,HAPPY ,ZAKAYO,IDENT
20160402215514,SA6,900422,FURAHA,MWAKIFWAMB,IDENT
20160402215523,SA5,100268,ALHAJI,KIHIYO,IDENT
20160402215523,SA4,100641,AISHA,MNEKA,IDENT
20160402215523,SA6,900170,REHEMA,CHINUNJE,IDENT
20160402215530,SA5,200029,ADAM,MUSSA,IDENT
20160402215539,SA5,100369,MADINA,ATHUMANI,IDENT
20160402215548,SA5,200014,ALFRED,CHARLES,IDENT
20160402215555,SA5,200012,DAVID,NGELESHI,IDENT
20160402215557,SA4,100580,AMINA,KONDO,IDENT
20160402215608,SA4,101987,ADELINA,MALEMA,IDENT
20160402215616,SA5,100248,NEEMA, GODFREY,IDENT
20160402215617,SA4,101981,HADIJA,SALUM,IDENT
20160402215627,SA4,200157,RASHID,NJERAN,IDENT
20160402215630,SA5,100234,SAVELINA ,KASHASHA,IDENT
20160402215634,SA5,100372,JOHARI,MAHARIA,IDENT
20160402215646,SA4,100745,SHARIFA,LIYAYA,IDENT
20160402215653,SA4,101919,MWATANGA,ALLY,IDENT
20160402215705,SA4,200279,KULUTHUM,CHILEMILE,IDENT
20160402215707,SA6,900658,MWASITI,LABOA,IDENT
20160402215714,SA4,200072,BAHATI,SHABANI,IDENT
20160402215718,SA4,100592,HALIMA,SEIF,IDENT
20160402215722,SA4,100975,HALIMA,IDDI,IDENT
20160402215727,SA4,200284,GATI,NYANTUMAN,IDENT
20160402215729,SA4,200125,AMANDA,KWEZI,IDENT
20160402215746,SA5,100232,AMINA,MSINGWA,IDENT
20160402215807,SA4,101947,HEAVENLIGHT,NKYA,IDENT
20160402215811,SA4,100721,FATUMA,MTAMBUA,IDENT
20160402215817,SA4,200143,SOMOE,KANYIMBA,IDENT
20160402215824,SA4,101936,ZAHARA,MBELWA,IDENT
20160402215831,SA4,200273,PLAKSEDA,AKIZAMUNGU,IDENT
20160402215836,SA4,101985,ESTHER,NAPENGWA,IDENT
20160402215931,SA4,101920,NEEMA,FANUEL,IDENT
20160402215952,SA6,900140,IGNATUS,MLANGWA,IDENT
20160402215957,SA6,900140,IGNATUS,MLANGWA,IDENT
20160402220016,SA6,900476,RAMADHANI,IDD,IDENT
20160402220109,SA6,900451,KASSIM,MALICK,IDENT
20160402220132,SA6,900567,BAKARI,BELEKETE,IDENT
20160402220136,SA4,200259,SAMI,MTITIMA,IDENT
20160402220141,SA4,100518,HELENA,SENZUGWAKO,IDENT
20160402220202,SA5,101734,JOYCE,SWILLAH,IDENT
20160402220203,SA4,200247,MARTHA,MAKASHA,IDENT
20160402220215,SA4,101956,REHEMA,OMARY,IDENT
20160402220225,SA5,100176,ISMAIL,MHINA,IDENT
20160402220227,SA4,101932,TAUSI,SHABANI,IDENT
20160402220234,SA4,200250,CESILIA,MBABUYE,IDENT
20160402220238,SA4,101088,CONSOLATH,MATERU,IDENT
20160402220243,SA4,200152,VICTORIA,MWAMPEGETE,IDENT
20160402220245,SA4,200149,NEEMA,MNYALAPE,IDENT
20160402220248,SA4,200260,ANITHA,AHALIELI,IDENT
20160402220254,SA4,100886,ASHA,NGAMBA,IDENT
20160402220305,SA4,100455,GOMERY,DAUDI,IDENT
20160402220308,SA4,101775,REHEMA,SALEHE,IDENT
20160402220314,SA4,200290,AVERINA,AMANDUS,IDENT
20160402220319,SA4,200130,RENIFRIDA,NGUMBU,IDENT
20160402220324,SA4,200205,ANNA,KIMARO,IDENT
20160402220331,SA4,200244,ANNA,NYAKAPALA,IDENT
20160402220357,SA6,900404,BRYANT,NYENYEMBE,IDENT
20160402220402,SA6,900478,RAPHAEL,SENKONDO,IDENT
20160402220410,SA6,900579,GRAYSON,KUNZUGALA,IDENT
20160402220428,SA6,900465,MARTIN,KIDUNGU,IDENT
20160402220537,SA5,100254,AMINA,MUSA,IDENT
20160402220542,SA6,900469,MICHAEL,MDACHI,IDENT
20160402220706,SA6,900568,GODWIN,KIRIA,IDENT
20160402221033,SA6,900130,FATUMA,CHOMBO,IDENT
20160402221039,SA6,900130,FATUMA,CHOMBO,IDENT
20160402221301,SA4,100569,AISHA,HALFAN,IDENT
20160402223625,SA4,200153,ELINA,ABEL,IDENT
20160402223635,SA6,900040,MWAJUMA,KATONA,IDENT
20160403045739,SA3,101722,GERALD,MBAUKA,IDENT
20160403052754,SA6,900245,ABDALLAH,KIMULIMULI,IDENT
20160403052921,SA4,200284,GATI,NYANTUMAN,IDENT
20160403053003,SA4,200275,EVERINA,MKETO,IDENT
20160403053008,SA4,101983,SOPHIA,YUSUPH,IDENT
20160403053017,SA4,101988,MARTHA,MAKOTI,IDENT
20160403053025,SA4,101985,ESTHER,NAPENGWA,IDENT
20160403053033,SA4,200150,ROSE,BENARD,IDENT
20160403053039,SA4,200129,ASNA,SPRIAN,IDENT
20160403053129,SA4,200264,ZUBEDA,KIMARO,IDENT
20160403053137,SA6,900685,VICTOR,MBUNDAMILA,IDENT
20160403053147,SA4,100811,UPENDO,PETER,IDENT
20160403053232,SA6,900040,MWAJUMA,KATONA,IDENT
20160403053354,SA4,100908,EDDA,MWAKIBINGWA,IDENT
20160403053441,SA6,900050,STANLEY,JEREMIAH,IDENT
20160403053601,SA4,100975,HALIMA,IDDI,IDENT
20160403053605,SA4,100592,HALIMA,SEIF,IDENT
20160403053648,SA4,200153,ELINA,ABEL,IDENT
20160403053651,SA4,200072,BAHATI,SHABANI,IDENT
20160403053700,SA4,101950,HUSNA,SENGAMBA,IDENT
20160403053705,SA4,200145,KURUTHUM,KHAMISI,IDENT
20160403053903,SA4,200138,FROLA,KILIMA,IDENT
20160403053941,SA4,200211,MWANAIDI,KOLOKO,IDENT
20160403054014,SA6,900162,PILLY,MANENO,IDENT
20160403054020,SA4,200271,FATUMA,JUMA,IDENT
20160403054142,SA4,101975,HAPPY ,ZAKAYO,IDENT
20160403054150,SA4,200261,TUMAIN,MUNGURE,IDENT
20160403054208,SA4,101924,REBECA,KALOFU,IDENT
20160403054220,SA4,101981,HADIJA,SALUM,IDENT
20160403054225,SA4,101781,ORIVER,DAUD,IDENT
20160403054331,SA6,900135,HALIMA,NGAMZI,IDENT
20160403054519,SA4,200286,JOYCE,KESI,IDENT
20160403054526,SA4,200307,SALOME,KINUNDA,IDENT
20160403054536,SA4,200308,AMINA,KAHABUKA,IDENT
20160403054544,SA4,200155,RAYMOND,BUKOJI,IDENT
20160403054548,SA4,100696,JOSEPH,ELISAFI,IDENT
20160403054604,SA6,900658,MWASITI,LABOA,IDENT
20160403054613,SA4,100893,SILIVIA,SHAYO,IDENT
20160403054717,SA4,200137,JOYCE,SAMWEL,IDENT
20160403054724,SA4,200272,ISSA,MFAUME,IDENT
20160403054727,SA5,100181,AGNES,LUCAS,IDENT
20160403054744,SA4,101966,HONORATA,SHAYO,IDENT
20160403054754,SA5,100348,BISURA,MCHELEO,IDENT
20160403054828,SA6,900568,GODWIN,KIRIA,IDENT
20160403054851,SA5,200021,SWAUMU,MZIRAI,IDENT
20160403054904,SA5,100222,FELIX,MAKANYA,IDENT
20160403054952,SA4,100745,SHARIFA,LIYAYA,IDENT
20160403055017,SA5,100206,FATUMA,KAUNDA,IDENT
20160403055050,SA5,100167,AISHAH,OTHUMANI,IDENT
20160403055058,SA5,200029,ADAM,MUSSA,IDENT
20160403055109,SA4,101906,HIDAYA,MASOUD,IDENT
20160403055120,SA5,200020,NAOMI,YUSUPH,IDENT
20160403055133,SA5,100267,JULIETH,GODFREY,IDENT
20160403055137,SA5,100216,NASRA,HAMADI,IDENT
20160403055143,SA5,100212,PORTINA,MSALA,IDENT
20160403055147,SA5,100369,MADINA,ATHUMANI,IDENT
20160403055156,SA5,100228,CONSOLATHA,RAPHAEL,IDENT
20160403055159,SA5,100388,LEILA,KIMBENGELE,IDENT
20160403055205,SA5,100375,MAGRETH,NGOSI,IDENT
20160403055205,SA4,200053,DAVID,JUMA,IDENT
20160403055208,SA5,100354,TAUSI,KATULA,IDENT
20160403055213,SA5,100382,STELLA,JOHN,IDENT
20160403055219,SA5,100392,ELIZABET,MHIMBA,IDENT
20160403055227,SA5,100204,HAPPFANIA,LUKWI,IDENT
20160403055233,SA5,100232,AMINA,MSINGWA,IDENT
20160403055238,SA5,200036,YASINTA,LEKERI,IDENT
20160403055257,SA5,101734,JOYCE,SWILLAH,IDENT
20160403055302,SA5,100391,DIANA,KABYEMELA,IDENT
20160403055308,SA5,101738,LYDIA,MAKENE,IDENT
20160403055313,SA5,100381,SALMA,RAFIKI,IDENT
20160403055316,SA5,100372,JOHARI,MAHARIA,IDENT
20160403055321,SA6,900148,JUDITH,MALISA,IDENT
20160403055322,SA5,100311,SALAFINA,KISAPI,IDENT
20160403055325,SA5,100396,DIANA,NDONGO,IDENT
20160403055328,SA5,100274,ZUCRA,SWEDI,IDENT
20160403055339,SA5,100173,YONA,MUSA,IDENT
20160403055340,SA4,100708,RAPHAEL,MBOKO,IDENT
20160403055344,SA5,200031,EMMANUEL,KHALIDI,IDENT
20160403055344,SA4,100878,HALIFA,MOHAMED,IDENT
20160403055358,SA4,100921,TATU,ISSA,IDENT
20160403055404,SA5,200030,KEDMOND,KAMOGA,IDENT
20160403055408,SA5,2000184,SAMWEL,KANIKI,IDENT
20160403055417,SA5,100248,NEEMA, GODFREY,IDENT
20160403055423,SA5,200039,ALLY,SELEMAN,IDENT
20160403055432,SA5,200024,SARAH,ALLY,IDENT
20160403055436,SA4,200218,JANE,RYOBA,IDENT
20160403055438,SA5,100237,HIDAYA,KASSIM,IDENT
20160403055443,SA5,100197,TUKAE,MUSA,IDENT
20160403055459,SA4,101938,ZAITUNI,SOGOI,IDENT
20160403055509,SA5,100351,LINETH,KYARUS,IDENT
20160403055533,SA5,100154,JESCA,NGUMBU,IDENT
20160403055540,SA5,2000188,MOHAMED,IDDI,IDENT
20160403055542,SA4,200136,GRACE,NGALABA,IDENT
20160403055549,SA4,100577,SUZANA,NAPANGA,IDENT
20160403055558,SA4,100877,JOYCE,CHACHA,IDENT
20160403055617,SA5,100289,JOSEPH,MUSUGULI,IDENT
20160403055624,SA5,101761,SAIDI,MAKALA,IDENT
20160403055633,SA6,900541,GOLDEN,MDUBA,IDENT
20160403055634,SA4,100832,MARY,KIAMA,IDENT
20160403055640,SA4,100580,AMINA,KONDO,IDENT
20160403055644,SA5,100214,HALIMA,SANANE,IDENT
20160403055646,SA6,900541,GOLDEN,MDUBA,IDENT
20160403055649,SA5,200012,DAVID,NGELESHI,IDENT
20160403055657,SA5,200019,ADELA,MSAGA,IDENT
20160403055704,SA5,200026,MARIAM,YAHAYA,IDENT
20160403055709,SA5,900415,EMMANUEL,JONAS,IDENT
20160403055720,SA5,200197,AISHA,ABEID,IDENT
20160403055749,SA6,900476,RAMADHANI,IDD,IDENT
20160403055752,SA4,200245,NOELA,YALOT,IDENT
20160403055802,SA3,101062,SAID,RAMADHANI,IDENT
20160403055803,SA5,100199,SOPHIA,ALLY,IDENT
20160403055809,SA5,100156,NEEMA,UISO,IDENT
20160403055820,SA5,100378,REHEMA,MAZEKU,IDENT
20160403055829,SA4,200075,AGNES,STEVEN,IDENT
20160403055841,SA5,101935,YUNIS,LULANDALA,IDENT
20160403055845,SA6,900451,KASSIM,MALICK,IDENT
20160403055918,SA5,100182,CONSOLATHA,JOSEPH,IDENT
20160403055923,SA5,100359,ASHA,HAMISI,IDENT
20160403055924,SA4,200288,ASHA,BILALI,IDENT
20160403055930,SA4,200281,HILDA,MWAZEMBE,IDENT
20160403055941,SA4,200210,MARIAM,OMAR,IDENT
20160403060006,SA5,101733,ALFRED,MUGHWAI,IDENT
20160403060010,SA4,100554,MARIAM,RAMADHANI,IDENT
20160403060016,SA4,101972,JOYCE,CHEMRA,IDENT
20160403060024,SA6,900579,GRAYSON,KUNZUGALA,IDENT
20160403060026,SA3,200156,BONIPHACE,NGESI,IDENT
20160403060030,SA6,900564,RAMADHANI,SAIDI,IDENT
20160403060036,SA3,100537,SALMA,RWAMBANO,IDENT
20160403060045,SA2,100765,LUCY,STANLEY,IDENT
20160403060046,SA3,100564,MWAJUMA,IDDI,IDENT
20160403060050,SA6,900433,HARUNI,MKAMA,IDENT
20160403060104,SA6,900428,GLADIS,MAZENGO,IDENT
20160403060107,SA3,101786,MTUMWA,ALLY,IDENT
20160403060115,SA2,100888,VICTORIA,MWALUANDA,IDENT
20160403060116,SA4,200063,FATUMA,ABDALLAH,IDENT
20160403060116,SA3,100639,ELIZABETH,MREMA,IDENT
20160403060120,SA3,100845,AGNES,MTYANGILE,IDENT
20160403060120,SA2,101515,ELIZABETH,NYAMBO,IDENT
20160403060125,SA2,101886,AMINA,MNYIFUNA,IDENT
20160403060126,SA3,100446,MAIMUNA,JARUFU,IDENT
20160403060135,SA3,100920,MARISELINA,NGULI,IDENT
20160403060138,SA2,100945,JACKLINI,MBOYA,IDENT
20160403060138,SA3,100560,PILLI,SAIDI,IDENT
20160403060142,SA3,100808,KAUSE,ABDALLAH,IDENT
20160403060149,SA3,100473,RAHMA,KILO,IDENT
20160403060157,SA3,100896,ASHURA,HAMISI,IDENT
20160403060159,SA6, 900487,STEPEHEN,SIJALI,IDENT
20160403060204,SA2,100875,YASINTA,SHELUBANZI,IDENT
20160403060204,SA4,101088,CONSOLATH,MATERU,IDENT
20160403060211,SA3,100509,NURU,MAKANDE,IDENT
20160403060217,SA3,101802,FATUMA,KABUMA,IDENT
20160403060234,SA3,101036,RASHID,MDOE,IDENT
20160403060241,SA3,100600,WINFRIDA,LUSEBA,IDENT
20160403060240,SA5,100176,ISMAIL,MHINA,IDENT
20160403060255,SA5,200014,ALFRED,CHARLES,IDENT
20160403060303,SA4,200051,SAID,HAMISI,IDENT
20160403060304,SA2,100599,MONICA,LIGOMBAIKA,IDENT
20160403060310,SA2,100838,ASHA,MOHAMED,IDENT
20160403060314,SA2,200294,ATHUMAN,KILINDU,IDENT
20160403060328,SA5,100155,STELLA,MTALLO,IDENT
20160403060329,SA3,100483,AMINA,MZARA,IDENT
20160403060333,SA2,101991,IBRAHIM,MZENTO,IDENT
20160403060346,SA3,100478,EDINA,ABED,IDENT
20160403060346,SA5,100152,GEOFREY,MAPESA,IDENT
20160403060355,SA2,100569,AISHA,HALFAN,IDENT
20160403060356,SA3,100499,HINESS,KAAYA,IDENT
20160403060434,SA5,100215,ZAMDA,NGWABAYA,IDENT
20160403060520,SA4,101912,LINA,MLAWA,IDENT
20160403060532,SA2,100985,RACHEL,MCHOVU,IDENT
20160403060556,SA2,200305,NDEKESIO,SIKAWA,IDENT
20160403060603,SA3,100514,SWAUMU,SAIDI,IDENT
20160403060615,SA3,100656,MWAJUMA,AIDAN,IDENT
20160403060627,SA6,900161,PILLI ,MOHAMED,IDENT
20160403060630,SA3,100551,DOROTHEA,KILO,IDENT
20160403060633,SA3,100552,SABINA,KINGIMALI,IDENT
20160403060640,SA3,100915,AMINA,BAKARI,IDENT
20160403060659,SA5,100263,HASHIM,HAIZA,IDENT
20160403060700,SA6,900586,MOHAMED,SOLOKA,IDENT
20160403060701,SA2,100978,REDEMTA,DANIEL,IDENT
20160403060710,SA2,100691,ELIZABETH,FRANCISCO,IDENT
20160403060718,SA5,2000189,ELIA,NGWALI,IDENT
20160403060719,SA2,100927,COSTASIA,LUCAS,IDENT
20160403060723,SA6,900019,HAMISI,MADODO,IDENT
20160403060728,SA3,100996,HABIBA,PAZZI,IDENT
20160403060738,SA5,200023,VUMILIA,NDEGE,IDENT
20160403060741,SA3,100428,ZAHARA,YANGE,IDENT
20160403060747,SA3,100515,RUKIA,MATAUKA,IDENT
20160403060759,SA5,200027,GASPAL,MKOBA,IDENT
20160403060837,SA4,101892,BUSHRA,SALUM,IDENT
20160403060839,SA2,100463,LUCY,ELIAS,IDENT
20160403060848,SA2,100623,STELLA,MAGOGWA,IDENT
20160403060854,SA2,101634,BEATA,KOMBA,IDENT
20160403060910,SA4,100591,MARIA,MAGWE,IDENT
20160403060913,SA4,101976,ASHURA,MGENI,IDENT
20160403060913,SA2,100607,STELLA,MWAKATOBE,IDENT
20160403060922,SA4,100565,BAHATI,SALEHE,IDENT
20160403060927,SA5,100234,SAVELINA ,KASHASHA,IDENT
20160403060938,SA4,101919,MWATANGA,ALLY,IDENT
20160403060940,SA4,101898,FARIDA,AMBLOS,IDENT
20160403060943,SA3,100612,SOPHIA,MBONDE,IDENT
20160403060945,SA4,200256,ZAMDA,HASSAN,IDENT
20160403060947,SA3,100429,AGNESS,LUHUNGO,IDENT
20160403060947,SA2,200061,SWAUMU,KAYANDA,IDENT
20160403060951,SA2,101061,HELENA,SAMWELI,IDENT
20160403060957,SA2,200078,SALMA,RAMADHAN,IDENT
20160403060958,SA3,100440,CHRISTINA,MAGOWELA,IDENT
20160403061004,SA2,200262,FATIMA,ALLY,IDENT
20160403061006,SA2,101031,MARTHA,GABRIEL,IDENT
20160403061011,SA2,200059,MWANAHARUSI,MOHAMED,IDENT
20160403061012,SA5,200018,ABDALAH,SUDY,IDENT
20160403061019,SA2,100809,PILLY,MWAWILA,IDENT
20160403061020,SA5,100268,ALHAJI,KIHIYO,IDENT
20160403061023,SA3,100549,HAWA,MWIMBE,IDENT
20160403061041,SA2,101512,EDINA,JOHN,IDENT
20160403061043,SA3,100646,ANNA,GODISON,IDENT
20160403061044,SA5,100356,AWAZI,SALIM,IDENT
20160403061047,SA6,900465,MARTIN,KIDUNGU,IDENT
20160403061101,SA2,100782,ELIZABETH,ZAE,IDENT
20160403061115,SA2,200217,VIVIAN,MWANGATA,IDENT
20160403061132,SA3,100655,ASHURA,ATHUMAN,IDENT
20160403061132,SA2,100879,CATHERINE,NYEMA,IDENT
20160403061137,SA2,101048,ZAINABU,KARUMUNA,IDENT
20160403061138,SA5,101744,SALUM,LINJA,IDENT
20160403061207,SA2,101081,AGATHA,JAMALI,IDENT
20160403061212,SA2,100943,JULIANA,SUKU,IDENT
20160403061222,SA2,100937,AMINA,MDOE,IDENT
20160403061225,SA2,200200,MIRIAM,MNDEWA,IDENT
20160403061233,SA4,100661,JANE,LUSENDELA,IDENT
20160403061243,SA5,100191,JOYCE,SEMWENDA,IDENT
20160403061314,SA5,100353,MAGRETH,LUGERA,IDENT
20160403061335,SA6,900006,ANDREW,JOSEPH,IDENT
20160403061417,SA5,100370,SARA,YOEL,IDENT
20160403061422,SA5,100189,REGINA,JEMES,IDENT
20160403061430,SA6,900112,ABDALLAH,MIKALAMBILO,IDENT
20160403061445,SA5,101732,JAMES,MAJIJI,IDENT
20160403061622,SA4,101087,AGNESS,NGAPONDA,IDENT
20160403061626,SA4,101936,ZAHARA,MBELWA,IDENT
20160403061654,SA6,900567,BAKARI,BELEKETE,IDENT
20160403061656,SA2,100525,SAKINA,MAWEMBA,IDENT
20160403061706,SA3,100841,JAMIRA,SAIDI,IDENT
20160403061722,SA4,100637,FROLA,KAMARA,IDENT
20160403061728,SA4,100721,FATUMA,MTAMBUA,IDENT
20160403061734,SA6,101993,EPIFANI, MBOKO,IDENT
20160403061841,SA3,100435,EDINA,MWAKYOMA,IDENT
20160403061844,SA3,100521,NEEMA,NYAKOKI,IDENT
20160403061845,SA6,900469,MICHAEL,MDACHI,IDENT
20160403062013,SA5,100328,EDWIN,KIPUYO,IDENT
20160403062557,SA6,900478,RAPHAEL,SENKONDO,IDENT
20160403062720,SA3,100445,AISHA,KIUMBA,IDENT
20160403062811,SA6,900591,RASHID ,MUNKENDA,IDENT
20160403062823,SA6,900006,ANDREW,JOSEPH,IDENT
20160403062951,SA6,900047,SAMSON,SHILA,IDENT
20160403063156,SA4,100629,KULWA,MSUMA,IDENT
20160403063208,SA6,900127,DUNCAN,MHANDO,IDENT
20160403063513,SA6,900046,SALUM,NDEGE,IDENT
20160403064910,SA6,900035,MOHAMED,HAUSI,IDENT
20160403065300,SA6,900133,GEORGE,GIDION,IDENT
20160403070558,SA6,900123,CHARLES,LUSWETULA,IDENT
20160403070629,SA6,900164,RAMADHANI ,BAKARI,IDENT
20160403071137,SA6,900153,MUSSA,KIGUNGAS,IDENT
20160403072444,SA3,100456,MWANAHAMISI,NDOLWA,IDENT
20160403072631,SA2,100559,ANNA,MPUGE,IDENT
20160403073250,SA6,900470,MODEST,NJAU,IDENT
20160403073330,SA2,200351,MICHAEL,MICHAEL,IDENT
20160403073338,SA2,200349,FRANK,MOSHI,IDENT
20160403074234,SA6,900051,SUDI,KHALFANI,IDENT
20160403074556,SA5,100219,JAMES,MKONO,IDENT
20160403074839,SA2,200347,SHABILU,MOHAMMED,IDENT
20160403074849,SA2,100597,NOVATI,TARIMO,IDENT
20160403074850,SA6,900120,BENEDICTO,MBOKO,IDENT
20160403074909,SA2,200312,BARAKA,KATEGILE,IDENT
20160403074915,SA2,100826,NEEMA ,MWAMANYE,IDENT
20160403074924,SA2,100566,MKWAYA,TONGOLA,IDENT
20160403074953,SA2,200313,GADISON,ROSENIUS,IDENT
20160403075005,SA6,900144,JANE,MWAKABULUFU,IDENT
20160403075010,SA2,100635,JULIUS,MUNISHI,IDENT
20160403075035,SA2,200316,DENIS,JOHNSON,IDENT
20160403075041,SA6,900467,MBARUKU,OSWAD,IDENT
20160403075055,SA2,101587,SHAMIM,FUNDI,IDENT
20160403075247,SA2,200311,DAVID,BWILE,IDENT
20160403075254,SA2,100622,MWAJUMA,SHEMBWANA,IDENT
20160403075258,SA2,100633,HADIJA,MMANGA,IDENT
20160403075303,SA2,200314,DEO,SAKAYA,IDENT
20160403075306,SA5,101756,YONA,MAPELELE,IDENT
20160403075306,SA2,100603,EDWIN,OWINO,IDENT
20160403075315,SA2,100664,JUMA,MUSSA,IDENT
20160403075345,SA2,200346,JOHNSON,MUNISI,IDENT
20160403075358,SA2,100627,JUMANNE,ZONGO,IDENT
20160403075438,SA2,100694,DANIEL,MBARUKA,IDENT
20160403075443,SA2,100624,HALIMA,KAMOTE,IDENT
20160403075444,SA6,900431,HAMADI,ZUBERI,IDENT
20160403075453,SA2,200124,BONIFAS,ANGANILE,IDENT
20160403075716,SA2,200320,OMARI,OMAR,IDENT
20160403075719,SA2,101729,MASHAKA,MATEKELE,IDENT
20160403075724,SA2,200321,HEMED,KAZEMBE,IDENT
20160403075727,SA2,200309,RAMADHANI,KIHILE,IDENT
20160403075730,SA2,200348,JONASI,LUCAS,IDENT
20160403075733,SA2,100604,CHRISTOPHER ,MUSHI,IDENT
20160403075737,SA2,200315,MAJID,MASANGULA,IDENT
20160403080023,SA6,900488,THOBIAS,KIWELU,IDENT
20160403080138,SA6,900039,MWAJABU,ALLY,IDENT
20160403080341,SA2,100784,FATUMA,MSAKUZI,IDENT
20160403080511,SA5,100301,ALLY,MBONDE,IDENT
20160403080737,SA2,100142,FARIDA,JUMA,IDENT
20160403080803,SA6,900292,ROSE,CHIKAWE,IDENT
20160403080820,SA6,900165,RAMADHANI,NYENJE,IDENT
20160403080821,SA2,100669,KARIM,MJAKA,IDENT
20160403081403,SA6,900468,MICHAEL,IBRAHIM,IDENT
20160403081641,SA6,900485,SHUFAA,ABEID,IDENT
20160403081823,SA6,900435,HASSAN,NKHAMBI,IDENT
20160403081840,SA6,900156,MWANAISHA,UWESU,IDENT
20160403081903,SA6,900416,ERICK,DAUD,IDENT
20160403082038,SA6,900436,HONEST,MATEMU,IDENT
20160403082750,SA6,900452,KENNEDY,KIMARO,IDENT
20160403082804,SA6,900460,LAMECK,ASSETO,IDENT
20160403083001,SA6,900454,KHALFAN,AMOUR,IDENT
20160403083831,SA6,900407,CHRISTIAN ,NGONYANI,IDENT
20160403084620,SA6,900122,CATHERINE,KUMBATA,IDENT
20160403085023,SA6,900011,BLANTINA,MLOWE,IDENT
20160403085356,SA6,900115,AKIDA,DUGANGE,IDENT
20160403085625,SA6,E079,BALASUBRAMANIAM,M,IDENT
20160403085739,SA1,900429,GOODLUCK,LYAHONA,IDENT
20160403085824,SA6,900448,JOSEPH,MKELEBE,IDENT
20160403090209,SA6,900405,CHARLES,WILLIAM,IDENT
