20170402090646,SA6,901149,EPIFANI, MBOKO,IDENT
20170402090914,SA6,900120,BENEDICTO,MBOKO,IDENT
20170402091015,SA6,900039,MWAJABU,ALLY,IDENT
20170402091147,SA5,901062,RASHID,MDOE,IDENT
20170402092006,SA6,901433,ESTER,THEOFIL,IDENT
20170402092820,SA6,900057,ZAITUNI,ABDALLAH,IDENT
20170402093018,SA6,900574,FURAHA,MSAMBWA,IDENT
20170402094545,SA6,E079,BALASUBRAMANIAM,M,IDENT
20170402100206,SA6,E083,GURURAJ,SHENVI,IDENT
20170402101740,SA6,901438,MARY,JOSEPH,IDENT
20170402115947,SA1,900218,GEDDY,SONENGA,IDENT
20170402121403,SA6,900035,MOHAMED,HAUSI,IDENT
20170402121408,SA6,900035,MOHAMED,HAUSI,IDENT
20170402123750,SA6,900035,MOHAMED,HAUSI,IDENT
20170402125040,SA6,900025,JOYCE,MAGANGA,IDENT
20170402131215,SA1,900281,NAYOPA,MTENDECHI,IDENT
20170402131615,SA6,E079,BALASUBRAMANIAM,M,IDENT
20170402131858,SA6,900685,VICTOR,MBUNDAMILA,IDENT
20170402132014,SA1,900249,AMIRI,MZEE,IDENT
20170402132440,SA6,900046,SALUM,NDEGE,IDENT
20170402132619,SA1,900045,SAIDI,MNDOLWA,IDENT
20170402132651,SA1,900571,FRANK,MALIMA,IDENT
20170402133032,SA6,900171,ROBERT,MFUNI,IDENT
20170402133208,SA6,900169,REHEMA,YUSUFU,IDENT
20170402133312,SA5,900866,FLORA,DAMAS,IDENT
20170402133353,SA5,901204,SOPHIA,LUGOME,IDENT
20170402133726,SA6,900261,FRANCIS,MAKOTI,IDENT
20170402133744,SA1,900001,ABDALLAH,JUMANNE,IDENT
20170402134026,SA6,900568,GODWIN,KIRIA,IDENT
20170402134156,SA6,900627,BAHATI,KAPIGA,IDENT
20170402134256,SA6,900124,DAUDI,ELIFALETH,IDENT
20170402134411,SA6,900116,ASHA,ALLY,IDENT
20170402134416,SA6,900168,RAZAKI,MTINDA,IDENT
20170402134509,SA6,900048,SHELLA,MFAUME,IDENT
20170402134634,SA1,900802,EMANUEL,SILAYO,IDENT
20170402134640,SA1,900457,KHAMISI,MASUMBUKO,IDENT
20170402134643,SA1,900808,HEONANI,BAJANA,IDENT
20170402134716,SA6,900647,JOHANSEN,MPANJU,IDENT
20170402135027,SA6,900115,AKIDA,DUGANGE,IDENT
20170402135059,SA6,900405,CHARLES,WILLIAM,IDENT
20170402135511,SA5,900883,EDINA,ABED,IDENT
20170402135516,SA5,901012,FATUMA,KABUMA,IDENT
20170402135558,SA6,900407,CHRISTIAN ,NGONYANI,IDENT
20170402135816,SA6,900583,REGINALD,MICHAEL,IDENT
20170402135844,SA6,900596,DAVID,MWAMPAMBA,IDENT
20170402140151,SA1,900542,POUL,KIBELA,IDENT
20170402140340,SA5,900901,NEEMA,NYAKOKI,IDENT
20170402140356,SA6,900037,MOHAMED,MKALA,IDENT
20170402140649,SA5,900867,AISHA,KIUMBA,IDENT
20170402140656,SA5,901046,GRADIS,MAGANA,IDENT
20170402140428,SA6,900579,GRAYSON,KUNZUGALA,IDENT
20170402140507,SA6,900251,AMRI,WAZIRI,IDENT
20170402140722,SA6,900164,RAMADHANI ,BAKARI,IDENT
20170402140846,SA5,900897,SWAUMU,SAIDI,IDENT
20170402140851,SA5,901152,STELLA,MWAKATOBE,IDENT
20170402140851,SA6,901265,FRANK ,RUZIGA,IDENT
20170402140902,SA5,901229,ANNA,NGAPONDA,IDENT
20170402140918,SA5,900881,ZAINABU,SAIDI,IDENT
20170402140928,SA5,901048,HALIMA,IDDI,IDENT
20170402140940,SA5,901019,ASHA,NGAMBA,IDENT
20170402140957,SA1,900555,MHEZIWA,MALEWA,IDENT
20170402141014,SA5,900894,NURU,MAKANDE,IDENT
20170402141527,SA5,900914,HAWA,MWIMBE,IDENT
20170402141623,SA5,900947,ANNA,GODISON,IDENT
20170402141702,SA5,901017,CATHERINE,NYEMA,IDENT
20170402141709,SA5,900919,ANNA,MPUGE,IDENT
20170402141810,SA6,900127,DUNCAN,MHANDO,IDENT
20170402141956,SA5,901064,SAID,RAMADHANI,IDENT
20170402142124,SA6,900134,GRACE,KIM,IDENT
20170402142238,SA5,900916,SABINA,KINGIMALI,IDENT
20170402142245,SA5,900915,DOROTHEA,KILO,IDENT
20170402143122,SA6,900161,PILLI ,MOHAMED,IDENT
20170402143711,SA5,900964,RAPHAEL,MBOKO,IDENT
20170402145125,SA6,900385,ABDALLAH,MOHAMED,IDENT
20170402145551,SA5,900964,RAPHAEL,MBOKO,IDENT
20170402145505,SA6,900144,JANE,MWAKABULUFU,IDENT
20170402145557,SA6,E083,GURURAJ,SHENVI,IDENT
20170402145748,SA6,900120,BENEDICTO,MBOKO,IDENT
20170402145829,SA6,900143,JACKLINE,MAIGA,IDENT
20170402145850,SA6,900452,KENNEDY,KIMARO,IDENT
20170402150540,SA6,900151,LISSY,KIGONJOLA,IDENT
20170402150805,SA6,900170,REHEMA,CHINUNJE,IDENT
20170402152050,SA6,901433,ESTER,THEOFIL,IDENT
20170402153222,SA6,901438,MARY,JOSEPH,IDENT
20170402153228,SA6,900574,FURAHA,MSAMBWA,IDENT
20170402153240,SA6,900057,ZAITUNI,ABDALLAH,IDENT
20170402184644,SA5,900866,FLORA,DAMAS,IDENT
20170402190456,SA6,900040,MWAJUMA,KATONA,IDENT
20170402191503,SA6,900661,ADILILA,KONGA,IDENT
20170402192022,SA6,900025,JOYCE,MAGANGA,IDENT
20170402194140,SA6,900050,STANLEY,JEREMIAH,IDENT
20170402200941,SA6,900168,RAZAKI,MTINDA,IDENT
20170402200953,SA6,900002,ABDALLAH,MWEYO,IDENT
20170402201601,SA6,900116,ASHA,ALLY,IDENT
20170402202816,SA6,900543,JOHN,MAGANYA,IDENT
20170402202840,SA6,900035,MOHAMED,HAUSI,IDENT
20170402203441,SA6,900023,JINGSON,SAIMON,IDENT
20170402203819,SA6,900261,FRANCIS,MAKOTI,IDENT
20170402203826,SA6,900261,FRANCIS,MAKOTI,IDENT
20170402205239,SA1,900249,AMIRI,MZEE,IDENT
20170402205419,SA6,900046,SALUM,NDEGE,IDENT
20170402205648,SA6,900626,AUGUSTINO,CHITANDA,IDENT
20170402205733,SA6,900047,SAMSON,SHILA,IDENT
20170402205736,SA6,900047,SAMSON,SHILA,IDENT
20170402210030,SA1,900031,LUCAS,MABUYE,IDENT
20170402210712,SA6,900685,VICTOR,MBUNDAMILA,IDENT
20170402211532,SA5,900960,AGNESS,NAWAHIGA,IDENT
20170402211547,SA5,901236,FATIMA,ALLY,IDENT
20170402211610,SA5,901204,SOPHIA,LUGOME,IDENT
20170402211652,SA5,900870,GOMERY,DAUDI,IDENT
20170402211720,SA5,900861,MWAJABU,BAKARI,IDENT
20170402212452,SA6,900124,DAUDI,ELIFALETH,IDENT
20170402212456,SA6,900647,JOHANSEN,MPANJU,IDENT
20170402212644,SA6,900579,GRAYSON,KUNZUGALA,IDENT
20170402213104,SA6,900169,REHEMA,YUSUFU,IDENT
20170402213534,SA1,900542,POUL,KIBELA,IDENT
20170402214007,SA1,900290,RASHIDI,GEUZA,IDENT
20170402214614,SA1,900272,ISRAEL,GYUNA,IDENT
20170403045523,SA6,900035,MOHAMED,HAUSI,IDENT
20170403050755,SA1,900290,RASHIDI,GEUZA,IDENT
20170403050913,SA1,900281,NAYOPA,MTENDECHI,IDENT
20170403050924,SA6,900135,HALIMA,NGAMZI,IDENT
20170403050957,SA6,900685,VICTOR,MBUNDAMILA,IDENT
20170403052128,SA6,900169,REHEMA,YUSUFU,IDENT
20170403052519,SA6,900626,AUGUSTINO,CHITANDA,IDENT
20170403052552,SA6,900025,JOYCE,MAGANGA,IDENT
20170403052919,SA6,900162,PILLY,MANENO,IDENT
20170403053026,SA4,901053,DORIS,JOHN,IDENT
20170403053045,SA4,901015,JOYCE,CHACHA,IDENT
20170403053052,SA4,901072,TATU,ATHUMAN,IDENT
20170403053057,SA4,901081,PILI,MDEDE,IDENT
20170403053102,SA5,900884,HADIJA,GOGO,IDENT
20170403053106,SA4,901131,ESTA,KWEKA,IDENT
20170403053118,SA4,900888,AMINA,NGAINA,IDENT
20170403053126,SA4,900889,SALMA,MWAWILA,IDENT
20170403053151,SA5,901322,SARAH,ALLY,IDENT
20170403053244,SA5,901352,ABDALAH,SUDY,IDENT
20170403053312,SA4,901145,ADELINA,MALEMA,IDENT
20170403053320,SA4,901118,LILIAN,MREMA,IDENT
20170403053605,SA5,901383,JOAN,OMANDI,IDENT
20170403053755,SA5,901361,MARRY,MLIUNJA,IDENT
20170403053759,SA5,901361,MARRY,MLIUNJA,IDENT
20170403053354,SA4,901206,AISHA,MKUMBA,IDENT
20170403053448,SA4,901171,ESTHER,MUNGUTI,IDENT
20170403053503,SA4,901137,SOFIA,KIUMBE,IDENT
20170403053511,SA4,901028,REHEMA,KWENGWEGU,IDENT
20170403053525,SA4,900995,MARY,KIAMA,IDENT
20170403053532,SA4,900973,SHARIFA,LIYAYA,IDENT
20170403053541,SA4,901001,AMINA,MUYA,IDENT
20170403053546,SA4,900966,ZUHURA,KIJIMBO,IDENT
20170403053553,SA4,900880,MWANAHAMISI,MAREKANO,IDENT
20170403053600,SA4,901120,MERCY,MONGI,IDENT
20170403053606,SA4,901216,ASHA,RAMADHANI,IDENT
20170403053610,SA6,900168,RAZAKI,MTINDA,IDENT
20170403053612,SA4,901077,CONSOLATH,MATERU,IDENT
20170403053616,SA4,901225,NOELA,YALOT,IDENT
20170403053626,SA4,901254,NURAT,JAFARI,IDENT
20170403053632,SA4,901128,ZAITUNI,SOGOI,IDENT
20170403053637,SA4,901102,ORIVER,DAUD,IDENT
20170403053643,SA4,900929,HALIMA,SEIF,IDENT
20170403053644,SA6,900568,GODWIN,KIRIA,IDENT
20170403053702,SA4,901106,MARYNIA,KAYOMBO,IDENT
20170403053737,SA4,901238,MARIAM,SELEMANI,IDENT
20170403053759,SA4,901169,VERONICA,LECHIPYA,IDENT
20170403053804,SA4,900886,ELIZABERTH,KIJA,IDENT
20170403053810,SA4,901141,HADIJA,SALUM,IDENT
20170403053819,SA4,900984,SALAMA,BIGE,IDENT
20170403053827,SA4,901014,LUCY,THOMAS,IDENT
20170403053907,SA5,901289,CONSOLATHA,RAPHAEL,IDENT
20170403053917,SA4,901020,VICTORIA,MWALUANDA,IDENT
20170403053924,SA4,901191,ROSE,BENARD,IDENT
20170403053930,SA4,900896,HADIJA , KIHEGO,IDENT
20170403053934,SA5,901285,THABIT,ALLY,IDENT
20170403053942,SA5,901374,NASRA,HAMADI,IDENT
20170403053942,SA4,900887,ELITABETH,GOMELO,IDENT
20170403053946,SA6,900047,SAMSON,SHILA,IDENT
20170403053948,SA4,901250,JENIPHA,DAMIAN,IDENT
20170403053950,SA6,900047,SAMSON,SHILA,IDENT
20170403054023,SA4,901236,FATIMA,ALLY,IDENT
20170403054031,SA4,901248,MAGRETH,MASAWE,IDENT
20170403054053,SA4,900989,AMINA,CHITWANGWA,IDENT
20170403054058,SA4,900951,MWAJUMA,AIDAN,IDENT
20170403054101,SA5,901413,LEILA,KIMBENGELE,IDENT
20170403054112,SA4,900875,ASHA,MALINBWI,IDENT
20170403054117,SA4,900907,PAULINA,DEVA,IDENT
20170403054123,SA6,900116,ASHA,ALLY,IDENT
20170403054131,SA4,901204,SOPHIA,LUGOME,IDENT
20170403054137,SA6,900040,MWAJUMA,KATONA,IDENT
20170403054144,SA6,900166,RAMADHANI,KIPENGELE,IDENT
20170403054152,SA6,900420,FRANCIS,TESHA,IDENT
20170403054156,SA4,901251,GATI,NYANTUMAN,IDENT
20170403054205,SA6,900285,NKWABI,MDEHWA,IDENT
20170403054207,SA4,901008,GRESS,KOBA,IDENT
20170403054214,SA4,901214,MARIAM,OMAR,IDENT
20170403054216,SA6,900661,ADILILA,KONGA,IDENT
20170403054223,SA4,901066,ZULEHA,MOHAMED,IDENT
20170403054228,SA4,901163,SIJALI,MKELE,IDENT
20170403054233,SA4,901082,EDINA,JOHN,IDENT
20170403054239,SA4,901070,FLORA,MSAMLA,IDENT
20170403054249,SA4,900918,MARIAM,RAMADHANI,IDENT
20170403054326,SA5,901412,ELIA,NGWALI,IDENT
20170403054330,SA4,900866,FLORA,DAMAS,IDENT
20170403054400,SA5,901294,RATIFA,KAPINGA,IDENT
20170403054415,SA5,901387,GODFREY,YALED,IDENT
20170403054508,SA5,901309,SALMA,RAFIKI,IDENT
20170403054513,SA5,901355,HALIMA,SANANE,IDENT
20170403054524,SA5,901360,MARRY,MASULUBE,IDENT
20170403054537,SA5,901279,NEEMA, GODFREY,IDENT
20170403054558,SA5,901340,FELIX,MAKANYA,IDENT
20170403054609,SA5,901341,JESSE,JEREMIA,IDENT
20170403054647,SA5,901217,VIVIAN,MWANGATA,IDENT
20170403054710,SA5,901192,ASMA,KONDO,IDENT
20170403054742,SA5,901292,SARA,YOEL,IDENT
20170403054753,SA5,901414,EMMANUEL,BANDIKO,IDENT
20170403054347,SA4,900952,SALAMA,MOHAMAD,IDENT
20170403054353,SA4,901058,HAMIDA,MATIPA,IDENT
20170403054358,SA4,900935,ZAINABU,SINGANO,IDENT
20170403054403,SA4,900937,UPENDO,MLEWA,IDENT
20170403054408,SA4,901057,ANNA,KITOMARY,IDENT
20170403054420,SA4,900958,SOPHIA,LIKONGO,IDENT
20170403054426,SA4,901252,JENIPHA,CHIZA,IDENT
20170403054432,SA4,901086,ELIWAZA,MWIGOHA,IDENT
20170403054438,SA4,901087,REHEMA,CHETE,IDENT
20170403054444,SA4,901269,AISHA,HALFAN,IDENT
20170403054452,SA4,900915,DOROTHEA,KILO,IDENT
20170403054459,SA4,901083,HADIJA,MPAMBA,IDENT
20170403054505,SA4,901079,AGNESS,HAJI,IDENT
20170403054510,SA4,901222,DEBORA,FILIPATALI,IDENT
20170403054515,SA4,901063,RACHEL,MZOROZORO,IDENT
20170403054520,SA4,900892,MWANIA,PEMBE,IDENT
20170403054537,SA4,901000,AGNES,MTYANGILE,IDENT
20170403054544,SA4,901165,FATUMA,ABDALLAH,IDENT
20170403054553,SA4,901210,ROSE,CHUWA,IDENT
20170403054557,SA4,901261,ZAINA,KILWANDA,IDENT
20170403054605,SA4,900870,GOMERY,DAUDI,IDENT
20170403054611,SA4,901110,ASHA,MPELA,IDENT
20170403054613,SA6,900436,HONEST,MATEMU,IDENT
20170403054617,SA4,901039,JULIANA,SUKU,IDENT
20170403054624,SA4,901036,AZIZA,MANGETU,IDENT
20170403054641,SA6,E032,SANKARAN,JAYARAM,IDENT
20170403054644,SA4,901033,TATU,ISSA,IDENT
20170403054650,SA4,901005,HADIJJA,KIJUU,IDENT
20170403054651,SA1,900249,AMIRI,MZEE,IDENT
20170403054701,SA4,901074,VERONICA,KIMWAGA,IDENT
20170403054719,SA4,901125,TAUSI,SHABANI,IDENT
20170403054744,SA4,901224,ANNA,NYAKAPALA,IDENT
20170403054758,SA4,900911,NEEMA,URASSA,IDENT
20170403054804,SA4,901213,HABIBA,NJIKU,IDENT
20170403054809,SA6,900474,PHILBERT,MATOGO,IDENT
20170403054810,SA4,901116,GRACE,KAHANGE,IDENT
20170403054827,SA5,901367,BEATHA,MLOSO,IDENT
20170403054827,SA4,900928,MARIA,MAGWE,IDENT
20170403054837,SA5,901559,MARIAM,JUMA,IDENT
20170403054838,SA6,900395,AMOS,MIMBI,IDENT
20170403054844,SA4,900960,AGNESS,NAWAHIGA,IDENT
20170403054849,SA6,900159,PAMELA,KUSALIKA,IDENT
20170403054850,SA4,901146,MARTHA,MAKOTI,IDENT
20170403054855,SA6,900647,JOHANSEN,MPANJU,IDENT
20170403054856,SA4,901207,AISHA,ABEID,IDENT
20170403054901,SA4,901075,AGATHA,JAMALI,IDENT
20170403054906,SA5,901283,KEDMOND,KAMOGA,IDENT
20170403054911,SA4,901054,FATUMA,MUHANDO,IDENT
20170403054925,SA4,901080,SALOME,DUA,IDENT
20170403054931,SA4,901257,FRIDA,MHELELA,IDENT
20170403054941,SA4,900971,NAOMI,SAMWELI,IDENT
20170403054946,SA4,900926,AMINA,KONDO,IDENT
20170403055000,SA4,901249,HILDA,MWAZEMBE,IDENT
20170403055004,SA1,900731,HUSSAIN,HAMADI,IDENT
20170403055010,SA4,901205,JAMILA,MASONGI,IDENT
20170403055010,SA1,901557,WALTER,MAYA,IDENT
20170403055011,SA5,901409,MAGRETH,NGOSI,IDENT
20170403055021,SA4,901228,CESILIA,MBABUYE,IDENT
20170403055025,SA5,900964,RAPHAEL,MBOKO,IDENT
20170403055026,SA4,901223,HAPPY,MKWEPU,IDENT
20170403055033,SA4,901263,JAMIRA,SAIDI,IDENT
20170403055036,SA1,900739,EMENUEL,KYEJO,IDENT
20170403055039,SA4,901097,EMANUEL,MSOKWA,IDENT
20170403055047,SA5,901301,TUKAE,MUSA,IDENT
20170403055050,SA4,901142,SOPHIA,YUSUPH,IDENT
20170403055054,SA5,901288,EPIPHANIA,LUKWI,IDENT
20170403055056,SA4,901177,ASHA,MAVENGELO,IDENT
20170403055136,SA6,900138,HUSSEIN,SHABANI,IDENT
20170403055147,SA1,900542,POUL,KIBELA,IDENT
20170403055149,SA4,901002,MARIAM,SABURI,IDENT
20170403055154,SA4,901018,AISHA,KIBINDO,IDENT
20170403055204,SA5,901303,TAUSI,KATULA,IDENT
20170403055205,SA6,901149,EPIFANI, MBOKO,IDENT
20170403055222,SA4,901153,MAGRETH,ZANUARI,IDENT
20170403055227,SA4,901126,YUNIS,LULANDALA,IDENT
20170403055233,SA4,900873,SELEN,JUMA,IDENT
20170403055237,SA4,901227,MWAMVITA,MWAIPOPO,IDENT
20170403055237,SA5,901421,ALFRED,MUGHWAI,IDENT
20170403055243,SA4,900948,VERONICA,MFILINGE,IDENT
20170403055247,SA4,901221,TEDDY,MAGAMBO,IDENT
20170403055249,SA1,900578,MTARI,MAGINGA,IDENT
20170403055253,SA4,900900,HELENA,SENZUGWAKO,IDENT
20170403055254,SA1,900808,HEONANI,BAJANA,IDENT
20170403055302,SA4,901172,AGNES,STEVEN,IDENT
20170403055308,SA4,900999,ROSE,MWAMAKOLA,IDENT
20170403055316,SA4,900936,SOPHIA,MBONDE,IDENT
20170403055323,SA4,900991,CHRISTINA,JAILOS,IDENT
20170403055328,SA4,901260,AISHA,MNEKA,IDENT
20170403055336,SA5,901321,ELIZABET,MHIMBA,IDENT
20170403055341,SA5,901284,MOHAMED,IDDI,IDENT
20170403055523,SA1,900218,GEDDY,SONENGA,IDENT
20170403055530,SA5,901394,TERESIA,MHAMBO,IDENT
20170403055554,SA1,900477,RAMADHANI,LUBASHA,IDENT
20170403055559,SA1,900803,EMMANUEL,YOUZE,IDENT
20170403055605,SA5,900853,DEVOTHA,ELIAS,IDENT
20170403055645,SA5,901313,FATUMA,KAUNDA,IDENT
20170403055728,SA5,901308,MADINA,ATHUMANI,IDENT
20170403055356,SA4,900893,JOYCE,MCHOMVU,IDENT
20170403055402,SA4,901161,NURU,MOHAMED,IDENT
20170403055412,SA4,900942,CHRISTINA,MWENDA,IDENT
20170403055435,SA4,900922,BAHATI,SALEHE,IDENT
20170403055502,SA4,901061,MWAJUMA,ABDALLAH,IDENT
20170403055507,SA4,900895,CATHERINE,CHIGOGOLO,IDENT
20170403055512,SA4,901156,SAID,HAMISI,IDENT
20170403055517,SA4,901144,ESTHER,NAPENGWA,IDENT
20170403055529,SA4,901093,SHARON,IBRAHIM,IDENT
20170403055608,SA4,900864,TECLA,SAMWEL,IDENT
20170403055610,SA1,900758,MOHAMEDY,ATHUMANI,IDENT
20170403055617,SA1,900789,KAMPBONA,PASCAL,IDENT
20170403055630,SA1,900777,MNADI,MRAJAA,IDENT
20170403055639,SA4,900924,DEBORA,HOSSA,IDENT
20170403055645,SA4,900882,WINIFRIDA,MALISELINO,IDENT
20170403055650,SA4,901197,RASHID,NJERAN,IDENT
20170403055717,SA6,900451,KASSIM,MALICK,IDENT
20170403055717,SA4,901121,MWATANGA,ALLY,IDENT
20170403055741,SA4,901006,RUKIA,ALLY,IDENT
20170403055750,SA6,900448,JOSEPH,MKELEBE,IDENT
20170403055817,SA6,900422,FURAHA,MWAKIFWAMB,IDENT
20170403055853,SA4,900876,MWASITI,MAULID,IDENT
20170403055858,SA5,901347,JAMES,MAJIJI,IDENT
20170403055908,SA4,900872,ZALAU,NGWELE,IDENT
20170403055911,SA5,901282,ADAM,MUSSA,IDENT
20170403055913,SA1,900743,JUMA,ISEMA,IDENT
20170403055916,SA4,900877,IRENE,GABRIEL,IDENT
20170403055919,SA1,900719,STEPHAN,SIMON,IDENT
20170403055927,SA1,900721,GISELA,SHAYO,IDENT
20170403055939,SA1,900770,ANDERSON,KIKOTI,IDENT
20170403055942,SA1,900759,ELIAS,YAKOB,IDENT
20170403055945,SA1,900748,EDWARD,DAWSON,IDENT
20170403055948,SA4,901262,HADIJA,SALUM,IDENT
20170403055951,SA6,900048,SHELLA,MFAUME,IDENT
20170403055955,SA4,900861,MWAJABU,BAKARI,IDENT
20170403060005,SA6,900478,RAPHAEL,SENKONDO,IDENT
20170403060010,SA4,901157,DAVID,JUMA,IDENT
20170403060011,SA5,901375,PILLI,CHOLOGONDO,IDENT
20170403060019,SA5,901078,NASMA,LINOGA,IDENT
20170403060024,SA6,900261,FRANCIS,MAKOTI,IDENT
20170403060029,SA6,900261,FRANCIS,MAKOTI,IDENT
20170403060038,SA1,900735,ZAINABU,MOHAMEDI,IDENT
20170403060042,SA1,900765,REBECA,GIDEON,IDENT
20170403060054,SA1,900790,ISIHAKA,IDDI,IDENT
20170403060101,SA4,901062,RASHID,MDOE,IDENT
20170403060110,SA5,901373,ADELA,MSAGA,IDENT
20170403060111,SA1,900744,SILVESTER,KAHINDI,IDENT
20170403060114,SA5,901370,MARIAM,MJELELE,IDENT
20170403060114,SA1,900751,TUSKAR,HALFANI,IDENT
20170403060120,SA5,901316,ZUHURA,HAMIS,IDENT
20170403060125,SA5,900855,SINAHIA,OMARI,IDENT
20170403060130,SA5,901328,MARRY,SHOO,IDENT
20170403060135,SA1,900728,JAMAL,MRISHO,IDENT
20170403060140,SA5,901378,HOYCE,TILLYA,IDENT
20170403060208,SA1,900031,LUCAS,MABUYE,IDENT
20170403060212,SA4,901119,LINA,MLAWA,IDENT
20170403060215,SA1,900782,JANETH,DADAA,IDENT
20170403060220,SA1,900716,JUMA,JUMANNE,IDENT
20170403060228,SA1,900727,GEORGE,GREAD,IDENT
20170403060235,SA5,901315,FIDEA,AGUSTINO,IDENT
20170403060241,SA1,900216,ELLY,MKONGWE,IDENT
20170403060241,SA5,901296,STELLA,LUGOME,IDENT
20170403060249,SA1,900730,UHURU,MARWA,IDENT
20170403060254,SA1,900225,JOHN,FREDRICK,IDENT
20170403060333,SA6,900584,LUCY,MACHAI,IDENT
20170403060340,SA1,900725,SAMSONI,KINGU,IDENT
20170403060341,SA5,900850,ROSE,KITALI,IDENT
20170403060413,SA1,900222,HENRY,NGOWI,IDENT
20170403060422,SA1,900217,FRED,JAMES,IDENT
20170403060445,SA1,900825,TITO,MWAMBE,IDENT
20170403060526,SA1,900738,MOHAMED,NGODA,IDENT
20170403060538,SA1,900426,GESAGA,RAMADHANI,IDENT
20170403060553,SA1,900823,TADEO,MAPEMA,IDENT
20170403060557,SA1,900750,JACOB,KAWALE,IDENT
20170403060738,SA5,901310,MARIAM,BELEKO,IDENT
20170403060744,SA5,901312,VUMILIA,NDEGE,IDENT
20170403060454,SA4,900977,MWANAHAMISI,MUNKUNDA,IDENT
20170403060649,SA6,900124,DAUDI,ELIFALETH,IDENT
20170403060723,SA1,900272,ISRAEL,GYUNA,IDENT
20170403060823,SA4,901151,SIJARI,MAGOMBE,IDENT
20170403060838,SA1,900726,ABDALLAH,CHOBO,IDENT
20170403060842,SA4,901273,HELLEN,KIZWALO,IDENT
20170403060843,SA6,900046,SALUM,NDEGE,IDENT
20170403060843,SA1,900771,DATIUS,MARTINE,IDENT
20170403060910,SA1,900455,KHALFAN,OMARI,IDENT
20170403060913,SA1,900802,EMANUEL,SILAYO,IDENT
20170403060916,SA1,900154,MWAJUMA,MSAKUZI,IDENT
20170403060921,SA1,900569,JAMES,MWANDU,IDENT
20170403060923,SA1,900806,GODFREY,KIHAWA,IDENT
20170403060927,SA1,900776,ZUBERI,MOHAMED,IDENT
20170403060953,SA6,900164,RAMADHANI ,BAKARI,IDENT
20170403061004,SA6,900443,JABIRI,RAMADHANI,IDENT
20170403061215,SA1,900411,DEO,JULIUS,IDENT
20170403061220,SA1,900415,EMMANUEL,JONAS,IDENT
20170403061315,SA1,900450,JUMA,RAMADHANI,IDENT
20170403061318,SA1,900799,RAJABU,RUBASHA,IDENT
20170403061453,SA5,900946,RAHMA,MWIMBA,IDENT
20170403061822,SA5,901416,YONA,MUSA,IDENT
20170403062158,SA1,900773,FELIX,CHRISTOPHER,IDENT
20170403062251,SA4,901055,ZAINABU,OMARY,IDENT
20170403062610,SA1,900421,FRANK ,MUSHI,IDENT
20170403062617,SA1,900571,FRANK,MALIMA,IDENT
20170403063739,SA6,900132,FRIDA,KIGWA,IDENT
20170403063909,SA1,900240,SOSTHENES,MANYAMA,IDENT
20170403064015,SA1,900820,SALUM,KAISI,IDENT
20170403064125,SA6,901433,ESTER,THEOFIL,IDENT
20170403064300,SA1,900804,FROLAH,MPONDO,IDENT
20170403064317,SA6,900115,AKIDA,DUGANGE,IDENT
20170403064348,SA6,900387,ADAM,KINGU,IDENT
20170403065119,SA1,900425,GEORGE,JOSEPH,IDENT
20170403070358,SA6,900023,JINGSON,SAIMON,IDENT
20170403070403,SA1,900466,MATHEW,PHILIP,IDENT
20170403070748,SA6,900175,TEDDY,SIMON,IDENT
20170403070940,SA6,900050,STANLEY,JEREMIAH,IDENT
20170403070951,SA6,901431,AMBALI,SOUD,IDENT
20170403070953,SA4,901239,SAKINA,KIZEE,IDENT
20170403071333,SA6,900039,MWAJABU,ALLY,IDENT
20170403071526,SA6,901434,JOSEPHINA,HAU,IDENT
20170403071648,SA6,901573,DAUDI,NYASHIMO,IDENT
20170403071706,SA6,900029,JUMANNE,MBONDE,IDENT
20170403071745,SA6,900041,NELSON,MTEMI,IDENT
20170403072059,SA1,900814,MARTIN,MUHANDO,IDENT
20170403072110,SA6,900257,ENGLIBERTH,DAUDI,IDENT
20170403072327,SA1,900547,COLMAN,KIWALE,IDENT
20170403072331,SA6,900100,AROBOGAST,MOGELLA,IDENT
20170403072548,SA6,900430,GWAKISA,MWAKASAGURE,IDENT
20170403072613,SA6,900123,CHARLES,LUSWETULA,IDENT
20170403072730,SA6,900689,IRENE,MOSHI,IDENT
20170403072812,SA6,900560,DEOGRASIAS,STEPHIN,IDENT
20170403072856,SA6,900404,BRYANT,NYENYEMBE,IDENT
20170403072859,SA1,900429,GOODLUCK,LYAHONA,IDENT
20170403073105,SA1,900508,MARIAM ,HAMISI,IDENT
20170403073113,SA1,900512,SAIDI,BARUTI,IDENT
20170403073148,SA4,900859,MASANGULA,MASANGURA,IDENT
20170403073148,SA6,900494,YOHANA,LUSANA,IDENT
20170403073611,SA6,900120,BENEDICTO,MBOKO,IDENT
20170403073646,SA6,E013,GIRIRAJ,SHARMA,IDENT
20170403073707,SA1,900505,JESCA,MATECHI,IDENT
20170403073745,SA6,900586,MOHAMED,SOLOKA,IDENT
20170403073807,SA6,900007,ANNA,DUA,IDENT
20170403073924,SA6,900432,HAMZA,ABDALLAH,IDENT
20170403073947,SA6,900142,IRENE,MREMA,IDENT
20170403074006,SA6,900133,GEORGE,GIDION,IDENT
20170403074020,SA1,900505,JESCA,MATECHI,IDENT
20170403074134,SA6,900111,SALUM,SAIDI,IDENT
20170403074208,SA4,901160,SAUDA,MCHECHE,IDENT
20170403074209,SA1,900687,PROTUS,RUWANDA,IDENT
20170403074232,SA6,900017,FIKA,JOMSON,IDENT
20170403074323,SA6,901265,FRANK ,RUZIGA,IDENT
20170403074328,SA6,900583,REGINALD,MICHAEL,IDENT
20170403074403,SA6,900173,SHARIFA,MRISHO,IDENT
20170403074416,SA1,900440,IDRISA,KIMARO,IDENT
20170403074600,SA5,901339,JAMES,MKONO,IDENT
20170401190918,SA2,900918,MARIAM,RAMADHANI,IDENT
20170401190918,SA2,900918,MARIAM,RAMADHANI,IDENT
20170401192745,SA2,901016,HALIFA,MOHAMED,IDENT
20170401192745,SA2,901016,HALIFA,MOHAMED,IDENT
20170401193317,SA2,901273,HELLEN,KIZWALO,IDENT
20170401193317,SA2,901273,HELLEN,KIZWALO,IDENT
20170401193511,SA2,901269,AISHA,HALFAN,IDENT
20170401193511,SA2,901269,AISHA,HALFAN,IDENT
20170401202227,SA2,901062,RASHID,MDOE,IDENT
20170401202227,SA2,901062,RASHID,MDOE,IDENT
20170401202737,SA2,901175,SALMA,RAMADHAN,IDENT
20170401202737,SA2,901175,SALMA,RAMADHAN,IDENT
20170401211311,SA2,900991,CHRISTINA,JAILOS,IDENT
20170401211311,SA2,900991,CHRISTINA,JAILOS,IDENT
20170401211317,SA2,901020,VICTORIA,MWALUANDA,IDENT
20170401211317,SA2,901020,VICTORIA,MWALUANDA,IDENT
20170401211322,SA2,901067,HELENA,SAMWELI,IDENT
20170401211322,SA2,901067,HELENA,SAMWELI,IDENT
20170401211454,SA2,900923,HELENA,KHAJI,IDENT
20170401211454,SA2,900923,HELENA,KHAJI,IDENT
20170401211506,SA2,901082,EDINA,JOHN,IDENT
20170401211506,SA2,901082,EDINA,JOHN,IDENT
20170401211541,SA2,901044,SUZANA,KIMARO,IDENT
20170401211541,SA2,901044,SUZANA,KIMARO,IDENT
20170401211551,SA2,901274,AMINA,KAHABUKA,IDENT
20170401211551,SA2,901274,AMINA,KAHABUKA,IDENT
20170401211637,SA2,900930,TABIA,DOGOLI,IDENT
20170401211637,SA2,900930,TABIA,DOGOLI,IDENT
20170401211821,SA2,901024,ASIA,KARATA,IDENT
20170401211821,SA2,901024,ASIA,KARATA,IDENT
20170401211847,SA2,901080,SALOME,DUA,IDENT
20170401211847,SA2,901080,SALOME,DUA,IDENT
20170401211902,SA2,900987,PILLY,MWAWILA,IDENT
20170401211902,SA2,900987,PILLY,MWAWILA,IDENT
20170401211908,SA2,901072,TATU,ATHUMAN,IDENT
20170401211908,SA2,901072,TATU,ATHUMAN,IDENT
20170401211914,SA2,901125,TAUSI,SHABANI,IDENT
20170401211914,SA2,901125,TAUSI,SHABANI,IDENT
20170401211923,SA2,901084,MARIA ,SANGA,IDENT
20170401211923,SA2,901084,MARIA ,SANGA,IDENT
20170401212001,SA2,900889,SALMA,MWAWILA,IDENT
20170401212001,SA2,900889,SALMA,MWAWILA,IDENT
20170401214103,SA3,901101,RAJABU,MOHAMMED,IDENT
20170401214414,SA3,901054,FATUMA,MUHANDO,IDENT
20170401214418,SA3,901075,AGATHA,JAMALI,IDENT
20170401214445,SA3,901268,ANITHA,KWIMBA,IDENT
20170401214454,SA3,900896,HADIJA , KIHEGO,IDENT
20170401214459,SA3,900904,ANNA,MAGEMBE,IDENT
20170401214504,SA3,901166,SAUDA,MAULID,IDENT
20170401215004,SA3,900877,IRENE,GABRIEL,IDENT
20170401215011,SA3,900864,TECLA,SAMWEL,IDENT
20170401215017,SA3,900907,PAULINA,DEVA,IDENT
20170401215209,SA3,900915,DOROTHEA,KILO,IDENT
20170401215435,SA3,900898,RUKIA,MATAUKA,IDENT
20170401215515,SA3,900892,MWANIA,PEMBE,IDENT
20170401215523,SA3,901061,MWAJUMA,ABDALLAH,IDENT
20170401215534,SA3,900866,FLORA,DAMAS,IDENT
20170401215539,SA3,900920,PILLI,SAIDI,IDENT
20170401215543,SA3,901140,ASHURA,MGENI,IDENT
20170401215624,SA3,900875,ASHA,MALINBWI,IDENT
20170401215817,SA3,900872,ZALAU,NGWELE,IDENT
20170401215826,SA3,900880,MWANAHAMISI,MAREKANO,IDENT
20170401215846,SA3,901127,ZAHARA,MBELWA,IDENT
20170401220001,SA3,901210,ROSE,CHUWA,IDENT
20170401220012,SA3,900870,GOMERY,DAUDI,IDENT
20170401220021,SA3,901103,MWATANGA,DIENI,IDENT
20170401220026,SA3,900960,AGNESS,NAWAHIGA,IDENT
20170401220036,SA3,900951,MWAJUMA,AIDAN,IDENT
20170401220043,SA3,901055,ZAINABU,OMARY,IDENT
20170401220048,SA3,901236,FATIMA,ALLY,IDENT
20170401220054,SA3,901227,MWAMVITA,MWAIPOPO,IDENT
20170401220100,SA3,900873,SELEN,JUMA,IDENT
20170401220106,SA3,901104,MWANAHAWA,HASSAN,IDENT
20170401220111,SA3,900937,UPENDO,MLEWA,IDENT
20170401220116,SA3,900970,MARIA,ELIESEL,IDENT
20170401220121,SA3,901205,JAMILA,MASONGI,IDENT
20170401220129,SA3,901204,SOPHIA,LUGOME,IDENT
20170401220136,SA3,901223,HAPPY,MKWEPU,IDENT
20170401220141,SA3,901051,HABIBA,PAZZI,IDENT
20170401220149,SA3,901008,GRESS,KOBA,IDENT
20170401220159,SA3,901256,AVERINA,AMANDUS,IDENT
20170401220206,SA3,901182,RENIFRIDA,NGUMBU,IDENT
20170401220212,SA3,901187,MONICA,SHEMBONI,IDENT
20170401220221,SA3,901132,HEAVENLIGHT,NKYA,IDENT
20170401220226,SA3,901245,EVERINA,MKETO,IDENT
20170401220231,SA3,901244,SWAUMU,HIMBU,IDENT
20170401220238,SA3,901023,AMINA,CHAKWE,IDENT
20170401220243,SA3,901168,REHEMA ,MWASOMOLA,IDENT
20170401220250,SA3,901042,FARIDA,NDAUKE,IDENT
20170401220255,SA3,901219,MARIAM,MUSSA,IDENT
20170401220300,SA3,900954,HABIBA,MDOSE,IDENT
20170401220306,SA3,901005,HADIJJA,KIJUU,IDENT
20170401220312,SA3,901247,KULUTHUM,CHILEMILE,IDENT
20170401220317,SA3,900986,KAUSE,ABDALLAH,IDENT
20170401220322,SA3,901002,MARIAM,SABURI,IDENT
20170401220328,SA3,900913,ASHURA,NGUMBE,IDENT
20170401220334,SA3,901089,HARUNA,ATHUMANI,IDENT
20170401220340,SA3,900878,AISHA,KIZINGA,IDENT
20170401220348,SA3,901151,SIJARI,MAGOMBE,IDENT
20170401220354,SA3,901233,SAMI,MTITIMA,IDENT
20170401220359,SA3,900996,LILIAN,RASHIDI,IDENT
20170401220405,SA3,901081,PILI,MDEDE,IDENT
20170401220410,SA3,901031,AMINA,BAKARI,IDENT
20170401220415,SA3,901254,NURAT,JAFARI,IDENT
20170401220420,SA3,901070,FLORA,MSAMLA,IDENT
20170401220425,SA3,901220,AGNESS,MWAMBENGO,IDENT
20170401220430,SA3,901053,DORIS,JOHN,IDENT
20170401220436,SA3,900969,JEMA,SALUM,IDENT
20170401221301,SA3,900977,MWANAHAMISI,MUNKUNDA,IDENT
20170402055200,SA3,901060,MARTHA,GABRIEL,IDENT
20170402055207,SA3,901049,REDEMTA,DANIEL,IDENT
20170402055228,SA3,901011,JANE,SIMON,IDENT
20170402055239,SA3,901229,ANNA,NGAPONDA,IDENT
20170402055245,SA3,901048,HALIMA,IDDI,IDENT
20170402055259,SA3,900860,AGNESS,LUHUNGO,IDENT
20170402055311,SA3,900917,SALMA,DIWILE,IDENT
20170402055317,SA3,901017,CATHERINE,NYEMA,IDENT
20170402055323,SA3,900883,EDINA,ABED,IDENT
20170402055923,SA2,900957,HADIJA,MKOTA,IDENT
20170402055923,SA2,900957,HADIJA,MKOTA,IDENT
20170402060114,SA2,900865,CHRISTINA,MAGOWELA,IDENT
20170402060114,SA2,900865,CHRISTINA,MAGOWELA,IDENT
20170402060139,SA2,900867,AISHA,KIUMBA,IDENT
20170402060139,SA2,900867,AISHA,KIUMBA,IDENT
20170402060352,SA2,900950,ASHURA,ATHUMAN,IDENT
20170402060352,SA2,900950,ASHURA,ATHUMAN,IDENT
20170402060403,SA2,900897,SWAUMU,SAIDI,IDENT
20170402060403,SA2,900897,SWAUMU,SAIDI,IDENT
20170402061102,SA2,901064,SAID,RAMADHANI,IDENT
20170402061102,SA2,901064,SAID,RAMADHANI,IDENT
20170402061329,SA2,901266,AZIZA,KAKOMBE,IDENT
20170402061329,SA2,901266,AZIZA,KAKOMBE,IDENT
20170402061711,SA2,901098,GERALD,MBAUKA,IDENT
20170402061711,SA2,901098,GERALD,MBAUKA,IDENT
20170402061738,SA2,901046,GRADIS,MAGANA,IDENT
20170402061738,SA2,901046,GRADIS,MAGANA,IDENT
20170402061852,SA2,901260,AISHA,MNEKA,IDENT
20170402061852,SA2,901260,AISHA,MNEKA,IDENT
20170402062340,SA2,900934,MWAJABU,MARIDADI,IDENT
20170402062340,SA2,900934,MWAJABU,MARIDADI,IDENT
20170402062436,SA2,900916,SABINA,KINGIMALI,IDENT
20170402062436,SA2,900916,SABINA,KINGIMALI,IDENT
20170402064026,SA2,900931,JOHARI,KIMARO,IDENT
20170402064026,SA2,900931,JOHARI,KIMARO,IDENT
20170402074535,SA2,901258,ATHUMAN,KILINDU,IDENT
20170402074535,SA2,901258,ATHUMAN,KILINDU,IDENT
20170402133553,SA2,901072,TATU,ATHUMAN,IDENT
20170402133553,SA2,901072,TATU,ATHUMAN,IDENT
20170402133924,SA2,901268,ANITHA,KWIMBA,IDENT
20170402133924,SA2,901268,ANITHA,KWIMBA,IDENT
20170402134123,SA2,900991,CHRISTINA,JAILOS,IDENT
20170402134123,SA2,900991,CHRISTINA,JAILOS,IDENT
20170402134128,SA2,901082,EDINA,JOHN,IDENT
20170402134128,SA2,901082,EDINA,JOHN,IDENT
20170402134133,SA2,900923,HELENA,KHAJI,IDENT
20170402134133,SA2,900923,HELENA,KHAJI,IDENT
20170402134139,SA2,901067,HELENA,SAMWELI,IDENT
20170402134139,SA2,901067,HELENA,SAMWELI,IDENT
20170402134348,SA2,901083,HADIJA,MPAMBA,IDENT
20170402134348,SA2,901083,HADIJA,MPAMBA,IDENT
20170402134442,SA2,900872,ZALAU,NGWELE,IDENT
20170402134442,SA2,900872,ZALAU,NGWELE,IDENT
20170402134451,SA2,900870,GOMERY,DAUDI,IDENT
20170402134451,SA2,900870,GOMERY,DAUDI,IDENT
20170402134531,SA2,900987,PILLY,MWAWILA,IDENT
20170402134531,SA2,900987,PILLY,MWAWILA,IDENT
20170402134548,SA2,900977,MWANAHAMISI,MUNKUNDA,IDENT
20170402134548,SA2,900977,MWANAHAMISI,MUNKUNDA,IDENT
20170402134705,SA2,900873,SELEN,JUMA,IDENT
20170402134705,SA2,900873,SELEN,JUMA,IDENT
20170402134728,SA2,900990,JANE,MHONGOLE,IDENT
20170402134728,SA2,900990,JANE,MHONGOLE,IDENT
20170402134810,SA2,901205,JAMILA,MASONGI,IDENT
20170402134810,SA2,901205,JAMILA,MASONGI,IDENT
20170402135030,SA2,901236,FATIMA,ALLY,IDENT
20170402135030,SA2,901236,FATIMA,ALLY,IDENT
20170402135042,SA2,900861,MWAJABU,BAKARI,IDENT
20170402135042,SA2,900861,MWAJABU,BAKARI,IDENT
20170402135332,SA2,900948,VERONICA,MFILINGE,IDENT
20170402135332,SA2,900948,VERONICA,MFILINGE,IDENT
20170402135632,SA2,900960,AGNESS,NAWAHIGA,IDENT
20170402135632,SA2,900960,AGNESS,NAWAHIGA,IDENT
20170402135924,SA2,901274,AMINA,KAHABUKA,IDENT
20170402135924,SA2,901274,AMINA,KAHABUKA,IDENT
20170402140305,SA2,901266,AZIZA,KAKOMBE,IDENT
20170402140305,SA2,901266,AZIZA,KAKOMBE,IDENT
20170402140310,SA2,901164,SWAUMU,KAYANDA,IDENT
20170402140310,SA2,901164,SWAUMU,KAYANDA,IDENT
20170402140320,SA2,901180,FURAHA,TEMBA,IDENT
20170402140320,SA2,901180,FURAHA,TEMBA,IDENT
20170402140344,SA2,901060,MARTHA,GABRIEL,IDENT
20170402140344,SA2,901060,MARTHA,GABRIEL,IDENT
20170402140500,SA2,901260,AISHA,MNEKA,IDENT
20170402140500,SA2,901260,AISHA,MNEKA,IDENT
20170402140521,SA2,900957,HADIJA,MKOTA,IDENT
20170402140521,SA2,900957,HADIJA,MKOTA,IDENT
20170402140611,SA2,901011,JANE,SIMON,IDENT
20170402140611,SA2,901011,JANE,SIMON,IDENT
20170402140636,SA2,901049,REDEMTA,DANIEL,IDENT
20170402140636,SA2,901049,REDEMTA,DANIEL,IDENT
20170402140905,SA2,900934,MWAJABU,MARIDADI,IDENT
20170402140905,SA2,900934,MWAJABU,MARIDADI,IDENT
20170402141158,SA2,900865,CHRISTINA,MAGOWELA,IDENT
20170402141158,SA2,900865,CHRISTINA,MAGOWELA,IDENT
20170402141252,SA2,901024,ASIA,KARATA,IDENT
20170402141252,SA2,901024,ASIA,KARATA,IDENT
20170402141304,SA2,900950,ASHURA,ATHUMAN,IDENT
20170402141304,SA2,900950,ASHURA,ATHUMAN,IDENT
20170402141310,SA2,900860,AGNESS,LUHUNGO,IDENT
20170402141310,SA2,900860,AGNESS,LUHUNGO,IDENT
20170402141418,SA2,900868,MAIMUNA,JARUFU,IDENT
20170402141418,SA2,900868,MAIMUNA,JARUFU,IDENT
20170402141424,SA2,901085,ELIZABETH,NYAMBO,IDENT
20170402141424,SA2,901085,ELIZABETH,NYAMBO,IDENT
20170402141429,SA2,900879,RAHMA,KILO,IDENT
20170402141429,SA2,900879,RAHMA,KILO,IDENT
20170402141457,SA2,900917,SALMA,DIWILE,IDENT
20170402141457,SA2,900917,SALMA,DIWILE,IDENT
20170402141521,SA2,900891,HINESS,KAAYA,IDENT
20170402141521,SA2,900891,HINESS,KAAYA,IDENT
20170402141559,SA2,901044,SUZANA,KIMARO,IDENT
20170402141559,SA2,901044,SUZANA,KIMARO,IDENT
20170402141727,SA2,901098,GERALD,MBAUKA,IDENT
20170402141727,SA2,901098,GERALD,MBAUKA,IDENT
20170402151553,SA2,900931,JOHARI,KIMARO,IDENT
20170402151553,SA2,900931,JOHARI,KIMARO,IDENT
20170402161538,SA2,901258,ATHUMAN,KILINDU,IDENT
20170402161538,SA2,901258,ATHUMAN,KILINDU,IDENT
20170402200028,SA2,900948,VERONICA,MFILINGE,IDENT
20170402200028,SA2,900948,VERONICA,MFILINGE,IDENT
20170402200042,SA2,901044,SUZANA,KIMARO,IDENT
20170402200042,SA2,901044,SUZANA,KIMARO,IDENT
20170402200053,SA2,901082,EDINA,JOHN,IDENT
20170402200053,SA2,901082,EDINA,JOHN,IDENT
20170402200100,SA2,900991,CHRISTINA,JAILOS,IDENT
20170402200100,SA2,900991,CHRISTINA,JAILOS,IDENT
20170402200219,SA2,900923,HELENA,KHAJI,IDENT
20170402200219,SA2,900923,HELENA,KHAJI,IDENT
20170402200258,SA2,901067,HELENA,SAMWELI,IDENT
20170402200258,SA2,901067,HELENA,SAMWELI,IDENT
20170402200320,SA2,901083,HADIJA,MPAMBA,IDENT
20170402200320,SA2,901083,HADIJA,MPAMBA,IDENT
20170402200353,SA2,901072,TATU,ATHUMAN,IDENT
20170402200353,SA2,901072,TATU,ATHUMAN,IDENT
20170402200425,SA2,901274,AMINA,KAHABUKA,IDENT
20170402200425,SA2,901274,AMINA,KAHABUKA,IDENT
20170402200506,SA2,901024,ASIA,KARATA,IDENT
20170402200506,SA2,901024,ASIA,KARATA,IDENT
20170402200519,SA2,900987,PILLY,MWAWILA,IDENT
20170402200519,SA2,900987,PILLY,MWAWILA,IDENT
20170402200548,SA2,900990,JANE,MHONGOLE,IDENT
20170402200548,SA2,900990,JANE,MHONGOLE,IDENT
20170402212405,SA3,900873,SELEN,JUMA,IDENT
20170402212410,SA3,901205,JAMILA,MASONGI,IDENT
20170402212425,SA3,900872,ZALAU,NGWELE,IDENT
20170402212732,SA3,900977,MWANAHAMISI,MUNKUNDA,IDENT
20170403043119,SA3,900969,JEMA,SALUM,IDENT
20170403044441,SA3,900982,MWANAKOMBO,KHALID,IDENT
20170403044931,SA2,901044,SUZANA,KIMARO,IDENT
20170403044931,SA2,901044,SUZANA,KIMARO,IDENT
20170403045019,SA2,901031,AMINA,BAKARI,IDENT
20170403045019,SA2,901031,AMINA,BAKARI,IDENT
20170403045034,SA2,900923,HELENA,KHAJI,IDENT
20170403045034,SA2,900923,HELENA,KHAJI,IDENT
20170403045056,SA2,901233,SAMI,MTITIMA,IDENT
20170403045056,SA2,901233,SAMI,MTITIMA,IDENT
20170403045113,SA2,901166,SAUDA,MAULID,IDENT
20170403045113,SA2,901166,SAUDA,MAULID,IDENT
20170403045124,SA2,900965,HERMAN,MAKOKO,IDENT
20170403045124,SA2,900965,HERMAN,MAKOKO,IDENT
20170403045300,SA2,900954,HABIBA,MDOSE,IDENT
20170403045300,SA2,900954,HABIBA,MDOSE,IDENT
20170403045305,SA2,901103,MWATANGA,DIENI,IDENT
20170403045305,SA2,901103,MWATANGA,DIENI,IDENT
20170403045312,SA2,900920,PILLI,SAIDI,IDENT
20170403045312,SA2,900920,PILLI,SAIDI,IDENT
20170403045333,SA2,900987,PILLY,MWAWILA,IDENT
20170403045333,SA2,900987,PILLY,MWAWILA,IDENT
20170403045430,SA2,901101,RAJABU,MOHAMMED,IDENT
20170403045430,SA2,901101,RAJABU,MOHAMMED,IDENT
20170403045814,SA2,900986,KAUSE,ABDALLAH,IDENT
20170403045814,SA2,900986,KAUSE,ABDALLAH,IDENT
20170403050254,SA2,901016,HALIFA,MOHAMED,IDENT
20170403050254,SA2,901016,HALIFA,MOHAMED,IDENT
20170403050753,SA2,901024,ASIA,KARATA,IDENT
20170403050753,SA2,901024,ASIA,KARATA,IDENT
20170403053005,SA2,901274,AMINA,KAHABUKA,IDENT
20170403053005,SA2,901274,AMINA,KAHABUKA,IDENT
20170403062558,SA2,901351,BARNABA,EDWARD,IDENT
20170403062558,SA2,901351,BARNABA,EDWARD,IDENT
20170403062704,SA2,100597,NOVATI,TARIMO,IDENT
20170403062704,SA2,100597,NOVATI,TARIMO,IDENT
20170403062758,SA2,901068,CATHERINE,MATENGO,IDENT
20170403062758,SA2,901068,CATHERINE,MATENGO,IDENT
20170403063620,SA2,901448,PAULINA,DAVID,IDENT
20170403063620,SA2,901448,PAULINA,DAVID,IDENT
20170403064359,SA2,200312,BARAKA,KATEGILE,IDENT
20170403064359,SA2,200312,BARAKA,KATEGILE,IDENT
20170403064503,SA2,901446,DANIEL,MBARUKA,IDENT
20170403064503,SA2,901446,DANIEL,MBARUKA,IDENT
20170403064507,SA2,200316,DENIS,JOHNSON,IDENT
20170403064507,SA2,200316,DENIS,JOHNSON,IDENT
20170403064703,SA2,200314,DEO,SAKAYA,IDENT
20170403064703,SA2,200314,DEO,SAKAYA,IDENT
20170403074404,SA4,900902,SAKINA,MAWEMBA,IDENT
20170403074452,SA6,900171,ROBERT,MFUNI,IDENT
20170403074542,SA6,900414,EMMANUEL ,SERAPHINE,IDENT
20170403074640,SA6,900109,AMANI,NYAKARASHI,IDENT
20170403074650,SA6,101880,RICHARD,MAKASI,IDENT
20170403074725,SA6,900262,FRIDA, MWAMBEGELE,IDENT
20170403074731,SA6,900268,GWANTWA,MWASYEBULE,IDENT
20170403074746,SA6,900703,MUSSA,MTALI,IDENT
20170403074810,SA6,900114,ABEID,MOHAMED,IDENT
20170403074820,SA1,900515,SHOMARI,KIMBWEMBWE,IDENT
20170403074829,SA1,900500,HEMEDI,KANIKI,IDENT
20170403074829,SA6,900468,MICHAEL,IBRAHIM,IDENT
20170403074844,SA1,101589,AMIRI,YAHAYA,IDENT
20170403074846,SA5,901293,JOHARI,MAHARIA,IDENT
20170403074859,SA1,900829,MOHAMED,ENZI,IDENT
20170403074904,SA1,900830,ARNOLD,NESTORY,IDENT
20170403074908,SA6,900143,JACKLINE,MAIGA,IDENT
20170403074909,SA1,900098,TATU,MTUPA,IDENT
20170403074918,SA1,101140,FAUSTINI,MGIMBA,IDENT
20170403074921,SA1,900711,ATHUMAN,IDDI,IDENT
20170403074921,SA5,901326,ALLY,MBONDE,IDENT
20170403074923,SA6,900016,FATUMA,HAMISI,IDENT
20170403075008,SA6,900399,ATHUMANI,JUMA,IDENT
20170403075040,SA6,900144,JANE,MWAKABULUFU,IDENT
20170403075053,SA6,900110,RASHID,ISSA,IDENT
20170403075053,SA1,900621,COSMAS,KARADIS,IDENT
20170403075057,SA1,900712,JUMA,JUMBE,IDENT
20170403075102,SA6,900107,MSELEM,MSELEM,IDENT
20170403075106,SA1,901598,GERALD,RUHERE,IDENT
20170403075110,SA4,901100,REHEMA,SALEHE,IDENT
20170403075126,SA6,901569,FREDRICK,MUSHI,IDENT
20170403075129,SA1,900237,SHOMARI,SELEMANI,IDENT
20170403075132,SA6,900407,CHRISTIAN ,NGONYANI,IDENT
20170403075138,SA1,900499,HASSAN,HAULE,IDENT
20170403075139,SA2,200351,MICHAEL,MICHAEL,IDENT
20170403075139,SA6,900103,FREDNAND,JACKSON,IDENT
20170403075142,SA4,901194,ELINA,ABEL,IDENT
20170403075145,SA5,901329,ELIWA ,SHAO,IDENT
20170403075148,SA6,900128,ENELES,MBWAGA,IDENT
20170403075152,SA6,900465,MARTIN,KIDUNGU,IDENT
20170403075204,SA2,901444,BAKARI,KITILA,IDENT
20170403075208,SA6,900413,ELIBAHATI,JOSEPH,IDENT
20170403075212,SA6,900467,MBARUKU,OSWAD,IDENT
20170403075226,SA6,900385,ABDALLAH,MOHAMED,IDENT
20170403075227,SA1,101115,ATHUUMANI,HEMEDI,IDENT
20170403075229,SA1,900714,STIVINI,STIVINI,IDENT
20170403075237,SA1,901700,JOSEPH,KUANDIKA,IDENT
20170403075240,SA1,900517,THERESIA,NJAU,IDENT
20170403075242,SA1,900707,ATHUMANI,SALEHE,IDENT
20170403075245,SA6,900446,JOSEPH,KIBASA,IDENT
20170403075247,SA1,101588,ATHUMAN,SALIM,IDENT
20170403075252,SA1,900710,NICHOLAS,KAPANDE,IDENT
20170403075255,SA1,900843,KHALFANI,SHABAN,IDENT
20170403075259,SA1,101141,FRANK,RAPAHAEL,IDENT
20170403075317,SA2,900938,ISMAIL,THOMAS,IDENT
20170403075318,SA4,901138,JOYCE,CHEMRA,IDENT
20170403075325,SA1,900030,JUMANNE,LUMBU,IDENT
20170403075326,SA2,200311,DAVID,BWILE,IDENT
20170403075329,SA4,900944,FROLA,KAMARA,IDENT
20170403075332,SA6,900292,ROSE,CHIKAWE,IDENT
20170403075350,SA5,901278,HENRY ,CHELULA,IDENT
20170403075401,SA2,901449,BONIFAS,ANGANILE,IDENT
20170403075409,SA6,901585,SADICK,MAPUNDA,IDENT
20170403075416,SA1,101128,ISSA,RAMADHANI,IDENT
20170403075420,SA1,101114,ABUBAKARI,KHALIDI,IDENT
20170403075424,SA1,101124,KHALIDI,KASSIMU,IDENT
20170403075430,SA1,101118,MANENO,RAMADHANI,IDENT
20170403075436,SA1,900236,PENDO,MAGIGE,IDENT
20170403075439,SA2,901452,STEVEN,CHUWA,IDENT
20170403075445,SA2,901422,EMMANUEL,KHALIDI,IDENT
20170403075531,SA1,101123,KHAMISI ,PEMBE,IDENT
20170403075537,SA5,901333,NEEMA,KILUZIA,IDENT
20170403075405,SA4,901003,SALAMA,KADALA,IDENT
20170403075502,SA6,E068,RANJEET SINGH,SAINI,IDENT
20170403075514,SA6,901332,NASRA,MSANYA,IDENT
20170403075549,SA6,900620,AYOUB,MTAFUNGWA,IDENT
20170403075556,SA6,901435,FILES,MBANDO,IDENT
20170403075602,SA6,900447,JOSEPH,LUSANA,IDENT
20170403075606,SA4,901442,JARINA,SHEKOLA,IDENT
20170403075607,SA6,901432,AMINA,SOGOI,IDENT
20170403075612,SA4,900910,ZAINABU,SADALLAH,IDENT
20170403075613,SA6,900280,TADEO,MWINGIZI,IDENT
20170403075615,SA1,900828,WILLIUM,MPANGALA,IDENT
20170403075619,SA6,900389,AHMAD,KINDUMA,IDENT
20170403075639,SA1,900403,BEDA,YUDA,IDENT
20170403075643,SA6,901438,MARY,JOSEPH,IDENT
20170403075643,SA1,900797,ASHAM,MUSA,IDENT
20170403075648,SA6,900057,ZAITUNI,ABDALLAH,IDENT
20170403075648,SA1,900224,JABIRI,AMANZI,IDENT
20170403075654,SA1,900503,JANE,RWEHUMBIZA,IDENT
20170403075711,SA1,900645,PETER,MTOLELA,IDENT
20170403075714,SA4,900956,DIANA,LEMA,IDENT
20170403075717,SA1,900239,SOPHIA,MUSHI,IDENT
20170403075719,SA4,900871,MWANAHAMISI,NDOLWA,IDENT
20170403075722,SA6,900458,KIBWANA,SAIDI,IDENT
20170403075731,SA6,900416,ERICK,DAUD,IDENT
20170403075731,SA1,900713,ANICET,ABEL,IDENT
20170403075737,SA6,900681,ABUBAKARI,MGAZA,IDENT
20170403075745,SA6,E021,RAJA,SWAMINATHAN,IDENT
20170403075803,SA6,E008,ATUL,PATHAK,IDENT
20170403075819,SA6,900470,MODEST,NJAU,IDENT
20170403075822,SA1,900708,OMARY,ABDALLAH,IDENT
20170403075829,SA1,900706,MECKLEEN,NANGEDA,IDENT
20170403075836,SA6,900131,FRANK,MAKWABU,IDENT
20170403075842,SA1,900457,KHAMISI,MASUMBUKO,IDENT
20170403075848,SA1,900441,ISSA,KAISI,IDENT
20170403075907,SA1,900502,IMAM,AJABU,IDENT
20170403075920,SA1,900490,TWAHA,MGUHI,IDENT
20170403075921,SA6,E083,GURURAJ,SHENVI,IDENT
20170403075924,SA2,200318,JOSHUA , PAULO,IDENT
20170403075929,SA2,901450,FARIDA,JUMA,IDENT
20170403075933,SA2,200309,RAMADHANI,KIHILE,IDENT
20170403075939,SA1,900513,SALEHE,BAKARI,IDENT
20170403080051,SA6,900431,HAMADI,ZUBERI,IDENT
20170403080054,SA5,901334,SHAIBU,KASANGA,IDENT
20170403080059,SA6,900649,ZUBEDA,MANDIA,IDENT
20170403080107,SA6,900402,BARAKA,MVUNGI,IDENT
20170403080118,SA2,900940,JUMANNE,ZONGO,IDENT
20170403080136,SA1,900715,ELIASI,KIZITO,IDENT
20170403080142,SA1,900497,EMANUEL,NGIMBUZI,IDENT
20170403080156,SA6,900008,ANNE,MCHUMA,IDENT
20170403080207,SA6,E079,BALASUBRAMANIAM,M,IDENT
20170403080214,SA6,900485,SHUFAA,ABEID,IDENT
20170403080218,SA6,900574,FURAHA,MSAMBWA,IDENT
20170403080224,SA4,900941,KULWA,MSUMA,IDENT
20170403080226,SA6,900155,MWANAFATIMA,MATIPA,IDENT
20170403080226,SA1,101134,HASSAN,KAPANYA,IDENT
20170403080229,SA1,900219,GEORGE,SAMATA,IDENT
20170403080231,SA6,900393,ALLY,MTWALE,IDENT
20170403080235,SA6,900435,HASSAN,NKHAMBI,IDENT
20170403080240,SA4,901443,MWAJUMA,SHEMBWANA,IDENT
20170403080242,SA6,901584,PENDO,MNJAGILA,IDENT
20170403080246,SA6,900488,THOBIAS,KIWELU,IDENT
20170403080249,SA6,900591,RASHID ,MUNKENDA,IDENT
20170403080250,SA5,901335,YONA,MAPELELE,IDENT
20170403080254,SA6,900247,ALLY,SELEMANI,IDENT
20170403080257,SA2,901451,JUSTINE,MKUDE,IDENT
20170403080259,SA6,900439,IDDI,MOHAMED,IDENT
20170403080321,SA6,900388,AGNES,SHAYO,IDENT
20170403080354,SA6,900682,BENEDICT,ELIAS,IDENT
20170403080433,SA1,101531,RASHIDI,BAKARI,IDENT
20170403080440,SA1,900793,ABDUL,MAINGO,IDENT
20170403080445,SA1,101530,SIMON,YOHANA,IDENT
20170403080452,SA1,900558,FRANCIS,MFIKWA,IDENT
20170403080455,SA1,900506,JOE ,MATANDU,IDENT
20170403080500,SA1,901575,LINDA,MLAY,IDENT
20170403080514,SA1,900507,KANTI,KADIRI,IDENT
20170403080517,SA1,900516,SOLOMON,MBANGA,IDENT
20170403080522,SA1,900024,JOSEPH,TWALIB,IDENT
20170403080540,SA1,900157,MZEE,KONDOWE,IDENT
20170403080552,SA1,900504,JEREMIA,TONNO,IDENT
20170403080621,SA5,901365,JOYCE,SWILLAH,IDENT
20170403080713,SA5,901382,KONDO,MOHAMED,IDENT
20170403080722,SA5,901325,JOSEPH,KAVISHE,IDENT
20170403080425,SA6,900660,IDDI,ALLY,IDENT
20170403080533,SA6,900165,RAMADHANI,NYENJE,IDENT
20170403080544,SA6,900390,ALBERT,KANENDA,IDENT
20170403080609,SA6,900184,JASPER,NGURUBE,IDENT
20170403080616,SA6,900126,DORIKA,MALYANGO,IDENT
20170403080646,SA6,900044,REGINARD,MSHANGA,IDENT
20170403080715,SA6,900472,MWALIMU,SELEMANI,IDENT
20170403080721,SA6,900156,MWANAISHA,UWESU,IDENT
20170403080722,SA1,900210,ASHA,HUSSEIN,IDENT
20170403080727,SA6,900400,BAHATI,LUBUVA,IDENT
20170403080733,SA6,900481,RICHARD,KWEYAMBA,IDENT
20170403080808,SA6,901558,CONSOLATA,MDEMU,IDENT
20170403080825,SA1,900780,THEO,MAPUNDA,IDENT
20170403080859,SA6,900460,LAMECK,ASSETO,IDENT
20170403080903,SA6,900701,MATHEW,NDANSHAU,IDENT
20170403080944,SA6,900405,CHARLES,WILLIAM,IDENT
20170403081017,SA6,900445,JOHN,MASUNGWA,IDENT
20170403081038,SA1,900235,PAULO,MGEMA,IDENT
20170403081051,SA1,901586,MOHAMED,KIPANGUZI,IDENT
20170403081218,SA6,900009,ASHA,HAMISI,IDENT
20170403081227,SA6,900464,MARTHA,MWIKOLA,IDENT
20170403081312,SA1,900655,ZAINAB,JERECKO,IDENT
20170403081312,SA6,900108,NORAH,CLEMENCE,IDENT
20170403081325,SA6,900271,HUSNA,SAID,IDENT
20170403081716,SA6,900043,RANI,MOHAR,IDENT
20170403081724,SA6,900055,VERONICA,MBAZIGWA,IDENT
20170403081813,SA6,E060,ANOOP,TIWARI,IDENT
20170403081849,SA6,E077,SUMIT,BHATNAGAR,IDENT
20170403081914,SA6,900122,CATHERINE,KUMBATA,IDENT
20170403081959,SA6,E084,NAVNEET, SINGH,IDENT
20170403082015,SA6,901578,DEOGRATIUS,KABELEGE,IDENT
20170403082021,SA6,900151,LISSY,KIGONJOLA,IDENT
20170403082200,SA6,E041,JAGAN MOHAN,YERUVA,IDENT
20170403082207,SA6,900452,KENNEDY,KIMARO,IDENT
20170403082212,SA6,900484,SHANI,MOHAMED,IDENT
20170403082340,SA6,900246,ABDULKARIM,ALI,IDENT
20170403082356,SA6,901582,ANTHONY,PAULO,IDENT
20170403082500,SA6,900174,SOSTHENES,MUKAMA,IDENT
20170403082717,SA6,900629,MICHAEL,ZAMBETAKIS,IDENT
20170403082805,SA6,E078,SANJAY,GOYAL,IDENT
20170403083844,SA6,901436,HAMISI,ALI,IDENT
20170403084518,SA6,900270,HASSAN,KIGWIO,IDENT
