20170502100430,SA6,900574,FURAHA,MSAMBWA,IDENT
20170502100507,SA6,E008,ATUL,PATHAK,IDENT
20170502102257,SA6,900126,DORIKA,MALYANGO,IDENT
20170502103735,SA6,900257,ENGLIBERTH,DAUDI,IDENT
20170502104926,SA6,900629,MICHAEL,ZAMBETAKIS,IDENT
20170502111049,SA6,900100,AROBOGAST,MOGELLA,IDENT
20170502111206,SA6,901569,FREDRICK,MUSHI,IDENT
20170502113319,SA6,E021,RAJA,SWAMINATHAN,IDENT
20170502113500,SA6,900660,IDDI,ALLY,IDENT
20170502122832,SA6,900560,DEOGRASIAS,STEPHIN,IDENT
20170502125455,SA6,900581,SAADA,MUHINTE,IDENT
20170502125748,SA6,900054,THOMAS,MGABO,IDENT
20170502131149,SA6,900021,JAFARI,BAINA,IDENT
20170502131320,SA6,900544,YUSUPH,MTUTUMA,IDENT
20170502131437,SA6,900582,ZABRON,TOSSI,IDENT
20170502132457,SA6,900006,ANDREW,JOSEPH,IDENT
20170502132730,SA6,900051,SUDI,KHALFANI,IDENT
20170502132814,SA6,900002,ABDALLAH,MWEYO,IDENT
20170502133051,SA6,900140,IGNATUS,MLANGWA,IDENT
20170502133109,SA4,901098,GERALD,MBAUKA,IDENT
20170502133129,SA4,901261,ZAINA,KILWANDA,IDENT
20170502133134,SA4,901270,NAOMI,OBONG,IDENT
20170502133242,SA4,901152,STELLA,MWAKATOBE,IDENT
20170502133259,SA5,901255,ASHA,BILALI,IDENT
20170502133300,SA4,900886,ELIZABERTH,KIJA,IDENT
20170502133321,SA4,901179,AMANDA,KWEZI,IDENT
20170502133340,SA4,901244,SWAUMU,HIMBU,IDENT
20170502133345,SA4,901030,VERONICA,WANGWE,IDENT
20170502133351,SA4,901229,ANNA,NGAPONDA,IDENT
20170502133359,SA5,900894,NURU,MAKANDE,IDENT
20170502133400,SA4,900974,ZAWADI,SADIKI,IDENT
20170502133404,SA5,900947,ANNA,GODISON,IDENT
20170502133406,SA4,901108,AISHA,WILLIUM,IDENT
20170502133410,SA5,901280,WHITNESS,MSAGATI,IDENT
20170502133412,SA4,901184,GRACE,NGALABA,IDENT
20170502133415,SA5,901287,REGINA,JEMES,IDENT
20170502133418,SA4,901091,FARIDA,LYIMO,IDENT
20170502133420,SA5,901017,CATHERINE,NYEMA,IDENT
20170502133432,SA4,900868,MAIMUNA,JARUFU,IDENT
20170502133439,SA5,901012,FATUMA,KABUMA,IDENT
20170502133444,SA5,900917,SALMA,DIWILE,IDENT
20170502133451,SA5,901568,YASINTA,MKIWA,IDENT
20170502133456,SA5,900916,SABINA,KINGIMALI,IDENT
20170502133502,SA5,901324,MARIAM,YAHAYA,IDENT
20170502133507,SA5,901302,ASHA,SHOMARI,IDENT
20170502133507,SA4,901027,EDDA,MWAKIBINGWA,IDENT
20170502133513,SA5,901298,SWAUMU,MZIRAI,IDENT
20170502133516,SA4,901114,FARIDA,AMBLOS,IDENT
20170502133518,SA5,901385,ABDALLA,MGAYA,IDENT
20170502133523,SA5,901364,SALAFINA,KISAPI,IDENT
20170502133530,SA4,901246,VERONICA,MTENGWA,IDENT
20170502133531,SA5,901368,NAOMI,YUSUPH,IDENT
20170502133536,SA5,901418,ISAYA ,SAWASAWA,IDENT
20170502133546,SA4,901007,MODESTA,JOGOO,IDENT
20170502133552,SA4,901023,AMINA,CHAKWE,IDENT
20170502133416,SA2,900919,ANNA,MPUGE,IDENT
20170502133422,SA2,900883,EDINA,ABED,IDENT
20170502133520,SA6,900658,MWASITI,LABOA,IDENT
20170502133529,SA6,900010,BITSON,MWASILE,IDENT
20170502133638,SA2,901198,MANEO,ATHUMANI,IDENT
20170502133639,SA4,901046,GRADIS,MAGANA,IDENT
20170502133643,SA2,901164,SWAUMU,KAYANDA,IDENT
20170502133644,SA5,900865,CHRISTINA,MAGOWELA,IDENT
20170502133647,SA4,901256,AVERINA,AMANDUS,IDENT
20170502133651,SA5,901094,MARTINA,FISSO,IDENT
20170502133653,SA4,901160,SAUDA,MCHECHE,IDENT
20170502133708,SA4,901112,BUSHRA,SALUM,IDENT
20170502133711,SA6,900130,FATUMA,CHOMBO,IDENT
20170502133713,SA4,901245,EVERINA,MKETO,IDENT
20170502133714,SA2,900923,HELENA,KHAJI,IDENT
20170502133719,SA4,901241,FATUMA,JUMA,IDENT
20170502133725,SA5,901286,AGNES,LUCAS,IDENT
20170502133726,SA4,900844,AISHA,MSOMI,IDENT
20170502133730,SA5,901319,CHRISTINA,TATI,IDENT
20170502133733,SA4,900890,OLIVER,UDOBA,IDENT
20170502133739,SA4,901025,ASHURA,HAMISI,IDENT
20170502133741,SA5,901369,RECHO,MSHUMBUSI,IDENT
20170502133745,SA4,901174,BETH,NGADADA,IDENT
20170502133750,SA4,900996,LILIAN,RASHIDI,IDENT
20170502133755,SA4,900997,MARY,ONDURU,IDENT
20170502133755,SA5,901162,MWANAHARUSI,MOHAMED,IDENT
20170502133800,SA4,901052,SUZANA,NAPANGA,IDENT
20170502133800,SA5,901362,JULIETH,GODFREY,IDENT
20170502133806,SA4,900985,BAHATI,SARAPIONI,IDENT
20170502133812,SA4,901271,RACHEL,MCHOVU,IDENT
20170502133818,SA4,900994,MWAISHA,MWAMOTO,IDENT
20170502133823,SA4,900904,ANNA,MAGEMBE,IDENT
20170502133828,SA4,900990,JANE,MHONGOLE,IDENT
20170502133833,SA4,901175,SALMA,RAMADHAN,IDENT
20170502133840,SA4,901186,FROLA,KILIMA,IDENT
20170502133847,SA4,901117,HIDAYA,MASOUD,IDENT
20170502133853,SA4,901113,ELIZABETH,SHIRIMA,IDENT
20170502133858,SA4,901180,FURAHA,TEMBA,IDENT
20170502133906,SA4,901015,JOYCE,CHACHA,IDENT
20170502133907,SA2,900976,LUCY,STANLEY,IDENT
20170502133911,SA4,901181,ASNA,SPRIAN,IDENT
20170502133917,SA4,901247,KULUTHUM,CHILEMILE,IDENT
20170502133924,SA4,901132,HEAVENLIGHT,NKYA,IDENT
20170502133928,SA4,900921,MWAJUMA,IDDI,IDENT
20170502133933,SA4,900913,ASHURA,NGUMBE,IDENT
20170502133938,SA4,901235,TUMAIN,MUNGURE,IDENT
20170502133944,SA4,901067,HELENA,SAMWELI,IDENT
20170502133945,SA2,900978,ELIZABETH,ZAE,IDENT
20170502133949,SA4,901133,HUSNA,SENGAMBA,IDENT
20170502133955,SA4,901104,MWANAHAWA,HASSAN,IDENT
20170502134000,SA4,901230,KUDRA,BAKARI,IDENT
20170502134005,SA4,901105,MTUMWA,ALLY,IDENT
20170502134010,SA4,901155,GRACE,MUHONO,IDENT
20170502134012,SA2,900908,SALMA,RWAMBANO,IDENT
20170502134015,SA4,901035,AGNES,NKONJELWA,IDENT
20170502134017,SA2,900885,AMINA,MZARA,IDENT
20170502134020,SA4,900993,MARIAM,MSUMALI,IDENT
20170502134022,SA2,900905,AMINA,MUHIDINI,IDENT
20170502134025,SA4,901123,REBECA,KALOFU,IDENT
20170502134031,SA4,901089,HARUNA,ATHUMANI,IDENT
20170502134041,SA4,901050,MARIAM,SAIDI,IDENT
20170502134043,SA6,900127,DUNCAN,MHANDO,IDENT
20170502134046,SA4,901253,JOYCE,KESI,IDENT
20170502134050,SA5,901392,STELLA,MTALLO,IDENT
20170502134108,SA4,901129,FELISTA,NYAHENGE,IDENT
20170502134124,SA4,900927,SAADA,SALUM,IDENT
20170502134130,SA4,900943,MWAMINI,MPANGULE,IDENT
20170502134141,SA2,901021,NEEMA ,MWANGO,IDENT
20170502134141,SA4,901173,BAHATI,MAKAMBA,IDENT
20170502134149,SA4,900972,SAFINA,ABEID,IDENT
20170502134158,SA4,901018,AISHA,KIBINDO,IDENT
20170502134203,SA4,901043,ANNA,JOHN,IDENT
20170502134208,SA4,900860,AGNESS,LUHUNGO,IDENT
20170502134220,SA4,901182,RENIFRIDA,NGUMBU,IDENT
20170502134225,SA4,901168,REHEMA ,MWASOMOLA,IDENT
20170502134226,SA6,900015,EMMANUEL ,CLEMENT,IDENT
20170502134231,SA4,901022,SILIVIA,SHAYO,IDENT
20170502134236,SA4,901032,MARISELINA,NGULI,IDENT
20170502134240,SA5,901427,JESCA,NGUMBU,IDENT
20170502134241,SA4,901231,ASHA,DUTCH,IDENT
20170502134243,SA2,901060,MARTHA,GABRIEL,IDENT
20170502134245,SA5,901389,OMARY,JUMA,IDENT
20170502134246,SA4,901049,REDEMTA,DANIEL,IDENT
20170502134251,SA2,901065,ZAINABU,KARUMUNA,IDENT
20170502134251,SA6,900139,IDD,YUSUFU,IDENT
20170502134251,SA4,900856,MWAJAMBU,HAMAD,IDENT
20170502134255,SA5,901209,MIRIAM,MNDEWA,IDENT
20170502134255,SA6,900112,ABDALLAH,MIKALAMBILO,IDENT
20170502134257,SA4,900899,MAGDALENA,SIMAO,IDENT
20170502134302,SA4,901134,NURU,MULONGANILE,IDENT
20170502134302,SA5,900915,DOROTHEA,KILO,IDENT
20170502134308,SA5,900914,HAWA,MWIMBE,IDENT
20170502134308,SA4,901127,ZAHARA,MBELWA,IDENT
20170502134312,SA2,901038,AMINA,MDOE,IDENT
20170502134313,SA4,901000,AGNES,MTYANGILE,IDENT
20170502134314,SA5,900862,EDINA,MWAKYOMA,IDENT
20170502134316,SA6,900049,SIHABA,NAKIPENGELE,IDENT
20170502134317,SA4,901143,LINES,PILLI,IDENT
20170502134319,SA5,901423,CONSOLATHA,JOSEPH,IDENT
20170502134323,SA4,901034,STAMILI,MUSSA,IDENT
20170502134330,SA4,900992,AGNES,MEJA,IDENT
20170502134356,SA4,901135,REHEMA,OMARY,IDENT
20170502134401,SA4,900891,HINESS,KAAYA,IDENT
20170502134406,SA4,900846,SARA,CHIDUNI,IDENT
20170502134406,SA5,901366,LYDIA,MAKENE,IDENT
20170502134407,SA6,900580,BARAKA,MAGAFU,IDENT
20170502134411,SA5,901353,DOREEN,MDOE,IDENT
20170502134411,SA4,901193,VICTORIA,MWAMPEGETE,IDENT
20170502134417,SA4,901026,FATUMA,KONYO,IDENT
20170502134419,SA6,900611,EVARIST,MPINGAURUGU,IDENT
20170502134422,SA4,900945,ELIZABETH,MREMA,IDENT
20170502134430,SA4,901243,PLAKSEDA,AKIZAMUNGU,IDENT
20170502134435,SA5,900879,RAHMA,KILO,IDENT
20170502134447,SA4,901045,ASHURA,KATULA,IDENT
20170502134453,SA4,901215,MWANAIDI,KOLOKO,IDENT
20170502134500,SA4,900934,MWAJABU,MARIDADI,IDENT
20170502134515,SA5,901408,SAIDI,MAKALA,IDENT
20170502134521,SA4,900946,RAHMA,MWIMBA,IDENT
20170502134529,SA5,901277,NEEMA,UISO,IDENT
20170502134535,SA5,901384,JOSHUA,KITUNDU,IDENT
20170502134540,SA4,900925,REGINA,THOMAS,IDENT
20170502134546,SA4,901237,ZUBEDA,KIMARO,IDENT
20170502134608,SA5,901338,WAZIRI,WAZIRI,IDENT
20170502134611,SA5,901405,ABDANI,SHILLA,IDENT
20170502134627,SA4,901187,MONICA,SHEMBONI,IDENT
20170502134629,SA5,900898,RUKIA,MATAUKA,IDENT
20170502134638,SA5,901363,ZUCRA,SWEDI,IDENT
20170502134646,SA5,901404,AWAZI,SALIM,IDENT
20170502134650,SA5,901019,ASHA,NGAMBA,IDENT
20170502134706,SA4,900959,REHEMA,LYOWA,IDENT
20170502134712,SA4,901037,FADINA,IBRAHIM,IDENT
20170502134718,SA4,901140,ASHURA,MGENI,IDENT
20170502134723,SA4,901130,NURU,DAUDI,IDENT
20170502134728,SA4,901234,ANITHA,AHALIELI,IDENT
20170502134733,SA4,900906,MARYSTELA,MCHOME,IDENT
20170502134744,SA4,901201,DEOGRATIUS,KESSY,IDENT
20170502134750,SA4,901059,JAZIRA,RAMADHANI,IDENT
20170502134755,SA4,901111,ASIA,MSHAMU,IDENT
20170502134820,SA4,901197,RASHID,NJERAN,IDENT
20170502134832,SA4,901064,SAID,RAMADHANI,IDENT
20170502134855,SA4,900867,AISHA,KIUMBA,IDENT
20170502134906,SA4,901212,JASMINI,MOHAMED,IDENT
20170502134924,SA4,900881,ZAINABU,SAIDI,IDENT
20170502134939,SA4,900878,AISHA,KIZINGA,IDENT
20170502134956,SA4,900988,UPENDO,PETER,IDENT
20170502135001,SA4,901085,ELIZABETH,NYAMBO,IDENT
20170502135007,SA6,900433,HARUNI,MKAMA,IDENT
20170502135028,SA5,901425,HIDAYA,KASSIM,IDENT
20170502135040,SA4,900961,ELIZABETH,FRANCISCO,IDENT
20170502135046,SA4,901110,ASHA,MPELA,IDENT
20170502135051,SA4,901115,FROLA,SIKWEMBE,IDENT
20170502135100,SA4,901136,HONORATA,SHAYO,IDENT
20170502135100,SA2,901150,CHRISTINA,MBODE,IDENT
20170502135112,SA4,901076,AGNESS,NGAPONDA,IDENT
20170502135113,SA5,901388,OSWALD,SHILLA,IDENT
20170502135130,SA4,901051,HABIBA,PAZZI,IDENT
20170502135148,SA4,901042,FARIDA,NDAUKE,IDENT
20170502135156,SA5,901359,VILET,MHELUKA,IDENT
20170502135215,SA5,900939,STELLA,MAGOGWA,IDENT
20170502135221,SA5,901354,AISHAH,OTHUMANI,IDENT
20170502135222,SA6,900543,JOHN,MAGANYA,IDENT
20170502135227,SA5,901356,ZAMDA,NGWABAYA,IDENT
20170502135234,SA5,900849,IRENE,MMARI,IDENT
20170502135236,SA4,901029,MARIAM,MWETEMBO,IDENT
20170502135241,SA2,901258,ATHUMAN,KILINDU,IDENT
20170502135245,SA5,901200,INOCENT , KIFUMU,IDENT
20170502135248,SA4,901263,JAMIRA,SAIDI,IDENT
20170502135256,SA2,200312,BARAKA,KATEGILE,IDENT
20170502135317,SA6,900396,ANDREW,MSANGI,IDENT
20170502135334,SA4,901266,AZIZA,KAKOMBE,IDENT
20170502135336,SA5,901300,ANNA,TEMBA,IDENT
20170502135351,SA5,901316,ZUHURA,HAMIS,IDENT
20170502135356,SA6,900487,STEPHEN,KAMBWEMBWE,IDENT
20170502135405,SA5,901350,ALFRED,CHARLES,IDENT
20170502135407,SA5,901345,ALHAJI,KIHIYO,IDENT
20170502135411,SA4,900967,FATUMA,MTAMBUA,IDENT
20170502135417,SA6,900428,GLADIS,MAZENGO,IDENT
20170502135419,SA4,901122,NEEMA,FANUEL,IDENT
20170502135443,SA6,900661,ADILILA,KONGA,IDENT
20170502135450,SA6,900170,REHEMA,CHINUNJE,IDENT
20170502135458,SA5,901571,ENOCK,ELIA,IDENT
20170502135504,SA5,901376,ZAINABU ,SALUM,IDENT
20170502135505,SA4,901107,MUHIDINI,HASSAN,IDENT
20170502135510,SA5,901328,MARRY,SHOO,IDENT
20170502135525,SA5,901211,ANNA,KIMARO,IDENT
20170502135619,SA4,901170,BAHATI,SHABANI,IDENT
20170502135629,SA5,901304,SOPHIA,ALLY,IDENT
20170502135457,SA2,901009,MOSHI,SAIDI,IDENT
20170502135505,SA2,900907,PAULINA,DEVA,IDENT
20170502135513,SA6,900579,GRAYSON,KUNZUGALA,IDENT
20170502135641,SA4,901176,FATUMA,MASOUD,IDENT
20170502135645,SA5,900897,SWAUMU,SAIDI,IDENT
20170502135659,SA6,900134,GRACE,KIM,IDENT
20170502135711,SA4,901124,TABIA,OMARY,IDENT
20170502135733,SA2,901096,SAMWELI,MANGARE,IDENT
20170502135733,SA4,900931,JOHARI,KIMARO,IDENT
20170502135743,SA4,901194,ELINA,ABEL,IDENT
20170502135748,SA4,901260,AISHA,MNEKA,IDENT
20170502135754,SA4,900970,MARIA,ELIESEL,IDENT
20170502135807,SA2,901011,JANE,SIMON,IDENT
20170502135854,SA5,901293,JOHARI,MAHARIA,IDENT
20170502135900,SA5,901311,LOYCE,MASKINI,IDENT
20170502135915,SA4,900963,MWAZANI,SAIDI,IDENT
20170502135935,SA6,900153,MUSSA,KIGUNGAS,IDENT
20170502135950,SA6,900423,GARDINO,MHIMBA,IDENT
20170502140005,SA4,901028,REHEMA,KWENGWEGU,IDENT
20170502140008,SA5,901559,MARIAM,JUMA,IDENT
20170502140010,SA4,901053,DORIS,JOHN,IDENT
20170502140012,SA2,901031,AMINA,BAKARI,IDENT
20170502140013,SA5,901171,ESTHER,MUNGUTI,IDENT
20170502140015,SA4,901116,GRACE,KAHANGE,IDENT
20170502140019,SA6,900171,ROBERT,MFUNI,IDENT
20170502140020,SA4,900966,ZUHURA,KIJIMBO,IDENT
20170502140022,SA5,900901,NEEMA,NYAKOKI,IDENT
20170502140023,SA2,901220,AGNESS,MWAMBENGO,IDENT
20170502140024,SA4,901250,JENIPHA,DAMIAN,IDENT
20170502140027,SA5,900989,AMINA,CHITWANGWA,IDENT
20170502140029,SA4,901163,SIJALI,MKELE,IDENT
20170502140032,SA5,901095,BEATA,KOMBA,IDENT
20170502140034,SA4,901206,AISHA,MKUMBA,IDENT
20170502140039,SA4,901137,SOFIA,KIUMBE,IDENT
20170502140040,SA5,901154,SALAMA,ALLY,IDENT
20170502140043,SA4,900922,BAHATI,SALEHE,IDENT
20170502140045,SA5,901386,SHAMSI,MUHITI,IDENT
20170502140049,SA4,901001,AMINA,MUYA,IDENT
20170502140050,SA5,901056,ANGELA,MWAKAPALILA,IDENT
20170502140054,SA4,901216,ASHA,RAMADHANI,IDENT
20170502140056,SA5,901281,JOSEPH,MUSUGULI,IDENT
20170502140056,SA6,900473,NAOMI,GONDA,IDENT
20170502140059,SA4,900929,HALIMA,SEIF,IDENT
20170502140100,SA3,901016,HALIFA,MOHAMED,IDENT
20170502140101,SA5,901377,HUSSEIN,MANYEMBA,IDENT
20170502140103,SA4,900984,SALAMA,BIGE,IDENT
20170502140107,SA5,901365,JOYCE,SWILLAH,IDENT
20170502140107,SA2,901167,KELVIN,NGOZI,IDENT
20170502140107,SA4,901063,RACHEL,MZOROZORO,IDENT
20170502140115,SA4,900975,EDINA,MZUNGU,IDENT
20170502140115,SA2,901196,BONIPHACE,NGESI,IDENT
20170502140116,SA5,901254,NURAT,JAFARI,IDENT
20170502140123,SA5,901284,MOHAMED,IDDI,IDENT
20170502140124,SA2,901267,NEEMA ,MWAMANYE,IDENT
20170502140125,SA4,900882,WINIFRIDA,MALISELINO,IDENT
20170502140129,SA2,901070,FLORA,MSAMLA,IDENT
20170502140131,SA5,901387,GODFREY,YALED,IDENT
20170502140133,SA4,901177,ASHA,MAVENGELO,IDENT
20170502140137,SA2,901268,ANITHA,KWIMBA,IDENT
20170502140139,SA4,901144,ESTHER,NAPENGWA,IDENT
20170502140145,SA4,901222,DEBORA,FILIPATALI,IDENT
20170502140151,SA4,900924,DEBORA,HOSSA,IDENT
20170502140156,SA4,901252,JENIPHA,CHIZA,IDENT
20170502140158,SA5,901285,THABIT,ALLY,IDENT
20170502140201,SA4,901169,VERONICA,LECHIPYA,IDENT
20170502140203,SA5,900877,IRENE,GABRIEL,IDENT
20170502140206,SA4,901225,NOELA,YALOT,IDENT
20170502140207,SA5,901102,ORIVER,DAUD,IDENT
20170502140211,SA4,901165,FATUMA,ABDALLAH,IDENT
20170502140213,SA5,900900,HELENA,SENZUGWAKO,IDENT
20170502140217,SA4,901120,MERCY,MONGI,IDENT
20170502140222,SA5,901430,JOYCE,SEMWENDA,IDENT
20170502140224,SA4,901100,REHEMA,SALEHE,IDENT
20170502140236,SA4,900971,NAOMI,SAMWELI,IDENT
20170502140237,SA2,900920,PILLI,SAIDI,IDENT
20170502140241,SA4,901118,LILIAN,MREMA,IDENT
20170502140242,SA5,900964,RAPHAEL,MBOKO,IDENT
20170502140246,SA6,900161,PILLI ,MOHAMED,IDENT
20170502140247,SA4,900958,SOPHIA,LIKONGO,IDENT
20170502140251,SA5,900903,RUKIA,MOHAMED,IDENT
20170502140252,SA4,901126,YUNIS,LULANDALA,IDENT
20170502140254,SA2,901101,RAJABU,MOHAMMED,IDENT
20170502140256,SA5,901055,ZAINABU,OMARY,IDENT
20170502140258,SA4,901214,MARIAM,OMAR,IDENT
20170502140302,SA5,900861,MWAJABU,BAKARI,IDENT
20170502140308,SA5,901310,MARIAM,BELEKO,IDENT
20170502140311,SA4,900942,CHRISTINA,MWENDA,IDENT
20170502140314,SA5,901320,REHEMA,ALLY,IDENT
20170502140317,SA4,901081,PILI,MDEDE,IDENT
20170502140323,SA4,901214,MARIAM,OMAR,IDENT
20170502140329,SA4,900928,MARIA,MAGWE,IDENT
20170502140332,SA6,900417,FABIAN,FABIAN,IDENT
20170502140335,SA4,900911,NEEMA,URASSA,IDENT
20170502140340,SA4,900935,ZAINABU,SINGANO,IDENT
20170502140344,SA4,901146,MARTHA,MAKOTI,IDENT
20170502140349,SA4,901249,HILDA,MWAZEMBE,IDENT
20170502140357,SA4,901213,HABIBA,NJIKU,IDENT
20170502140407,SA4,901145,ADELINA,MALEMA,IDENT
20170502140415,SA4,900973,SHARIFA,LIYAYA,IDENT
20170502140417,SA5,900855,SINAHIA,OMARI,IDENT
20170502140420,SA4,900926,AMINA,KONDO,IDENT
20170502140424,SA4,901221,TEDDY,MAGAMBO,IDENT
20170502140427,SA5,901390,SHABANI,HUSEN,IDENT
20170502140431,SA4,901005,HADIJJA,KIJUU,IDENT
20170502140437,SA4,900888,AMINA,NGAINA,IDENT
20170502140441,SA4,901057,ANNA,KITOMARY,IDENT
20170502140449,SA4,901172,AGNES,STEVEN,IDENT
20170502140454,SA4,901161,NURU,MOHAMED,IDENT
20170502140455,SA5,901291,AISHA,ISSA,IDENT
20170502140500,SA4,901236,FATIMA,ALLY,IDENT
20170502140500,SA5,901290,AGNES,SALAWA,IDENT
20170502140506,SA5,901071,YUNIS,NDAIGA,IDENT
20170502140509,SA4,900999,ROSE,MWAMAKOLA,IDENT
20170502140515,SA5,901227,MWAMVITA,MWAIPOPO,IDENT
20170502140519,SA4,901142,SOPHIA,YUSUPH,IDENT
20170502140522,SA5,900880,MWANAHAMISI,MAREKANO,IDENT
20170502140527,SA5,900960,AGNESS,NAWAHIGA,IDENT
20170502140532,SA4,901228,CESILIA,MBABUYE,IDENT
20170502140537,SA4,901224,ANNA,NYAKAPALA,IDENT
20170502140546,SA4,900910,ZAINABU,SADALLAH,IDENT
20170502140552,SA4,901207,AISHA,ABEID,IDENT
20170502140600,SA4,901139,HAPPY ,ZAKAYO,IDENT
20170502140604,SA4,901156,SAID,HAMISI,IDENT
20170502140609,SA4,901002,MARIAM,SABURI,IDENT
20170502140613,SA5,901393,HADIJA,JUMA,IDENT
20170502140614,SA4,900952,SALAMA,MOHAMAD,IDENT
20170502140620,SA4,901077,CONSOLATH,MATERU,IDENT
20170502140623,SA5,901375,PILLI,CHOLOGONDO,IDENT
20170502140625,SA4,900918,MARIAM,RAMADHANI,IDENT
20170502140628,SA5,901374,NASRA,HAMADI,IDENT
20170502140633,SA5,901307,MATRIDA,CHUVAKA,IDENT
20170502140635,SA4,901257,FRIDA,MHELELA,IDENT
20170502140413,SA2,901006,RUKIA,ALLY,IDENT
20170502140419,SA2,901103,MWATANGA,DIENI,IDENT
20170502140425,SA2,900982,MWANAKOMBO,KHALID,IDENT
20170502140513,SA2,900954,HABIBA,MDOSE,IDENT
20170502140514,SA6,900162,PILLY,MANENO,IDENT
20170502140536,SA6,900443,JABIRI,RAMADHANI,IDENT
20170502140542,SA6,900391,ALLY,MASHAURI,IDENT
20170502140609,SA6,900480,RASHID,MOHAMED,IDENT
20170502140612,SA2,901233,SAMI,MTITIMA,IDENT
20170502140616,SA6,900099,AMIN,JUMA,IDENT
20170502140618,SA2,901166,SAUDA,MAULID,IDENT
20170502140623,SA6,900271,HUSNA,SAID,IDENT
20170502140638,SA5,900892,MWANIA,PEMBE,IDENT
20170502140643,SA5,901061,MWAJUMA,ABDALLAH,IDENT
20170502140644,SA4,901008,GRESS,KOBA,IDENT
20170502140648,SA5,900951,MWAJUMA,AIDAN,IDENT
20170502140653,SA5,901013,YASINTA,SHELUBANZI,IDENT
20170502140654,SA4,901058,HAMIDA,MATIPA,IDENT
20170502140717,SA5,901323,AMINA,HAMISI,IDENT
20170502140722,SA5,901343,SEBASTIAN,KIPINGU,IDENT
20170502140724,SA6,900422,FURAHA,MWAKIFWAMB,IDENT
20170502140727,SA5,901004,ZAHARA,YANGE,IDENT
20170502140734,SA5,901204,SOPHIA,LUGOME,IDENT
20170502140735,SA4,901119,LINA,MLAWA,IDENT
20170502140739,SA5,901014,LUCY,THOMAS,IDENT
20170502140740,SA4,901141,HADIJA,SALUM,IDENT
20170502140752,SA5,901191,ROSE,BENARD,IDENT
20170502140753,SA4,901093,SHARON,IBRAHIM,IDENT
20170502140757,SA5,900895,CATHERINE,CHIGOGOLO,IDENT
20170502140759,SA4,901036,AZIZA,MANGETU,IDENT
20170502140802,SA5,900873,SELEN,JUMA,IDENT
20170502140803,SA6,900476,RAMADHANI,IDD,IDENT
20170502140816,SA4,900937,UPENDO,MLEWA,IDENT
20170502140821,SA5,901380,BISURA,MCHELEO,IDENT
20170502140824,SA4,900995,MARY,KIAMA,IDENT
20170502140836,SA4,901248,MAGRETH,MASAWE,IDENT
20170502140854,SA5,901294,RATIFA,KAPINGA,IDENT
20170502140922,SA5,901309,SALMA,RAFIKI,IDENT
20170502140924,SA4,901128,ZAITUNI,SOGOI,IDENT
20170502140934,SA2,900965,HERMAN,MAKOKO,IDENT
20170502140938,SA5,901308,MADINA,ATHUMANI,IDENT
20170502140940,SA2,901099,TAUS,MUSTAPHA,IDENT
20170502140945,SA5,901417,REHEMA,SINDANO,IDENT
20170502140956,SA5,901086,ELIWAZA,MWIGOHA,IDENT
20170502141001,SA5,900870,GOMERY,DAUDI,IDENT
20170502141010,SA6,900409,DANIEL,MROPE,IDENT
20170502141011,SA5,901315,FIDEA,AGUSTINO,IDENT
20170502141017,SA5,901367,BEATHA,MLOSO,IDENT
20170502141022,SA5,900875,ASHA,MALINBWI,IDENT
20170502141028,SA2,901151,SIJARI,MAGOMBE,IDENT
20170502141031,SA5,901314,JANE,NYAGAWA,IDENT
20170502141032,SA4,901062,RASHID,MDOE,IDENT
20170502141036,SA5,901210,ROSE,CHUWA,IDENT
20170502141040,SA5,901205,JAMILA,MASONGI,IDENT
20170502141047,SA6,900489,TUMAINI,MNZAVA,IDENT
20170502141108,SA4,901125,TAUSI,SHABANI,IDENT
20170502141202,SA6,900050,STANLEY,JEREMIAH,IDENT
20170502141211,SA2,900930,TABIA,DOGOLI,IDENT
20170502141219,SA4,901251,GATI,NYANTUMAN,IDENT
20170502141233,SA5,900864,TECLA,SAMWEL,IDENT
20170502141247,SA5,900887,ELITABETH,GOMELO,IDENT
20170502141251,SA5,901336,ISMAIL,MHINA,IDENT
20170502141308,SA5,901378,HOYCE,TILLYA,IDENT
20170502141314,SA5,900850,ROSE,KITALI,IDENT
20170502141329,SA5,900866,FLORA,DAMAS,IDENT
20170502141408,SA5,901413,LEILA,KIMBENGELE,IDENT
20170502141428,SA5,901370,MARIAM,MJELELE,IDENT
20170502141440,SA6,900166,RAMADHANI,KIPENGELE,IDENT
20170502141444,SA5,901361,MARRY,MLIUNJA,IDENT
20170502141528,SA5,900896,HADIJA , KIHEGO,IDENT
20170502141557,SA5,901381,DOROSTA,CLEMANCE,IDENT
20170502141356,SA2,900969,JEMA,SALUM,IDENT
20170502141509,SA6,901149,EPIFANI, MBOKO,IDENT
20170502141512,SA6,900124,DAUDI,ELIFALETH,IDENT
20170502141519,SA6,900647,JOHANSEN,MPANJU,IDENT
20170502141648,SA2,901274,AMINA,KAHABUKA,IDENT
20170502141653,SA2,901273,HELLEN,KIZWALO,IDENT
20170502141653,SA5,901344,JACKSON,ATANUS,IDENT
20170502141805,SA6,900115,AKIDA,DUGANGE,IDENT
20170502141925,SA5,901346,FRANK,MANDI,IDENT
20170502141927,SA4,901106,MARYNIA,KAYOMBO,IDENT
20170502141936,SA4,901238,MARIAM,SELEMANI,IDENT
20170502141946,SA5,901342,ANDREW,KILUGWA,IDENT
20170502142030,SA4,900936,SOPHIA,MBONDE,IDENT
20170502142059,SA6,900469,MICHAEL,MDACHI,IDENT
20170502142114,SA6,900474,PHILBERT,MATOGO,IDENT
20170502142139,SA4,900950,ASHURA,ATHUMAN,IDENT
20170502142150,SA4,901222,DEBORA,FILIPATALI,IDENT
20170502142457,SA4,901131,ESTA,KWEKA,IDENT
20170502142524,SA5,901360,MARRY,MASULUBE,IDENT
20170502142613,SA4,901074,VERONICA,KIMWAGA,IDENT
20170502142529,SA6,900444,JOHN,MEDA,IDENT
20170502142955,SA4,901066,ZULEHA,MOHAMED,IDENT
20170502143114,SA4,900977,MWANAHAMISI,MUNKUNDA,IDENT
20170502143152,SA2,901269,AISHA,HALFAN,IDENT
20170502143248,SA6,900135,HALIMA,NGAMZI,IDENT
20170502144023,SA6,900023,JINGSON,SAIMON,IDENT
20170502144025,SA6,900023,JINGSON,SAIMON,IDENT
20170502144315,SA6,900040,MWAJUMA,KATONA,IDENT
20170502145937,SA2,901073,SALMA,MUHARAMU,IDENT
20170502150006,SA4,901003,SALAMA,KADALA,IDENT
20170502150012,SA4,901138,JOYCE,CHEMRA,IDENT
20170502150024,SA4,900956,DIANA,LEMA,IDENT
20170502150055,SA5,901419,JENIPHA,MWILONGO,IDENT
20170502151550,SA4,900871,MWANAHAMISI,NDOLWA,IDENT
20170502153352,SA6,900436,HONEST,MATEMU,IDENT
20170502153606,SA5,200311,DAVID,BWILE,IDENT
20170502161232,SA6,900449,JUMA,SANGAYA,IDENT
20170502163112,SA6,900164,RAMADHANI ,BAKARI,IDENT
20170502163639,SA6,901431,AMBALI,SOUD,IDENT
20170502164134,SA6,901433,ESTER,THEOFIL,IDENT
20170502164212,SA6,901573,DAUDI,NYASHIMO,IDENT
20170502164332,SA6,900041,NELSON,MTEMI,IDENT
20170502164635,SA6,900110,RASHID,ISSA,IDENT
20170502165654,SA6,900132,FRIDA,KIGWA,IDENT
20170502165700,SA6,900397,ANNA,MOSHI,IDENT
20170502165723,SA6,900184,JASPER,NGURUBE,IDENT
20170502165729,SA6,900271,HUSNA,SAID,IDENT
20170502170015,SA6,901569,FREDRICK,MUSHI,IDENT
20170502170020,SA6,900008,ANNE,MCHUMA,IDENT
20170502170057,SA2,900938,ISMAIL,THOMAS,IDENT
20170502170109,SA5,901334,SHAIBU,KASANGA,IDENT
20170502170115,SA6,900029,JUMANNE,MBONDE,IDENT
20170502170130,SA2,901069,ELIZABETH,MRAMU,IDENT
20170502170207,SA6,900043,RANI,MOHAR,IDENT
20170502170238,SA6,900689,IRENE,MOSHI,IDENT
20170502170242,SA6,901584,PENDO,MNJAGILA,IDENT
20170502170247,SA6,900560,DEOGRASIAS,STEPHIN,IDENT
20170502170252,SA6,900583,REGINALD,MICHAEL,IDENT
20170502170307,SA5,901339,JAMES,MKONO,IDENT
20170502170317,SA6,900404,BRYANT,NYENYEMBE,IDENT
20170502170323,SA6,900467,MBARUKU,OSWAD,IDENT
20170502170337,SA6,900413,ELIBAHATI,JOSEPH,IDENT
20170502170344,SA6,900472,MWALIMU,SELEMANI,IDENT
20170502170349,SA6,900399,ATHUMANI,JUMA,IDENT
20170502170411,SA6,900111,SALUM,SAIDI,IDENT
20170502170417,SA6,900280,TADEO,MWINGIZI,IDENT
20170502170426,SA6,900454,KHALFAN,AMOUR,IDENT
20170502170439,SA6,900099,AMIN,JUMA,IDENT
20170502170530,SA5,901326,ALLY,MBONDE,IDENT
20170502170608,SA5,901329,ELIWA ,SHAO,IDENT
20170502170428,SA2,901452,STEVEN,CHUWA,IDENT
20170502170502,SA6,900488,THOBIAS,KIWELU,IDENT
20170502170508,SA6,900414,EMMANUEL ,SERAPHINE,IDENT
20170502170542,SA6,900057,ZAITUNI,ABDALLAH,IDENT
20170502170614,SA6,901435,FILES,MBANDO,IDENT
20170502170626,SA6,901581,PROSPER,KATABALWA,IDENT
20170502170632,SA6,900432,HAMZA,ABDALLAH,IDENT
20170502170652,SA6,900016,FATUMA,HAMISI,IDENT
20170502170719,SA6,900107,MSELEM,MSELEM,IDENT
20170502170723,SA6,900407,CHRISTIAN ,NGONYANI,IDENT
20170502170725,SA5,901335,YONA,MAPELELE,IDENT
20170502170730,SA6,900174,SOSTHENES,MUKAMA,IDENT
20170502170746,SA6,900458,KIBWANA,SAIDI,IDENT
20170502170755,SA6,900390,ALBERT,KANENDA,IDENT
20170502170758,SA6,900435,HASSAN,NKHAMBI,IDENT
20170502170803,SA6,900470,MODEST,NJAU,IDENT
20170502170808,SA6,900431,HAMADI,ZUBERI,IDENT
20170502170814,SA6,900439,IDDI,MOHAMED,IDENT
20170502170849,SA6,900128,ENELES,MBWAGA,IDENT
20170502170919,SA6,900468,MICHAEL,IBRAHIM,IDENT
20170502170924,SA6,900447,JOSEPH,LUSANA,IDENT
20170502171010,SA6,900701,MATHEW,NDANSHAU,IDENT
20170502171019,SA6,900681,ABUBAKARI,MGAZA,IDENT
20170502171022,SA6,900620,AYOUB,MTAFUNGWA,IDENT
20170502171048,SA5,901333,NEEMA,KILUZIA,IDENT
20170502171054,SA6,900586,MOHAMED,SOLOKA,IDENT
20170502171120,SA6,900682,BENEDICT,ELIAS,IDENT
20170502171135,SA6,900055,VERONICA,MBAZIGWA,IDENT
20170502171147,SA6,900114,ABEID,MOHAMED,IDENT
20170502171237,SA5,901325,JOSEPH,KAVISHE,IDENT
20170502171258,SA6,900484,SHANI,MOHAMED,IDENT
20170502171310,SA6,900247,ALLY,SELEMANI,IDENT
20170502171315,SA6,901332,NASRA,MSANYA,IDENT
20170502171332,SA6,900566,ERICK,NDUNGURU,IDENT
20170502171336,SA6,901585,SADICK,MAPUNDA,IDENT
20170502171402,SA5,901278,HENRY ,CHELULA,IDENT
20170502171419,SA6,901265,FRANK ,RUZIGA,IDENT
20170502171440,SA6,900108,NORAH,CLEMENCE,IDENT
20170502171446,SA6,900445,JOHN,MASUNGWA,IDENT
20170502171339,SA2,200314,DEO,SAKAYA,IDENT
20170502171438,SA2,200316,DENIS,JOHNSON,IDENT
20170502171503,SA6,900291,RASHIDI,MUSSSA,IDENT
20170502171528,SA6,900398,ARSEN, RWEBANGILA	,IDENT
20170502171550,SA2,200351,MICHAEL,MICHAEL,IDENT
20170502171604,SA6,900591,RASHID ,MUNKENDA,IDENT
20170502171609,SA6,900418			,FELIX,WAUSA,IDENT
20170502171636,SA6,900460,LAMECK,ASSETO,IDENT
20170502171643,SA6,900402,BARAKA,MVUNGI,IDENT
20170502171659,SA6,900494,YOHANA,LUSANA,IDENT
20170502171705,SA6,900387,ADAM,KINGU,IDENT
20170502171714,SA6,900388,AGNES,SHAYO,IDENT
20170502171842,SA6,900416,ERICK,DAUD,IDENT
20170502171902,SA6,900009,ASHA,HAMISI,IDENT
20170502171922,SA6,900464,MARTHA,MWIKOLA,IDENT
20170502172021,SA6,900485,SHUFAA,ABEID,IDENT
20170502172056,SA2,900940,JUMANNE,ZONGO,IDENT
20170502172137,SA4,900941,KULWA,MSUMA,IDENT
20170502172210,SA2,901451,JUSTINE,MKUDE,IDENT
20170502172220,SA6,900014,DILIP,JOSHI,IDENT
20170502172343,SA5,901396,EDWIN,KIPUYO,IDENT
20170502172422,SA4,901442,JARINA,SHEKOLA,IDENT
20170502172432,SA4,901443,MWAJUMA,SHEMBWANA,IDENT
20170502172337,SA2,100597,NOVATI,TARIMO,IDENT
20170502172500,SA6,900155,MWANAFATIMA,MATIPA,IDENT
20170502172505,SA6,900120,BENEDICTO,MBOKO,IDENT
20170502172609,SA6,900389,AHMAD,KINDUMA,IDENT
20170502172743,SA4,900944,FROLA,KAMARA,IDENT
20170502172826,SA6,900703,MUSSA,MTALI,IDENT
20170502172917,SA6,900126,DORIKA,MALYANGO,IDENT
20170502172953,SA6,900123,CHARLES,LUSWETULA,IDENT
20170502173019,SA2,200349,FRANK,MOSHI,IDENT
20170502173155,SA2,901448,PAULINA,DAVID,IDENT
20170502173339,SA6,900629,MICHAEL,ZAMBETAKIS,IDENT
20170502173400,SA6,E068,RANJEET SINGH,SAINI,IDENT
20170502173407,SA6,E060,ANOOP,TIWARI,IDENT
20170502173440,SA6,900405,CHARLES,WILLIAM,IDENT
20170502173544,SA6,E078,SANJAY,GOYAL,IDENT
20170502173555,SA6,900270,HASSAN,KIGWIO,IDENT
20170502173715,SA6,900292,ROSE,CHIKAWE,IDENT
20170502173836,SA2,901447,MASHAKA,MATEKELE,IDENT
20170502173902,SA6,901434,JOSEPHINA,HAU,IDENT
20170502174326,SA6,900448,JOSEPH,MKELEBE,IDENT
20170502174554,SA6,900268,GWANTWA,MWASYEBULE,IDENT
20170502174559,SA6,E037,SRINIVAS,DANTU,IDENT
20170502174634,SA6,900142,IRENE,MREMA,IDENT
20170502174640,SA6,900144,JANE,MWAKABULUFU,IDENT
20170502174822,SA6,900173,SHARIFA,MRISHO,IDENT
20170502174918,SA2,901453,JOHNSON,MUNISI,IDENT
20170502175047,SA6,900262,FRIDA, MWAMBEGELE,IDENT
20170502175141,SA2,200318,JOSHUA , PAULO,IDENT
20170502175243,SA6,900151,LISSY,KIGONJOLA,IDENT
20170502175437,SA6,900446,JOSEPH,KIBASA,IDENT
20170502175449,SA6,900430,GWAKISA,MWAKASAGURE,IDENT
20170502175535,SA4,901239,SAKINA,KIZEE,IDENT
20170502175649,SA6,900023,JINGSON,SAIMON,IDENT
20170502175904,SA6,900408,COLLMAN,KISISA,IDENT
20170502175928,SA6,900465,MARTIN,KIDUNGU,IDENT
20170502180022,SA5,901422,EMMANUEL,KHALIDI,IDENT
20170502180047,SA6,900156,MWANAISHA,UWESU,IDENT
20170502180145,SA2,901449,BONIFAS,ANGANILE,IDENT
20170502180245,SA6,E084,NAVNEET, SINGH,IDENT
20170502180250,SA6,E032,SANKARAN,JAYARAM,IDENT
20170502180452,SA6,901582,ANTHONY,PAULO,IDENT
20170502180600,SA6,E083,GURURAJ,SHENVI,IDENT
20170502180732,SA6,900420,FRANCIS,TESHA,IDENT
20170502181024,SA6,900143,JACKLINE,MAIGA,IDENT
20170502181339,SA6,900137,HERIETH,MWELI,IDENT
20170502181956,SA6,900014,DILIP,JOSHI,IDENT
20170502182133,SA6,900175,TEDDY,SIMON,IDENT
20170502182201,SA6,900039,MWAJABU,ALLY,IDENT
20170502182431,SA2,901068,CATHERINE,MATENGO,IDENT
20170502182438,SA2,900902,SAKINA,MAWEMBA,IDENT
20170502183409,SA6,901432,AMINA,SOGOI,IDENT
20170502183421,SA6,900007,ANNA,DUA,IDENT
20170502183651,SA2,901450,FARIDA,JUMA,IDENT
20170502184102,SA6,900165,RAMADHANI,NYENJE,IDENT
20170502184141,SA6,900103,FREDNAND,JACKSON,IDENT
20170502184409,SA2,901444,BAKARI,KITILA,IDENT
20170502184952,SA6,900044,REGINARD,MSHANGA,IDENT
20170502185020,SA6,E079,BALASUBRAMANIAM,M,IDENT
20170502185300,SA6,E077,SUMIT,BHATNAGAR,IDENT
20170502185811,SA6,901438,MARY,JOSEPH,IDENT
20170502185816,SA6,900574,FURAHA,MSAMBWA,IDENT
20170502192352,SA6,900025,JOYCE,MAGANGA,IDENT
20170502192500,SA6,900049,SIHABA,NAKIPENGELE,IDENT
20170502194909,SA6,900626,AUGUSTINO,CHITANDA,IDENT
20170502195933,SA6,900015,EMMANUEL ,CLEMENT,IDENT
20170502195940,SA5,901365,JOYCE,SWILLAH,IDENT
20170502200353,SA6,900036,MOHAMED,MAJUJULO,IDENT
20170502200356,SA5,901293,JOHARI,MAHARIA,IDENT
20170502201705,SA6,900035,MOHAMED,HAUSI,IDENT
20170502203303,SA6,900251,AMRI,WAZIRI,IDENT
20170502203329,SA6,900046,SALUM,NDEGE,IDENT
20170502203336,SA6,900037,MOHAMED,MKALA,IDENT
20170502204210,SA6,900021,JAFARI,BAINA,IDENT
20170502204817,SA6,900685,VICTOR,MBUNDAMILA,IDENT
20170502204823,SA6,900596,DAVID,MWAMPAMBA,IDENT
20170502204829,SA6,900596,DAVID,MWAMPAMBA,IDENT
20170502204953,SA6,900541,GOLDEN,MDUBA,IDENT
20170502205006,SA6,900544,YUSUPH,MTUTUMA,IDENT
20170502211141,SA5,901277,NEEMA,UISO,IDENT
20170502212241,SA6,900006,ANDREW,JOSEPH,IDENT
20170502212331,SA6,900054,THOMAS,MGABO,IDENT
20170502212449,SA6,900575,CHRISTINA ,SENYANGWA,IDENT
20170502212729,SA5,901297,STELLA,MAKUNDI,IDENT
20170502212736,SA5,901383,JOAN,OMANDI,IDENT
20170502212742,SA5,901303,TAUSI,KATULA,IDENT
20170502212747,SA5,901192,ASMA,KONDO,IDENT
20170502212828,SA5,900884,HADIJA,GOGO,IDENT
20170502212930,SA6,900051,SUDI,KHALFANI,IDENT
20170502213151,SA5,901283,KEDMOND,KAMOGA,IDENT
20170502213231,SA6,900285,NKWABI,MDEHWA,IDENT
20170502213315,SA4,901082,EDINA,JOHN,IDENT
20170502213326,SA2,901039,JULIANA,SUKU,IDENT
20170502213326,SA5,901299,SAUDA,MATOWELA,IDENT
20170502213331,SA5,901409,MAGRETH,NGOSI,IDENT
20170502213458,SA5,901289,CONSOLATHA,RAPHAEL,IDENT
20170502213548,SA5,901296,STELLA,LUGOME,IDENT
20170502213553,SA5,901412,ELIA,NGWALI,IDENT
20170502213339,SA2,901072,TATU,ATHUMAN,IDENT
20170502213606,SA6,900406,CHAUREMBO,MWINYI,IDENT
20170502213644,SA6,900138,HUSSEIN,SHABANI,IDENT
20170502213646,SA6,900138,HUSSEIN,SHABANI,IDENT
20170502213926,SA5,901322,SARAH,ALLY,IDENT
20170502214211,SA2,901075,AGATHA,JAMALI,IDENT
20170502214215,SA2,901054,FATUMA,MUHANDO,IDENT
20170502214246,SA5,901312,VUMILIA,NDEGE,IDENT
20170502214254,SA5,901301,TUKAE,MUSA,IDENT
20170502214302,SA5,901288,EPIPHANIA,LUKWI,IDENT
20170502214317,SA2,901041,JACKLINI,MBOYA,IDENT
20170502214324,SA5,901352,ABDALAH,SUDY,IDENT
20170502214404,SA5,901078,NASMA,LINOGA,IDENT
20170502214450,SA5,901347,JAMES,MAJIJI,IDENT
20170502214525,SA5,901341,JESSE,JEREMIA,IDENT
20170502214538,SA5,900884,HADIJA,GOGO,IDENT
20170502214647,SA5,901414,EMMANUEL,BANDIKO,IDENT
20170502214652,SA4,900991,CHRISTINA,JAILOS,IDENT
20170502214739,SA5,901321,ELIZABET,MHIMBA,IDENT
20170502214934,SA5,901400,DANIEL,MAKAYA,IDENT
20170502214959,SA5,900853,DEVOTHA,ELIAS,IDENT
20170502215033,SA2,900948,VERONICA,MFILINGE,IDENT
20170502215109,SA5,901416,YONA,MUSA,IDENT
20170502215240,SA5,901319,CHRISTINA,TATI,IDENT
20170502215316,SA6,900568,GODWIN,KIRIA,IDENT
20170502215336,SA5,901019,ASHA,NGAMBA,IDENT
20170502215342,SA5,901280,WHITNESS,MSAGATI,IDENT
20170502215401,SA5,901423,CONSOLATHA,JOSEPH,IDENT
20170502215428,SA5,901012,FATUMA,KABUMA,IDENT
20170502215430,SA4,901223,HAPPY,MKWEPU,IDENT
20170502215434,SA5,900915,DOROTHEA,KILO,IDENT
20170502215446,SA5,900914,HAWA,MWIMBE,IDENT
20170502215503,SA5,900897,SWAUMU,SAIDI,IDENT
20170502215508,SA5,900862,EDINA,MWAKYOMA,IDENT
20170502215510,SA4,901098,GERALD,MBAUKA,IDENT
20170502215526,SA5,900916,SABINA,KINGIMALI,IDENT
20170502215536,SA5,900883,EDINA,ABED,IDENT
20170502215602,SA5,900867,AISHA,KIUMBA,IDENT
20170502215610,SA4,901017,CATHERINE,NYEMA,IDENT
20170502215618,SA4,900939,STELLA,MAGOGWA,IDENT
20170502215618,SA5,901282,ADAM,MUSSA,IDENT
20170502215624,SA5,901572,WAISAHA,PATRICK,IDENT
20170502215634,SA4,901211,ANNA,KIMARO,IDENT
20170502215347,SA2,901079,AGNESS,HAJI,IDENT
20170502215352,SA2,901020,VICTORIA,MWALUANDA,IDENT
20170502215535,SA2,901229,ANNA,NGAPONDA,IDENT
20170502215540,SA6,900417,FABIAN,FABIAN,IDENT
20170502215551,SA2,901261,ZAINA,KILWANDA,IDENT
20170502215555,SA2,901196,BONIPHACE,NGESI,IDENT
20170502215611,SA2,901167,KELVIN,NGOZI,IDENT
20170502215624,SA6,900168,RAZAKI,MTINDA,IDENT
20170502215625,SA2,901270,NAOMI,OBONG,IDENT
20170502215638,SA2,901044,SUZANA,KIMARO,IDENT
20170502215638,SA5,901418,ISAYA ,SAWASAWA,IDENT
20170502215643,SA4,901198,MANEO,ATHUMANI,IDENT
20170502215646,SA5,901388,OSWALD,SHILLA,IDENT
20170502215650,SA6,900127,DUNCAN,MHANDO,IDENT
20170502215651,SA4,901129,FELISTA,NYAHENGE,IDENT
20170502215653,SA2,901024,ASIA,KARATA,IDENT
20170502215656,SA6,900112,ABDALLAH,MIKALAMBILO,IDENT
20170502215700,SA4,900992,AGNES,MEJA,IDENT
20170502215702,SA5,901162,MWANAHARUSI,MOHAMED,IDENT
20170502215709,SA4,900901,NEEMA,NYAKOKI,IDENT
20170502215709,SA2,900844,AISHA,MSOMI,IDENT
20170502215711,SA5,901110,ASHA,MPELA,IDENT
20170502215714,SA2,900978,ELIZABETH,ZAE,IDENT
20170502215715,SA4,900974,ZAWADI,SADIKI,IDENT
20170502215720,SA4,901108,AISHA,WILLIUM,IDENT
20170502215720,SA2,901201,DEOGRATIUS,KESSY,IDENT
20170502215729,SA2,900856,MWAJAMBU,HAMAD,IDENT
20170502215737,SA2,901200,INOCENT , KIFUMU,IDENT
20170502215737,SA6,900451,KASSIM,MALICK,IDENT
20170502215802,SA4,901124,TABIA,OMARY,IDENT
20170502215807,SA2,901097,EMANUEL,MSOKWA,IDENT
20170502215810,SA5,900886,ELIZABERTH,KIJA,IDENT
20170502215811,SA6,900658,MWASITI,LABOA,IDENT
20170502215812,SA4,901155,GRACE,MUHONO,IDENT
20170502215813,SA2,901271,RACHEL,MCHOVU,IDENT
20170502215819,SA4,901127,ZAHARA,MBELWA,IDENT
20170502215829,SA5,900891,HINESS,KAAYA,IDENT
20170502215830,SA4,901140,ASHURA,MGENI,IDENT
20170502215831,SA6,900153,MUSSA,KIGUNGAS,IDENT
20170502215839,SA4,901212,JASMINI,MOHAMED,IDENT
20170502215843,SA5,900917,SALMA,DIWILE,IDENT
20170502215845,SA4,900946,RAHMA,MWIMBA,IDENT
20170502215848,SA5,901389,OMARY,JUMA,IDENT
20170502215853,SA5,901384,JOSHUA,KITUNDU,IDENT
20170502215855,SA5,901338,WAZIRI,WAZIRI,IDENT
20170502215858,SA5,901405,ABDANI,SHILLA,IDENT
20170502215903,SA4,900997,MARY,ONDURU,IDENT
20170502215905,SA2,900970,MARIA,ELIESEL,IDENT
20170502215906,SA5,901408,SAIDI,MAKALA,IDENT
20170502215910,SA4,901043,ANNA,JOHN,IDENT
20170502215912,SA5,901030,VERONICA,WANGWE,IDENT
20170502215913,SA2,901042,FARIDA,NDAUKE,IDENT
20170502215914,SA4,901026,FATUMA,KONYO,IDENT
20170502215917,SA5,901376,ZAINABU ,SALUM,IDENT
20170502215918,SA2,901096,SAMWELI,MANGARE,IDENT
20170502215919,SA4,900972,SAFINA,ABEID,IDENT
20170502215925,SA4,901051,HABIBA,PAZZI,IDENT
20170502215927,SA2,900959,REHEMA,LYOWA,IDENT
20170502215928,SA5,901404,AWAZI,SALIM,IDENT
20170502215931,SA4,900985,BAHATI,SARAPIONI,IDENT
20170502215932,SA2,901064,SAID,RAMADHANI,IDENT
20170502215932,SA5,900904,ANNA,MAGEMBE,IDENT
20170502215935,SA4,900878,AISHA,KIZINGA,IDENT
20170502215944,SA5,901385,ABDALLA,MGAYA,IDENT
20170502215947,SA2,900963,MWAZANI,SAIDI,IDENT
20170502220002,SA2,900945,ELIZABETH,MREMA,IDENT
20170502220007,SA2,901133,HUSNA,SENGAMBA,IDENT
20170502220007,SA4,901215,MWANAIDI,KOLOKO,IDENT
20170502220009,SA5,901421,ALFRED,MUGHWAI,IDENT
20170502220012,SA4,900993,MARIAM,MSUMALI,IDENT
20170502220013,SA2,901134,NURU,MULONGANILE,IDENT
20170502220014,SA5,900947,ANNA,GODISON,IDENT
20170502220017,SA6,900433,HARUNI,MKAMA,IDENT
20170502220018,SA4,901007,MODESTA,JOGOO,IDENT
20170502220019,SA2,900976,LUCY,STANLEY,IDENT
20170502220029,SA2,901038,AMINA,MDOE,IDENT
20170502220033,SA4,901050,MARIAM,SAIDI,IDENT
20170502220035,SA2,901111,ASIA,MSHAMU,IDENT
20170502220037,SA4,901023,AMINA,CHAKWE,IDENT
20170502220042,SA2,901150,CHRISTINA,MBODE,IDENT
20170502220042,SA4,901230,KUDRA,BAKARI,IDENT
20170502220043,SA5,900881,ZAINABU,SAIDI,IDENT
20170502220045,SA6,900116,ASHA,ALLY,IDENT
20170502220048,SA4,901235,TUMAIN,MUNGURE,IDENT
20170502220048,SA2,901105,MTUMWA,ALLY,IDENT
20170502220048,SA5,900894,NURU,MAKANDE,IDENT
20170502220053,SA5,901359,VILET,MHELUKA,IDENT
20170502220053,SA2,901176,FATUMA,MASOUD,IDENT
20170502220053,SA4,901160,SAUDA,MCHECHE,IDENT
20170502220058,SA5,900865,CHRISTINA,MAGOWELA,IDENT
20170502220058,SA4,901018,AISHA,KIBINDO,IDENT
20170502220059,SA2,901080,SALOME,DUA,IDENT
20170502220101,SA5,900849,IRENE,MMARI,IDENT
20170502220103,SA4,900996,LILIAN,RASHIDI,IDENT
20170502220105,SA5,901366,LYDIA,MAKENE,IDENT
20170502220107,SA2,901186,FROLA,KILIMA,IDENT
20170502220109,SA4,901113,ELIZABETH,SHIRIMA,IDENT
20170502220113,SA2,901184,GRACE,NGALABA,IDENT
20170502220113,SA5,901298,SWAUMU,MZIRAI,IDENT
20170502220116,SA4,901089,HARUNA,ATHUMANI,IDENT
20170502220117,SA5,900879,RAHMA,KILO,IDENT
20170502220118,SA2,901170,BAHATI,SHABANI,IDENT
20170502220122,SA2,900898,RUKIA,MATAUKA,IDENT
20170502220124,SA6,900567,BAKARI,BELEKETE,IDENT
20170502220125,SA4,901059,JAZIRA,RAMADHANI,IDENT
20170502220126,SA5,901209,MIRIAM,MNDEWA,IDENT
20170502220126,SA2,901091,FARIDA,LYIMO,IDENT
20170502220130,SA4,900890,OLIVER,UDOBA,IDENT
20170502220131,SA2,900927,SAADA,SALUM,IDENT
20170502220131,SA6,900391,ALLY,MASHAURI,IDENT
20170502220132,SA5,900868,MAIMUNA,JARUFU,IDENT
20170502220136,SA2,901175,SALMA,RAMADHAN,IDENT
20170502220140,SA4,901246,VERONICA,MTENGWA,IDENT
20170502220143,SA5,901025,ASHURA,HAMISI,IDENT
20170502220144,SA2,900923,HELENA,KHAJI,IDENT
20170502220145,SA4,901130,NURU,DAUDI,IDENT
20170502220150,SA4,901234,ANITHA,AHALIELI,IDENT
20170502220150,SA2,901011,JANE,SIMON,IDENT
20170502220152,SA5,900961,ELIZABETH,FRANCISCO,IDENT
20170502220155,SA4,901135,REHEMA,OMARY,IDENT
20170502220155,SA2,901164,SWAUMU,KAYANDA,IDENT
20170502220157,SA5,901364,SALAFINA,KISAPI,IDENT
20170502220159,SA4,901231,ASHA,DUTCH,IDENT
20170502220201,SA2,901180,FURAHA,TEMBA,IDENT
20170502220208,SA4,901115,FROLA,SIKWEMBE,IDENT
20170502220209,SA6,900423,GARDINO,MHIMBA,IDENT
20170502220215,SA4,900913,ASHURA,NGUMBE,IDENT
20170502220215,SA5,901304,SOPHIA,ALLY,IDENT
20170502220220,SA4,900950,ASHURA,ATHUMAN,IDENT
20170502220222,SA5,901425,HIDAYA,KASSIM,IDENT
20170502220226,SA4,901034,STAMILI,MUSSA,IDENT
20170502220234,SA4,901076,AGNESS,NGAPONDA,IDENT
20170502220237,SA2,901067,HELENA,SAMWELI,IDENT
20170502220240,SA4,900943,MWAMINI,MPANGULE,IDENT
20170502220246,SA4,901022,SILIVIA,SHAYO,IDENT
20170502220247,SA5,901300,ANNA,TEMBA,IDENT
20170502220252,SA4,901256,AVERINA,AMANDUS,IDENT
20170502220253,SA2,900930,TABIA,DOGOLI,IDENT
20170502220257,SA4,901187,MONICA,SHEMBONI,IDENT
20170502220303,SA4,901143,LINES,PILLI,IDENT
20170502220307,SA5,901363,ZUCRA,SWEDI,IDENT
20170502220308,SA4,901182,RENIFRIDA,NGUMBU,IDENT
20170502220312,SA5,901152,STELLA,MWAKATOBE,IDENT
20170502220313,SA6,900579,GRAYSON,KUNZUGALA,IDENT
20170502220315,SA4,901029,MARIAM,MWETEMBO,IDENT
20170502220319,SA5,901369,RECHO,MSHUMBUSI,IDENT
20170502220320,SA4,901168,REHEMA ,MWASOMOLA,IDENT
20170502220324,SA5,901094,MARTINA,FISSO,IDENT
20170502220327,SA4,900899,MAGDALENA,SIMAO,IDENT
20170502220329,SA5,901397,LINETH,KYARUS,IDENT
20170502220332,SA4,901173,BAHATI,MAKAMBA,IDENT
20170502220333,SA5,901362,JULIETH,GODFREY,IDENT
20170502220338,SA4,901112,BUSHRA,SALUM,IDENT
20170502220342,SA5,901286,AGNES,LUCAS,IDENT
20170502220343,SA4,900994,MWAISHA,MWAMOTO,IDENT
20170502220350,SA4,901237,ZUBEDA,KIMARO,IDENT
20170502220350,SA5,901316,ZUHURA,HAMIS,IDENT
20170502220355,SA5,900860,AGNESS,LUHUNGO,IDENT
20170502220401,SA4,901104,MWANAHAWA,HASSAN,IDENT
20170502220401,SA5,901046,GRADIS,MAGANA,IDENT
20170502220405,SA6,900473,NAOMI,GONDA,IDENT
20170502220407,SA5,900919,ANNA,MPUGE,IDENT
20170502220408,SA4,901037,FADINA,IBRAHIM,IDENT
20170502220413,SA5,901045,ASHURA,KATULA,IDENT
20170502220416,SA4,900967,FATUMA,MTAMBUA,IDENT
20170502220418,SA5,901345,ALHAJI,KIHIYO,IDENT
20170502220422,SA4,901114,FARIDA,AMBLOS,IDENT
20170502220423,SA5,901324,MARIAM,YAHAYA,IDENT
20170502220427,SA5,901368,NAOMI,YUSUPH,IDENT
20170502220429,SA4,900988,UPENDO,PETER,IDENT
20170502220432,SA5,901287,REGINA,JEMES,IDENT
20170502220436,SA4,900990,JANE,MHONGOLE,IDENT
20170502220438,SA5,901328,MARRY,SHOO,IDENT
20170502220440,SA6,900487,STEPHEN,KAMBWEMBWE,IDENT
20170502220443,SA5,901302,ASHA,SHOMARI,IDENT
20170502220448,SA5,901354,AISHAH,OTHUMANI,IDENT
20170502220450,SA4,901245,EVERINA,MKETO,IDENT
20170502220451,SA5,901353,DOREEN,MDOE,IDENT
20170502220457,SA5,901356,ZAMDA,NGWABAYA,IDENT
20170502220458,SA4,901197,RASHID,NJERAN,IDENT
20170502220507,SA4,901027,EDDA,MWAKIBINGWA,IDENT
20170502220509,SA5,901429,REHEMA,MAZEKU,IDENT
20170502220516,SA4,901194,ELINA,ABEL,IDENT
20170502220524,SA4,901243,PLAKSEDA,AKIZAMUNGU,IDENT
20170502220533,SA4,901193,VICTORIA,MWAMPEGETE,IDENT
20170502220533,SA5,901427,JESCA,NGUMBU,IDENT
20170502220540,SA4,901244,SWAUMU,HIMBU,IDENT
20170502220546,SA4,901174,BETH,NGADADA,IDENT
20170502220555,SA5,901392,STELLA,MTALLO,IDENT
20170502220636,SA4,901247,KULUTHUM,CHILEMILE,IDENT
20170502220356,SA2,900925,REGINA,THOMAS,IDENT
20170502220438,SA2,901258,ATHUMAN,KILINDU,IDENT
20170502220455,SA2,901009,MOSHI,SAIDI,IDENT
20170502220501,SA2,901060,MARTHA,GABRIEL,IDENT
20170502220506,SA2,901035,AGNES,NKONJELWA,IDENT
20170502220516,SA2,901065,ZAINABU,KARUMUNA,IDENT
20170502220521,SA2,901085,ELIZABETH,NYAMBO,IDENT
20170502220527,SA2,900846,SARA,CHIDUNI,IDENT
20170502220532,SA2,900908,SALMA,RWAMBANO,IDENT
20170502220536,SA2,900921,MWAJUMA,IDDI,IDENT
20170502220539,SA6,900582,ZABRON,TOSSI,IDENT
20170502220543,SA2,901049,REDEMTA,DANIEL,IDENT
20170502220549,SA2,901032,MARISELINA,NGULI,IDENT
20170502220554,SA2,900905,AMINA,MUHIDINI,IDENT
20170502220558,SA2,900906,MARYSTELA,MCHOME,IDENT
20170502220612,SA2,901000,AGNES,MTYANGILE,IDENT
20170502220620,SA2,900885,AMINA,MZARA,IDENT
20170502220632,SA6,900428,GLADIS,MAZENGO,IDENT
20170502220645,SA4,901117,HIDAYA,MASOUD,IDENT
20170502220650,SA4,901136,HONORATA,SHAYO,IDENT
20170502220655,SA4,901253,JOYCE,KESI,IDENT
20170502220700,SA4,901107,MUHIDINI,HASSAN,IDENT
20170502220707,SA6,900478,RAPHAEL,SENKONDO,IDENT
20170502220709,SA4,901241,FATUMA,JUMA,IDENT
20170502220751,SA4,901132,HEAVENLIGHT,NKYA,IDENT
20170502220758,SA4,901052,SUZANA,NAPANGA,IDENT
20170502220800,SA5,900471,MOHAMED,MIRUNDI,IDENT
20170502220803,SA4,901122,NEEMA,FANUEL,IDENT
20170502220811,SA4,901123,REBECA,KALOFU,IDENT
20170502220816,SA4,901181,ASNA,SPRIAN,IDENT
20170502220831,SA5,901255,ASHA,BILALI,IDENT
20170502220844,SA4,901262,HADIJA,SALUM,IDENT
20170502220852,SA4,901260,AISHA,MNEKA,IDENT
20170502220955,SA5,901350,ALFRED,CHARLES,IDENT
20170502221011,SA6,900580,BARAKA,MAGAFU,IDENT
20170502221214,SA4,901179,AMANDA,KWEZI,IDENT
20170502221250,SA6,900395,AMOS,MIMBI,IDENT
20170502221302,SA2,901083,HADIJA,MPAMBA,IDENT
20170502221303,SA6,900139,IDD,YUSUFU,IDENT
20170502221312,SA6,900161,PILLI ,MOHAMED,IDENT
20170502221431,SA6,900476,RAMADHANI,IDD,IDENT
20170502221432,SA4,900910,ZAINABU,SADALLAH,IDENT
20170502221451,SA6,900170,REHEMA,CHINUNJE,IDENT
20170502221704,SA2,900934,MWAJABU,MARIDADI,IDENT
20170502221917,SA6,900140,IGNATUS,MLANGWA,IDENT
20170502222035,SA2,901021,NEEMA ,MWANGO,IDENT
20170502222151,SA2,900987,PILLY,MWAWILA,IDENT
20170502222449,SA6,900396,ANDREW,MSANGI,IDENT
20170502222649,SA6,901573,DAUDI,NYASHIMO,IDENT
20170502222655,SA6,900130,FATUMA,CHOMBO,IDENT
20170502222705,SA6,900134,GRACE,KIM,IDENT
20170502223037,SA5,901571,ENOCK,ELIA,IDENT
20170503045153,SA6,900544,YUSUPH,MTUTUMA,IDENT
20170503051116,SA6,900135,HALIMA,NGAMZI,IDENT
20170503051549,SA6,900006,ANDREW,JOSEPH,IDENT
20170503052055,SA2,900969,JEMA,SALUM,IDENT
20170503053037,SA6,900162,PILLY,MANENO,IDENT
20170503053158,SA6,900627,BAHATI,KAPIGA,IDENT
20170503053230,SA4,901118,LILIAN,MREMA,IDENT
20170503053242,SA4,900929,HALIMA,SEIF,IDENT
20170503053252,SA4,901131,ESTA,KWEKA,IDENT
20170503053318,SA4,900966,ZUHURA,KIJIMBO,IDENT
20170503053323,SA4,901077,CONSOLATH,MATERU,IDENT
20170503053325,SA6,900021,JAFARI,BAINA,IDENT
20170503053328,SA4,901120,MERCY,MONGI,IDENT
20170503053355,SA4,901206,AISHA,MKUMBA,IDENT
20170503053358,SA5,901056,ANGELA,MWAKAPALILA,IDENT
20170503053419,SA4,901237,ZUBEDA,KIMARO,IDENT
20170503053424,SA4,901133,HUSNA,SENGAMBA,IDENT
20170503053428,SA5,900850,ROSE,KITALI,IDENT
20170503053433,SA4,900887,ELITABETH,GOMELO,IDENT
20170503053436,SA5,901095,BEATA,KOMBA,IDENT
20170503053444,SA6,900420,FRANCIS,TESHA,IDENT
20170503053459,SA4,900984,SALAMA,BIGE,IDENT
20170503053506,SA4,901036,AZIZA,MANGETU,IDENT
20170503053521,SA4,901171,ESTHER,MUNGUTI,IDENT
20170503053537,SA4,901081,PILI,MDEDE,IDENT
20170503053608,SA4,900995,MARY,KIAMA,IDENT
20170503053637,SA4,901005,HADIJJA,KIJUU,IDENT
20170503053618,SA6,900054,THOMAS,MGABO,IDENT
20170503053649,SA4,901145,ADELINA,MALEMA,IDENT
20170503053702,SA4,901102,ORIVER,DAUD,IDENT
20170503053724,SA4,901161,NURU,MOHAMED,IDENT
20170503053733,SA5,901285,THABIT,ALLY,IDENT
20170503053740,SA4,901222,DEBORA,FILIPATALI,IDENT
20170503053832,SA4,901001,AMINA,MUYA,IDENT
20170503053840,SA4,901103,MWATANGA,DIENI,IDENT
20170503053846,SA4,901216,ASHA,RAMADHANI,IDENT
20170503053907,SA4,900888,AMINA,NGAINA,IDENT
20170503053911,SA5,901386,SHAMSI,MUHITI,IDENT
20170503053934,SA4,901254,NURAT,JAFARI,IDENT
20170503053958,SA4,900918,MARIAM,RAMADHANI,IDENT
20170503054014,SA4,901248,MAGRETH,MASAWE,IDENT
20170503054016,SA5,901281,JOSEPH,MUSUGULI,IDENT
20170503054026,SA5,901280,WHITNESS,MSAGATI,IDENT
20170503054033,SA4,901014,LUCY,THOMAS,IDENT
20170503054047,SA5,901290,AGNES,SALAWA,IDENT
20170503054053,SA4,901207,AISHA,ABEID,IDENT
20170503054104,SA6,901149,EPIFANI, MBOKO,IDENT
20170503054110,SA4,901250,JENIPHA,DAMIAN,IDENT
20170503054114,SA4,901028,REHEMA,KWENGWEGU,IDENT
20170503054154,SA4,900973,SHARIFA,LIYAYA,IDENT
20170503054221,SA4,901058,HAMIDA,MATIPA,IDENT
20170503054222,SA5,900965,HERMAN,MAKOKO,IDENT
20170503054251,SA5,901284,MOHAMED,IDDI,IDENT
20170503054301,SA4,901057,ANNA,KITOMARY,IDENT
20170503054307,SA4,901252,JENIPHA,CHIZA,IDENT
20170503054316,SA2,900982,MWANAKOMBO,KHALID,IDENT
20170503054323,SA4,900989,AMINA,CHITWANGWA,IDENT
20170503054343,SA5,901013,YASINTA,SHELUBANZI,IDENT
20170503054349,SA4,901225,NOELA,YALOT,IDENT
20170503054355,SA4,901214,MARIAM,OMAR,IDENT
20170503054406,SA4,900946,RAHMA,MWIMBA,IDENT
20170503054420,SA5,900880,MWANAHAMISI,MAREKANO,IDENT
20170503054428,SA6,900049,SIHABA,NAKIPENGELE,IDENT
20170503054432,SA4,901146,MARTHA,MAKOTI,IDENT
20170503054439,SA4,901053,DORIS,JOHN,IDENT
20170503054445,SA4,901116,GRACE,KAHANGE,IDENT
20170503054507,SA4,901169,VERONICA,LECHIPYA,IDENT
20170503054546,SA4,901070,FLORA,MSAMLA,IDENT
20170503054605,SA4,901125,TAUSI,SHABANI,IDENT
20170503054612,SA4,901224,ANNA,NYAKAPALA,IDENT
20170503054618,SA4,901153,MAGRETH,ZANUARI,IDENT
20170503054620,SA5,901291,AISHA,ISSA,IDENT
20170503054625,SA4,901165,FATUMA,ABDALLAH,IDENT
20170503054639,SA4,901100,REHEMA,SALEHE,IDENT
20170503054405,SA2,900977,MWANAHAMISI,MUNKUNDA,IDENT
20170503054607,SA6,900015,EMMANUEL ,CLEMENT,IDENT
20170503054617,SA6,900541,GOLDEN,MDUBA,IDENT
20170503054700,SA4,901128,ZAITUNI,SOGOI,IDENT
20170503054701,SA6,900444,JOHN,MEDA,IDENT
20170503054705,SA4,901008,GRESS,KOBA,IDENT
20170503054717,SA4,900911,NEEMA,URASSA,IDENT
20170503054723,SA5,901393,HADIJA,JUMA,IDENT
20170503054725,SA4,900952,SALAMA,MOHAMAD,IDENT
20170503054736,SA4,901074,VERONICA,KIMWAGA,IDENT
20170503054741,SA4,901238,MARIAM,SELEMANI,IDENT
20170503054752,SA4,900937,UPENDO,MLEWA,IDENT
20170503054758,SA4,900951,MWAJUMA,AIDAN,IDENT
20170503054812,SA5,901071,YUNIS,NDAIGA,IDENT
20170503054834,SA5,901061,MWAJUMA,ABDALLAH,IDENT
20170503054842,SA5,900903,RUKIA,MOHAMED,IDENT
20170503054847,SA5,901055,ZAINABU,OMARY,IDENT
20170503054853,SA5,901361,MARRY,MLIUNJA,IDENT
20170503054857,SA5,901361,MARRY,MLIUNJA,IDENT
20170503054857,SA2,900920,PILLI,SAIDI,IDENT
20170503054858,SA4,901063,RACHEL,MZOROZORO,IDENT
20170503054913,SA6,900433,HARUNI,MKAMA,IDENT
20170503054938,SA4,901066,ZULEHA,MOHAMED,IDENT
20170503054948,SA2,901233,SAMI,MTITIMA,IDENT
20170503054948,SA4,901163,SIJALI,MKELE,IDENT
20170503054954,SA5,901311,LOYCE,MASKINI,IDENT
20170503055001,SA5,901344,JACKSON,ATANUS,IDENT
20170503055007,SA5,901346,FRANK,MANDI,IDENT
20170503055011,SA5,901336,ISMAIL,MHINA,IDENT
20170503055016,SA4,900882,WINIFRIDA,MALISELINO,IDENT
20170503055036,SA4,901249,HILDA,MWAZEMBE,IDENT
20170503055036,SA5,901310,MARIAM,BELEKO,IDENT
20170503055045,SA4,901101,RAJABU,MOHAMMED,IDENT
20170503055050,SA5,901314,JANE,NYAGAWA,IDENT
20170503055055,SA5,901294,RATIFA,KAPINGA,IDENT
20170503055109,SA6,900127,DUNCAN,MHANDO,IDENT
20170503055113,SA5,900960,AGNESS,NAWAHIGA,IDENT
20170503055123,SA5,901387,GODFREY,YALED,IDENT
20170503055127,SA6,900647,JOHANSEN,MPANJU,IDENT
20170503055138,SA4,900872,ZALAU,NGWELE,IDENT
20170503055141,SA5,901360,MARRY,MASULUBE,IDENT
20170503055142,SA6,900166,RAMADHANI,KIPENGELE,IDENT
20170503055147,SA4,901002,MARIAM,SABURI,IDENT
20170503055153,SA4,900870,GOMERY,DAUDI,IDENT
20170503055155,SA6,900025,JOYCE,MAGANGA,IDENT
20170503055212,SA4,901142,SOPHIA,YUSUPH,IDENT
20170503055217,SA5,900892,MWANIA,PEMBE,IDENT
20170503055217,SA4,901228,CESILIA,MBABUYE,IDENT
20170503055225,SA4,901151,SIJARI,MAGOMBE,IDENT
20170503055243,SA4,901018,AISHA,KIBINDO,IDENT
20170503055249,SA4,901139,HAPPY ,ZAKAYO,IDENT
20170503055258,SA5,901315,FIDEA,AGUSTINO,IDENT
20170503055304,SA4,900958,SOPHIA,LIKONGO,IDENT
20170503055309,SA4,900926,AMINA,KONDO,IDENT
20170503055319,SA4,900847,ZAINABU,SINGANO,IDENT
20170503055336,SA5,901375,PILLI,CHOLOGONDO,IDENT
20170503055342,SA5,901343,SEBASTIAN,KIPINGU,IDENT
20170503055350,SA4,901141,HADIJA,SALUM,IDENT
20170503055401,SA4,901177,ASHA,MAVENGELO,IDENT
20170503055415,SA4,901251,GATI,NYANTUMAN,IDENT
20170503055418,SA5,901307,MATRIDA,CHUVAKA,IDENT
20170503055436,SA4,901126,YUNIS,LULANDALA,IDENT
20170503055448,SA4,900928,MARIA,MAGWE,IDENT
20170503055522,SA4,901000,AGNES,MTYANGILE,IDENT
20170503055532,SA4,900942,CHRISTINA,MWENDA,IDENT
20170503055537,SA4,900900,HELENA,SENZUGWAKO,IDENT
20170503055541,SA4,900922,BAHATI,SALEHE,IDENT
20170503055547,SA4,901166,SAUDA,MAULID,IDENT
20170503055552,SA4,901220,AGNESS,MWAMBENGO,IDENT
20170503055618,SA4,901268,ANITHA,KWIMBA,IDENT
20170503055623,SA4,901273,HELLEN,KIZWALO,IDENT
20170503055629,SA5,901200,INOCENT , KIFUMU,IDENT
20170503055634,SA4,900873,SELEN,JUMA,IDENT
20170503055620,SA2,901093,SHARON,IBRAHIM,IDENT
20170503055622,SA6,E032,SANKARAN,JAYARAM,IDENT
20170503055640,SA6,900474,PHILBERT,MATOGO,IDENT
20170503055652,SA4,901106,MARYNIA,KAYOMBO,IDENT
20170503055653,SA5,901374,NASRA,HAMADI,IDENT
20170503055659,SA4,900971,NAOMI,SAMWELI,IDENT
20170503055702,SA5,901308,MADINA,ATHUMANI,IDENT
20170503055724,SA4,900999,ROSE,MWAMAKOLA,IDENT
20170503055816,SA2,900936,SOPHIA,MBONDE,IDENT
20170503055817,SA5,901320,REHEMA,ALLY,IDENT
20170503055839,SA4,901172,AGNES,STEVEN,IDENT
20170503055846,SA5,901342,ANDREW,KILUGWA,IDENT
20170503055846,SA4,900975,EDINA,MZUNGU,IDENT
20170503055851,SA4,901257,FRIDA,MHELELA,IDENT
20170503055851,SA5,901367,BEATHA,MLOSO,IDENT
20170503055857,SA5,901004,ZAHARA,YANGE,IDENT
20170503055901,SA2,901044,SUZANA,KIMARO,IDENT
20170503055907,SA2,901260,AISHA,MNEKA,IDENT
20170503055918,SA4,901119,LINA,MLAWA,IDENT
20170503055919,SA6,900051,SUDI,KHALFANI,IDENT
20170503055936,SA2,900991,CHRISTINA,JAILOS,IDENT
20170503060005,SA2,901024,ASIA,KARATA,IDENT
20170503060010,SA2,901075,AGATHA,JAMALI,IDENT
20170503060012,SA5,901283,KEDMOND,KAMOGA,IDENT
20170503060015,SA2,901082,EDINA,JOHN,IDENT
20170503060016,SA5,901417,REHEMA,SINDANO,IDENT
20170503060021,SA2,901041,JACKLINI,MBOYA,IDENT
20170503060024,SA5,901301,TUKAE,MUSA,IDENT
20170503060026,SA6,900116,ASHA,ALLY,IDENT
20170503060026,SA2,901079,AGNESS,HAJI,IDENT
20170503060030,SA4,901156,SAID,HAMISI,IDENT
20170503060031,SA6,900436,HONEST,MATEMU,IDENT
20170503060033,SA2,901080,SALOME,DUA,IDENT
20170503060038,SA5,901289,CONSOLATHA,RAPHAEL,IDENT
20170503060039,SA2,901020,VICTORIA,MWALUANDA,IDENT
20170503060044,SA5,901299,SAUDA,MATOWELA,IDENT
20170503060046,SA2,901039,JULIANA,SUKU,IDENT
20170503060050,SA5,901312,VUMILIA,NDEGE,IDENT
20170503060053,SA2,900948,VERONICA,MFILINGE,IDENT
20170503060055,SA5,900861,MWAJABU,BAKARI,IDENT
20170503060058,SA6,900164,RAMADHANI ,BAKARI,IDENT
20170503060101,SA5,901409,MAGRETH,NGOSI,IDENT
20170503060101,SA2,901223,HAPPY,MKWEPU,IDENT
20170503060106,SA2,901054,FATUMA,MUHANDO,IDENT
20170503060108,SA5,901192,ASMA,KONDO,IDENT
20170503060111,SA2,901072,TATU,ATHUMAN,IDENT
20170503060113,SA5,901370,MARIAM,MJELELE,IDENT
20170503060117,SA2,901083,HADIJA,MPAMBA,IDENT
20170503060119,SA5,901321,ELIZABET,MHIMBA,IDENT
20170503060123,SA2,900987,PILLY,MWAWILA,IDENT
20170503060126,SA5,901322,SARAH,ALLY,IDENT
20170503060129,SA2,901262,HADIJA,SALUM,IDENT
20170503060131,SA5,901412,ELIA,NGWALI,IDENT
20170503060138,SA5,901282,ADAM,MUSSA,IDENT
20170503060142,SA5,901297,STELLA,MAKUNDI,IDENT
20170503060157,SA4,900935,ZAINABU,SINGANO,IDENT
20170503060201,SA6,900406,CHAUREMBO,MWINYI,IDENT
20170503060212,SA6,900138,HUSSEIN,SHABANI,IDENT
20170503060216,SA6,900581,SAADA,MUHINTE,IDENT
20170503060230,SA5,901402,ALLY,SELEMAN,IDENT
20170503060231,SA4,901267,NEEMA ,MWAMANYE,IDENT
20170503060237,SA5,901414,EMMANUEL,BANDIKO,IDENT
20170503060237,SA4,901157,DAVID,JUMA,IDENT
20170503060255,SA4,901213,HABIBA,NJIKU,IDENT
20170503060307,SA4,900924,DEBORA,HOSSA,IDENT
20170503060311,SA4,901144,ESTHER,NAPENGWA,IDENT
20170503060312,SA5,901296,STELLA,LUGOME,IDENT
20170503060407,SA5,901380,BISURA,MCHELEO,IDENT
20170503060446,SA5,901288,EPIPHANIA,LUKWI,IDENT
20170503060451,SA5,901572,WAISAHA,PATRICK,IDENT
20170503060457,SA5,901377,HUSSEIN,MANYEMBA,IDENT
20170503060525,SA5,901430,JOYCE,SEMWENDA,IDENT
20170503060555,SA5,901004,ZAHARA,YANGE,IDENT
20170503060600,SA5,901288,EPIPHANIA,LUKWI,IDENT
20170503060606,SA5,900853,DEVOTHA,ELIAS,IDENT
20170503060624,SA5,901397,LINETH,KYARUS,IDENT
20170503060534,SA2,901031,AMINA,BAKARI,IDENT
20170503060619,SA6,900395,AMOS,MIMBI,IDENT
20170503060646,SA5,901383,JOAN,OMANDI,IDENT
20170503060646,SA4,900877,IRENE,GABRIEL,IDENT
20170503060653,SA5,901421,ALFRED,MUGHWAI,IDENT
20170503060658,SA5,901381,DOROSTA,CLEMANCE,IDENT
20170503060707,SA6,900168,RAZAKI,MTINDA,IDENT
20170503060707,SA5,901341,JESSE,JEREMIA,IDENT
20170503060732,SA5,901352,ABDALAH,SUDY,IDENT
20170503060737,SA5,901347,JAMES,MAJIJI,IDENT
20170503060806,SA6,900685,VICTOR,MBUNDAMILA,IDENT
20170503060806,SA5,901378,HOYCE,TILLYA,IDENT
20170503060823,SA6,900422,FURAHA,MWAKIFWAMB,IDENT
20170503060827,SA5,901429,REHEMA,MAZEKU,IDENT
20170503060836,SA6,900251,AMRI,WAZIRI,IDENT
20170503060842,SA5,900855,SINAHIA,OMARI,IDENT
20170503060920,SA2,901016,HALIFA,MOHAMED,IDENT
20170503060943,SA4,901062,RASHID,MDOE,IDENT
20170503061001,SA5,901397,LINETH,KYARUS,IDENT
20170503061044,SA5,901323,AMINA,HAMISI,IDENT
20170503061110,SA6,900567,BAKARI,BELEKETE,IDENT
20170503061206,SA4,901121,MWATANGA,ALLY,IDENT
20170503061302,SA6,900469,MICHAEL,MDACHI,IDENT
20170503061354,SA5,900884,HADIJA,GOGO,IDENT
20170503061424,SA6,900568,GODWIN,KIRIA,IDENT
20170503061458,SA5,901303,TAUSI,KATULA,IDENT
20170503061459,SA4,901263,JAMIRA,SAIDI,IDENT
20170503061545,SA6,900046,SALUM,NDEGE,IDENT
20170503061713,SA6,900596,DAVID,MWAMPAMBA,IDENT
20170503061722,SA5,901416,YONA,MUSA,IDENT
20170503061834,SA4,901221,TEDDY,MAGAMBO,IDENT
20170503062003,SA6,900449,JUMA,SANGAYA,IDENT
20170503062047,SA4,900902,SAKINA,MAWEMBA,IDENT
20170503062050,SA6,900575,CHRISTINA ,SENYANGWA,IDENT
20170503062136,SA6,900451,KASSIM,MALICK,IDENT
20170503062149,SA5,901400,DANIEL,MAKAYA,IDENT
20170503062156,SA6,900409,DANIEL,MROPE,IDENT
20170503062454,SA6,900443,JABIRI,RAMADHANI,IDENT
20170503062606,SA5,901078,NASMA,LINOGA,IDENT
20170503062513,SA6,900478,RAPHAEL,SENKONDO,IDENT
20170503062933,SA6,900584,LUCY,MACHAI,IDENT
20170503063137,SA4,901274,AMINA,KAHABUKA,IDENT
20170503063155,SA5,901154,SALAMA,ALLY,IDENT
20170503063731,SA6,901433,ESTER,THEOFIL,IDENT
20170503063755,SA6,900626,AUGUSTINO,CHITANDA,IDENT
20170503063757,SA6,900626,AUGUSTINO,CHITANDA,IDENT
20170503064119,SA6,900036,MOHAMED,MAJUJULO,IDENT
20170503064130,SA6,900037,MOHAMED,MKALA,IDENT
20170503064801,SA6,900171,ROBERT,MFUNI,IDENT
20170503064844,SA6,900175,TEDDY,SIMON,IDENT
20170503070940,SA6,900115,AKIDA,DUGANGE,IDENT
20170503071405,SA6,900132,FRIDA,KIGWA,IDENT
20170503071437,SA6,900397,ANNA,MOSHI,IDENT
20170503071447,SA6,900120,BENEDICTO,MBOKO,IDENT
20170503071452,SA6,901434,JOSEPHINA,HAU,IDENT
20170503071804,SA6,900039,MWAJABU,ALLY,IDENT
20170503071838,SA6,900007,ANNA,DUA,IDENT
20170503072249,SA6,900041,NELSON,MTEMI,IDENT
20170503072401,SA6,900143,JACKLINE,MAIGA,IDENT
20170503072649,SA6,900100,AROBOGAST,MOGELLA,IDENT
20170503072657,SA6,101880,RICHARD,MAKASI,IDENT
20170503072819,SA6,900029,JUMANNE,MBONDE,IDENT
20170503072948,SA6,900465,MARTIN,KIDUNGU,IDENT
20170503073006,SA6,900404,BRYANT,NYENYEMBE,IDENT
20170503073033,SA6,900689,IRENE,MOSHI,IDENT
20170503073139,SA2,100597,NOVATI,TARIMO,IDENT
20170503073218,SA6,901431,AMBALI,SOUD,IDENT
20170503073345,SA6,900291,RASHIDI,MUSSSA,IDENT
20170503073441,SA6,900472,MWALIMU,SELEMANI,IDENT
20170503073509,SA6,900389,AHMAD,KINDUMA,IDENT
20170503073516,SA2,100603,EDWIN,OWINO,IDENT
20170503073612,SA2,901448,PAULINA,DAVID,IDENT
20170503073958,SA2,900859,MASANGULA,MASANGURA,IDENT
20170503074144,SA2,200318,JOSHUA , PAULO,IDENT
20170503074319,SA2,200312,BARAKA,KATEGILE,IDENT
20170503074324,SA2,200351,MICHAEL,MICHAEL,IDENT
20170503074403,SA5,901334,SHAIBU,KASANGA,IDENT
20170503074442,SA6,900142,IRENE,MREMA,IDENT
20170503074509,SA2,200314,DEO,SAKAYA,IDENT
20170503074535,SA6,900586,MOHAMED,SOLOKA,IDENT
20170503074742,SA6,900144,JANE,MWAKABULUFU,IDENT
20170503074750,SA6,900016,FATUMA,HAMISI,IDENT
20170503074759,SA6,900123,CHARLES,LUSWETULA,IDENT
20170503074817,SA6,901332,NASRA,MSANYA,IDENT
20170503074822,SA6,900133,GEORGE,GIDION,IDENT
20170503074845,SA5,901339,JAMES,MKONO,IDENT
20170503074851,SA2,200349,FRANK,MOSHI,IDENT
20170503074910,SA2,900938,ISMAIL,THOMAS,IDENT
20170503074924,SA6,900418			,FELIX,WAUSA,IDENT
20170503074935,SA4,901069,ELIZABETH,MRAMU,IDENT
20170503074946,SA6,900174,SOSTHENES,MUKAMA,IDENT
20170503075011,SA6,900416,ERICK,DAUD,IDENT
20170503075017,SA4,900944,FROLA,KAMARA,IDENT
20170503075043,SA6,900257,ENGLIBERTH,DAUDI,IDENT
20170503075054,SA6,901265,FRANK ,RUZIGA,IDENT
20170503075116,SA6,900413,ELIBAHATI,JOSEPH,IDENT
20170503075213,SA5,901278,HENRY ,CHELULA,IDENT
20170503075214,SA2,200316,DENIS,JOHNSON,IDENT
20170503075219,SA2,901422,EMMANUEL,KHALIDI,IDENT
20170503075223,SA4,901003,SALAMA,KADALA,IDENT
20170503075238,SA6,900247,ALLY,SELEMANI,IDENT
20170503075242,SA6,900431,HAMADI,ZUBERI,IDENT
20170503075308,SA6,901435,FILES,MBANDO,IDENT
20170503075333,SA6,900407,CHRISTIAN ,NGONYANI,IDENT
20170503075340,SA6,900408,COLLMAN,KISISA,IDENT
20170503075347,SA6,900432,HAMZA,ABDALLAH,IDENT
20170503075353,SA5,901329,ELIWA ,SHAO,IDENT
20170503075354,SA6,900262,FRIDA, MWAMBEGELE,IDENT
20170503075458,SA6,E060,ANOOP,TIWARI,IDENT
20170503075357,SA2,901446,DANIEL,MBARUKA,IDENT
20170503075506,SA6,901585,SADICK,MAPUNDA,IDENT
20170503075513,SA6,900399,ATHUMANI,JUMA,IDENT
20170503075518,SA6,901432,AMINA,SOGOI,IDENT
20170503075526,SA6,901584,PENDO,MNJAGILA,IDENT
20170503075532,SA6,900583,REGINALD,MICHAEL,IDENT
20170503075533,SA2,901444,BAKARI,KITILA,IDENT
20170503075537,SA6,901569,FREDRICK,MUSHI,IDENT
20170503075542,SA2,901447,MASHAKA,MATEKELE,IDENT
20170503075552,SA6,900128,ENELES,MBWAGA,IDENT
20170503075656,SA6,900446,JOSEPH,KIBASA,IDENT
20170503075721,SA5,901419,JENIPHA,MWILONGO,IDENT
20170503075729,SA6,900044,REGINARD,MSHANGA,IDENT
20170503075737,SA6,900165,RAMADHANI,NYENJE,IDENT
20170503075748,SA6,900447,JOSEPH,LUSANA,IDENT
20170503075755,SA6,E079,BALASUBRAMANIAM,M,IDENT
20170503075800,SA4,900871,MWANAHAMISI,NDOLWA,IDENT
20170503075801,SA6,900414,EMMANUEL ,SERAPHINE,IDENT
20170503075829,SA2,901453,JOHNSON,MUNISI,IDENT
20170503075913,SA6,E083,GURURAJ,SHENVI,IDENT
20170503075918,SA6,900114,ABEID,MOHAMED,IDENT
20170503075923,SA4,901138,JOYCE,CHEMRA,IDENT
20170503075930,SA2,900940,JUMANNE,ZONGO,IDENT
20170503075931,SA6,900470,MODEST,NJAU,IDENT
20170503075936,SA6,E008,ATUL,PATHAK,IDENT
20170503075938,SA5,901333,NEEMA,KILUZIA,IDENT
20170503075941,SA6,900390,ALBERT,KANENDA,IDENT
20170503075945,SA6,900591,RASHID ,MUNKENDA,IDENT
20170503075950,SA6,900703,MUSSA,MTALI,IDENT
20170503075956,SA6,900268,GWANTWA,MWASYEBULE,IDENT
20170503080009,SA6,900387,ADAM,KINGU,IDENT
20170503080023,SA4,900956,DIANA,LEMA,IDENT
20170503080050,SA5,901326,ALLY,MBONDE,IDENT
20170503080057,SA6,900488,THOBIAS,KIWELU,IDENT
20170503080119,SA6,901438,MARY,JOSEPH,IDENT
20170503080120,SA2,901073,SALMA,MUHARAMU,IDENT
20170503080123,SA6,900682,BENEDICT,ELIAS,IDENT
20170503080146,SA6,900620,AYOUB,MTAFUNGWA,IDENT
20170503080150,SA2,200309,RAMADHANI,KIHILE,IDENT
20170503080211,SA6,900137,HERIETH,MWELI,IDENT
20170503080335,SA4,901239,SAKINA,KIZEE,IDENT
20170503080405,SA6,900574,FURAHA,MSAMBWA,IDENT
20170503080410,SA6,900445,JOHN,MASUNGWA,IDENT
20170503080416,SA6,900484,SHANI,MOHAMED,IDENT
20170503080421,SA6,900468,MICHAEL,IBRAHIM,IDENT
20170503080429,SA6,900649,ZUBEDA,MANDIA,IDENT
20170503080435,SA6,900173,SHARIFA,MRISHO,IDENT
20170503080444,SA6,900467,MBARUKU,OSWAD,IDENT
20170503080451,SA6,900126,DORIKA,MALYANGO,IDENT
20170503080458,SA6,900402,BARAKA,MVUNGI,IDENT
20170503080344,SA2,200311,DAVID,BWILE,IDENT
20170503080357,SA2,901443,MWAJUMA,SHEMBWANA,IDENT
20170503080402,SA2,901452,STEVEN,CHUWA,IDENT
20170503080407,SA2,901449,BONIFAS,ANGANILE,IDENT
20170503080513,SA2,901068,CATHERINE,MATENGO,IDENT
20170503080554,SA6,900103,FREDNAND,JACKSON,IDENT
20170503080604,SA6,900460,LAMECK,ASSETO,IDENT
20170503080642,SA5,901335,YONA,MAPELELE,IDENT
20170503080705,SA5,901325,JOSEPH,KAVISHE,IDENT
20170503080707,SA6,900292,ROSE,CHIKAWE,IDENT
20170503080746,SA6,900458,KIBWANA,SAIDI,IDENT
20170503080808,SA6,900464,MARTHA,MWIKOLA,IDENT
20170503080829,SA6,900435,HASSAN,NKHAMBI,IDENT
20170503080834,SA6,900481,RICHARD,KWEYAMBA,IDENT
20170503080948,SA6,900156,MWANAISHA,UWESU,IDENT
20170503080954,SA6,900485,SHUFAA,ABEID,IDENT
20170503080959,SA6,900701,MATHEW,NDANSHAU,IDENT
20170503081004,SA6,900388,AGNES,SHAYO,IDENT
20170503081054,SA6,900560,DEOGRASIAS,STEPHIN,IDENT
20170503081057,SA6,900108,NORAH,CLEMENCE,IDENT
20170503081105,SA6,900398,ARSEN, RWEBANGILA	,IDENT
20170503081250,SA4,901396,EDWIN,KIPUYO,IDENT
20170503081443,SA6,900151,LISSY,KIGONJOLA,IDENT
20170503081505,SA2,901442,JARINA,SHEKOLA,IDENT
20170503081512,SA2,901450,FARIDA,JUMA,IDENT
20170503081523,SA6,900681,ABUBAKARI,MGAZA,IDENT
20170503081559,SA2,901451,JUSTINE,MKUDE,IDENT
20170503081659,SA6,900452,KENNEDY,KIMARO,IDENT
20170503081715,SA6,900184,JASPER,NGURUBE,IDENT
20170503081721,SA6,900009,ASHA,HAMISI,IDENT
20170503081805,SA6,900271,HUSNA,SAID,IDENT
20170503081809,SA6,E077,SUMIT,BHATNAGAR,IDENT
20170503081834,SA6,900043,RANI,MOHAR,IDENT
20170503081905,SA6,900439,IDDI,MOHAMED,IDENT
20170503081908,SA6,900405,CHARLES,WILLIAM,IDENT
20170503082048,SA6,E013,GIRIRAJ,SHARMA,IDENT
20170503082240,SA6,900280,TADEO,MWINGIZI,IDENT
20170503082600,SA6,900454,KHALFAN,AMOUR,IDENT
20170503082653,SA6,900430,GWAKISA,MWAKASAGURE,IDENT
20170503082658,SA6,E037,SRINIVAS,DANTU,IDENT
20170503082812,SA6,E084,NAVNEET, SINGH,IDENT
20170503082826,SA6,900566,ERICK,NDUNGURU,IDENT
20170503082915,SA4,900910,ZAINABU,SADALLAH,IDENT
20170503083145,SA6,901582,ANTHONY,PAULO,IDENT
20170503083455,SA6,900155,MWANAFATIMA,MATIPA,IDENT
20170503083505,SA6,901581,PROSPER,KATABALWA,IDENT
20170503084013,SA6,E041,JAGAN MOHAN,YERUVA,IDENT
20170503084407,SA6,900055,VERONICA,MBAZIGWA,IDENT
20170503084925,SA4,900941,KULWA,MSUMA,IDENT
