20160403090545,SA6,E013,GIRIRAJ,SHARMA,IDENT
20160403091027,SA6,900142,IRENE,MREMA,IDENT
20160403093734,SA6,900137,HERIETH,MWELI,IDENT
20160403094050,SA6,900560,DEOGRASIAS,STEPHIN,IDENT
20160403095543,SA6,900103,FREDNAND,JACKSON,IDENT
20160403120123,SA6,900133,GEORGE,GIDION,IDENT
20160403121747,SA6,900164,RAMADHANI ,BAKARI,IDENT
20160403124531,SA6,900127,DUNCAN,MHANDO,IDENT
20160403124850,SA6,E079,BALASUBRAMANIAM,M,IDENT
20160403125737,SA6,900416,ERICK,DAUD,IDENT
20160403130224,SA6,900560,DEOGRASIAS,STEPHIN,IDENT
20160403131031,SA6,900035,MOHAMED,HAUSI,IDENT
20160403131037,SA6,900467,MBARUKU,OSWAD,IDENT
20160403131428,SA6,900051,SUDI,KHALFANI,IDENT
20160403132406,SA6,900580,BARAKA,MAGAFU,IDENT
20160403132556,SA6,101993,EPIFANI, MBOKO,IDENT
20160403132701,SA6,900586,MOHAMED,SOLOKA,IDENT
20160403132708,SA6,900046,SALUM,NDEGE,IDENT
20160403133333,SA5,200024,SARAH,ALLY,IDENT
20160403133334,SA6,900047,SAMSON,SHILA,IDENT
20160403133404,SA6,900025,JOYCE,MAGANGA,IDENT
20160403133417,SA6,900019,HAMISI,MADODO,IDENT
20160403133434,SA6,900448,JOSEPH,MKELEBE,IDENT
20160403133644,SA5,2000189,ELIA,NGWALI,IDENT
20160403133723,SA6,900039,MWAJABU,ALLY,IDENT
20160403133735,SA6,900005,ALLY,MFUNGWE,IDENT
20160403133849,SA6,900037,MOHAMED,MKALA,IDENT
20160403133937,SA6,900040,MWAJUMA,KATONA,IDENT
20160403134022,SA5,100228,CONSOLATHA,RAPHAEL,IDENT
20160403134437,SA5,100289,JOSEPH,MUSUGULI,IDENT
20160403134509,SA5,900415,EMMANUEL,JONAS,IDENT
20160403134554,SA2,101062,SAID,RAMADHANI,IDENT
20160403134606,SA6,900433,HARUNI,MKAMA,IDENT
20160403134753,SA6,900245,ABDALLAH,KIMULIMULI,IDENT
20160403134824,SA5,100267,JULIETH,GODFREY,IDENT
20160403134828,SA5,200036,YASINTA,LEKERI,IDENT
20160403134833,SA5,101738,LYDIA,MAKENE,IDENT
20160403134836,SA5,100167,AISHAH,OTHUMANI,IDENT
20160403134848,SA5,100212,PORTINA,MSALA,IDENT
20160403134852,SA5,100216,NASRA,HAMADI,IDENT
20160403134856,SA5,100375,MAGRETH,NGOSI,IDENT
20160403134901,SA5,100392,ELIZABET,MHIMBA,IDENT
20160403134902,SA2,200313,GADISON,ROSENIUS,IDENT
20160403134906,SA5,100391,DIANA,KABYEMELA,IDENT
20160403134909,SA5,100274,ZUCRA,SWEDI,IDENT
20160403134914,SA5,101733,ALFRED,MUGHWAI,IDENT
20160403134919,SA5,200030,KEDMOND,KAMOGA,IDENT
20160403134921,SA6,900626,AUGUSTINO,CHITANDA,IDENT
20160403134922,SA2,100521,NEEMA,NYAKOKI,IDENT
20160403134928,SA5,101761,SAIDI,MAKALA,IDENT
20160403134933,SA5,200031,EMMANUEL,KHALIDI,IDENT
20160403134937,SA5,2000184,SAMWEL,KANIKI,IDENT
20160403134944,SA5,100154,JESCA,NGUMBU,IDENT
20160403135000,SA6,900123,CHARLES,LUSWETULA,IDENT
20160403135006,SA5,200027,GASPAL,MKOBA,IDENT
20160403135009,SA5,100263,HASHIM,HAIZA,IDENT
20160403135012,SA5,200039,ALLY,SELEMAN,IDENT
20160403135034,SA6,900564,RAMADHANI,SAIDI,IDENT
20160403135041,SA5,101744,SALUM,LINJA,IDENT
20160403135052,SA5,100328,EDWIN,KIPUYO,IDENT
20160403135103,SA6,900685,VICTOR,MBUNDAMILA,IDENT
20160403135113,SA5,100264,ISAYA ,SAWASAWA,IDENT
20160403135125,SA2,200314,DEO,SAKAYA,IDENT
20160403135153,SA5,101734,JOYCE,SWILLAH,IDENT
20160403135215,SA5,200021,SWAUMU,MZIRAI,IDENT
20160403135228,SA5,100369,MADINA,ATHUMANI,IDENT
20160403135240,SA2,200294,ATHUMAN,KILINDU,IDENT
20160403135244,SA2,200349,FRANK,MOSHI,IDENT
20160403135256,SA2,200351,MICHAEL,MICHAEL,IDENT
20160403135316,SA5,200026,MARIAM,YAHAYA,IDENT
20160403135334,SA5,100173,YONA,MUSA,IDENT
20160403135349,SA6,900454,KHALFAN,AMOUR,IDENT
20160403135402,SA5,100372,JOHARI,MAHARIA,IDENT
20160403135407,SA5,100382,STELLA,JOHN,IDENT
20160403135413,SA5,100376,CHRISTINA,TATI,IDENT
20160403135420,SA5,100206,FATUMA,KAUNDA,IDENT
20160403135429,SA5,101737,TABU,SUPHIANI,IDENT
20160403135434,SA5,100354,TAUSI,KATULA,IDENT
20160403135440,SA5,100378,REHEMA,MAZEKU,IDENT
20160403135442,SA6,900572,DOTO,KAJOGOO,IDENT
20160403135453,SA5,100268,ALHAJI,KIHIYO,IDENT
20160403135455,SA6,900541,GOLDEN,MDUBA,IDENT
20160403135459,SA5,100182,CONSOLATHA,JOSEPH,IDENT
20160403135504,SA5,100197,TUKAE,MUSA,IDENT
20160403135509,SA5,100237,HIDAYA,KASSIM,IDENT
20160403135534,SA5,100359,ASHA,HAMISI,IDENT
20160403135537,SA5,100370,SARA,YOEL,IDENT
20160403135540,SA2,100463,LUCY,ELIAS,IDENT
20160403135542,SA5,100191,JOYCE,SEMWENDA,IDENT
20160403135544,SA2,100691,ELIZABETH,FRANCISCO,IDENT
20160403135609,SA2,100879,CATHERINE,NYEMA,IDENT
20160403135609,SA6,900112,ABDALLAH,MIKALAMBILO,IDENT
20160403135615,SA5,200014,ALFRED,CHARLES,IDENT
20160403135641,SA3,100564,MWAJUMA,IDDI,IDENT
20160403135659,SA5,200023,VUMILIA,NDEGE,IDENT
20160403135704,SA3,100655,ASHURA,ATHUMAN,IDENT
20160403135709,SA3,101786,MTUMWA,ALLY,IDENT
20160403135715,SA3,100560,PILLI,SAIDI,IDENT
20160403135720,SA3,100808,KAUSE,ABDALLAH,IDENT
20160403135726,SA3,100639,ELIZABETH,MREMA,IDENT
20160403135731,SA3,100845,AGNES,MTYANGILE,IDENT
20160403135735,SA4,100826,NEEMA ,MWAMANYE,IDENT
20160403135738,SA3,100483,AMINA,MZARA,IDENT
20160403135747,SA2,100607,STELLA,MWAKATOBE,IDENT
20160403135747,SA3,100612,SOPHIA,MBONDE,IDENT
20160403135818,SA5,100181,AGNES,LUCAS,IDENT
20160403135835,SA5,100152,GEOFREY,MAPESA,IDENT
20160403135851,SA3,100509,NURU,MAKANDE,IDENT
20160403135900,SA5,100189,REGINA,JEMES,IDENT
20160403135905,SA3,100514,SWAUMU,SAIDI,IDENT
20160403135909,SA2,101991,IBRAHIM,MZENTO,IDENT
20160403135921,SA5,100199,SOPHIA,ALLY,IDENT
20160403135923,SA3,100996,HABIBA,PAZZI,IDENT
20160403135955,SA5,100396,DIANA,NDONGO,IDENT
20160403140033,SA2,100943,JULIANA,SUKU,IDENT
20160403140039,SA2,100937,AMINA,MDOE,IDENT
20160403140041,SA3,100445,AISHA,KIUMBA,IDENT
20160403140135,SA3,100435,EDINA,MWAKYOMA,IDENT
20160403140139,SA3,100896,ASHURA,HAMISI,IDENT
20160403140149,SA3,100551,DOROTHEA,KILO,IDENT
20160403140200,SA5,100353,MAGRETH,LUGERA,IDENT
20160403140206,SA6,900435,HASSAN,NKHAMBI,IDENT
20160403140210,SA2,100597,NOVATI,TARIMO,IDENT
20160403140217,SA2,100782,ELIZABETH,ZAE,IDENT
20160403140221,SA5,100356,AWAZI,SALIM,IDENT
20160403140248,SA6,900568,GODWIN,KIRIA,IDENT
20160403140248,SA4,200051,SAID,HAMISI,IDENT
20160403140251,SA5,200019,ADELA,MSAGA,IDENT
20160403140254,SA5,200020,NAOMI,YUSUPH,IDENT
20160403140256,SA5,100214,HALIMA,SANANE,IDENT
20160403140302,SA5,100215,ZAMDA,NGWABAYA,IDENT
20160403140319,SA5,100311,SALAFINA,KISAPI,IDENT
20160403140322,SA5,200012,DAVID,NGELESHI,IDENT
20160403140326,SA2,200078,SALMA,RAMADHAN,IDENT
20160403140348,SA2,100888,VICTORIA,MWALUANDA,IDENT
20160403140354,SA2,200348,JONASI,LUCAS,IDENT
20160403140354,SA5,100176,ISMAIL,MHINA,IDENT
20160403140359,SA6,900153,MUSSA,KIGUNGAS,IDENT
20160403140432,SA2,200061,SWAUMU,KAYANDA,IDENT
20160403140435,SA2,101061,HELENA,SAMWELI,IDENT
20160403140439,SA6,900120,BENEDICTO,MBOKO,IDENT
20160403140445,SA4,100565,BAHATI,SALEHE,IDENT
20160403140448,SA2,100599,MONICA,LIGOMBAIKA,IDENT
20160403140450,SA4,101936,ZAHARA,MBELWA,IDENT
20160403140453,SA6,900488,THOBIAS,KIWELU,IDENT
20160403140456,SA2,101512,EDINA,JOHN,IDENT
20160403140501,SA6,900431,HAMADI,ZUBERI,IDENT
20160403140503,SA2,100838,ASHA,MOHAMED,IDENT
20160403140507,SA6,900405,CHARLES,WILLIAM,IDENT
20160403140532,SA3,100440,CHRISTINA,MAGOWELA,IDENT
20160403140533,SA2,101048,ZAINABU,KARUMUNA,IDENT
20160403140540,SA2,100428,ZAHARA,YANGE,IDENT
20160403140544,SA2,101886,AMINA,MNYIFUNA,IDENT
20160403140548,SA2,101081,AGATHA,JAMALI,IDENT
20160403140619,SA6, 900487,STEPEHEN,SIJALI,IDENT
20160403140620,SA2,100809,PILLY,MWAWILA,IDENT
20160403140624,SA2,200217,VIVIAN,MWANGATA,IDENT
20160403140639,SA2,101515,ELIZABETH,NYAMBO,IDENT
20160403140652,SA2,101634,BEATA,KOMBA,IDENT
20160403140659,SA4,100591,MARIA,MAGWE,IDENT
20160403140702,SA4,100745,SHARIFA,LIYAYA,IDENT
20160403140705,SA2,200262,FATIMA,ALLY,IDENT
20160403140718,SA2,101093,NASMA,LINOGA,IDENT
20160403140733,SA2,100875,YASINTA,SHELUBANZI,IDENT
20160403140747,SA3,100656,MWAJUMA,AIDAN,IDENT
20160403140749,SA2,101031,MARTHA,GABRIEL,IDENT
20160403140750,SA3,100429,AGNESS,LUHUNGO,IDENT
20160403140759,SA6,900398,ARSEN, RWEBANGILA	,IDENT
20160403140800,SA2,100765,LUCY,STANLEY,IDENT
20160403140819,SA5,100234,SAVELINA ,KASHASHA,IDENT
20160403140823,SA2,200059,MWANAHARUSI,MOHAMED,IDENT
20160403140827,SA3,100473,RAHMA,KILO,IDENT
20160403140904,SA3,100499,HINESS,KAAYA,IDENT
20160403140917,SA3,100515,RUKIA,MATAUKA,IDENT
20160403140923,SA3,100515,RUKIA,MATAUKA,IDENT
20160403140938,SA6,900148,JUDITH,MALISA,IDENT
20160403140948,SA3,100478,EDINA,ABED,IDENT
20160403141001,SA2,100978,REDEMTA,DANIEL,IDENT
20160403141012,SA3,100646,ANNA,GODISON,IDENT
20160403141051,SA5,100351,LINETH,KYARUS,IDENT
20160403141052,SA2,100915,AMINA,BAKARI,IDENT
20160403141056,SA5,100348,BISURA,MCHELEO,IDENT
20160403141100,SA5,100155,STELLA,MTALLO,IDENT
20160403141123,SA2,200200,MIRIAM,MNDEWA,IDENT
20160403141132,SA2,100945,JACKLINI,MBOYA,IDENT
20160403141140,SA2,100784,FATUMA,MSAKUZI,IDENT
20160403141159,SA4,100580,AMINA,KONDO,IDENT
20160403141209,SA3,100456,MWANAHAMISI,NDOLWA,IDENT
20160403141324,SA6,E043,VAGEESH,KUMAR,IDENT
20160403141329,SA4,101912,LINA,MLAWA,IDENT
20160403141333,SA4,101898,FARIDA,AMBLOS,IDENT
20160403141338,SA4,200210,MARIAM,OMAR,IDENT
20160403141354,SA4,101781,ORIVER,DAUD,IDENT
20160403141416,SA4,101976,ASHURA,MGENI,IDENT
20160403141425,SA6,900137,HERIETH,MWELI,IDENT
20160403141431,SA4,100832,MARY,KIAMA,IDENT
20160403141504,SA2,100623,STELLA,MAGOGWA,IDENT
20160403141807,SA2,100566,MKWAYA,TONGOLA,IDENT
20160403141841,SA4,101938,ZAITUNI,SOGOI,IDENT
20160403141855,SA6,900428,GLADIS,MAZENGO,IDENT
20160403142041,SA2,200214,CATHELIN,MATENGO,IDENT
20160403142101,SA3,100559,ANNA,MPUGE,IDENT
20160403142358,SA4,100893,SILIVIA,SHAYO,IDENT
20160403142904,SA1,100322,ABDUL,MAINGO,IDENT
20160403142934,SA4,200075,AGNES,STEVEN,IDENT
20160403143009,SA4,200245,NOELA,YALOT,IDENT
20160403143047,SA6,900144,JANE,MWAKABULUFU,IDENT
20160403143120,SA5,101935,YUNIS,LULANDALA,IDENT
20160403143146,SA6,E043,VAGEESH,KUMAR,IDENT
20160403143200,SA6,900115,AKIDA,DUGANGE,IDENT
20160403143324,SA4,100921,TATU,ISSA,IDENT
20160403143330,SA4,200197,AISHA,ABEID,IDENT
20160403143340,SA4,101972,JOYCE,CHEMRA,IDENT
20160403143349,SA4,100554,MARIAM,RAMADHANI,IDENT
20160403143358,SA4,200256,ZAMDA,HASSAN,IDENT
20160403143537,SA6,900122,CATHERINE,KUMBATA,IDENT
20160403143605,SA6,900292,ROSE,CHIKAWE,IDENT
20160403143729,SA6,900161,PILLI ,MOHAMED,IDENT
20160403143739,SA4,200346,JOHNSON,MUNISI,IDENT
20160403143752,SA4,100525,SAKINA,MAWEMBA,IDENT
20160403143808,SA4,101729,MASHAKA,MATEKELE,IDENT
20160403143859,SA1,900429,GOODLUCK,LYAHONA,IDENT
20160403143903,SA4,100628,BAKARI,KITILA,IDENT
20160403143909,SA4,100604,CHRISTOPHER ,MUSHI,IDENT
20160403144021,SA4,101088,CONSOLATH,MATERU,IDENT
20160403144051,SA6,E013,GIRIRAJ,SHARMA,IDENT
20160403144107,SA4,200053,DAVID,JUMA,IDENT
20160403144120,SA4,100661,JANE,LUSENDELA,IDENT
20160403144123,SA4,100731,MARIA,ELIESEL,IDENT
20160403144251,SA4,101919,MWATANGA,ALLY,IDENT
20160403144334,SA6,900407,CHRISTIAN ,NGONYANI,IDENT
20160403144339,SA6,900485,SHUFAA,ABEID,IDENT
20160403144357,SA4,101892,BUSHRA,SALUM,IDENT
20160403144427,SA4,100910,REHEMA,KWENGWEGU,IDENT
20160403144430,SA4,200136,GRACE,NGALABA,IDENT
20160403144440,SA4,200063,FATUMA,ABDALLAH,IDENT
20160403144505,SA4,200288,ASHA,BILALI,IDENT
20160403144559,SA4,200281,HILDA,MWAZEMBE,IDENT
20160403144616,SA4,100577,SUZANA,NAPANGA,IDENT
20160403144713,SA6,900476,RAMADHANI,IDD,IDENT
20160403144719,SA6,900591,RASHID ,MUNKENDA,IDENT
20160403144925,SA6,900156,MWANAISHA,UWESU,IDENT
20160403145154,SA6,900142,IRENE,MREMA,IDENT
20160403145212,SA4,200311,DAVID,BWILE,IDENT
20160403145243,SA4,100721,FATUMA,MTAMBUA,IDENT
20160403145259,SA4,100629,KULWA,MSUMA,IDENT
20160403145315,SA4,100637,FROLA,KAMARA,IDENT
20160403145550,SA6,900103,FREDNAND,JACKSON,IDENT
20160403145554,SA6,900165,RAMADHANI,NYENJE,IDENT
20160403145600,SA6,900449,JUMA,SANGAYA,IDENT
20160403150010,SA6,900162,PILLY,MANENO,IDENT
20160403150610,SA5,200321,HEMED,KAZEMBE,IDENT
20160403151433,SA6,900135,HALIMA,NGAMZI,IDENT
20160403154742,SA6,900436,HONEST,MATEMU,IDENT
20160403154942,SA6,E032,SANKARAN,JAYARAM,IDENT
20160403155313,SA6,900011,BLANTINA,MLOWE,IDENT
20160403155319,SA6,900574,FURAHA,MSAMBWA,IDENT
20160403155350,SA6,900057,ZAITUNI,ABDALLAH,IDENT
20160403155357,SA6,101104,MARY,JOSEPH,IDENT
20160403190459,SA6,900543,JOHN,MAGANYA,IDENT
20160403195617,SA6,900611,EVARIST,MPINGAURUGU,IDENT
20160403195631,SA6,900027,JUMA,NAHAL,IDENT
20160403200636,SA6,900002,ABDALLAH,MWEYO,IDENT
20160403203823,SA6,900015,EMMANUEL ,CLEMENT,IDENT
20160403204854,SA6,900056,YESAYA,NTUNDUU,IDENT
20160403211209,SA6,900006,ANDREW,JOSEPH,IDENT
20160403211225,SA6,900005,ALLY,MFUNGWE,IDENT
20160403211629,SA6,900047,SAMSON,SHILA,IDENT
20160403211645,SA6,900051,SUDI,KHALFANI,IDENT
20160403213550,SA5,100397,JOAN,OMANDI,IDENT
20160403213610,SA5,100165,DOREEN,MDOE,IDENT
20160403213616,SA5,200037,ABDALLA,MGAYA,IDENT
20160403213705,SA5,100349,DOROSTA,CLEMANCE,IDENT
20160403213715,SA5,100375,MAGRETH,NGOSI,IDENT
20160403213723,SA5,200016,BARNABA,EDWARD,IDENT
20160403213726,SA5,100392,ELIZABET,MHIMBA,IDENT
20160403213831,SA5,100354,TAUSI,KATULA,IDENT
20160403213836,SA5,100391,DIANA,KABYEMELA,IDENT
20160403213838,SA5,100372,JOHARI,MAHARIA,IDENT
20160403213843,SA5,2000220,SHAMSI,MUHITI,IDENT
20160403213901,SA5,101746,JENIPHA,MWILONGO,IDENT
20160403213926,SA5,100376,CHRISTINA,TATI,IDENT
20160403214001,SA5,200024,SARAH,ALLY,IDENT
20160403214153,SA5,2000186,SHABANI,HUSEN,IDENT
20160403214159,SA6,900433,HARUNI,MKAMA,IDENT
20160403214312,SA5,100250,MARRY,MASULUBE,IDENT
20160403214327,SA5,101737,TABU,SUPHIANI,IDENT
20160403214413,SA5,100228,CONSOLATHA,RAPHAEL,IDENT
20160403214419,SA5,100167,AISHAH,OTHUMANI,IDENT
20160403214424,SA5,100369,MADINA,ATHUMANI,IDENT
20160403214437,SA5,2000182,OSWALD,SHILLA,IDENT
20160403214520,SA6,900480,RASHID,MOHAMED,IDENT
20160403214537,SA5,100290,JUMA,MAKALA,IDENT
20160403214550,SA5,100398,JOSHUA,KITUNDU,IDENT
20160403214627,SA5,100154,JESCA,NGUMBU,IDENT
20160403214633,SA5,100206,FATUMA,KAUNDA,IDENT
20160403214642,SA5,101743,YOHANA,LEONARD,IDENT
20160403214646,SA5,2000183,OMARY,JUMA,IDENT
20160403214652,SA5,200031,EMMANUEL,KHALIDI,IDENT
20160403214736,SA5,2000184,SAMWEL,KANIKI,IDENT
20160403214743,SA5,100289,JOSEPH,MUSUGULI,IDENT
20160403214756,SA5,900415,EMMANUEL,JONAS,IDENT
20160403214819,SA6,900449,JUMA,SANGAYA,IDENT
20160403214940,SA6,900489,TUMAINI,MNZAVA,IDENT
20160403214950,SA5,100378,REHEMA,MAZEKU,IDENT
20160403215018,SA5,200036,YASINTA,LEKERI,IDENT
20160403215021,SA5,100216,NASRA,HAMADI,IDENT
20160403215027,SA5,100212,PORTINA,MSALA,IDENT
20160403215051,SA5,101761,SAIDI,MAKALA,IDENT
20160403215059,SA5,2000189,ELIA,NGWALI,IDENT
20160403215116,SA5,100176,ISMAIL,MHINA,IDENT
20160403215135,SA5,100253,MARRY,MLIUNJA,IDENT
20160403215141,SA5,200035,MARIAM,MJELELE,IDENT
20160403215225,SA5,101734,JOYCE,SWILLAH,IDENT
20160403215239,SA5,200030,KEDMOND,KAMOGA,IDENT
20160403215244,SA5,100267,JULIETH,GODFREY,IDENT
20160403215248,SA5,101738,LYDIA,MAKENE,IDENT
20160403215255,SA5,100274,ZUCRA,SWEDI,IDENT
20160403215314,SA5,100260,JACKSON,ATANUS,IDENT
20160403215530,SA5,100153, ZAINABU , SALUM,IDENT
20160403215534,SA5,100257,HOYCE,TILLYA,IDENT
20160403215642,SA6,900391,ALLY,MASHAURI,IDENT
20160403215650,SA6,900398,ARSEN, RWEBANGILA	,IDENT
20160403215736,SA5,100259,SEBASTIAN,KIPINGU,IDENT
20160403220108,SA5,200034,RECHO,MSHUMBUSI,IDENT
20160403220112,SA5,100247,VILET,MHELUKA,IDENT
20160403220252,SA5,100271,PILLI,CHOLOGONDO,IDENT
20160403220317,SA5,100255,ANDREW,KILUGWA,IDENT
20160403220325,SA5,100279,FRANK,MANDI,IDENT
20160403220436,SA5,100244,MWANAHAMIS ,MSUYA,IDENT
20160403220442,SA5,100201,MARRY,SHOO,IDENT
20160403220537,SA6,900572,DOTO,KAJOGOO,IDENT
20160403220825,SA6,900025,JOYCE,MAGANGA,IDENT
20160403221057,SA5,101733,ALFRED,MUGHWAI,IDENT
20160403221101,SA5,100268,ALHAJI,KIHIYO,IDENT
20160404051653,SA6,900035,MOHAMED,HAUSI,IDENT
20160404051658,SA6,900035,MOHAMED,HAUSI,IDENT
20160404052547,SA6,900135,HALIMA,NGAMZI,IDENT
20160404052746,SA6,900006,ANDREW,JOSEPH,IDENT
20160404053726,SA6,900051,SUDI,KHALFANI,IDENT
20160404053741,SA6,900027,JUMA,NAHAL,IDENT
20160404053828,SA6,900543,JOHN,MAGANYA,IDENT
20160404054128,SA6,900159,PAMELA,KUSALIKA,IDENT
20160404054151,SA5,100181,AGNES,LUCAS,IDENT
20160404054205,SA6,900047,SAMSON,SHILA,IDENT
20160404054208,SA5,200021,SWAUMU,MZIRAI,IDENT
20160404054214,SA5,100351,LINETH,KYARUS,IDENT
20160404054218,SA6,900124,DAUDI,ELIFALETH,IDENT
20160404054437,SA6,900056,YESAYA,NTUNDUU,IDENT
20160404054511,SA5,100198,ASHA,SHOMARI,IDENT
20160404054636,SA6,900396,ANDREW,MSANGI,IDENT
20160404054649,SA5,100214,HALIMA,SANANE,IDENT
20160404054709,SA5,100155,STELLA,MTALLO,IDENT
20160404054747,SA5,100197,TUKAE,MUSA,IDENT
20160404054756,SA5,100175,THABIT,ALLY,IDENT
20160404054807,SA5,101050,ZULEHA,MOHAMED,IDENT
20160404054841,SA5,100311,SALAFINA,KISAPI,IDENT
20160404054906,SA5,100266,HADIJA,JUMA,IDENT
20160404054940,SA5,200040,RUBUNDA,NJELELE,IDENT
20160404055001,SA5,2000187,PASCAL,STANLEY,IDENT
20160404055030,SA5,200039,ALLY,SELEMAN,IDENT
20160404055034,SA5,100237,HIDAYA,KASSIM,IDENT
20160404055039,SA5,100396,DIANA,NDONGO,IDENT
20160404055043,SA5,100263,HASHIM,HAIZA,IDENT
20160404055047,SA5,100186,DIANA,KIBASA,IDENT
20160404055053,SA5,101882,BEATHA,MLOSO,IDENT
20160404055111,SA5,2000183,OMARY,JUMA,IDENT
20160404055127,SA4,100910,REHEMA,KWENGWEGU,IDENT
20160404055137,SA4,100853,HADIJJA,KIJUU,IDENT
20160404055142,SA4,100637,FROLA,KAMARA,IDENT
20160404055153,SA6,E032,SANKARAN,JAYARAM,IDENT
20160404055201,SA5,100153, ZAINABU , SALUM,IDENT
20160404055207,SA5,100257,HOYCE,TILLYA,IDENT
20160404055216,SA4,101919,MWATANGA,ALLY,IDENT
20160404055222,SA4,200279,KULUTHUM,CHILEMILE,IDENT
20160404055223,SA5,100398,JOSHUA,KITUNDU,IDENT
20160404055234,SA4,200252,ANNA,NGAPONDA,IDENT
20160404055243,SA5,100215,ZAMDA,NGWABAYA,IDENT
20160404055251,SA4,100616,UPENDO,MLEWA,IDENT
20160404055259,SA5,100349,DOROSTA,CLEMANCE,IDENT
20160404055309,SA6,900406,CHAUREMBO,MWINYI,IDENT
20160404055331,SA5,100271,PILLI,CHOLOGONDO,IDENT
20160404055332,SA4,200198,SARAH,MWINANI,IDENT
20160404055406,SA4,200157,RASHID,NJERAN,IDENT
20160404055411,SA4,101017,ANNA,KITOMARY,IDENT
20160404055416,SA4,101917,MERCY,MONGI,IDENT
20160404055421,SA5,2000182,OSWALD,SHILLA,IDENT
20160404055424,SA5,200012,DAVID,NGELESHI,IDENT
20160404055437,SA5,101743,YOHANA,LEONARD,IDENT
20160404055442,SA4,100577,SUZANA,NAPANGA,IDENT
20160404055447,SA4,200272,ISSA,MFAUME,IDENT
20160404055451,SA4,200269,CANDY,ABRAHAM,IDENT
20160404055455,SA4,100641,AISHA,MNEKA,IDENT
20160404055500,SA4,100745,SHARIFA,LIYAYA,IDENT
20160404055504,SA4,100851,SALAMA,KADALA,IDENT
20160404055511,SA4,200143,SOMOE,KANYIMBA,IDENT
20160404055516,SA4,100848,AMINA,MUYA,IDENT
20160404055521,SA4,101047,WINIFRIDA,MALISELINO,IDENT
20160404055524,SA5,100152,GEOFREY,MAPESA,IDENT
20160404055527,SA4,200273,PLAKSEDA,AKIZAMUNGU,IDENT
20160404055531,SA4,100732,NAOMI,SAMWELI,IDENT
20160404055552,SA6, 900487,STEPEHEN,SIJALI,IDENT
20160404055600,SA6,900130,FATUMA,CHOMBO,IDENT
20160404055606,SA5,100250,MARRY,MASULUBE,IDENT
20160404055609,SA6,900611,EVARIST,MPINGAURUGU,IDENT
20160404055624,SA4,100925,AZIZA,MANGETU,IDENT
20160404055632,SA4,100882,AISHA,KIBINDO,IDENT
20160404055643,SA4,100518,HELENA,SENZUGWAKO,IDENT
20160404055650,SA5,200020,NAOMI,YUSUPH,IDENT
20160404055654,SA5,100370,SARA,YOEL,IDENT
20160404055655,SA6,900168,RAZAKI,MTINDA,IDENT
20160404055658,SA4,100506,JOYCE,MCHOMVU,IDENT
20160404055703,SA4,100517,MARIAM,JUMA,IDENT
20160404055709,SA5,100397,JOAN,OMANDI,IDENT
20160404055710,SA4,200247,MARTHA,MAKASHA,IDENT
20160404055715,SA5,100253,MARRY,MLIUNJA,IDENT
20160404055720,SA5,200035,MARIAM,MJELELE,IDENT
20160404055727,SA5,200034,RECHO,MSHUMBUSI,IDENT
20160404055734,SA4,100490,AMINA,NGAINA,IDENT
20160404055734,SA5,200019,ADELA,MSAGA,IDENT
20160404055738,SA4,200149,NEEMA,MNYALAPE,IDENT
20160404055739,SA5,101746,JENIPHA,MWILONGO,IDENT
20160404055743,SA4,200077,BETH,NGADADA,IDENT
20160404055744,SA6,900005,ALLY,MFUNGWE,IDENT
20160404055748,SA4,200287,NURAT,JAFARI,IDENT
20160404055752,SA4,200290,AVERINA,AMANDUS,IDENT
20160404055800,SA4,200058,NURU,MOHAMED,IDENT
20160404055809,SA4,200076,BAHATI,MAKAMBA,IDENT
20160404055813,SA4,200227,DEBORA,FILIPATALI,IDENT
20160404055814,SA6,900015,EMMANUEL ,CLEMENT,IDENT
20160404055818,SA4,200260,ANITHA,AHALIELI,IDENT
20160404055821,SA5,100201,MARRY,SHOO,IDENT
20160404055825,SA6,900417,FABIAN,FABIAN,IDENT
20160404055832,SA5,100290,JUMA,MAKALA,IDENT
20160404055840,SA4,101987,ADELINA,MALEMA,IDENT
20160404055849,SA4,101910,LILIAN,MREMA,IDENT
20160404055850,SA5,200037,ABDALLA,MGAYA,IDENT
20160404055854,SA6,900476,RAMADHANI,IDD,IDENT
20160404055859,SA5,100247,VILET,MHELUKA,IDENT
20160404055908,SA4,200130,RENIFRIDA,NGUMBU,IDENT
20160404055909,SA5,100182,CONSOLATHA,JOSEPH,IDENT
20160404055918,SA4,200125,AMANDA,KWEZI,IDENT
20160404055923,SA4,101885,AISHA,WILLIUM,IDENT
20160404055924,SA5,100189,REGINA,JEMES,IDENT
20160404055933,SA4,200244,ANNA,NYAKAPALA,IDENT
20160404055934,SA5,200023,VUMILIA,NDEGE,IDENT
20160404055945,SA5,100244,MWANAHAMIS ,MSUYA,IDENT
20160404055946,SA4,100886,ASHA,NGAMBA,IDENT
20160404055950,SA4,101936,ZAHARA,MBELWA,IDENT
20160404055954,SA5,100187,ZUHURA,HAMIS,IDENT
20160404060009,SA6,900586,MOHAMED,SOLOKA,IDENT
20160404060012,SA5,100165,DOREEN,MDOE,IDENT
20160404060023,SA5,100191,JOYCE,SEMWENDA,IDENT
20160404060027,SA5,100199,SOPHIA,ALLY,IDENT
20160404060031,SA5,100236,SAUDA,MATOWELA,IDENT
20160404060032,SA6,900480,RASHID,MOHAMED,IDENT
20160404060034,SA4,100717,ZUHURA,KIJIMBO,IDENT
20160404060036,SA5,200013,HABIBU,BAKARI,IDENT
20160404060041,SA5,2000220,SHAMSI,MUHITI,IDENT
20160404060057,SA5,200026,MARIAM,YAHAYA,IDENT
20160404060059,SA4,100696,JOSEPH,ELISAFI,IDENT
20160404060102,SA5,200025,AMINA,HAMISI,IDENT
20160404060111,SA5,2000181,ABDANI,SHILLA,IDENT
20160404060119,SA4,200152,VICTORIA,MWAMPEGETE,IDENT
20160404060119,SA5,2000186,SHABANI,HUSEN,IDENT
20160404060124,SA4,101956,REHEMA,OMARY,IDENT
20160404060134,SA4,101023,HAMIDA,MATIPA,IDENT
20160404060159,SA5,100242,HUSSEIN,MANYEMBA,IDENT
20160404060209,SA4,100858,GRESS,KOBA,IDENT
20160404060216,SA4,200060,SIJALI,MKELE,IDENT
20160404060222,SA4,101080,VERONICA,KIMWAGA,IDENT
20160404060232,SA4,101932,TAUSI,SHABANI,IDENT
20160404060237,SA4,100679,SOPHIA,LIKONGO,IDENT
20160404060241,SA6,101993,EPIFANI, MBOKO,IDENT
20160404060250,SA4,200285,JENIPHA,CHIZA,IDENT
20160404060309,SA5,200016,BARNABA,EDWARD,IDENT
20160404060311,SA6,900046,SALUM,NDEGE,IDENT
20160404060311,SA4,200155,RAYMOND,BUKOJI,IDENT
20160404060323,SA4,100876,LUCY,THOMAS,IDENT
20160404060350,SA4,101088,CONSOLATH,MATERU,IDENT
20160404060403,SA6,900422,FURAHA,MWAKIFWAMB,IDENT
20160404060408,SA4,100580,AMINA,KONDO,IDENT
20160404060408,SA5,100259,SEBASTIAN,KIPINGU,IDENT
20160404060413,SA4,101903,GRACE,KAHANGE,IDENT
20160404060503,SA4,100455,GOMERY,DAUDI,IDENT
20160404060508,SA4,200045,MAGRETH,ZANUARI,IDENT
20160404060533,SA4,101947,HEAVENLIGHT,NKYA,IDENT
20160404060611,SA5,100260,JACKSON,ATANUS,IDENT
20160404060649,SA4,200206,JASMINI,MOHAMED,IDENT
20160404060651,SA6,900420,FRANCIS,TESHA,IDENT
20160404060654,SA4,100630,CHRISTINA,MWENDA,IDENT
20160404060656,SA6,900115,AKIDA,DUGANGE,IDENT
20160404060659,SA4,200205,ANNA,KIMARO,IDENT
20160404060705,SA4,100840,ROSE,MWAMAKOLA,IDENT
20160404060707,SA4,200142,MONICA,SHEMBONI,IDENT
20160404060707,SA5,100246,TERESIA , MIHAMBO,IDENT
20160404060724,SA4,100592,HALIMA,SEIF,IDENT
20160404060739,SA4,100760,EDINA,MZUNGU,IDENT
20160404060754,SA4,100658,SALAMA,MOHAMAD,IDENT
20160404060755,SA5,100356,AWAZI,SALIM,IDENT
20160404060758,SA4,100541,NEEMA,URASSA,IDENT
20160404060759,SA5,100255,ANDREW,KILUGWA,IDENT
20160404060807,SA4,100672,DIANA,LEMA,IDENT
20160404060813,SA4,100921,TATU,ISSA,IDENT
20160404060817,SA6,900423,GARDINO,MHIMBA,IDENT
20160404060832,SA4,100850,MARIAM,SABURI,IDENT
20160404060839,SA5,100328,EDWIN,KIPUYO,IDENT
20160404060858,SA4,101775,REHEMA,SALEHE,IDENT
20160404060903,SA4,100804,SALAMA,BIGE,IDENT
20160404060910,SA5,100234,SAVELINA ,KASHASHA,IDENT
20160404060910,SA6,900166,RAMADHANI,KIPENGELE,IDENT
20160404060941,SA5,100279,FRANK,MANDI,IDENT
20160404060943,SA4,200226,TEDDY,MAGAMBO,IDENT
20160404061044,SA4,101613,SHARON,IBRAHIM,IDENT
20160404061146,SA6,900169,REHEMA,YUSUFU,IDENT
20160404061208,SA4,100721,FATUMA,MTAMBUA,IDENT
20160404061343,SA4,200282,JENIPHA,DAMIAN,IDENT
20160404061959,SA5,100353,MAGRETH,LUGERA,IDENT
20160404062348,SA6,900116,ASHA,ALLY,IDENT
20160404062716,SA1,100019,FRANCIS,RAFAEL,IDENT
20160404062729,SA1,100065,EMENUEL,KYEJO,IDENT
20160404062741,SA6,900002,ABDALLAH,MWEYO,IDENT
20160404062821,SA4,100629,KULWA,MSUMA,IDENT
20160404063900,SA6,900023,JINGSON,SAIMON,IDENT
20160404063914,SA6,900391,ALLY,MASHAURI,IDENT
20160404064352,SA6,900448,JOSEPH,MKELEBE,IDENT
20160404064409,SA6,101110,ESTER,THEOOFIL,IDENT
20160404064543,SA5,100328,EDWIN,KIPUYO,IDENT
20160404065120,SA6,900040,MWAJUMA,KATONA,IDENT
20160404065336,SA6,900170,REHEMA,CHINUNJE,IDENT
20160404065442,SA6,900123,CHARLES,LUSWETULA,IDENT
20160404070112,SA6,900432,HAMZA,ABDALLAH,IDENT
20160404070139,SA6,900133,GEORGE,GIDION,IDENT
20160404070343,SA6,900120,BENEDICTO,MBOKO,IDENT
20160404071110,SA6,101113,JOSEPHINA,HAU,IDENT
20160404071828,SA6,101106,AMBALI,SOUD,IDENT
20160404072217,SA6,900039,MWAJABU,ALLY,IDENT
20160404072416,SA6,101880,RICHARD,MAKASI,IDENT
20160404072428,SA6,900041,NELSON,MTEMI,IDENT
20160404072712,SA6,900271,HUSNA,SAID,IDENT
20160404072809,SA6,900029,JUMANNE,MBONDE,IDENT
20160404072819,SA6,900387,ADAM,KINGU,IDENT
20160404073327,SA6,900268,GWANTWA,MWASYEBULE,IDENT
20160404073436,SA6,900109,AMANI,NYAKARASHI,IDENT
20160404073459,SA1,900429,GOODLUCK,LYAHONA,IDENT
20160404073926,SA6,900682,BENEDICT,ELIAS,IDENT
20160404074011,SA6,E079,BALASUBRAMANIAM,M,IDENT
20160404074206,SA6,900048,SHELLA,MFAUME,IDENT
20160404074212,SA6,900132,FRIDA,KIGWA,IDENT
20160404074235,SA6,900144,JANE,MWAKABULUFU,IDENT
20160404074403,SA6,900017,FIKA,JOMSON,IDENT
20160404074618,SA6,900397,ANNA,MOSHI,IDENT
20160404074641,SA4,200268,SAKINA,KIZEE,IDENT
20160404074705,SA6,900108,NORAH,CLEMENCE,IDENT
20160404074901,SA6,900446,JOSEPH,KIBASA,IDENT
20160404074907,SA6,E043,VAGEESH,KUMAR,IDENT
20160404075036,SA6,900143,JACKLINE,MAIGA,IDENT
20160404075115,SA5,200350,NEEMA,KILUZIA,IDENT
20160404075126,SA5,100403,NASRA,MSANYA,IDENT
20160404075133,SA6,900703,MUSSA,MTALI,IDENT
20160404075141,SA6,900292,ROSE,CHIKAWE,IDENT
20160404075151,SA6,900418,FELIX ,WAUSA,IDENT
20160404075205,SA6,900138,HUSSEIN,SHABANI,IDENT
20160404075216,SA4,200306,HELLEN,KIZWALO,IDENT
20160404075228,SA6,900407,CHRISTIAN ,NGONYANI,IDENT
20160404075234,SA6,900262,FRIDA, MWAMBEGELE,IDENT
20160404075239,SA6,900016,FATUMA,HAMISI,IDENT
20160404075256,SA5,100303,SHAIBU,KASANGA,IDENT
20160404075339,SA5,100219,JAMES,MKONO,IDENT
20160404075345,SA5,100394,KONDO,MOHAMED,IDENT
20160404075357,SA5,101756,YONA,MAPELELE,IDENT
20160404075453,SA6,900470,MODEST,NJAU,IDENT
20160404075500,SA6,E021,RAJA,SWAMINATHAN,IDENT
20160404075509,SA6,900656,DOTTO,MONGOMONGO,IDENT
20160404075539,SA6,E008,ATUL,PATHAK,IDENT
20160404075552,SA6,900646,SARAH,MWAIPOPO,IDENT
20160404075611,SA6,900660,IDDI,ALLY,IDENT
20160404075623,SA6,101102,FILES,MBANDO,IDENT
20160404075640,SA5,200171,RESPICIUS, NDYAMUKAMWA,IDENT
20160404075759,SA6,101103,UMMY,KWANGALA,IDENT
20160404075829,SA6,900151,LISSY,KIGONJOLA,IDENT
20160404075830,SA5,100172,HENRY ,CHELULA,IDENT
20160404075910,SA6,900431,HAMADI,ZUBERI,IDENT
20160404075912,SA6,900458,KIBWANA,SAIDI,IDENT
20160404075917,SA6,900142,IRENE,MREMA,IDENT
20160404075921,SA6,900488,THOBIAS,KIWELU,IDENT
20160404075926,SA6,900591,RASHID ,MUNKENDA,IDENT
20160404075933,SA6,900398,ARSEN, RWEBANGILA	,IDENT
20160404075942,SA6,900393,ALLY,MTWALE,IDENT
20160404080024,SA6,900100,AROBOGAST,MOGELLA,IDENT
20160404080116,SA6,900257,ENGLIBERTH,DAUDI,IDENT
20160404080142,SA6,900494,YOHANA,LUSANA,IDENT
20160404080155,SA5,100301,ALLY,MBONDE,IDENT
20160404045144,SA3,101722,GERALD,MBAUKA,IDENT
20160404045159,SA3,101062,SAID,RAMADHANI,IDENT
20160404045235,SA3,100444,FLORA,DAMAS,IDENT
20160404045239,SA3,100513,HADIJA , KIHEGO,IDENT
20160404045243,SA3,100812,AMINA,CHITWANGWA,IDENT
20160404045253,SA3,100488,ELITABETH,GOMELO,IDENT
20160404045256,SA3,200202,ROSE,CHUWA,IDENT
20160404045305,SA3,100535,PAULINA,DEVA,IDENT
20160404045319,SA3,100487,ELIZABERTH,KIJA,IDENT
20160404045333,SA3,100457,ZALAU,NGWELE,IDENT
20160404045340,SA3,100644,ANITHA,KWIMBA,IDENT
20160404045405,SA3,100475,MWANAHAMISI,MAREKANO,IDENT
20160404045413,SA3,200158,MANEO,ATHUMANI,IDENT
20160404045431,SA3,101516,ELIWAZA,MWIGOHA,IDENT
20160404045508,SA3,200128,FURAHA,TEMBA,IDENT
20160404045527,SA3,101036,RASHID,MDOE,IDENT
20160404045533,SA3,100464,ASHA,MALINBWI,IDENT
20160404045539,SA3,200248,MWAMVITA,MWAIPOPO,IDENT
20160404045553,SA2,100944,LUCY,AGASTINO,IDENT
20160404045553,SA3,100503,MWANIA,PEMBE,IDENT
20160404045634,SA2,101072,TATU,ATHUMAN,IDENT
20160404045641,SA3,200163,INOCENT , KIFUMU,IDENT
20160404045641,SA2,101782,MWATANGA,DIENI,IDENT
20160404045654,SA2,101517,REHEMA,CHETE,IDENT
20160404045656,SA3,101068,FLORA,MSAMLA,IDENT
20160404045705,SA3,200225,AGNESS,MWAMBENGO,IDENT
20160404045713,SA2,100915,AMINA,BAKARI,IDENT
20160404045723,SA2,100855,RUKIA,ALLY,IDENT
20160404045739,SA3,100450,FRIDA,MKUMBO,IDENT
20160404045739,SA2,200262,FATIMA,ALLY,IDENT
20160404045744,SA2,100845,AGNES,MTYANGILE,IDENT
20160404045800,SA2,100612,SOPHIA,MBONDE,IDENT
20160404045806,SA2,200190,SOPHIA,LUGOME,IDENT
20160404045812,SA2,101511,PILI,MDEDE,IDENT
20160404045819,SA2,101014,ANGELA,MWAKAPALILA,IDENT
20160404045821,SA3,100654,MUHINA,GOMBE,IDENT
20160404045825,SA2,101513,HADIJA,MPAMBA,IDENT
20160404045827,SA3,100710,HERMAN,MAKOKO,IDENT
20160404045833,SA2,100492,SALMA,MWAWILA,IDENT
20160404045859,SA3,100461,SELEN,JUMA,IDENT
20160404045919,SA2,100792,MWANAKOMBO,KHALID,IDENT
20160404045934,SA2,101512,EDINA,JOHN,IDENT
20160404045937,SA2,101071,YUNIS,NDAIGA,IDENT
20160404045941,SA2,100937,AMINA,MDOE,IDENT
20160404045946,SA3,101889,ASHA,MPELA,IDENT
20160404045947,SA2,100667,HABIBA,MDOSE,IDENT
20160404050000,SA2,101005,FATUMA,MUHANDO,IDENT
20160404050004,SA2,100678,HADIJA,MKOTA,IDENT
20160404050007,SA2,100869,JANE,SIMON,IDENT
20160404050010,SA2,100661,JANE,LUSENDELA,IDENT
20160404050015,SA2,101614,MARTINA,FISSO,IDENT
20160404050021,SA2,200259,SAMI,MTITIMA,IDENT
20160404050027,SA2,200064,SAUDA,MAULID,IDENT
20160404050037,SA2,101991,IBRAHIM,MZENTO,IDENT
20160404050040,SA3,100670,MWANAHAMISI,MAKUNGANYA,IDENT
20160404050047,SA2,200243,HAPPY,MKWEPU,IDENT
20160404050104,SA2,200151,ASMA,KONDO,IDENT
20160404050113,SA3,200191,JAMILA,MASONGI,IDENT
20160404050242,SA2,101067,ELIZABETH,MRAMU,IDENT
20160404050244,SA3,100465,MWASITI,MAULID,IDENT
20160404050246,SA2,101952,NURU,MULONGANILE,IDENT
20160404050321,SA2,100815,CHRISTINA,JAILOS,IDENT
20160404050322,SA3,100467,IRENE,GABRIEL,IDENT
20160404050330,SA2,100838,ASHA,MOHAMED,IDENT
20160404050342,SA2,200081,FATUMA,MASOUD,IDENT
20160404050456,SA2,100438,TECLA,SAMWEL,IDENT
20160404050503,SA2,100708,RAPHAEL,MBOKO,IDENT
20160404050512,SA2,200042,SIJARI,MAGOMBE,IDENT
20160404050517,SA2,101514,MARIA ,SANGA,IDENT
20160404050520,SA2,100878,HALIFA,MOHAMED,IDENT
20160404050533,SA2,100652,VERONICA,MFILINGE,IDENT
20160404050549,SA3,100684,AGNESS,NAWAHIGA,IDENT
20160404050554,SA2,101510,SALOME,DUA,IDENT
20160404050622,SA2,101765,TAUS,MUSTAPHA,IDENT
20160404050649,SA3,101007,ZAINABU,OMARY,IDENT
20160404050658,SA2,200305,NDEKESIO,SIKAWA,IDENT
20160404050716,SA2,200280,MAGRETH,MASAWE,IDENT
20160404050722,SA2,100645,RAHMA,MWIMBA,IDENT
20160404050726,SA3,100527,RUKIA,MOHAMED,IDENT
20160404050739,SA2,100814,JANE,MHONGOLE,IDENT
20160404050744,SA3,100560,PILLI,SAIDI,IDENT
20160404050839,SA2,100508,AZIZA,KAKOMBE,IDENT
20160404050854,SA3,101078,SALMA,MUHARAMU,IDENT
20160404051006,SA2,100808,KAUSE,ABDALLAH,IDENT
20160404051130,SA2,100957,SUZANA,KIMARO,IDENT
20160404051616,SA2,100956,HADIJA,SALUM,IDENT
20160404051657,SA3,101034,MWAJUMA,ABDALLAH,IDENT
20160404052116,SA2,100809,PILLY,MWAWILA,IDENT
20160404052130,SA3,100432,MWAJABU,BAKARI,IDENT
20160404052251,SA2,200046,SALAMA,ALLY,IDENT
20160404052546,SA2,100540,ZAINABU,SADALLAH,IDENT
20160404062623,SA2,100841,JAMIRA,SAIDI,IDENT
20160404063522,SA2,200349,FRANK,MOSHI,IDENT
20160404063954,SA2,200314,DEO,SAKAYA,IDENT
20160404064040,SA2,100596,ISMAIL,RAMADHANI,IDENT
20160404064224,SA2,200320,OMARI,OMAR,IDENT
20160404064231,SA2,100559,ANNA,MPUGE,IDENT
20160404064627,SA2,100624,HALIMA,KAMOTE,IDENT
20160404064646,SA2,100566,MKWAYA,TONGOLA,IDENT
20160404080331,SA6,900436,HONEST,MATEMU,IDENT
20160404080334,SA6,900111,SALUM,SAIDI,IDENT
20160404080341,SA6,900472,MWALIMU,SELEMANI,IDENT
20160404080346,SA6,900576,AZZA,MSAKANGOTO,IDENT
20160404080352,SA6,900467,MBARUKU,OSWAD,IDENT
20160404080401,SA6,900485,SHUFAA,ABEID,IDENT
20160404080415,SA6,900011,BLANTINA,MLOWE,IDENT
20160404080422,SA6,101104,MARY,JOSEPH,IDENT
20160404080428,SA5,100249,ELIWA ,SHAO,IDENT
20160404080432,SA6,E076,KAILASH,MONEN,IDENT
20160404080434,SA6,E076,KAILASH,MONEN,IDENT
20160404080441,SA6,900445,JOHN,MASUNGWA,IDENT
20160404080445,SA6,E069,SHANTANU,KULKARNI,IDENT
20160404080548,SA6,900574,FURAHA,MSAMBWA,IDENT
20160404080553,SA6,900057,ZAITUNI,ABDALLAH,IDENT
20160404080603,SA6,900402,BARAKA,MVUNGI,IDENT
20160404080620,SA6,900465,MARTIN,KIDUNGU,IDENT
20160404080632,SA6,900581,SAADA,MUHINTE,IDENT
20160404080637,SA6,900165,RAMADHANI,NYENJE,IDENT
20160404080709,SA6,900134,GRACE,KIM,IDENT
20160404080730,SA6,900486,SIMON,MWANKEMWA,IDENT
20160404080738,SA6,900452,KENNEDY,KIMARO,IDENT
20160404080859,SA6,900157,MZEE,KONDOWE,IDENT
20160404080929,SA6,900107,MSELEM,MSELEM,IDENT
20160404080934,SA6,900122,CATHERINE,KUMBATA,IDENT
20160404080942,SA6,900484,SHANI,MOHAMED,IDENT
20160404080946,SA6,900464,MARTHA,MWIKOLA,IDENT
20160404080951,SA6,900155,MWANAFATIMA,MATIPA,IDENT
20160404081003,SA6,900246,ABDULKARIM,ALI,IDENT
20160404081020,SA6,900439,IDDI,MOHAMED,IDENT
20160404081032,SA6,900114,ABEID,MOHAMED,IDENT
20160404081035,SA6,900400,BAHATI,LUBUVA,IDENT
20160404081038,SA6,900408,COLLMAN,KISISA,IDENT
20160404081040,SA6,900435,HASSAN,NKHAMBI,IDENT
20160404081047,SA6,900055,VERONICA,MBAZIGWA,IDENT
20160404081058,SA6,900174,SOSTHENES,MUKAMA,IDENT
20160404081152,SA6,900156,MWANAISHA,UWESU,IDENT
20160404081201,SA6,900004,AGATHA,KAYOMBO,IDENT
20160404081224,SA6,900008,ANNE,MCHUMA,IDENT
20160404081237,SA6,900388,AGNES,SHAYO,IDENT
20160404081327,SA6,900701,MATHEW,NDANSHAU,IDENT
20160404081420,SA6,E078,SANJAY,GOYAL,IDENT
20160404081514,SA6,900462,MANDIZEL,KWIMBA,IDENT
20160404081520,SA6,900430,GWAKISA,MWAKASAGURE,IDENT
20160404081552,SA6,E077,SUMIT,BHATNAGAR,IDENT
20160404081612,SA6,900043,RANI,MOHAR,IDENT
20160404081631,SA6,900405,CHARLES,WILLIAM,IDENT
20160404081639,SA6,900416,ERICK,DAUD,IDENT
20160404081647,SA6,900460,LAMECK,ASSETO,IDENT
20160404081712,SA6,900620,AYOUB,MTAFUNGWA,IDENT
20160404081714,SA6,E037,SRINIVAS,DANTU,IDENT
20160404081720,SA6,900007,ANNA,DUA,IDENT
20160404081821,SA6,E013,GIRIRAJ,SHARMA,IDENT
20160404081911,SA2,100627,JUMANNE,ZONGO,IDENT
20160404082017,SA6,900481,RICHARD,KWEYAMBA,IDENT
20160404082111,SA2,100784,FATUMA,MSAKUZI,IDENT
20160404082347,SA6,900044,REGINARD,MSHANGA,IDENT
20160404082420,SA2,100895,ASIA,KARATA,IDENT
20160404082511,SA2,100617,ISMAIL,THOMAS,IDENT
20160404082534,SA6,900560,DEOGRASIAS,STEPHIN,IDENT
20160404082647,SA6,900131,FRANK,MAKWABU,IDENT
20160404082659,SA6,900103,FREDNAND,JACKSON,IDENT
20160404083053,SA6,101112,AMINA,SOGOI,IDENT
20160404083341,SA6,900110,RASHID,ISSA,IDENT
20160404083559,SA6,900390,ALBERT,KANENDA,IDENT
20160404083612,SA3,200321,HEMED,KAZEMBE,IDENT
20160404083750,SA1,101114,ABUBAKARI,KHALIDI,IDENT
20160404084036,SA1,100095,JACOB,KAWALE,IDENT
20160404084219,SA6,900644,FARIDA,RUBANZA,IDENT
20160404084430,SA6,900649,ZUBEDA,MANDIA,IDENT
20160404084523,SA1,100095,JACOB,KAWALE,IDENT
20160404084633,SA6,900184,JASPER,NGURUBE,IDENT
20160404084644,SA6,900137,HERIETH,MWELI,IDENT
20160404084712,SA6,E067,ANKIT,JAIN,IDENT
20160404085737,SA6,900280,TADEO,MWINGIZI,IDENT
20160404090000,SA6,900629,MICHAEL,ZAMBETAKIS,IDENT
20160404090007,SA6,900629,MICHAEL,ZAMBETAKIS,IDENT
20160404090025,SA6,101813,MUSA,MZEE,IDENT
