20160703081040,SA2,901446,DANIEL,MBARUKA,IDENT
20160703081427,SA6,901435,FILES,MBANDO,IDENT
20160703081554,SA6,900131,FRANK,MAKWABU,IDENT
20160703081638,SA1,900224,JABIRI,AMANZI,IDENT
20160703081732,SA6,900435,HASSAN,NKHAMBI,IDENT
20160703081838,SA6,900120,BENEDICTO,MBOKO,IDENT
20160703081959,SA6,900390,ALBERT,KANENDA,IDENT
20160703082116,SA6,900413,ELIBAHATI,JOSEPH,IDENT
20160703082345,SA6,900171,ROBERT,MFUNI,IDENT
20160703082741,SA6,901440,UMMY,KWANGALA,IDENT
20160703082825,SA1,900450,JUMA,RAMADHANI,IDENT
20160703083330,SA6,900156,MWANAISHA,UWESU,IDENT
20160703083542,SA6,900454,KHALFAN,AMOUR,IDENT
20160703083553,SA6,900165,RAMADHANI,NYENJE,IDENT
20160703084320,SA1,900429,GOODLUCK,LYAHONA,IDENT
20160703084718,SA6,901434,JOSEPHINA,HAU,IDENT
20160703085929,SA6,900103,FREDNAND,JACKSON,IDENT
20160703090505,SA6,E079,BALASUBRAMANIAM,M,IDENT
20160703092109,SA6,E013,GIRIRAJ,SHARMA,IDENT
20160703092615,SA6,900488,THOBIAS,KIWELU,IDENT
20160703093152,SA6,900017,FIKA,JOMSON,IDENT
20160703103142,SA6,E043,VAGEESH,KUMAR,IDENT
20160703105907,SA4,900991,CHRISTINA,JAILOS,IDENT
20160703105911,SA4,901119,LINA,MLAWA,IDENT
20160703105916,SA5,900975,EDINA,MZUNGU,IDENT
20160703105916,SA4,900926,AMINA,KONDO,IDENT
20160703105919,SA4,900922,BAHATI,SALEHE,IDENT
20160703105923,SA4,901131,ESTA,KWEKA,IDENT
20160703105932,SA4,901028,REHEMA,KWENGWEGU,IDENT
20160703105935,SA4,900882,WINIFRIDA,MALISELINO,IDENT
20160703105937,SA4,901067,HELENA,SAMWELI,IDENT
20160703105941,SA4,901116,GRACE,KAHANGE,IDENT
20160703105949,SA4,900984,SALAMA,BIGE,IDENT
20160703105952,SA4,901118,LILIAN,MREMA,IDENT
20160703110005,SA4,901172,AGNES,STEVEN,IDENT
20160703110008,SA4,901162,MWANAHARUSI,MOHAMED,IDENT
20160703110011,SA4,901141,HADIJA,SALUM,IDENT
20160703110015,SA4,901100,REHEMA,SALEHE,IDENT
20160703110017,SA4,901109,AMINA,MNYIFUNA,IDENT
20160703110019,SA5,901102,ORIVER,DAUD,IDENT
20160703110020,SA4,901095,BEATA,KOMBA,IDENT
20160703110022,SA4,901225,NOELA,YALOT,IDENT
20160703110022,SA5,901120,MERCY,MONGI,IDENT
20160703110025,SA4,900911,NEEMA,URASSA,IDENT
20160703110031,SA5,900999,ROSE,MWAMAKOLA,IDENT
20160703110038,SA4,901142,SOPHIA,YUSUPH,IDENT
20160703110039,SA5,901001,AMINA,MUYA,IDENT
20160703110040,SA4,901093,SHARON,IBRAHIM,IDENT
20160703110044,SA5,900952,SALAMA,MOHAMAD,IDENT
20160703110044,SA4,901222,DEBORA,FILIPATALI,IDENT
20160703110047,SA4,900973,SHARIFA,LIYAYA,IDENT
20160703110048,SA5,901033,TATU,ISSA,IDENT
20160703110049,SA4,901139,HAPPY ,ZAKAYO,IDENT
20160703110051,SA5,901057,ANNA,KITOMARY,IDENT
20160703110053,SA4,900948,VERONICA,MFILINGE,IDENT
20160703110058,SA4,901173,BAHATI,MAKAMBA,IDENT
20160703110101,SA5,901003,SALAMA,KADALA,IDENT
20160703110104,SA4,901224,ANNA,NYAKAPALA,IDENT
20160703110108,SA4,901177,ASHA,MAVENGELO,IDENT
20160703110110,SA5,901058,HAMIDA,MATIPA,IDENT
20160703110112,SA4,901228,CESILIA,MBABUYE,IDENT
20160703110117,SA4,901204,SOPHIA,LUGOME,IDENT
20160703110120,SA2,901039,JULIANA,SUKU,IDENT
20160703110123,SA2,901192,ASMA,KONDO,IDENT
20160703110126,SA4,901071,YUNIS,NDAIGA,IDENT
20160703110131,SA4,901256,AVERINA,AMANDUS,IDENT
20160703110135,SA4,901145,ADELINA,MALEMA,IDENT
20160703110140,SA4,900966,ZUHURA,KIJIMBO,IDENT
20160703110144,SA4,901036,AZIZA,MANGETU,IDENT
20160703110150,SA4,900956,DIANA,LEMA,IDENT
20160703110154,SA4,901066,ZULEHA,MOHAMED,IDENT
20160703110157,SA4,901250,JENIPHA,DAMIAN,IDENT
20160703110202,SA4,900928,MARIA,MAGWE,IDENT
20160703110208,SA4,901018,AISHA,KIBINDO,IDENT
20160703110210,SA4,901163,SIJALI,MKELE,IDENT
20160703110213,SA5,901137,SOFIA,KIUMBE,IDENT
20160703110214,SA4,901029,MARIAM,OMAR,IDENT
20160703110225,SA4,901138,JOYCE,CHEMRA,IDENT
20160703110228,SA4,901221,TEDDY,MAGAMBO,IDENT
20160703110232,SA4,900918,MARIAM,RAMADHANI,IDENT
20160703110234,SA4,900918,MARIAM,RAMADHANI,IDENT
20160703110238,SA4,900971,NAOMI,SAMWELI,IDENT
20160703110241,SA4,901232,ZAMDA,HASSAN,IDENT
20160703110243,SA5,901056,ANGELA,MWAKAPALILA,IDENT
20160703110245,SA4,901008,GRESS,KOBA,IDENT
20160703110251,SA5,901126,YUNIS,LULANDALA,IDENT
20160703110252,SA4,901207,AISHA,ABEID,IDENT
20160703110258,SA2,901164,SWAUMU,KAYANDA,IDENT
20160703110258,SA4,901074,VERONICA,KIMWAGA,IDENT
20160703110305,SA4,901077,CONSOLATH,MATERU,IDENT
20160703110312,SA2,901134,NURU,MULONGANILE,IDENT
20160703110313,SA4,901002,MARIAM,SABURI,IDENT
20160703110316,SA4,901146,MARTHA,MAKOTI,IDENT
20160703110316,SA2,901223,HAPPY,MKWEPU,IDENT
20160703110323,SA4,900847,ZAINABU,SINGANO,IDENT
20160703110324,SA2,901183,YASINTA,MKIWA,IDENT
20160703110335,SA4,901005,HADIJJA,KIJUU,IDENT
20160703110344,SA2,900881,ZAINABU,SAIDI,IDENT
20160703110347,SA4,900888,AMINA,NGAINA,IDENT
20160703110352,SA4,900970,MARIA,ELIESEL,IDENT
20160703110355,SA4,900942,CHRISTINA,MWENDA,IDENT
20160703110359,SA4,901165,FATUMA,ABDALLAH,IDENT
20160703110402,SA4,901217,VIVIAN,MWANGATA,IDENT
20160703110405,SA4,900893,JOYCE,MCHOMVU,IDENT
20160703110407,SA2,900998,ASHA,MOHAMED,IDENT
20160703110411,SA2,901024,ASIA,KARATA,IDENT
20160703110417,SA2,901154,SALAMA,ALLY,IDENT
20160703110419,SA4,901208,SARAH,MWINANI,IDENT
20160703110421,SA4,901153,MAGRETH,ZANUARI,IDENT
20160703110428,SA2,901176,FATUMA,MASOUD,IDENT
20160703110431,SA2,901094,MARTINA,FISSO,IDENT
20160703110434,SA4,901161,NURU,MOHAMED,IDENT
20160703110445,SA4,901249,HILDA,MWAZEMBE,IDENT
20160703110449,SA4,901236,FATIMA,ALLY,IDENT
20160703110457,SA2,900990,JANE,MHONGOLE,IDENT
20160703110459,SA2,901175,SALMA,RAMADHAN,IDENT
20160703110504,SA4,901169,VERONICA,LECHIPYA,IDENT
20160703110513,SA2,900874,LUCY,ELIAS,IDENT
20160703110518,SA2,900923,HELENA,KHAJI,IDENT
20160703110521,SA2,900901,NEEMA,NYAKOKI,IDENT
20160703110522,SA4,901257,FRIDA,MHELELA,IDENT
20160703110526,SA2,900939,STELLA,MAGOGWA,IDENT
20160703110551,SA4,901128,ZAITUNI,SOGOI,IDENT
20160703110601,SA2,900866,FLORA,DAMAS,IDENT
20160703110603,SA4,901014,LUCY,THOMAS,IDENT
20160703110611,SA2,900978,ELIZABETH,ZAE,IDENT
20160703110613,SA3,901202,VITALIS,KESSI,IDENT
20160703110614,SA4,901209,MIRIAM,MNDEWA,IDENT
20160703110617,SA3,901203,STANLEY,KIGUNGA,IDENT
20160703110618,SA2,901011,JANE,SIMON,IDENT
20160703110638,SA2,901075,AGATHA,JAMALI,IDENT
20160703110644,SA2,901065,ZAINABU,KARUMUNA,IDENT
20160703110639,SA4,901017,CATHERINE,NYEMA,IDENT
20160703110642,SA4,901266,AZIZA,KAKOMBE,IDENT
20160703110646,SA4,900917,SALMA,DIWILE,IDENT
20160703110653,SA4,900968,TAUSI,SIMBA,IDENT
20160703110711,SA4,901009,MOSHI,SAIDI,IDENT
20160703110734,SA2,901038,AMINA,MDOE,IDENT
20160703110739,SA2,901085,ELIZABETH,NYAMBO,IDENT
20160703110745,SA2,901049,REDEMTA,DANIEL,IDENT
20160703110754,SA4,901108,AISHA,WILLIUM,IDENT
20160703110757,SA4,900953,JANE,LUSENDELA,IDENT
20160703110802,SA4,900910,ZAINABU,SADALLAH,IDENT
20160703110805,SA4,900987,PILLY,MWAWILA,IDENT
20160703110906,SA4,900995,MARY,KIAMA,IDENT
20160703110908,SA4,900958,SOPHIA,LIKONGO,IDENT
20160703110913,SA2,901110,ASHA,MPELA,IDENT
20160703110916,SA2,901083,EDINA,JOHN,IDENT
20160703110919,SA2,900880,MWANAHAMISI,MAREKANO,IDENT
20160703110925,SA2,900886,ELIZABERTH,KIJA,IDENT
20160703110935,SA2,901086,ELIWAZA,MWIGOHA,IDENT
20160703110942,SA2,900900,HELENA,SENZUGWAKO,IDENT
20160703110953,SA4,900961,ELIZABETH,FRANCISCO,IDENT
20160703110957,SA2,901041,JACKLINI,MBOYA,IDENT
20160703110958,SA4,901252,JENIPHA,CHIZA,IDENT
20160703111131,SA2,901055,FATUMA,MUHANDO,IDENT
20160703111149,SA2,901072,TATU,ATHUMAN,IDENT
20160703111211,SA6,900448,JOSEPH,MKELEBE,IDENT
20160703111123,SA4,901191,ROSE,BENARD,IDENT
20160703111143,SA4,901106,MARYNIA,KAYOMBO,IDENT
20160703111148,SA4,901211,ANNA,KIMARO,IDENT
20160703111225,SA2,901084,MARIA ,SANGA,IDENT
20160703111229,SA2,901020,VICTORIA,MWALUANDA,IDENT
20160703111324,SA3,900873,SELEN,JUMA,IDENT
20160703111328,SA4,901055,ZAINABU,OMARY,IDENT
20160703111330,SA3,900863,ANNA,MICHAEL,IDENT
20160703111340,SA2,900989,AMINA,CHITWANGWA,IDENT
20160703111344,SA2,901012,FATUMA,KABUMA,IDENT
20160703111347,SA3,901059,JAZIRA,RAMADHANI,IDENT
20160703111350,SA3,900884,HADIJA,GOGO,IDENT
20160703111357,SA3,900903,RUKIA,MOHAMED,IDENT
20160703111406,SA3,900897,SWAUMU,SAIDI,IDENT
20160703111411,SA3,901097,EMANUEL,MSOKWA,IDENT
20160703111414,SA3,900896,HADIJA , KIHEGO,IDENT
20160703111417,SA3,90086,FRIDA,MKUMBO,IDENT
20160703111418,SA2,900883,EDINA,ABED,IDENT
20160703111423,SA2,900947,ANNA,GODISON,IDENT
20160703111426,SA3,900877,IRENE,GABRIEL,IDENT
20160703111427,SA2,900951,MWAJUMA,AIDAN,IDENT
20160703111429,SA3,901210,ROSE,CHUWA,IDENT
20160703111430,SA2,901048,HALIMA,IDDI,IDENT
20160703111432,SA3,901227,MWAMVITA,MWAIPOPO,IDENT
20160703111437,SA3,901229,ANNA,NGAPONDA,IDENT
20160703111437,SA2,900898,RUKIA,MATAUKA,IDENT
20160703111440,SA3,900876,MWASITI,MAULID,IDENT
20160703111443,SA4,900870,GOMERY,DAUDI,IDENT
20160703111443,SA3,900862,EDINA,MWAKYOMA,IDENT
20160703111444,SA2,900914,HAWA,MWIMBE,IDENT
20160703111447,SA2,900879,RAHMA,KILO,IDENT
20160703111448,SA4,901559,MARIAM,JUMA,IDENT
20160703111450,SA2,900894,NURU,MAKANDE,IDENT
20160703111451,SA3,900931,JOHARI,KIMARO,IDENT
20160703111452,SA2,901013,YASINTA,SHELUBANZI,IDENT
20160703111454,SA3,901051,HABIBA,PAZZI,IDENT
20160703111457,SA4,901063,RACHEL,MZOROZORO,IDENT
20160703111459,SA6,900112,ABDALLAH,MIKALAMBILO,IDENT
20160703111459,SA3,900861,MWAJABU,BAKARI,IDENT
20160703111506,SA3,900865,CHRISTINA,MAGOWELA,IDENT
20160703111533,SA3,901200,INOCENT , KIFUMU,IDENT
20160703111539,SA4,901269,AISHA,HALFAN,IDENT
20160703111551,SA3,900864,TECLA,SAMWEL,IDENT
20160703111600,SA3,900891,HINESS,KAAYA,IDENT
20160703111635,SA3,900868,MAIMUNA,JARUFU,IDENT
20160703111734,SA4,900937,UPENDO,MLEWA,IDENT
20160703111736,SA2,901152,STELLA,MWAKATOBE,IDENT
20160703111756,SA4,901157,DAVID,JUMA,IDENT
20160703111809,SA4,900915,DOROTHEA,KILO,IDENT
20160703111827,SA4,901025,ASHURA,HAMISI,IDENT
20160703111832,SA4,900950,ASHURA,ATHUMAN,IDENT
20160703111922,SA4,901270,NAOMI,OBONG,IDENT
20160703112038,SA2,901267,NEEMA ,MWAMANYE,IDENT
20160703112045,SA6,900560,DEOGRASIAS,STEPHIN,IDENT
20160703112048,SA2,100956,HADIJA,SALUM,IDENT
20160703112214,SA6,900131,FRANK,MAKWABU,IDENT
20160703112218,SA6,900115,AKIDA,DUGANGE,IDENT
20160703112233,SA6,900580,BARAKA,MAGAFU,IDENT
20160703112321,SA2,901258,ATHUMAN,KILINDU,IDENT
20160703112458,SA4,901242,ISSA,MFAUME,IDENT
20160703112517,SA6,900647,JOHANSEN,MPANJU,IDENT
20160703112704,SA2,901040,LUCY,AGASTINO,IDENT
20160703112753,SA6,900127,DUNCAN,MHANDO,IDENT
20160703112921,SA6,901265,FRANK ,RUZIGA,IDENT
20160703112638,SA4,900844,AISHA,MSOMI,IDENT
20160703112730,SA4,901239,SAKINA,KIZEE,IDENT
20160703112906,SA3,901098,GERALD,MBAUKA,IDENT
20160703113215,SA6,900139,IDD,YUSUFU,IDENT
20160703113517,SA6,900148,JUDITH,MALISA,IDENT
20160703113530,SA6,900135,HALIMA,NGAMZI,IDENT
20160703113537,SA6,900658,MWASITI,LABOA,IDENT
20160703113623,SA3,900977,MWANAHAMISI,MUNKUNDA,IDENT
20160703114047,SA6,900586,MOHAMED,SOLOKA,IDENT
20160703114056,SA3,901062,RASHID,MDOE,IDENT
20160703114215,SA3,901064,SAID,RAMADHANI,IDENT
20160703114550,SA3,901196,BONIPHACE,NGESI,IDENT
20160703115528,SA6,900452,KENNEDY,KIMARO,IDENT
20160703115537,SA6,901149,EPIFANI, MBOKO,IDENT
20160703115557,SA6,900120,BENEDICTO,MBOKO,IDENT
20160703115620,SA6,900134,GRACE,KIM,IDENT
20160703115628,SA6,900169,REHEMA,YUSUFU,IDENT
20160703115831,SA3,901068,CATHERINE,MATENGO,IDENT
20160703120002,SA2,900979,FATUMA,MSAKUZI,IDENT
20160703120355,SA6,900171,ROBERT,MFUNI,IDENT
20160703120600,SA6,900151,LISSY,KIGONJOLA,IDENT
20160703120931,SA6,900582,ZABRON,TOSSI,IDENT
20160703121205,SA6,900168,RAZAKI,MTINDA,IDENT
20160703123152,SA6,900123,CHARLES,LUSWETULA,IDENT
20160703123740,SA6,900245,ABDALLAH,KIMULIMULI,IDENT
20160703123816,SA6,900047,SAMSON,SHILA,IDENT
20160703125232,SA6,E043,VAGEESH,KUMAR,IDENT
20160703130110,SA6,900103,FREDNAND,JACKSON,IDENT
20160703130449,SA6,900049,SIHABA,NAKIPENGELE,IDENT
20160703130656,SA1,900760,OMARY,MHAGAMA,IDENT
20160703131201,SA6,E079,BALASUBRAMANIAM,M,IDENT
20160703131450,SA6,900046,SALUM,NDEGE,IDENT
20160703131543,SA6,900035,MOHAMED,HAUSI,IDENT
20160703131758,SA6,900037,MOHAMED,MKALA,IDENT
20160703131944,SA6,900005,ALLY,MFUNGWE,IDENT
20160703132626,SA1,900786,FARAJI,KILUWA,IDENT
20160703133822,SA1,900764,OMBENI,MICHAEL,IDENT
20160703134145,SA6,900541,GOLDEN,MDUBA,IDENT
20160703134102,SA1,900795,ALLY,LIKIWA,IDENT
20160703134259,SA1,900228,KAGERA,MSAMBUSI,IDENT
20160703134432,SA1,900821,SAWA,SWAHA,IDENT
20160703134445,SA1,900809,JAMES,MWENDA,IDENT
20160703134450,SA1,900798,ATHUMAN,SEIF,IDENT
20160703135032,SA1,900800,NAPEGWA,JACOB,IDENT
20160703135310,SA1,900802,EMANUEL,SILAYO,IDENT
20160703135315,SA1,900477,RAMADHANI,LUBASHA,IDENT
20160703135325,SA1,900818,PASCAL,MIKONDO,IDENT
20160703135330,SA1,900437,HUSSEIN,MBONDE,IDENT
20160703135342,SA1,900759,ELIAS,YAKOB,IDENT
20160703135345,SA1,900799,RAJABU,RUBASHA,IDENT
20160703135525,SA1,900822,MENRUFU,PILLY,IDENT
20160703135659,SA6,900040,MWAJUMA,KATONA,IDENT
20160703135712,SA6,900564,RAMADHANI,SAIDI,IDENT
20160703135752,SA1,900296,SAVERY,KAJELA,IDENT
20160703135922,SA1,900826,VITALIS,HOTTI,IDENT
20160703140418,SA1,900808,HEONANI,BAJANA,IDENT
20160703140431,SA1,900793,ABDUL,MAINGO,IDENT
20160703140526,SA6,901434,JOSEPHINA,HAU,IDENT
20160703140618,SA1,900440,IDRISA,KIMARO,IDENT
20160703140642,SA1,900810,JOSEPH,JULIUS,IDENT
20160703140936,SA1,900403,BEDA,YUDA,IDENT
20160703141027,SA5,900859,MASANGULA,MASANGURA,IDENT
20160703141046,SA1,900456,KHALIFA,BASHILI,IDENT
20160703141051,SA5,901444,BAKARI,KITILA,IDENT
20160703141104,SA6,900156,MWANAISHA,UWESU,IDENT
20160703141113,SA6,900292,ROSE,CHIKAWE,IDENT
20160703141137,SA6,E013,GIRIRAJ,SHARMA,IDENT
20160703141152,SA6,900050,STANLEY,JEREMIAH,IDENT
20160703141359,SA6,900165,RAMADHANI,NYENJE,IDENT
20160703141532,SA1,900421,FRANK ,MUSHI,IDENT
20160703142117,SA1,900224,JABIRI,AMANZI,IDENT
20160703142329,SA5,100597,NOVATI,TARIMO,IDENT
20160703142333,SA5,200351,MICHAEL,MICHAEL,IDENT
20160703143137,SA1,900231,MARKO,SHIMIZI,IDENT
20160703143241,SA1,900684,ABDUL,IMAMU,IDENT
20160703143258,SA1,900684,ABDUL,IMAMU,IDENT
20160703143851,SA1,900222,HENRY,NGOWI,IDENT
20160703151210,SA1,900411,DEO,JULIUS,IDENT
20160703153333,SA1,900045,SAIDI,MNDOLWA,IDENT
20160703153715,SA1,900429,GOODLUCK,LYAHONA,IDENT
20160703154338,SA5,901334,SHAIBU,KASANGA,IDENT
20160703154415,SA6,900703,MUSSA,MTALI,IDENT
20160703154419,SA6,900393,ALLY,MTWALE,IDENT
20160703154624,SA6,900454,KHALFAN,AMOUR,IDENT
20160703155425,SA6,900488,THOBIAS,KIWELU,IDENT
20160703155439,SA6,900462,MANDZEL,KWIMBA,IDENT
20160703160716,SA6,900468,MICHAEL,IBRAHIM,IDENT
20160703160740,SA6,900435,HASSAN,NKHAMBI,IDENT
20160703161037,SA6,900390,ALBERT,KANENDA,IDENT
20160703161555,SA6,900413,ELIBAHATI,JOSEPH,IDENT
20160703170041,SA1,900457,KHAMISI,MASUMBUKO,IDENT
20160703182759,SA6,900010,BITSON,MWASILE,IDENT
20160703185201,SA6,900543,JOHN,MAGANYA,IDENT
20160703191844,SA6,900028,JUMANNE,MRISHO,IDENT
20160703194956,SA1,900809,JAMES,MWENDA,IDENT
20160703195004,SA1,900798,ATHUMAN,SEIF,IDENT
20160703195121,SA1,900440,IDRISA,KIMARO,IDENT
20160703195238,SA1,900231,MARKO,SHIMIZI,IDENT
20160703195703,SA1,900281,NAYOPA,MTENDECHI,IDENT
20160703201837,SA6,900056,YESAYA,NTUNDUU,IDENT
20160703201845,SA6,900611,EVARIST,MPINGAURUGU,IDENT
20160703202722,SA1,900684,ABDUL,IMAMU,IDENT
20160703203346,SA6,900015,EMMANUEL ,CLEMENT,IDENT
20160703204220,SA1,900001,ABDALLAH,JUMANNE,IDENT
20160703204714,SA6,900051,SUDI,KHALFANI,IDENT
20160703204724,SA6,900035,MOHAMED,HAUSI,IDENT
20160703204737,SA6,900245,ABDALLAH,KIMULIMULI,IDENT
20160703205744,SA6,900046,SALUM,NDEGE,IDENT
20160703211853,SA1,900272,ISRAEL,GYUNA,IDENT
20160703211941,SA6,900019,HAMISI,MADODO,IDENT
20160704044543,SA6,900245,ABDALLAH,KIMULIMULI,IDENT
20160704053248,SA5,901179,AMANDA,KWEZI,IDENT
20160704053405,SA6,900175,TEDDY,SIMON,IDENT
20160704053521,SA6,900568,GODWIN,KIRIA,IDENT
20160704053340,SA5,901412,ELIA,NGWALI,IDENT
20160704053423,SA5,901363,ZUCRA,SWEDI,IDENT
20160704053520,SA5,200018,ABDALAH,SUDY,IDENT
20160704053652,SA5,901229,ANNA,NGAPONDA,IDENT
20160704053655,SA5,900878,AISHA,KIZINGA,IDENT
20160704053716,SA5,901037,FADINA,IBRAHIM,IDENT
20160704053722,SA1,900748,EDWARD,DAWSON,IDENT
20160704053725,SA5,900894,NURU,MAKANDE,IDENT
20160704053729,SA5,901030,VERONICA,WANGWE,IDENT
20160704053744,SA6,900019,HAMISI,MADODO,IDENT
20160704053745,SA5,901285,THABIT,ALLY,IDENT
20160704053750,SA1,900797,ASHAM,MUSA,IDENT
20160704044117,SA3,900908,SALMA,RWAMBANO,IDENT
20160704044120,SA3,901021,NEEMA ,MWANGO,IDENT
20160704044123,SA3,900983,RUKIA,KONDO,IDENT
20160704053814,SA5,900967,FATUMA,MTAMBUA,IDENT
20160704053820,SA5,901230,KUDRA,BAKARI,IDENT
20160704053825,SA5,901105,MTUMWA,ALLY,IDENT
20160704053845,SA5,901185,JOYCE,SAMWEL,IDENT
20160704053849,SA5,901113,ELIZABETH,SHIRIMA,IDENT
20160704053853,SA5,900905,AMINA,MUHIDINI,IDENT
20160704053858,SA5,901012,FATUMA,KABUMA,IDENT
20160704053940,SA5,900915,DOROTHEA,KILO,IDENT
20160704053959,SA5,901181,ASNA,SPRIAN,IDENT
20160704054004,SA5,901135,REHEMA,OMARY,IDENT
20160704054008,SA5,900899,MAGDALENA,SIMAO,IDENT
20160704054012,SA5,900927,SAADA,SALUM,IDENT
20160704054016,SA5,901379,JUMA,MAKALA,IDENT
20160704054020,SA5,901414,EMMANUEL,BANDIKO,IDENT
20160704054025,SA5,901295,ELLASIA,WILLIUM,IDENT
20160704054030,SA5,901366,LYDIA,MAKENE,IDENT
20160704054033,SA5,901130,NURU,DAUDI,IDENT
20160704054038,SA5,901133,HUSNA,SENGAMBA,IDENT
20160704054041,SA5,901354,AISHAH,OTHUMANI,IDENT
20160704054045,SA5,901108,AISHA,WILLIUM,IDENT
20160704054049,SA5,901160,SAUDA,MCHECHE,IDENT
20160704054052,SA5,901212,JASMINI,MOHAMED,IDENT
20160704054056,SA5,900968,TAUSI,SIMBA,IDENT
20160704054100,SA5,901023,AMINA,CHAKWE,IDENT
20160704054103,SA5,900868,MAIMUNA,JARUFU,IDENT
20160704054120,SA5,901190,NEEMA,MNYALAPE,IDENT
20160704054124,SA5,901256,AVERINA,AMANDUS,IDENT
20160704054154,SA5,901090,HADIJA,JUMA,IDENT
20160704054221,SA5,900913,ASHURA,NGUMBE,IDENT
20160704054230,SA5,901115,FROLA,SIKWEMBE,IDENT
20160704054234,SA5,901234,ANITHA,AHALIELI,IDENT
20160704054238,SA5,901143,LINES,PILLI,IDENT
20160704054240,SA5,901345,ALHAJI,KIHIYO,IDENT
20160704054243,SA5,901347,JAMES,MAJIJI,IDENT
20160704054247,SA5,901015,JOYCE,CHACHA,IDENT
20160704054254,SA5,900997,MARY,ONDURU,IDENT
20160704054257,SA5,901026,FATUMA,KONYO,IDENT
20160704054302,SA5,901322,SARAH,ALLY,IDENT
20160704054342,SA1,900773,FELIX,CHRISTOPHER,IDENT
20160704054347,SA1,900731,HUSSAIN,HAMADI,IDENT
20160704054401,SA6,900028,JUMANNE,MRISHO,IDENT
20160704054425,SA6,900582,ZABRON,TOSSI,IDENT
20160704054451,SA1,900218,GEDDY,SONENGA,IDENT
20160704054507,SA1,901557,WALTER,MAYA,IDENT
20160704054514,SA1,900296,SAVERY,KAJELA,IDENT
20160704054131,SA3,900902,SAKINA,MAWEMBA,IDENT
20160704054151,SA3,901198,MANEO,ATHUMANI,IDENT
20160704054233,SA3,901098,GERALD,MBAUKA,IDENT
20160704054306,SA5,901027,EDDA,MWAKIBINGWA,IDENT
20160704054313,SA5,901094,MARTINA,FISSO,IDENT
20160704054317,SA5,901089,HARUNA,ATHUMANI,IDENT
20160704054321,SA5,901007,MODESTA,JOGOO,IDENT
20160704054324,SA5,901174,BETH,NGADADA,IDENT
20160704054326,SA5,900921,MWAJUMA,IDDI,IDENT
20160704054326,SA3,901067,HELENA,SAMWELI,IDENT
20160704054329,SA5,900846,SARA,CHIDUNI,IDENT
20160704054333,SA5,900856,MWAJAMBU,HAMAD,IDENT
20160704054342,SA3,901175,SALMA,RAMADHAN,IDENT
20160704054346,SA5,901034,STAMILI,MUSSA,IDENT
20160704054351,SA5,901022,SILIVIA,SHAYO,IDENT
20160704054422,SA3,900883,EDINA,ABED,IDENT
20160704054427,SA3,901048,HALIMA,IDDI,IDENT
20160704054434,SA5,901122,NEEMA,FANUEL,IDENT
20160704054440,SA5,901246,VERONICA,MTENGWA,IDENT
20160704054450,SA5,901132,HEAVENLIGHT,NKYA,IDENT
20160704054455,SA5,901035,AGNES,NKONJELWA,IDENT
20160704054502,SA5,901047,MWAJUMA,HAMIS,IDENT
20160704054504,SA3,900863,ANNA,MICHAEL,IDENT
20160704054508,SA5,900943,MWAMINI,MPANGULE,IDENT
20160704054522,SA4,901104,MWANAHAWA,HASSAN,IDENT
20160704054539,SA5,900906,MARYSTELA,MCHOME,IDENT
20160704054544,SA5,901032,MARISELINA,NGULI,IDENT
20160704054545,SA4,901124,TABIA,OMARY,IDENT
20160704054549,SA5,901289,CONSOLATHA,RAPHAEL,IDENT
20160704054552,SA5,901241,FATUMA,JUMA,IDENT
20160704054554,SA4,901219,MARIAM,MUSSA,IDENT
20160704054555,SA5,901247,KULUTHUM,CHILEMILE,IDENT
20160704054600,SA4,901155,GRACE,MUHONO,IDENT
20160704054602,SA5,901264,HADIJA,RAMADHANI,IDENT
20160704054606,SA4,901218,JANE,RYOBA,IDENT
20160704054608,SA5,901274,AMINA,KAHABUKA,IDENT
20160704054610,SA4,900996,LILIAN,RASHIDI,IDENT
20160704054613,SA5,901127,ZAHARA,MBELWA,IDENT
20160704054617,SA5,901136,HONORATA,SHAYO,IDENT
20160704054617,SA2,901148,IBRAHIM,MZENTO,IDENT
20160704054621,SA5,900885,AMINA,MZARA,IDENT
20160704054621,SA2,901109,AMINA,MNYIFUNA,IDENT
20160704054622,SA4,901235,TUMAIN,MUNGURE,IDENT
20160704054629,SA4,900947,ANNA,GODISON,IDENT
20160704054632,SA5,901017,CATHERINE,NYEMA,IDENT
20160704054635,SA5,901111,ASIA,MSHAMU,IDENT
20160704054636,SA4,900916,SABINA,KINGIMALI,IDENT
20160704054643,SA4,901088,JANETH,MUONDO,IDENT
20160704054646,SA5,901255,ASHA,BILALI,IDENT
20160704054655,SA5,901193,VICTORIA,MWAMPEGETE,IDENT
20160704054655,SA4,900951,MWAJUMA,AIDAN,IDENT
20160704054659,SA4,900959,REHEMA,LYOWA,IDENT
20160704054703,SA5,900917,SALMA,DIWILE,IDENT
20160704054703,SA4,901182,RENIFRIDA,NGUMBU,IDENT
20160704054705,SA6,900130,FATUMA,CHOMBO,IDENT
20160704054708,SA5,901383,JOAN,OMANDI,IDENT
20160704054712,SA4,901168,REHEMA ,MWASOMOLA,IDENT
20160704054713,SA5,901283,KEDMOND,KAMOGA,IDENT
20160704054714,SA6,900261,FRANCIS,MAKOTI,IDENT
20160704054718,SA4,901164,SWAUMU,KAYANDA,IDENT
20160704054722,SA5,900932,MONICA,LIGOMBAIKA,IDENT
20160704054725,SA4,900865,CHRISTINA,MAGOWELA,IDENT
20160704054729,SA5,901394,TERESIA,MHAMBO,IDENT
20160704054733,SA4,901186,FROLA,KILIMA,IDENT
20160704054750,SA4,900891,HINESS,KAAYA,IDENT
20160704054755,SA4,901195,RAYMOND,BUKOJI,IDENT
20160704054800,SA4,901112,BUSHRA,SALUM,IDENT
20160704054808,SA6,900035,MOHAMED,HAUSI,IDENT
20160704054653,SA2,901095,BEATA,KOMBA,IDENT
20160704054704,SA2,900898,RUKIA,MATAUKA,IDENT
20160704054808,SA4,900904,ANNA,MAGEMBE,IDENT
20160704054809,SA5,901282,ADAM,MUSSA,IDENT
20160704054810,SA4,901114,FARIDA,AMBLOS,IDENT
20160704054818,SA4,900901,NEEMA,NYAKOKI,IDENT
20160704054838,SA4,901150,CHRISTINA,MBODE,IDENT
20160704054840,SA4,900988,UPENDO,PETER,IDENT
20160704054841,SA5,901407,AMINA,MSINGWA,IDENT
20160704054858,SA4,901140,ASHURA,MGENI,IDENT
20160704054859,SA5,901426,TABU,SUPHIANI,IDENT
20160704054903,SA4,100821,AGNESS,MEJA,IDENT
20160704054907,SA4,900985,BAHATI,SARAPIONI,IDENT
20160704054931,SA4,900972,SAFINA,ABEID,IDENT
20160704054938,SA4,901137,SOFIA,KIUMBE,IDENT
20160704054942,SA4,901271,RACHEL,MCHOVU,IDENT
20160704054945,SA4,901096,SAMWELI,MANGARE,IDENT
20160704054948,SA5,901288,EPIPHANIA,LUKWI,IDENT
20160704054949,SA4,900961,ELIZABETH,FRANCISCO,IDENT
20160704055009,SA4,901244,SWAUMU,HIMBU,IDENT
20160704055014,SA4,901183,YASINTA,MKIWA,IDENT
20160704055016,SA4,901187,MONICA,SHEMBONI,IDENT
20160704055022,SA4,901046,GRADIS,MAGANA,IDENT
20160704055024,SA3,900977,MWANAHAMISI,MUNKUNDA,IDENT
20160704055031,SA2,901152,STELLA,MWAKATOBE,IDENT
20160704055035,SA2,901192,ASMA,KONDO,IDENT
20160704055052,SA5,901336,ISMAIL,MHINA,IDENT
20160704055055,SA2,900963,MWAZANI,SAIDI,IDENT
20160704055104,SA4,901245,EVERINA,MKETO,IDENT
20160704055108,SA2,900914,HAWA,MWIMBE,IDENT
20160704055109,SA4,901042,FARIDA,NDAUKE,IDENT
20160704055121,SA4,901052,SUZANA,NAPANGA,IDENT
20160704055128,SA4,901107,MUHIDINI,HASSAN,IDENT
20160704055136,SA4,901129,FELISTA,NYAHENGE,IDENT
20160704055203,SA4,901043,ANNA,JOHN,IDENT
20160704055208,SA4,900851,SOPHIA,ZONGORI,IDENT
20160704055215,SA5,901381,DOROSTA,CLEMANCE,IDENT
20160704055218,SA4,901076,AGNESS,NGAPONDA,IDENT
20160704055223,SA5,901277,NEEMA,UISO,IDENT
20160704055226,SA4,901117,HIDAYA,MASOUD,IDENT
20160704055233,SA5,901409,MAGRETH,NGOSI,IDENT
20160704055237,SA4,901029,MARIAM,MWETEMBO,IDENT
20160704055239,SA5,901371,YASINTA,LEKERI,IDENT
20160704055240,SA4,901238,MARIAM,SELEMANI,IDENT
20160704055247,SA4,900933,WINFRIDA,LUSEBA,IDENT
20160704055249,SA4,900897,SWAUMU,SAIDI,IDENT
20160704055249,SA6,900127,DUNCAN,MHANDO,IDENT
20160704055300,SA5,901319,CHRISTINA,TATI,IDENT
20160704055305,SA5,901313,FATUMA,KAUNDA,IDENT
20160704055316,SA6,901149,EPIFANI, MBOKO,IDENT
20160704055323,SA6,900399,ATHUMANI,JUMA,IDENT
20160704055329,SA1,900001,ABDALLAH,JUMANNE,IDENT
20160704055346,SA1,900758,MOHAMEDY,ATHUMANI,IDENT
20160704055354,SA1,900727,GEORGE,GREAD,IDENT
20160704055459,SA1,900244,YOHA,MSANGI,IDENT
20160704055508,SA1,900721,GISELA,SHAYO,IDENT
20160704055509,SA6,900478,RAPHAEL,SENKONDO,IDENT
20160704055513,SA1,900578,MTARI,MAGINGA,IDENT
20160704055521,SA6,E032,SANKARAN,JAYARAM,IDENT
20160704055522,SA1,900743,JUMA,ISEMA,IDENT
20160704055529,SA1,900766,JUDITH,GEOFREY,IDENT
20160704055151,SA2,900884,HADIJA,GOGO,IDENT
20160704055307,SA4,901189,KURUTHUM,KHAMISI,IDENT
20160704055308,SA5,901297,STELLA,MAKUNDI,IDENT
20160704055313,SA4,900925,REGINA,THOMAS,IDENT
20160704055321,SA4,901251,GATI,NYANTUMAN,IDENT
20160704055327,SA4,901173,BAHATI,MAKAMBA,IDENT
20160704055346,SA2,901162,MWANAHARUSI,MOHAMED,IDENT
20160704055414,SA4,901217,VIVIAN,MWANGATA,IDENT
20160704055419,SA4,900879,RAHMA,KILO,IDENT
20160704055425,SA4,900994,MWAISHA,MWAMOTO,IDENT
20160704055435,SA2,900950,ASHURA,ATHUMAN,IDENT
20160704055435,SA4,900867,AISHA,KIUMBA,IDENT
20160704055444,SA4,900993,MARIAM,MSUMALI,IDENT
20160704055510,SA5,901331,DIANA,KABYEMELA,IDENT
20160704055511,SA4,901253,JOYCE,KESI,IDENT
20160704055517,SA3,901062,RASHID,MDOE,IDENT
20160704055517,SA4,900981,FIDES,MONGI,IDENT
20160704055526,SA2,901202,VITALIS,KESSI,IDENT
20160704055527,SA4,901051,HABIBA,PAZZI,IDENT
20160704055530,SA2,901201,DEOGRATIUS,KESSY,IDENT
20160704055533,SA2,901203,STANLEY,KIGUNGA,IDENT
20160704055533,SA4,901063,RACHEL,MZOROZORO,IDENT
20160704055537,SA2,901196,BONIPHACE,NGESI,IDENT
20160704055539,SA4,900946,RAHMA,MWIMBA,IDENT
20160704055547,SA4,901059,JAZIRA,RAMADHANI,IDENT
20160704055552,SA4,900939,STELLA,MAGOGWA,IDENT
20160704055555,SA3,900919,ANNA,MPUGE,IDENT
20160704055556,SA4,901237,ZUBEDA,KIMARO,IDENT
20160704055603,SA6,900140,IGNATUS,MLANGWA,IDENT
20160704055609,SA6,900662,ABDALLAH,ABEID,IDENT
20160704055629,SA1,900801,DAVID ,MWANJA,IDENT
20160704055636,SA4,900862,EDINA,MWAKYOMA,IDENT
20160704055636,SA6,900420,FRANCIS,TESHA,IDENT
20160704055648,SA6,900658,MWASITI,LABOA,IDENT
20160704055650,SA4,901025,ASHURA,HAMISI,IDENT
20160704055656,SA4,901243,PLAKSEDA,AKIZAMUNGU,IDENT
20160704055702,SA5,901365,JOYCE,SWILLAH,IDENT
20160704055710,SA5,901374,NASRA,HAMADI,IDENT
20160704055721,SA4,900860,AGNESS,LUHUNGO,IDENT
20160704055726,SA4,900890,OLIVER,UDOBA,IDENT
20160704055727,SA6,900010,BITSON,MWASILE,IDENT
20160704055737,SA6,900114,ABEID,MOHAMED,IDENT
20160704055746,SA4,900934,MWAJABU,MARIDADI,IDENT
20160704055758,SA4,900881,ZAINABU,SAIDI,IDENT
20160704055802,SA4,901242,ISSA,MFAUME,IDENT
20160704055826,SA6,900139,IDD,YUSUFU,IDENT
20160704055911,SA1,900217,FRED,JAMES,IDENT
20160704055916,SA1,900789,KAMPBONA,PASCAL,IDENT
20160704055920,SA1,900790,ISIHAKA,IDDI,IDENT
20160704055927,SA1,900729,MOHAMED,KOMBO,IDENT
20160704055932,SA1,900759,ELIAS,YAKOB,IDENT
20160704055940,SA1,900719,STEPHAN,SIMON,IDENT
20160704055949,SA1,900684,ABDUL,IMAMU,IDENT
20160704060016,SA6,900451,KASSIM,MALICK,IDENT
20160704055725,SA2,901167,KELVIN,NGOZI,IDENT
20160704055810,SA4,901004,ZAHARA,YANGE,IDENT
20160704055812,SA5,901321,ELIZABET,MHIMBA,IDENT
20160704055827,SA5,901170,BAHATI,SHABANI,IDENT
20160704055907,SA5,901377,HUSSEIN,MANYEMBA,IDENT
20160704055912,SA4,900931,JOHARI,KIMARO,IDENT
20160704055915,SA4,901261,ZAINA,KILWANDA,IDENT
20160704055916,SA5,901303,TAUSI,KATULA,IDENT
20160704055921,SA5,901392,STELLA,MTALLO,IDENT
20160704055932,SA5,901429,REHEMA,MAZEKU,IDENT
20160704055949,SA4,901013,YASINTA,SHELUBANZI,IDENT
20160704055950,SA5,901308,MADINA,ATHUMANI,IDENT
20160704055959,SA4,900970,MARIA,ELIESEL,IDENT
20160704060011,SA4,901263,JAMIRA,SAIDI,IDENT
20160704060013,SA3,901092,ASIA,JUMA,IDENT
20160704060016,SA4,901194,ELINA,ABEL,IDENT
20160704060035,SA2,901097,EMANUEL,MSOKWA,IDENT
20160704060042,SA1,900477,RAMADHANI,LUBASHA,IDENT
20160704060054,SA1,900466,MATHEW,PHILIP,IDENT
20160704060132,SA1,101945,JAMES,VALENTINE,IDENT
20160704060143,SA1,900750,JACOB,KAWALE,IDENT
20160704060144,SA6,900586,MOHAMED,SOLOKA,IDENT
20160704060213,SA6,900138,HUSSEIN,SHABANI,IDENT
20160704060248,SA1,900403,BEDA,YUDA,IDENT
20160704060300,SA1,900744,SILVESTER,KAHINDI,IDENT
20160704060306,SA1,900213,BEDASTUS,PIUS,IDENT
20160704060323,SA1,900816,MICHAEL,HUSEIN,IDENT
20160704060333,SA1,900777,MNADI,MRAJAA,IDENT
20160704060358,SA1,900728,JAMAL,MRISHO,IDENT
20160704060414,SA1,900752,SIMON,MAPUNDA,IDENT
20160704060414,SA6,900170,REHEMA,CHINUNJE,IDENT
20160704060419,SA6,900473,NAOMI,GONDA,IDENT
20160704060452,SA1,900819,PATRICK,MTONDOLA,IDENT
20160704060500,SA1,900806,GODFREY,KIHAWA,IDENT
20160704060510,SA1,900776,ZUBERI,MOHAMED,IDENT
20160704060330,SA4,901045,ASHURA,KATULA,IDENT
20160704060451,SA5,901284,MOHAMED,IDDI,IDENT
20160704060601,SA5,901293,JOHARI,MAHARIA,IDENT
20160704060740,SA1,900455,KHALFAN,OMARI,IDENT
20160704060753,SA6,900580,BARAKA,MAGAFU,IDENT
20160704060802,SA6,900611,EVARIST,MPINGAURUGU,IDENT
20160704060804,SA5,901078,NASMA,LINOGA,IDENT
20160704060811,SA6,900056,YESAYA,NTUNDUU,IDENT
20160704060822,SA1,900456,KHALIFA,BASHILI,IDENT
20160704060836,SA6,900556,REGINA,NDALUHEKEYE,IDENT
20160704060911,SA1,900281,NAYOPA,MTENDECHI,IDENT
20160704060921,SA1,900724,HASANI,MRISHO,IDENT
20160704060933,SA1,900802,EMANUEL,SILAYO,IDENT
20160704060956,SA1,900730,UHURU,MARWA,IDENT
20160704061028,SA1,900771,DATIUS,MARTINE,IDENT
20160704060836,SA5,901390,SHABANI,HUSEN,IDENT
20160704061054,SA1,900737,EXPEDTO,MKONGWE,IDENT
20160704061117,SA6,900572,DOTO,KAJOGOO,IDENT
20160704061133,SA6,900006,ANDREW,JOSEPH,IDENT
20160704061219,SA1,900738,MOHAMED,NGODA,IDENT
20160704061242,SA1,900216,ELLY,MKONGWE,IDENT
20160704061257,SA1,900808,HEONANI,BAJANA,IDENT
20160704061257,SA6,900161,PILLI ,MOHAMED,IDENT
20160704061419,SA1,900768,FILAN,FATAEL,IDENT
20160704061424,SA1,900825,TITO,MWAMBE,IDENT
20160704061433,SA1,900238,SAIMON,TARIMO,IDENT
20160704061454,SA1,900823,TADEO,MAPEMA,IDENT
20160704061515,SA1,900820,SALUM,KAISI,IDENT
20160704061534,SA1,900761,CHRISTOPHER,MFUNGO,IDENT
20160704061343,SA2,900945,ELIZABETH,MREMA,IDENT
20160704061538,SA1,900569,JAMES,MWANDU,IDENT
20160704061642,SA6,900046,SALUM,NDEGE,IDENT
20160704061651,SA6,900541,GOLDEN,MDUBA,IDENT
20160704061737,SA1,900807,GODRICH,MCHOMVU,IDENT
20160704061748,SA1,900716,JUMA,JUMANNE,IDENT
20160704061838,SA1,900450,JUMA,RAMADHANI,IDENT
20160704062348,SA1,900154,MWAJUMA,MSAKUZI,IDENT
20160704062427,SA6,900015,EMMANUEL ,CLEMENT,IDENT
20160704063340,SA1,900240,SOSTHENES,MANYAMA,IDENT
20160704064246,SA1,900441,ISSA,KAISI,IDENT
20160704064533,SA1,900804,FROLAH,MPONDO,IDENT
20160704064609,SA3,900871,MWANAHAMISI,NDOLWA,IDENT
20160704065039,SA1,900788,DEBORA,MWASOMOLA,IDENT
20160704065046,SA1,900429,GOODLUCK,LYAHONA,IDENT
20160704065349,SA6,101110,ESTER,THEOOFIL,IDENT
20160704065204,SA2,901087,REHEMA,CHETE,IDENT
20160704065609,SA6,900428,GLADIS,MAZENGO,IDENT
20160704065906,SA6,900120,BENEDICTO,MBOKO,IDENT
20160704070143,SA1,900571,FRANK,MALIMA,IDENT
20160704070150,SA1,900753,ALBERT,MASAWE,IDENT
20160704070701,SA6,900171,ROBERT,MFUNI,IDENT
20160704070952,SA6,901434,JOSEPHINA,HAU,IDENT
20160704070823,SA5,901327,EMERY,MSUNGU,IDENT
20160704071927,SA1,900210,ASHA,HUSSEIN,IDENT
20160704072237,SA6,900133,GEORGE,GIDION,IDENT
20160704072307,SA6,901431,AMBALI,SOUD,IDENT
20160704072516,SA6,900144,JANE,MWAKABULUFU,IDENT
20160704072655,SA6,900385,ABDALLAH,MOHAMED,IDENT
20160704072700,SA6,E022,SANDEEP,KHARVE,IDENT
20160704072935,SA6,900039,MWAJABU,ALLY,IDENT
20160704073012,SA6,101880,RICHARD,MAKASI,IDENT
20160704073025,SA6,900029,JUMANNE,MBONDE,IDENT
20160704073328,SA6,900040,MWAJUMA,KATONA,IDENT
20160704073522,SA6,900291,RASHIDI,MUSSSA,IDENT
20160704073552,SA6,900143,JACKLINE,MAIGA,IDENT
20160704073555,SA6,900143,JACKLINE,MAIGA,IDENT
20160704073703,SA6,900123,CHARLES,LUSWETULA,IDENT
20160704074001,SA6,900494,YOHANA,LUSANA,IDENT
20160704074018,SA4,901123,REBECA,KALOFU,IDENT
20160704074243,SA6,901265,FRANK ,RUZIGA,IDENT
20160704074333,SA2,901072,TATU,ATHUMAN,IDENT
20160704074357,SA6,900126,DORIKA,MALYANGO,IDENT
20160704074404,SA2,901083,EDINA,JOHN,IDENT
20160704074409,SA1,900709,MRISHO,ATHUMANI,IDENT
20160704074412,SA2,900976,LUCY,STANLEY,IDENT
20160704074419,SA2,901040,LUCY,AGASTINO,IDENT
20160704074422,SA1,900547,COLMAN,KIWALE,IDENT
20160704074446,SA2,901020,VICTORIA,MWALUANDA,IDENT
20160704074448,SA6,900100,AROBOGAST,MOGELLA,IDENT
20160704074520,SA6,E041,JAGAN MOHAN,YERUVA,IDENT
20160704074521,SA2,901534,MASANJA,JUMA,IDENT
20160704074538,SA6,900430,GWAKISA,MWAKASAGURE,IDENT
20160704074546,SA1,900714,STIVINI,STIVINI,IDENT
20160704074551,SA1,900843,KHALFANI,SHABAN,IDENT
20160704074551,SA5,901339,JAMES,MKONO,IDENT
20160704074600,SA5,901329,ELIWA ,SHAO,IDENT
20160704074602,SA6,900262,FRIDA, MWAMBEGELE,IDENT
20160704074622,SA5,901332,NASRA,MSANYA,IDENT
20160704074632,SA6,900703,MUSSA,MTALI,IDENT
20160704074643,SA1,900707,ATHUMANI,SALEHE,IDENT
20160704074647,SA1,101141,FRANK,RAPAHAEL,IDENT
20160704074650,SA6,900431,HAMADI,ZUBERI,IDENT
20160704074652,SA1,101115,ATHUUMANI,HEMEDI,IDENT
20160704074657,SA1,900513,SALEHE,BAKARI,IDENT
20160704074700,SA4,901209,MIRIAM,MNDEWA,IDENT
20160704074704,SA1,101128,ISSA,RAMADHANI,IDENT
20160704074711,SA1,101124,KHALIDI,KASSIMU,IDENT
20160704074729,SA2,900938,ISMAIL,THOMAS,IDENT
20160704074736,SA2,900957,HADIJA,MKOTA,IDENT
20160704074725,SA1,900098,TATU,MTUPA,IDENT
20160704074733,SA6,900017,FIKA,JOMSON,IDENT
20160704074748,SA1,101123,KHAMISI ,PEMBE,IDENT
20160704074751,SA1,200053,MIKIDADI,NGODU,IDENT
20160704074800,SA2,900978,ELIZABETH,ZAE,IDENT
20160704074805,SA1,900515,SHOMARI,KIMBWEMBWE,IDENT
20160704074809,SA2,101513,HADIJA,MPAMBA,IDENT
20160704074818,SA6,900103,FREDNAND,JACKSON,IDENT
20160704074826,SA6,900016,FATUMA,HAMISI,IDENT
20160704074834,SA6,900132,FRIDA,KIGWA,IDENT
20160704074917,SA5,200171,RESPICIUS, NDYAMUKAMWA,IDENT
20160704074925,SA6,E079,BALASUBRAMANIAM,M,IDENT
20160704074928,SA1,101118,MANENO,RAMADHANI,IDENT
20160704074932,SA2,100566,MKWAYA,TONGOLA,IDENT
20160704074937,SA1,900710,NICHOLAS,KAPANDE,IDENT
20160704074939,SA2,901447,MASHAKA,MATEKELE,IDENT
20160704074944,SA2,901273,HELLEN,KIZWALO,IDENT
20160704074949,SA2,901011,JANE,SIMON,IDENT
20160704074956,SA5,901326,ALLY,MBONDE,IDENT
20160704074957,SA2,100596,ISMAIL,RAMADHANI,IDENT
20160704075001,SA2,901444,BAKARI,KITILA,IDENT
20160704075013,SA2,200311,DAVID,BWILE,IDENT
20160704075018,SA2,901009,MOSHI,SAIDI,IDENT
20160704075023,SA2,200321,HEMED,KAZEMBE,IDENT
20160704075026,SA2,901450,FARIDA,JUMA,IDENT
20160704075031,SA2,100635,JULIUS,MUNISHI,IDENT
20160704075036,SA2,901446,DANIEL,MBARUKA,IDENT
20160704075041,SA2,200318,JOSHUA , PAULO,IDENT
20160704075043,SA2,200320,OMARI,OMAR,IDENT
20160704075045,SA2,200312,BARAKA,KATEGILE,IDENT
20160704075047,SA2,900859,MASANGULA,MASANGURA,IDENT
20160704075050,SA2,200347,SHABILU,MOHAMMED,IDENT
20160704075053,SA2,100603,EDWIN,OWINO,IDENT
20160704075055,SA6,900397,ANNA,MOSHI,IDENT
20160704075058,SA2,100597,NOVATI,TARIMO,IDENT
20160704075102,SA1,101140,FAUSTINI,MGIMBA,IDENT
20160704075103,SA6,900414,EMMANUEL ,SERAPHINE,IDENT
20160704075104,SA2,200349,FRANK,MOSHI,IDENT
20160704075108,SA2,101587,SHAMIM,FUNDI,IDENT
20160704075109,SA6,900472,MWALIMU,SELEMANI,IDENT
20160704075115,SA6,E021,RAJA,SWAMINATHAN,IDENT
20160704075121,SA1,101530,SIMON,YOHANA,IDENT
20160704075121,SA2,100664,JUMA,MUSSA,IDENT
20160704075129,SA6,900454,KHALFAN,AMOUR,IDENT
20160704075133,SA4,901239,SAKINA,KIZEE,IDENT
20160704075142,SA6,E060,ANOOP,TIWARI,IDENT
20160704075200,SA1,101134,HASSAN,KAPANYA,IDENT
20160704075207,SA2,100638,AMINA,CHETE,IDENT
20160704075209,SA2,100633,HADIJA,MMANGA,IDENT
20160704075212,SA6,900446,JOSEPH,KIBASA,IDENT
20160704075218,SA4,900874,LUCY,ELIAS,IDENT
20160704075226,SA1,900505,JESCA,MATECHI,IDENT
20160704075247,SA4,900944,FROLA,KAMARA,IDENT
20160704075249,SA2,901266,AZIZA,KAKOMBE,IDENT
20160704075253,SA4,900941,KULWA,MSUMA,IDENT
20160704075257,SA6,900393,ALLY,MTWALE,IDENT
20160704075318,SA1,900708,OMARY,ABDALLAH,IDENT
20160704075327,SA1,101588,ATHUMAN,SALIM,IDENT
20160704075332,SA2,900979,FATUMA,MSAKUZI,IDENT
20160704075338,SA6,900408,COLLMAN,KISISA,IDENT
20160704075339,SA2,901041,JACKLINI,MBOYA,IDENT
20160704075350,SA1,900713,ANICET,ABEL,IDENT
20160704075359,SA1,101589,AMIRI,YAHAYA,IDENT
20160704075411,SA2,901441,CHRISTOPHER ,MUSHI,IDENT
20160704075413,SA2,200351,MICHAEL,MICHAEL,IDENT
20160704075435,SA1,900500,HEMEDI,KANIKI,IDENT
20160704075437,SA2,900940,JUMANNE,ZONGO,IDENT
20160704075441,SA2,901084,MARIA ,SANGA,IDENT
20160704075449,SA6,E069,SHANTANU,KULKARNI,IDENT
20160704075453,SA5,901334,SHAIBU,KASANGA,IDENT
20160704075501,SA6,E037,SRINIVAS,DANTU,IDENT
20160704075516,SA6,900407,CHRISTIAN ,NGONYANI,IDENT
20160704075517,SA2,901075,AGATHA,JAMALI,IDENT
20160704075518,SA1,900711,ATHUMAN,IDDI,IDENT
20160704075522,SA2,901079,AGNESS,HAJI,IDENT
20160704075526,SA2,901055,FATUMA,MUHANDO,IDENT
20160704075527,SA6,900660,IDDI,ALLY,IDENT
20160704075528,SA1,900687,PROTUS,RUWANDA,IDENT
20160704075543,SA2,200348,JONASI,LUCAS,IDENT
20160704075634,SA6,900584,LUCY,MACHAI,IDENT
20160704075645,SA6,900292,ROSE,CHIKAWE,IDENT
20160704075650,SA6,900435,HASSAN,NKHAMBI,IDENT
20160704075654,SA2,901452,STEVEN,CHUWA,IDENT
20160704075658,SA2,901453,JOHNSON,MUNISI,IDENT
20160704075659,SA1,900558,FRANCIS,MFIKWA,IDENT
20160704075701,SA5,901382,KONDO,MOHAMED,IDENT
20160704075706,SA2,901449,BONIFAS,ANGANILE,IDENT
20160704075708,SA6,900044,REGINARD,MSHANGA,IDENT
20160704075711,SA2,901445,KARIM,MJAKA,IDENT
20160704075713,SA2,200313,GADISON,ROSENIUS,IDENT
20160704075716,SA2,200316,DENIS,JOHNSON,IDENT
20160704075720,SA2,200309,RAMADHANI,KIHILE,IDENT
20160704075740,SA6,900458,KIBWANA,SAIDI,IDENT
20160704075746,SA1,101143,ISMAIL,KONDO,IDENT
20160704075747,SA2,200314,DEO,SAKAYA,IDENT
20160704075752,SA6,901435,FILES,MBANDO,IDENT
20160704075757,SA1,101531,RASHIDI,BAKARI,IDENT
20160704075758,SA6,901440,UMMY,KWANGALA,IDENT
20160704075817,SA6,900007,ANNA,DUA,IDENT
20160704075825,SA6,900402,BARAKA,MVUNGI,IDENT
20160704075843,SA5,901335,YONA,MAPELELE,IDENT
20160704075848,SA1,900706,MECKLEEN,NANGEDA,IDENT
20160704075914,SA5,901278,HENRY ,CHELULA,IDENT
20160704075942,SA1,901575,LINDA,MLAY,IDENT
20160704075947,SA6,901438,MARY,JOSEPH,IDENT
20160704075952,SA6,901560,FREDRICK,MUSHI,IDENT
20160704075954,SA4,900910,ZAINABU,SADALLAH,IDENT
20160704080001,SA6,900268,GWANTWA,MWASYEBULE,IDENT
20160704080011,SA2,901068,CATHERINE,MATENGO,IDENT
20160704080027,SA1,900507,KANTI,KADIRI,IDENT
20160704080032,SA6,900470,MODEST,NJAU,IDENT
20160704080039,SA6,900387,ADAM,KINGU,IDENT
20160704080043,SA1,900780,THEO,MAPUNDA,IDENT
20160704080048,SA1,900425,GEORGE,JOSEPH,IDENT
20160704080052,SA6,900043,RANI,MOHAR,IDENT
20160704080054,SA1,900715,ELIASI,KIZITO,IDENT
20160704080056,SA6,900581,SAADA,MUHINTE,IDENT
20160704080115,SA6,900591,RASHID ,MUNKENDA,IDENT
20160704080121,SA6,900467,MBARUKU,OSWAD,IDENT
20160704080134,SA6,900436,HONEST,MATEMU,IDENT
20160704080148,SA6,900131,FRANK,MAKWABU,IDENT
20160704080214,SA1,900502,IMAM,AJABU,IDENT
20160704080309,SA6,900398,ARSEN, RWEBANGILA	,IDENT
20160704080331,SA6,900155,MWANAFATIMA,MATIPA,IDENT
20160704080357,SA6,901558,CONSOLATA,MDEMU,IDENT
20160704080401,SA6,900439,IDDI,MOHAMED,IDENT
20160704080409,SA6,E076,KAILASH,MONEN,IDENT
20160704080440,SA1,900457,KHAMISI,MASUMBUKO,IDENT
20160704080446,SA1,900224,JABIRI,AMANZI,IDENT
20160704080447,SA6,900107,MSELEM,MSELEM,IDENT
20160704080454,SA6,900008,ANNE,MCHUMA,IDENT
20160704080502,SA1,900237,SHOMARI,SELEMANI,IDENT
20160704080507,SA1,900241,STANLEY,KASIAN,IDENT
20160704080515,SA1,900655,ZAINAB,JERECKO,IDENT
20160704080546,SA6,900113,ABDUL,KAHENEKO,IDENT
20160704080558,SA6,900488,THOBIAS,KIWELU,IDENT
20160704080601,SA6,900468,MICHAEL,IBRAHIM,IDENT
20160704080602,SA1,101529,SELEMAN,RAMADHANI,IDENT
20160704080605,SA6,E013,GIRIRAJ,SHARMA,IDENT
20160704080619,SA2,901451,JUSTINE,MKUDE,IDENT
20160704080620,SA1,900236,PENDO,MAGIGE,IDENT
20160704080635,SA6,900165,RAMADHANI,NYENJE,IDENT
20160704080647,SA1,900225,JOHN,FREDRICK,IDENT
20160704080654,SA1,900503,JANE,RWEHUMBIZA,IDENT
20160704080705,SA1,900230,LUICE,JOHN,IDENT
20160704080709,SA6,900174,SOSTHENES,MUKAMA,IDENT
