20160803080923,SA6,900155,MWANAFATIMA,MATIPA,IDENT
20160803080927,SA6,900128,ENELES,MBWAGA,IDENT
20160803080931,SA6,900131,FRANK,MAKWABU,IDENT
20160803081001,SA1,900224,JABIRI,AMANZI,IDENT
20160803081024,SA6,E013,GIRIRAJ,SHARMA,IDENT
20160803081040,SA6,900151,LISSY,KIGONJOLA,IDENT
20160803081041,SA1,900241,STANLEY,KASIAN,IDENT
20160803081108,SA1,900219,GEORGE,SAMATA,IDENT
20160803081114,SA6,900484,SHANI,MOHAMED,IDENT
20160803081117,SA6,900416,ERICK,DAUD,IDENT
20160803081127,SA6,900398,ARSEN, RWEBANGILA	,IDENT
20160803081204,SA1,900655,ZAINAB,JERECKO,IDENT
20160803081204,SA6,900055,VERONICA,MBAZIGWA,IDENT
20160803081244,SA6,900107,MSELEM,MSELEM,IDENT
20160803081248,SA6,900270,HASSAN,KIGWIO,IDENT
20160803081259,SA6,900581,SAADA,MUHINTE,IDENT
20160803081302,SA6,900584,LUCY,MACHAI,IDENT
20160803081433,SA6,900011,BLANTINA,MLOWE,IDENT
20160803081446,SA1,900780,THEO,MAPUNDA,IDENT
20160803081519,SA6,900436,HONEST,MATEMU,IDENT
20160803081521,SA6,900462,MANDZEL,KWIMBA,IDENT
20160803081550,SA6,900620,AYOUB,MTAFUNGWA,IDENT
20160803081557,SA6,900390,ALBERT,KANENDA,IDENT
20160803081645,SA6,900413,ELIBAHATI,JOSEPH,IDENT
20160803081653,SA6,900452,KENNEDY,KIMARO,IDENT
20160803081713,SA1,900502,IMAM,AJABU,IDENT
20160803081824,SA6,900681,ABUBAKARI,MGAZA,IDENT
20160803081930,SA6,901432,AMINA,SOGOI,IDENT
20160803081937,SA6,901558,CONSOLATA,MDEMU,IDENT
20160803082137,SA6,E076,KAILASH,MONEN,IDENT
20160803082432,SA6,900280,TADEO,MWINGIZI,IDENT
20160803082544,SA6,900009,ASHA,HAMISI,IDENT
20160803082549,SA6,900008,ANNE,MCHUMA,IDENT
20160803082711,SA6,900246,ABDULKARIM,ALI,IDENT
20160803082719,SA6,E033,SATISH,KRISHNASWAMY,IDENT
20160803082817,SA6,900430,GWAKISA,MWAKASAGURE,IDENT
20160803083220,SA6,900109,AMANI,NYAKARASHI,IDENT
20160803083521,SA6,E067,ANKIT,JAIN,IDENT
20160803083555,SA6,900460,LAMECK,ASSETO,IDENT
20160803083720,SA6,901439,MUSA,MZEE,IDENT
20160803083749,SA1,900030,JUMANNE,LUMBU,IDENT
20160803083813,SA6,900113,ABDUL,KAHENEKO,IDENT
20160803085233,SA6,900644,FARIDA,RUBANZA,IDENT
20160803090349,SA1,901577,SALEEM,KHATRI,IDENT
20160803094128,SA6,900405,CHARLES,WILLIAM,IDENT
20160803095100,SA1,900497,EMANUEL,NGIMBUZI,IDENT
20160803095105,SA1,900505,JESCA,MATECHI,IDENT
20160803095722,SA6,901440,UMMY,KWANGALA,IDENT
20160803102721,SA6,E084,NAVNEET, SINGH,IDENT
20160803102739,SA6,E083,GURURAJ,SHENVI,IDENT
20160803103510,SA6,901437,HASSAN,KAJUA,IDENT
20160803114853,SA6,900002,ABDALLAH,MWEYO,IDENT
20160803125228,SA6,900047,SAMSON,SHILA,IDENT
20160803132349,SA6,900054,THOMAS,MGABO,IDENT
20160803132752,SA6,900040,MWAJUMA,KATONA,IDENT
20160803132810,SA6,900025,JOYCE,MAGANGA,IDENT
20160803132838,SA6,900035,MOHAMED,HAUSI,IDENT
20160803132907,SA1,900684,ABDUL,IMAMU,IDENT
20160803133159,SA1,900805,FRANK ,JABIR,IDENT
20160803133300,SA6,900116,ASHA,ALLY,IDENT
20160803133510,SA1,900296,SAVERY,KAJELA,IDENT
20160803133523,SA1,900459,KULWA,MLYASANZA,IDENT
20160803133355,SA5,901393,HADIJA,JUMA,IDENT
20160803133403,SA5,901399,DIANA,NDONGO,IDENT
20160803133425,SA5,901411,AMINA,MUSA,IDENT
20160803133450,SA5,901418,ISAYA ,SAWASAWA,IDENT
20160803133537,SA5,901388,OSWALD,SHILLA,IDENT
20160803133540,SA5,901405,ABDANI,SHILLA,IDENT
20160803133619,SA5,901355,HALIMA,SANANE,IDENT
20160803133622,SA5,901368,NAOMI,YUSUPH,IDENT
20160803133625,SA5,901292,SARA,YOEL,IDENT
20160803133630,SA5,901324,MARIAM,YAHAYA,IDENT
20160803133640,SA4,901036,AZIZA,MANGETU,IDENT
20160803133646,SA4,901001,AMINA,MUYA,IDENT
20160803133655,SA4,901056,ANGELA,MWAKAPALILA,IDENT
20160803133657,SA4,901102,ORIVER,DAUD,IDENT
20160803133701,SA1,900821,SAWA,SWAHA,IDENT
20160803133704,SA4,900888,AMINA,NGAINA,IDENT
20160803133808,SA1,900045,SAIDI,MNDOLWA,IDENT
20160803133821,SA2,901254,NURAT,JAFARI,IDENT
20160803133856,SA1,900815,METHOD,DEDA,IDENT
20160803133946,SA3,901103,MWATANGA,DIENI,IDENT
20160803134014,SA2,901038,AMINA,MDOE,IDENT
20160803134022,SA6,900261,FRANCIS,MAKOTI,IDENT
20160803134046,SA1,900392,ALLY,MBEGU,IDENT
20160803134056,SA1,900031,LUCAS,MABUYE,IDENT
20160803133725,SA4,901120,MERCY,MONGI,IDENT
20160803133730,SA4,900999,ROSE,MWAMAKOLA,IDENT
20160803133738,SA4,901053,DORIS,JOHN,IDENT
20160803133746,SA4,901003,SALAMA,KADALA,IDENT
20160803133801,SA4,901206,AISHA,MKUMBA,IDENT
20160803133814,SA4,901019,ASHA,NGAMBA,IDENT
20160803133822,SA4,900887,ELITABETH,GOMELO,IDENT
20160803133828,SA4,901225,NOELA,YALOT,IDENT
20160803133836,SA5,901356,ZAMDA,NGWABAYA,IDENT
20160803133855,SA5,901389,OMARY,JUMA,IDENT
20160803133910,SA4,901066,ZULEHA,MOHAMED,IDENT
20160803133926,SA5,901384,JOSHUA,KITUNDU,IDENT
20160803133939,SA4,901145,ADELINA,MALEMA,IDENT
20160803133949,SA4,901028,REHEMA,KWENGWEGU,IDENT
20160803133953,SA4,901191,ROSE,BENARD,IDENT
20160803133958,SA4,900918,MARIAM,RAMADHANI,IDENT
20160803134012,SA4,901207,AISHA,ABEID,IDENT
20160803134017,SA2,901072,TATU,ATHUMAN,IDENT
20160803134021,SA2,900923,HELENA,KHAJI,IDENT
20160803134026,SA4,901033,TATU,ISSA,IDENT
20160803134033,SA4,900893,JOYCE,MCHOMVU,IDENT
20160803134038,SA4,901213,HABIBA,NJIKU,IDENT
20160803134044,SA4,900973,SHARIFA,LIYAYA,IDENT
20160803134054,SA5,901396,EDWIN,KIPUYO,IDENT
20160803134055,SA6,900162,PILLY,MANENO,IDENT
20160803134100,SA6,900169,REHEMA,YUSUFU,IDENT
20160803134100,SA4,900937,UPENDO,MLEWA,IDENT
20160803134104,SA4,901163,SIJALI,MKELE,IDENT
20160803134105,SA5,901302,ASHA,SHOMARI,IDENT
20160803134109,SA5,901131,ESTA,KWEKA,IDENT
20160803134118,SA4,901128,ZAITUNI,SOGOI,IDENT
20160803134131,SA2,901084,MARIA ,SANGA,IDENT
20160803134134,SA4,901029,MARIAM,OMAR,IDENT
20160803134139,SA6,900658,MWASITI,LABOA,IDENT
20160803134143,SA5,901301,TUKAE,MUSA,IDENT
20160803134143,SA2,901060,MARTHA,GABRIEL,IDENT
20160803134145,SA2,901079,AGNESS,HAJI,IDENT
20160803134156,SA4,900926,AMINA,KONDO,IDENT
20160803134159,SA4,901015,JOYCE,CHACHA,IDENT
20160803134206,SA5,901298,SWAUMU,MZIRAI,IDENT
20160803134213,SA2,901065,ZAINABU,KARUMUNA,IDENT
20160803134229,SA2,901006,RUKIA,ALLY,IDENT
20160803134300,SA6,900396,ANDREW,MSANGI,IDENT
20160803134321,SA1,900817,MOSES,MASENGA,IDENT
20160803134358,SA2,901049,REDEMTA,DANIEL,IDENT
20160803134403,SA3,900887,ELITABETH,GOMELO,IDENT
20160803134413,SA2,901081,PILI,MDEDE,IDENT
20160803134419,SA2,901031,AMINA,BAKARI,IDENT
20160803134423,SA6,900006,ANDREW,JOSEPH,IDENT
20160803134423,SA2,901248,MAGRETH,MASAWE,IDENT
20160803134430,SA6,900245,ABDALLAH,KIMULIMULI,IDENT
20160803134436,SA1,900794,ADAM,SALTIELY,IDENT
20160803134446,SA1,900742,PROSPER,POLITHO,IDENT
20160803134455,SA6,900135,HALIMA,NGAMZI,IDENT
20160803134505,SA2,901204,SOPHIA,LUGOME,IDENT
20160803134513,SA2,901258,ATHUMAN,KILINDU,IDENT
20160803134539,SA1,900781,GERALD,JOHN,IDENT
20160803134218,SA4,900882,WINIFRIDA,MALISELINO,IDENT
20160803134226,SA4,901210,ROSE,CHUWA,IDENT
20160803134240,SA4,901071,YUNIS,NDAIGA,IDENT
20160803134246,SA4,901057,ANNA,KITOMARY,IDENT
20160803134251,SA4,901222,DEBORA,FILIPATALI,IDENT
20160803134254,SA5,901409,MAGRETH,NGOSI,IDENT
20160803134256,SA4,901232,ZAMDA,HASSAN,IDENT
20160803134305,SA4,901268,ANITHA,KWIMBA,IDENT
20160803134308,SA5,901286,AGNES,LUCAS,IDENT
20160803134315,SA5,901425,HIDAYA,KASSIM,IDENT
20160803134319,SA5,901367,BEATHA,MLOSO,IDENT
20160803134324,SA4,900966,ZUHURA,KIJIMBO,IDENT
20160803134327,SA4,901211,ANNA,KIMARO,IDENT
20160803134335,SA5,901058,HAMIDA,MATIPA,IDENT
20160803134336,SA4,901074,VERONICA,KIMWAGA,IDENT
20160803134340,SA4,901250,JENIPHA,DAMIAN,IDENT
20160803134345,SA4,901252,JENIPHA,CHIZA,IDENT
20160803134351,SA4,901093,SHARON,IBRAHIM,IDENT
20160803134357,SA4,900907,PAULINA,DEVA,IDENT
20160803134359,SA5,901305,DIANA,KIBASA,IDENT
20160803134403,SA4,900952,SALAMA,MOHAMAD,IDENT
20160803134406,SA4,901106,MARYNIA,KAYOMBO,IDENT
20160803134411,SA4,901240,CANDY,ABRAHAM,IDENT
20160803134421,SA5,901349,HABIBU,BAKARI,IDENT
20160803134428,SA5,901227,MWAMVITA,MWAIPOPO,IDENT
20160803134445,SA4,901018,AISHA,KIBINDO,IDENT
20160803134445,SA5,901279,NEEMA, GODFREY,IDENT
20160803134457,SA4,901157,DAVID,JUMA,IDENT
20160803134502,SA4,901165,FATUMA,ABDALLAH,IDENT
20160803134505,SA5,901369,RECHO,MSHUMBUSI,IDENT
20160803134520,SA2,901040,LUCY,AGASTINO,IDENT
20160803134534,SA4,900965,HERMAN,MAKOKO,IDENT
20160803134534,SA5,901364,SALAFINA,KISAPI,IDENT
20160803134537,SA5,901423,CONSOLATHA,JOSEPH,IDENT
20160803134603,SA4,901008,GRESS,KOBA,IDENT
20160803134604,SA5,901161,NURU,MOHAMED,IDENT
20160803134607,SA4,901226,MARTHA,MAKASHA,IDENT
20160803134607,SA6,900647,JOHANSEN,MPANJU,IDENT
20160803134618,SA4,901275,SALOME,KINUNDA,IDENT
20160803134623,SA4,901216,ASHA,RAMADHANI,IDENT
20160803134623,SA2,901220,AGNESS,MWAMBENGO,IDENT
20160803134631,SA4,900844,AISHA,MSOMI,IDENT
20160803134637,SA4,901236,FATIMA,ALLY,IDENT
20160803134641,SA4,901091,FARIDA,LYIMO,IDENT
20160803134644,SA4,900896,HADIJA , KIHEGO,IDENT
20160803134644,SA5,901312,VUMILIA,NDEGE,IDENT
20160803134650,SA4,900886,ELIZABERTH,KIJA,IDENT
20160803134655,SA4,900929,HALIMA,SEIF,IDENT
20160803134724,SA5,901385,ABDALLA,MGAYA,IDENT
20160803134736,SA2,901073,SALMA,MUHARAMU,IDENT
20160803134823,SA6,900476,RAMADHANI,IDD,IDENT
20160803134836,SA2,901085,ELIZABETH,NYAMBO,IDENT
20160803134843,SA2,901233,SAMI,MTITIMA,IDENT
20160803134908,SA2,901223,HAPPY,MKWEPU,IDENT
20160803134909,SA6,900124,DAUDI,ELIFALETH,IDENT
20160803134922,SA1,900798,ATHUMAN,SEIF,IDENT
20160803134931,SA1,900778,MARIAM,MICHAEL,IDENT
20160803134941,SA2,900889,SALMA,MWAWILA,IDENT
20160803135005,SA2,900876,MWASITI,MAULID,IDENT
20160803135010,SA1,900231,MARKO,SHIMIZI,IDENT
20160803135011,SA2,900877,IRENE,GABRIEL,IDENT
20160803135028,SA1,900232,MATIKO ,MICHAEL,IDENT
20160803134718,SA4,901014,LUCY,THOMAS,IDENT
20160803134722,SA4,900984,SALAMA,BIGE,IDENT
20160803134729,SA4,901138,JOYCE,CHEMRA,IDENT
20160803134735,SA4,901208,SARAH,MWINANI,IDENT
20160803134737,SA4,901146,MARTHA,MAKOTI,IDENT
20160803134747,SA5,901427,JESCA,NGUMBU,IDENT
20160803134800,SA4,901005,HADIJJA,KIJUU,IDENT
20160803134805,SA4,901171,ESTHER,MUNGUTI,IDENT
20160803134815,SA4,901100,REHEMA,SALEHE,IDENT
20160803134821,SA4,900995,MARY,KIAMA,IDENT
20160803134826,SA5,901350,ALFRED,CHARLES,IDENT
20160803134829,SA5,901408,SAIDI,MAKALA,IDENT
20160803134852,SA4,901121,MWATANGA,ALLY,IDENT
20160803134856,SA5,901404,AWAZI,SALIM,IDENT
20160803134859,SA4,900958,SOPHIA,LIKONGO,IDENT
20160803134904,SA4,901142,SOPHIA,YUSUPH,IDENT
20160803134907,SA5,901304,SOPHIA,ALLY,IDENT
20160803134914,SA5,901395,HASHIM,HAIZA,IDENT
20160803134915,SA4,900900,HELENA,SENZUGWAKO,IDENT
20160803134927,SA4,901205,JAMILA,MASONGI,IDENT
20160803134931,SA4,901169,VERONICA,LECHIPYA,IDENT
20160803134934,SA5,901330,SAVELINA ,KASHASHA,IDENT
20160803134939,SA4,900873,SELEN,JUMA,IDENT
20160803134945,SA4,900990,JANE,MHONGOLE,IDENT
20160803134952,SA4,900956,DIANA,LEMA,IDENT
20160803134957,SA5,901126,YUNIS,LULANDALA,IDENT
20160803135003,SA4,900924,DEBORA,HOSSA,IDENT
20160803135008,SA4,900875,ASHA,MALINBWI,IDENT
20160803135016,SA4,900866,FLORA,DAMAS,IDENT
20160803135019,SA4,901086,ELIWAZA,MWIGOHA,IDENT
20160803135032,SA4,901144,ESTHER,NAPENGWA,IDENT
20160803135040,SA2,901016,HALIFA,MOHAMED,IDENT
20160803135043,SA2,900936,SOPHIA,MBONDE,IDENT
20160803135050,SA3,900847,ZAINABU,SINGANO,IDENT
20160803135050,SA4,901221,TEDDY,MAGAMBO,IDENT
20160803135106,SA4,901177,ASHA,MAVENGELO,IDENT
20160803135108,SA2,901260,AISHA,MNEKA,IDENT
20160803135109,SA6,900703,MUSSA,MTALI,IDENT
20160803135111,SA4,901002,MARIAM,SABURI,IDENT
20160803135115,SA4,901118,LILIAN,MREMA,IDENT
20160803135119,SA4,901228,CESILIA,MBABUYE,IDENT
20160803135122,SA2,900987,PILLY,MWAWILA,IDENT
20160803135125,SA4,901125,TAUSI,SHABANI,IDENT
20160803135127,SA4,901153,MAGRETH,ZANUARI,IDENT
20160803135128,SA3,900960,AGNESS,NAWAHIGA,IDENT
20160803135131,SA2,901083,EDINA,JOHN,IDENT
20160803135134,SA2,901069,ELIZABETH,MRAMU,IDENT
20160803135137,SA2,901070,FLORA,MSAMLA,IDENT
20160803135138,SA4,901224,ANNA,NYAKAPALA,IDENT
20160803135142,SA4,901116,GRACE,KAHANGE,IDENT
20160803135152,SA4,900861,MWAJABU,BAKARI,IDENT
20160803135152,SA2,900969,JEMA,SALUM,IDENT
20160803135201,SA4,901141,HADIJA,SALUM,IDENT
20160803135222,SA6,900148,JUDITH,MALISA,IDENT
20160803135236,SA2,901011,JANE,SIMON,IDENT
20160803135245,SA2,900986,KAUSE,ABDALLAH,IDENT
20160803135258,SA1,900763,SALEHE,NJAGE,IDENT
20160803135330,SA2,900912,MWAJUMA,KITANI,IDENT
20160803135334,SA2,900949,MUHINA,GOMBE,IDENT
20160803135344,SA1,900437,HUSSEIN,MBONDE,IDENT
20160803135351,SA1,900818,PASCAL,MIKONDO,IDENT
20160803135359,SA2,900892,MWANIA,PEMBE,IDENT
20160803135409,SA6,900168,RAZAKI,MTINDA,IDENT
20160803135422,SA2,900880,MWANAHAMISI,MAREKANO,IDENT
20160803135431,SA1,900724,HASANI,MRISHO,IDENT
20160803135435,SA1,900227,JOSEPH,NGANILWA,IDENT
20160803135438,SA6,900487,STEPHEN,KAMBWEMBWE,IDENT
20160803135440,SA1,900824,TITO,MGOVANO,IDENT
20160803135440,SA2,901154,SALAMA,ALLY,IDENT
20160803135445,SA1,900490,TWAHA,MGUHI,IDENT
20160803135454,SA1,900783,DAMIAN,ALONE,IDENT
20160803135500,SA1,900760,OMARY,MHAGAMA,IDENT
20160803135508,SA1,900746,GEDION,BUTENGE,IDENT
20160803135211,SA4,901249,HILDA,MWAZEMBE,IDENT
20160803135219,SA4,901267,NEEMA ,MWAMANYE,IDENT
20160803135224,SA4,901156,SAID,HAMISI,IDENT
20160803135229,SA4,900911,NEEMA,URASSA,IDENT
20160803135242,SA4,900935,ZAINABU,SINGANO,IDENT
20160803135249,SA4,901172,AGNES,STEVEN,IDENT
20160803135256,SA4,901197,RASHID,NJERAN,IDENT
20160803135300,SA5,901406,PASCAL,STANLEY,IDENT
20160803135302,SA4,901257,FRIDA,MHELELA,IDENT
20160803135305,SA4,900971,NAOMI,SAMWELI,IDENT
20160803135313,SA4,901039,JULIANA,SUKU,IDENT
20160803135327,SA4,900991,CHRISTINA,JAILOS,IDENT
20160803135331,SA4,900922,BAHATI,SALEHE,IDENT
20160803135345,SA5,900849,IRENE,MMARI,IDENT
20160803135410,SA4,901195,RAYMOND,BUKOJI,IDENT
20160803135428,SA4,900975,EDINA,MZUNGU,IDENT
20160803135437,SA4,901110,ASHA,MPELA,IDENT
20160803135439,SA5,901316,ZUHURA,HAMIS,IDENT
20160803135440,SA4,900942,CHRISTINA,MWENDA,IDENT
20160803135443,SA4,901139,HAPPY ,ZAKAYO,IDENT
20160803135444,SA5,901317,ASHA,HAMISI,IDENT
20160803135446,SA5,901430,JOYCE,SEMWENDA,IDENT
20160803135454,SA5,900471,MOHAMED,MIRUNDI,IDENT
20160803135456,SA4,901077,CONSOLATH,MATERU,IDENT
20160803135528,SA2,901158,ALOYCE,IZINA,IDENT
20160803135529,SA4,900903,RUKIA,MOHAMED,IDENT
20160803135538,SA2,900964,RAPHAEL,MBOKO,IDENT
20160803135545,SA4,90086,FRIDA,MKUMBO,IDENT
20160803135546,SA2,900948,VERONICA,MFILINGE,IDENT
20160803135551,SA2,900920,PILLI,SAIDI,IDENT
20160803135600,SA2,901166,SAUDA,MAULID,IDENT
20160803135604,SA5,901351,BARNABA,EDWARD,IDENT
20160803135612,SA5,901376,ZAINABU ,SALUM,IDENT
20160803135637,SA5,901320,REHEMA,ALLY,IDENT
20160803135643,SA5,901307,MATRIDA,CHUVAKA,IDENT
20160803135647,SA5,901290,AGNES,SALAWA,IDENT
20160803135651,SA1,900749,EZEKIEL,SOLO,IDENT
20160803135659,SA2,901061,MWAJUMA,ABDALLAH,IDENT
20160803135701,SA1,900594,GASPER,MATALO,IDENT
20160803135701,SA5,901311,LOYCE,MASKINI,IDENT
20160803135718,SA2,901055,FATUMA,MUHANDO,IDENT
20160803135720,SA2,900957,HADIJA,MKOTA,IDENT
20160803135735,SA2,101510,SALOME,DUA,IDENT
20160803135742,SA1,900814,MARTIN,MUHANDO,IDENT
20160803135821,SA2,900982,MWANAKOMBO,KHALID,IDENT
20160803135830,SA1,900735,ZAINABU,MOHAMEDI,IDENT
20160803135835,SA1,900723,SAIDI,JUMANE,IDENT
20160803135841,SA1,900233,MUSSSA,ABDALLAH,IDENT
20160803135850,SA1,900228,KAGERA,MSAMBUSI,IDENT
20160803135854,SA1,900739,EMENUEL,KYEJO,IDENT
20160803135859,SA1,900769,JAMES,MACKLINE,IDENT
20160803135905,SA1,900752,SIMON,MAPUNDA,IDENT
20160803135907,SA2,901198,MANEO,ATHUMANI,IDENT
20160803135921,SA2,900954,HABIBA,MDOSE,IDENT
20160803135921,SA3,900864,TECLA,SAMWEL,IDENT
20160803135923,SA2,901024,ASIA,KARATA,IDENT
20160803135932,SA6,900423,GARDINO,MHIMBA,IDENT
20160803135943,SA1,900795,ALLY,LIKIWA,IDENT
20160803135951,SA1,900771,DATIUS,MARTINE,IDENT
20160803140013,SA6,900422,FURAHA,MWAKIFWAMB,IDENT
20160803140029,SA1,900811,JUMA,HUMBE,IDENT
20160803140041,SA6,900048,SHELLA,MFAUME,IDENT
20160803140100,SA1,900386,ABDALLAH ,RAMADHANI,IDENT
20160803140106,SA1,900757,JOSEPH,HEMA,IDENT
20160803135722,SA4,901194,ELINA,ABEL,IDENT
20160803135726,SA4,900988,UPENDO,PETER,IDENT
20160803135751,SA5,901297,STELLA,MAKUNDI,IDENT
20160803135752,SA4,901183,YASINTA,MKIWA,IDENT
20160803135757,SA4,901270,NAOMI,OBONG,IDENT
20160803135802,SA4,901135,REHEMA,OMARY,IDENT
20160803135803,SA5,901417,REHEMA,SINDANO,IDENT
20160803135807,SA4,901190,NEEMA,MNYALAPE,IDENT
20160803135807,SA5,901397,LINETH,KYARUS,IDENT
20160803135811,SA4,901181,ASNA,SPRIAN,IDENT
20160803135815,SA5,901280,WHITNESS,MSAGATI,IDENT
20160803135816,SA4,901140,ASHURA,MGENI,IDENT
20160803135817,SA5,901380,BISURA,MCHELEO,IDENT
20160803135822,SA4,901143,LINES,PILLI,IDENT
20160803135823,SA5,900853,DEVOTHA,ELIAS,IDENT
20160803135829,SA4,901160,SAUDA,MCHECHE,IDENT
20160803135834,SA5,901323,AMINA,HAMISI,IDENT
20160803135844,SA4,900946,RAHMA,MWIMBA,IDENT
20160803135848,SA5,901112,BUSHRA,SALUM,IDENT
20160803135855,SA5,901419,JENIPHA,MWILONGO,IDENT
20160803135907,SA4,900917,SALMA,DIWILE,IDENT
20160803135911,SA4,901119,LINA,MLAWA,IDENT
20160803135912,SA5,901386,SHAMSI,MUHITI,IDENT
20160803135915,SA5,901281,JOSEPH,MUSUGULI,IDENT
20160803135923,SA4,901134,NURU,MULONGANILE,IDENT
20160803135931,SA4,900890,OLIVER,UDOBA,IDENT
20160803135950,SA5,901428,YOHANA,LEONARD,IDENT
20160803135955,SA4,901099,TAUS,MUSTAPHA,IDENT
20160803135956,SA5,901338,WAZIRI,WAZIRI,IDENT
20160803140000,SA5,901285,THABIT,ALLY,IDENT
20160803140006,SA4,901234,ANITHA,AHALIELI,IDENT
20160803140010,SA4,901184,GRACE,NGALABA,IDENT
20160803140012,SA4,901187,MONICA,SHEMBONI,IDENT
20160803140013,SA5,901398,MAGRETH,LUGERA,IDENT
20160803140016,SA4,901235,TUMAIN,MUNGURE,IDENT
20160803140017,SA2,901101,RAJABU,MOHAMMED,IDENT
20160803140019,SA4,901182,RENIFRIDA,NGUMBU,IDENT
20160803140023,SA2,901259,SHOMARY,MRISHO,IDENT
20160803140026,SA4,901173,BAHATI,MAKAMBA,IDENT
20160803140033,SA4,900985,BAHATI,SARAPIONI,IDENT
20160803140035,SA4,901263,JAMIRA,SAIDI,IDENT
20160803140038,SA4,900895,CATHERINE,CHIGOGOLO,IDENT
20160803140044,SA5,901306,VAILETH,NGULO,IDENT
20160803140044,SA4,901168,REHEMA ,MWASOMOLA,IDENT
20160803140048,SA4,901244,SWAUMU,HIMBU,IDENT
20160803140055,SA4,901124,TABIA,OMARY,IDENT
20160803140108,SA4,901132,HEAVENLIGHT,NKYA,IDENT
20160803140108,SA1,900729,MOHAMED,KOMBO,IDENT
20160803140113,SA1,900442,ITIKA,DICKSON,IDENT
20160803140115,SA5,901402,ALLY,SELEMAN,IDENT
20160803140117,SA4,901026,FATUMA,KONYO,IDENT
20160803140117,SA3,900939,STELLA,MAGOGWA,IDENT
20160803140122,SA5,901348,DAVID,NGELESHI,IDENT
20160803140128,SA4,901127,ZAHARA,MBELWA,IDENT
20160803140133,SA3,900915,DOROTHEA,KILO,IDENT
20160803140137,SA4,901253,JOYCE,KESI,IDENT
20160803140139,SA1,900790,ISIHAKA,IDDI,IDENT
20160803140140,SA4,901245,EVERINA,MKETO,IDENT
20160803140143,SA4,901155,GRACE,MUHONO,IDENT
20160803140145,SA1,900720,FRANCIS,RAFAEL,IDENT
20160803140154,SA3,901051,HABIBA,PAZZI,IDENT
20160803140158,SA3,901004,ZAHARA,YANGE,IDENT
20160803140159,SA4,901114,FARIDA,AMBLOS,IDENT
20160803140203,SA3,900865,CHRISTINA,MAGOWELA,IDENT
20160803140205,SA1,900793,ABDUL,MAINGO,IDENT
20160803140207,SA3,900881,ZAINABU,SAIDI,IDENT
20160803140211,SA3,901048,HALIMA,IDDI,IDENT
20160803140214,SA3,900951,MWAJUMA,AIDAN,IDENT
20160803140215,SA2,901017,CATHERINE,NYEMA,IDENT
20160803140218,SA3,900879,RAHMA,KILO,IDENT
20160803140227,SA3,900901,NEEMA,NYAKOKI,IDENT
20160803140236,SA3,901025,ASHURA,HAMISI,IDENT
20160803140250,SA2,901276,COSTASIA,LUCAS,IDENT
20160803140258,SA6,900443,JABIRI,RAMADHANI,IDENT
20160803140301,SA1,900243,YOHANA,ALLY,IDENT
20160803140305,SA3,901098,GERALD,MBAUKA,IDENT
20160803140310,SA1,900756,HUSSEIN,KANDORO,IDENT
20160803140314,SA3,900863,ANNA,MICHAEL,IDENT
20160803140320,SA3,901059,JAZIRA,RAMADHANI,IDENT
20160803140329,SA2,901148,IBRAHIM,MZENTO,IDENT
20160803140340,SA3,901013,YASINTA,SHELUBANZI,IDENT
20160803140358,SA2,900950,ASHURA,ATHUMAN,IDENT
20160803140401,SA2,900867,AISHA,KIUMBA,IDENT
20160803140406,SA3,900868,MAIMUNA,JARUFU,IDENT
20160803140410,SA3,900914,HAWA,MWIMBE,IDENT
20160803140417,SA2,901202,VITALIS,KESSI,IDENT
20160803140422,SA2,901203,STANLEY,KIGUNGA,IDENT
20160803140437,SA2,901067,HELENA,SAMWELI,IDENT
20160803140443,SA2,901164,SWAUMU,KAYANDA,IDENT
20160803140452,SA3,901201,DEOGRATIUS,KESSY,IDENT
20160803140454,SA1,900463,MARTENUS,MAPESA,IDENT
20160803140503,SA3,901062,RASHID,MDOE,IDENT
20160803140503,SA2,901162,MWANAHARUSI,MOHAMED,IDENT
20160803140505,SA3,900894,NURU,MAKANDE,IDENT
20160803140509,SA2,901217,VIVIAN,MWANGATA,IDENT
20160803140514,SA2,901064,SAID,RAMADHANI,IDENT
20160803140523,SA6,900417,FABIAN,FABIAN,IDENT
20160803140534,SA6,901149,EPIFANI, MBOKO,IDENT
20160803140209,SA4,901238,MARIAM,SELEMANI,IDENT
20160803140217,SA4,901193,VICTORIA,MWAMPEGETE,IDENT
20160803140225,SA4,901052,SUZANA,NAPANGA,IDENT
20160803140232,SA5,901027,EDDA,MWAKIBINGWA,IDENT
20160803140236,SA4,901055,ZAINABU,OMARY,IDENT
20160803140239,SA5,901291,AISHA,ISSA,IDENT
20160803140240,SA4,901123,REBECA,KALOFU,IDENT
20160803140246,SA4,901137,SOFIA,KIUMBE,IDENT
20160803140254,SA4,901129,FELISTA,NYAHENGE,IDENT
20160803140258,SA4,901179,AMANDA,KWEZI,IDENT
20160803140302,SA4,900913,ASHURA,NGUMBE,IDENT
20160803140305,SA4,901241,FATUMA,JUMA,IDENT
20160803140310,SA4,901047,MWAJUMA,HAMIS,IDENT
20160803140314,SA4,901243,PLAKSEDA,AKIZAMUNGU,IDENT
20160803140323,SA4,901045,ASHURA,KATULA,IDENT
20160803140327,SA4,901247,KULUTHUM,CHILEMILE,IDENT
20160803140329,SA5,901108,AISHA,WILLIUM,IDENT
20160803140334,SA4,901185,JOYCE,SAMWEL,IDENT
20160803140334,SA5,900953,JANE,LUSENDELA,IDENT
20160803140339,SA4,901089,HARUNA,ATHUMANI,IDENT
20160803140345,SA4,900996,LILIAN,RASHIDI,IDENT
20160803140355,SA4,901104,MWANAHAWA,HASSAN,IDENT
20160803140403,SA5,901255,ASHA,BILALI,IDENT
20160803140413,SA4,900997,MARY,ONDURU,IDENT
20160803140417,SA4,901029,MARIAM,MWETEMBO,IDENT
20160803140439,SA4,901076,AGNESS,NGAPONDA,IDENT
20160803140443,SA5,901391,GEOFREY,MAPESA,IDENT
20160803140506,SA4,901231,ASHA,DUTCH,IDENT
20160803140511,SA4,901136,HONORATA,SHAYO,IDENT
20160803140516,SA4,901117,HIDAYA,MASOUD,IDENT
20160803140519,SA2,901175,SALMA,RAMADHAN,IDENT
20160803140520,SA4,901174,BETH,NGADADA,IDENT
20160803140526,SA4,901090,HADIJA,JUMA,IDENT
20160803140526,SA5,901343,SEBASTIAN,KIPINGU,IDENT
20160803140527,SA2,901078,NASMA,LINOGA,IDENT
20160803140541,SA4,901034,STAMILI,MUSSA,IDENT
20160803140559,SA4,900968,TAUSI,SIMBA,IDENT
20160803140601,SA5,901344,JACKSON,ATANUS,IDENT
20160803140608,SA2,900874,LUCY,ELIAS,IDENT
20160803140611,SA4,901274,AMINA,KAHABUKA,IDENT
20160803140614,SA5,900855,SINAHIA,OMARI,IDENT
20160803140615,SA1,900733,ALHAJI,IDD,IDENT
20160803140618,SA1,900810,JOSEPH,JULIUS,IDENT
20160803140620,SA1,900440,IDRISA,KIMARO,IDENT
20160803140624,SA1,900813,LEONARD,PETER,IDENT
20160803140626,SA1,900826,VITALIS,HOTTI,IDENT
20160803140639,SA5,901315,FIDEA,AGUSTINO,IDENT
20160803140641,SA3,900883,EDINA,ABED,IDENT
20160803140641,SA2,900932,MONICA,LIGOMBAIKA,IDENT
20160803140641,SA6,900433,HARUNI,MKAMA,IDENT
20160803140647,SA2,900961,ELIZABETH,FRANCISCO,IDENT
20160803140650,SA2,901095,BEATA,KOMBA,IDENT
20160803140653,SA4,901007,MODESTA,JOGOO,IDENT
20160803140657,SA2,900998,ASHA,MOHAMED,IDENT
20160803140658,SA5,901387,GODFREY,YALED,IDENT
20160803140701,SA5,901422,EMMANUEL,KHALIDI,IDENT
20160803140701,SA4,901113,ELIZABETH,SHIRIMA,IDENT
20160803140704,SA4,900972,SAFINA,ABEID,IDENT
20160803140707,SA6,900469,MICHAEL,MDACHI,IDENT
20160803140713,SA1,900809,JAMES,MWENDA,IDENT
20160803140718,SA5,901294,RATIFA,KAPINGA,IDENT
20160803140720,SA3,901196,BONIPHACE,NGESI,IDENT
20160803140721,SA5,901328,MARRY,SHOO,IDENT
20160803140724,SA2,901030,VERONICA,WANGWE,IDENT
20160803140754,SA3,901229,ANNA,NGAPONDA,IDENT
20160803140756,SA2,901094,MARTINA,FISSO,IDENT
20160803140759,SA3,901012,FATUMA,KABUMA,IDENT
20160803140816,SA2,900930,TABIA,DOGOLI,IDENT
20160803140819,SA1,900812,LEONARD,NYANGO,IDENT
20160803140821,SA1,900455,KHALFAN,OMARI,IDENT
20160803140822,SA2,901020,VICTORIA,MWALUANDA,IDENT
20160803140826,SA3,900921,MWAJUMA,IDDI,IDENT
20160803140826,SA1,900819,PATRICK,MTONDOLA,IDENT
20160803140829,SA2,901271,RACHEL,MCHOVU,IDENT
20160803140835,SA1,900450,JUMA,RAMADHANI,IDENT
20160803140838,SA3,900885,AMINA,MZARA,IDENT
20160803140840,SA1,900725,SAMSONI,KINGU,IDENT
20160803140847,SA1,900827,YASIN,MUSSA,IDENT
20160803140858,SA2,900884,HADIJA,GOGO,IDENT
20160803140859,SA6,900409,DANIEL,MROPE,IDENT
20160803140901,SA1,900775,SABATO,JULIUS,IDENT
20160803140918,SA6,900138,HUSSEIN,SHABANI,IDENT
20160803140927,SA3,900905,AMINA,MUHIDINI,IDENT
20160803140934,SA3,900906,MARYSTELA,MCHOME,IDENT
20160803140935,SA1,900212,BATHOLOMEO,MUSA,IDENT
20160803140939,SA3,900919,ANNA,MPUGE,IDENT
20160803140954,SA2,901109,AMINA,MNYIFUNA,IDENT
20160803141022,SA1,901557,WALTER,MAYA,IDENT
20160803141036,SA1,900718,WILSON,ALOIS,IDENT
20160803140805,SA4,901152,STELLA,MWAKATOBE,IDENT
20160803140837,SA4,900904,ANNA,MAGEMBE,IDENT
20160803140911,SA4,901230,KUDRA,BAKARI,IDENT
20160803140914,SA5,901375,PILLI,CHOLOGONDO,IDENT
20160803140938,SA5,900850,ROSE,KITALI,IDENT
20160803140945,SA5,901378,HOYCE,TILLYA,IDENT
20160803140947,SA4,901212,JASMINI,MOHAMED,IDENT
20160803141001,SA4,900846,SARA,CHIDUNI,IDENT
20160803141015,SA4,901218,JANE,RYOBA,IDENT
20160803141042,SA4,900976,LUCY,STANLEY,IDENT
20160803141050,SA5,901346,FRANK,MANDI,IDENT
20160803141118,SA1,900822,MENRUFU,PILLY,IDENT
20160803141121,SA2,901167,KELVIN,NGOZI,IDENT
20160803141125,SA1,900211,BARAKA,MAKI,IDENT
20160803141125,SA6,900019,HAMISI,MADODO,IDENT
20160803141127,SA2,901075,AGATHA,JAMALI,IDENT
20160803141140,SA3,900974,ZAWADI,SADIKI,IDENT
20160803141143,SA2,901115,FROLA,SIKWEMBE,IDENT
20160803141150,SA1,900774,MBEWE,ELIUS,IDENT
20160803141151,SA2,901192,ASMA,KONDO,IDENT
20160803141155,SA1,900789,KAMPBONA,PASCAL,IDENT
20160803141158,SA4,901022,SILIVIA,SHAYO,IDENT
20160803141159,SA2,901009,MOSHI,SAIDI,IDENT
20160803141207,SA2,900978,ELIZABETH,ZAE,IDENT
20160803141221,SA2,901041,JACKLINI,MBOYA,IDENT
20160803141228,SA1,900154,MWAJUMA,MSAKUZI,IDENT
20160803141246,SA3,901096,SAMWELI,MANGARE,IDENT
20160803141248,SA6,900164,RAMADHANI ,BAKARI,IDENT
20160803141308,SA3,900959,REHEMA,LYOWA,IDENT
20160803141316,SA1,900741,ERICK,LUWUNGO,IDENT
20160803141320,SA2,901032,MARISELINA,NGULI,IDENT
20160803141326,SA1,900249,AMIRI,MZEE,IDENT
20160803141346,SA1,900755,NICHALAUS,AUGUSTINO,IDENT
20160803141457,SA1,900209,ANGELA,MBESIGWE,IDENT
20160803141555,SA1,900421,FRANK ,MUSHI,IDENT
20160803141319,SA4,900992,AGNES,MEJA,IDENT
20160803141324,SA4,900993,MARIAM,MSUMALI,IDENT
20160803141336,SA5,901360,MARRY,MASULUBE,IDENT
20160803141341,SA5,901373,ADELA,MSAGA,IDENT
20160803141356,SA4,901050,MARIAM,SAIDI,IDENT
20160803141404,SA4,901023,AMINA,CHAKWE,IDENT
20160803141407,SA4,900981,FIDES,MONGI,IDENT
20160803141422,SA4,901170,BAHATI,SHABANI,IDENT
20160803141425,SA4,901219,MARIAM,MUSSA,IDENT
20160803141454,SA4,900967,FATUMA,MTAMBUA,IDENT
20160803141508,SA4,901215,MWANAIDI,KOLOKO,IDENT
20160803141539,SA3,900925,REGINA,THOMAS,IDENT
20160803141615,SA3,901251,GATI,NYANTUMAN,IDENT
20160803141619,SA3,901111,ASIA,MSHAMU,IDENT
20160803141621,SA1,900717,GODFREY,LAMBAU,IDENT
20160803141624,SA3,900908,SALMA,RWAMBANO,IDENT
20160803141632,SA1,900207,ADELE,NJOCHOLA,IDENT
20160803141639,SA5,901342,ANDREW,KILUGWA,IDENT
20160803141659,SA5,901353,DOREEN,MDOE,IDENT
20160803141705,SA2,901087,REHEMA,CHETE,IDENT
20160803141708,SA2,101513,HADIJA,MPAMBA,IDENT
20160803141713,SA1,900784,WILLIAM,MSOLOKA,IDENT
20160803141715,SA6,900099,AMIN,JUMA,IDENT
20160803141718,SA1,900732,ELIA,FRANCIS,IDENT
20160803141735,SA1,900747,ADAM,MASALE,IDENT
20160803141742,SA1,900858,MUHSIN,ATHUMANI,IDENT
20160803141818,SA1,900734,REHEMA,NKYA,IDENT
20160803141847,SA1,900792,IDDI,IDDI,IDENT
20160803141904,SA6,900037,MOHAMED,MKALA,IDENT
20160803141914,SA1,900800,NAPEGWA,JACOB,IDENT
20160803141916,SA6,900444,JOHN,MEDA,IDENT
20160803142032,SA6,900112,ABDALLAH,MIKALAMBILO,IDENT
20160803142039,SA6,900580,BARAKA,MAGAFU,IDENT
20160803142057,SA1,900770,ANDERSON,KIKOTI,IDENT
20160803141817,SA4,901133,HUSNA,SENGAMBA,IDENT
20160803141830,SA4,900944,FROLA,KAMARA,IDENT
20160803141851,SA4,901256,AVERINA,AMANDUS,IDENT
20160803141859,SA5,901370,MARIAM,MJELELE,IDENT
20160803141912,SA4,901242,ISSA,MFAUME,IDENT
20160803141938,SA4,900910,ZAINABU,SADALLAH,IDENT
20160803142119,SA4,901269,AISHA,HALFAN,IDENT
20160803142136,SA6,900474,PHILBERT,MATOGO,IDENT
20160803142147,SA3,900931,JOHARI,KIMARO,IDENT
20160803142154,SA6,900015,EMMANUEL ,CLEMENT,IDENT
20160803142226,SA5,901361,MARRY,MLIUNJA,IDENT
20160803142227,SA1,900426,GESAGA,RAMADHANI,IDENT
20160803142242,SA6,900480,RASHID,MOHAMED,IDENT
20160803142303,SA6,900391,ALLY,MASHAURI,IDENT
20160803142400,SA1,900782,JANETH,DADAA,IDENT
20160803142406,SA1,900767,GLADNESS,KAIRUKI,IDENT
20160803142436,SA3,901246,VERONICA,MTENGWA,IDENT
20160803142518,SA1,900754,ROBERT,JORAM,IDENT
20160803142524,SA6,900140,IGNATUS,MLANGWA,IDENT
20160803142554,SA1,900762,SAID,MOHAMED,IDENT
20160803142409,SA4,901130,NURU,DAUDI,IDENT
20160803142703,SA3,900856,MWAJAMBU,HAMAD,IDENT
20160803142708,SA3,900933,WINFRIDA,LUSEBA,IDENT
20160803142710,SA3,901237,ZUBEDA,KIMARO,IDENT
20160803142745,SA2,901035,AGNES,NKONJELWA,IDENT
20160803142930,SA4,901092,ASIA,JUMA,IDENT
20160803143152,SA1,900788,DEBORA,MWASOMOLA,IDENT
20160803143222,SA3,901189,KURUTHUM,KHAMISI,IDENT
20160803143226,SA3,901186,FROLA,KILIMA,IDENT
20160803143234,SA3,901105,MTUMWA,ALLY,IDENT
20160803143239,SA3,900945,ELIZABETH,MREMA,IDENT
20160803143250,SA3,900943,MWAMINI,MPANGULE,IDENT
20160803143343,SA3,901037,FADINA,IBRAHIM,IDENT
20160803143347,SA3,900927,SAADA,SALUM,IDENT
20160803143319,SA4,900899,MAGDALENA,SIMAO,IDENT
20160803143617,SA6,900575,CHRISTINA ,SENYANGWA,IDENT
20160803143748,SA2,900963,MWAZANI,SAIDI,IDENT
20160803143825,SA2,901209,MIRIAM,MNDEWA,IDENT
20160803144114,SA3,900977,MWANAHAMISI,MUNKUNDA,IDENT
20160803144705,SA6,E060,ANOOP,TIWARI,IDENT
20160803144753,SA4,900983,RUKIA,KONDO,IDENT
20160803145351,SA2,901150,CHRISTINA,MBODE,IDENT
20160803145930,SA6,900582,ZABRON,TOSSI,IDENT
20160803150140,SA6,900115,AKIDA,DUGANGE,IDENT
20160803150542,SA1,900238,SAIMON,TARIMO,IDENT
20160803150731,SA1,900220,HAMISI,NJOCHOLA,IDENT
20160803150853,SA2,901021,NEEMA ,MWANGO,IDENT
20160803151459,SA6,900449,JUMA,SANGAYA,IDENT
20160803151749,SA6,900134,GRACE,KIM,IDENT
20160803152013,SA6,900128,ENELES,MBWAGA,IDENT
20160803153508,SA6,900155,MWANAFATIMA,MATIPA,IDENT
20160803153742,SA6,900584,LUCY,MACHAI,IDENT
20160803154119,SA2,901442,JARINA,SHEKOLA,IDENT
20160803154705,SA6,900130,FATUMA,CHOMBO,IDENT
20160803160341,SA1,900804,FROLAH,MPONDO,IDENT
20160803160724,SA6,900133,GEORGE,GIDION,IDENT
20160803160729,SA6,900127,DUNCAN,MHANDO,IDENT
20160803160915,SA5,901327,EMERY,MSUNGU,IDENT
20160803161440,SA6,900171,ROBERT,MFUNI,IDENT
20160803165126,SA2,901273,HELLEN,KIZWALO,IDENT
20160803165317,SA1,900655,ZAINAB,JERECKO,IDENT
20160803165345,SA1,900780,THEO,MAPUNDA,IDENT
20160803165419,SA1,900513,SALEHE,BAKARI,IDENT
20160803165517,SA6,901558,CONSOLATA,MDEMU,IDENT
20160803165725,SA1,900499,HASSAN,HAULE,IDENT
20160803165730,SA6,900560,DEOGRASIAS,STEPHIN,IDENT
20160803165751,SA1,900236,PENDO,MAGIGE,IDENT
20160803165910,SA6,900397,ANNA,MOSHI,IDENT
20160803170015,SA1,900500,HEMEDI,KANIKI,IDENT
20160803170021,SA6,900113,ABDUL,KAHENEKO,IDENT
20160803170214,SA1,900709,MRISHO,ATHUMANI,IDENT
20160803170242,SA6,900184,JASPER,NGURUBE,IDENT
20160803170253,SA2,900938,ISMAIL,THOMAS,IDENT
20160803170257,SA1,900502,IMAM,AJABU,IDENT
20160803170257,SA6,900620,AYOUB,MTAFUNGWA,IDENT
20160803170304,SA6,900132,FRIDA,KIGWA,IDENT
20160803170322,SA6,901560,FREDRICK,MUSHI,IDENT
20160803170339,SA6,900008,ANNE,MCHUMA,IDENT
20160803170345,SA1,900157,MZEE,KONDOWE,IDENT
20160803170422,SA6,900041,NELSON,MTEMI,IDENT
20160803170426,SA1,900098,TATU,MTUPA,IDENT
20160803170523,SA6,E043,VAGEESH,KUMAR,IDENT
20160803170530,SA6,900055,VERONICA,MBAZIGWA,IDENT
20160803170535,SA6,900271,HUSNA,SAID,IDENT
20160803170330,SA5,901339,JAMES,MKONO,IDENT
20160803170600,SA5,901329,ELIWA ,SHAO,IDENT
20160803170613,SA6,900107,MSELEM,MSELEM,IDENT
20160803170621,SA6,900029,JUMANNE,MBONDE,IDENT
20160803170638,SA6,900435,HASSAN,NKHAMBI,IDENT
20160803170643,SA6,900458,KIBWANA,SAIDI,IDENT
20160803170700,SA6,900484,SHANI,MOHAMED,IDENT
20160803170710,SA6,101880,RICHARD,MAKASI,IDENT
20160803170719,SA1,900466,MATHEW,PHILIP,IDENT
20160803170721,SA6,900416,ERICK,DAUD,IDENT
20160803170758,SA6,900701,MATHEW,NDANSHAU,IDENT
20160803170821,SA6,900470,MODEST,NJAU,IDENT
20160803170826,SA6,901265,FRANK ,RUZIGA,IDENT
20160803170852,SA6,900143,JACKLINE,MAIGA,IDENT
20160803170852,SA2,100633,HADIJA,MMANGA,IDENT
20160803170857,SA2,100638,AMINA,CHETE,IDENT
20160803170859,SA6,900414,EMMANUEL ,SERAPHINE,IDENT
20160803170900,SA2,101587,SHAMIM,FUNDI,IDENT
20160803170903,SA2,100624,HALIMA,KAMOTE,IDENT
20160803170907,SA6,900137,HERIETH,MWELI,IDENT
20160803170921,SA6,900393,ALLY,MTWALE,IDENT
20160803170929,SA6,900111,SALUM,SAIDI,IDENT
20160803170953,SA6,900108,NORAH,CLEMENCE,IDENT
20160803171021,SA6,900566,ERICK,NDUNGURU,IDENT
20160803171044,SA6,101110,ESTER,THEOOFIL,IDENT
20160803170735,SA5,901334,SHAIBU,KASANGA,IDENT
20160803170821,SA5,901329,ELIWA ,SHAO,IDENT
20160803170826,SA5,901332,NASRA,MSANYA,IDENT
20160803170837,SA5,901278,HENRY ,CHELULA,IDENT
20160803171110,SA6,900043,RANI,MOHAR,IDENT
20160803171115,SA6,900247,ALLY,SELEMANI,IDENT
20160803171132,SA6,900464,MARTHA,MWIKOLA,IDENT
20160803171241,SA6,900460,LAMECK,ASSETO,IDENT
20160803171312,SA6,901435,FILES,MBANDO,IDENT
20160803171326,SA6,900454,KHALFAN,AMOUR,IDENT
20160803171359,SA6,900432,HAMZA,ABDALLAH,IDENT
20160803171436,SA6,900257,ENGLIBERTH,DAUDI,IDENT
20160803171440,SA6,900488,THOBIAS,KIWELU,IDENT
20160803171459,SA6,900467,MBARUKU,OSWAD,IDENT
20160803171508,SA6,900009,ASHA,HAMISI,IDENT
20160803171542,SA6,900280,TADEO,MWINGIZI,IDENT
20160803171310,SA5,901333,NEEMA,KILUZIA,IDENT
20160803171719,SA6,900431,HAMADI,ZUBERI,IDENT
20160803171901,SA6,900485,SHUFAA,ABEID,IDENT
20160803171903,SA2,901452,STEVEN,CHUWA,IDENT
20160803171932,SA6,900420,FRANCIS,TESHA,IDENT
20160803171944,SA6,900472,MWALIMU,SELEMANI,IDENT
20160803171947,SA1,900503,JANE,RWEHUMBIZA,IDENT
20160803172010,SA6,901438,MARY,JOSEPH,IDENT
20160803172035,SA6,900405,CHARLES,WILLIAM,IDENT
20160803172040,SA6,900591,RASHID ,MUNKENDA,IDENT
20160803172055,SA6,900099,AMIN,JUMA,IDENT
20160803172102,SA6,900011,BLANTINA,MLOWE,IDENT
20160803172121,SA6,900418			,FELIX,WAUSA,IDENT
20160803172128,SA6,900574,FURAHA,MSAMBWA,IDENT
20160803172134,SA2,901534,MASANJA,JUMA,IDENT
20160803172215,SA2,200349,FRANK,MOSHI,IDENT
20160803172219,SA2,200320,OMARI,OMAR,IDENT
20160803172413,SA1,900241,STANLEY,KASIAN,IDENT
20160803172419,SA1,900237,SHOMARI,SELEMANI,IDENT
20160803172430,SA5,901335,YONA,MAPELELE,IDENT
20160803172548,SA2,900979,FATUMA,MSAKUZI,IDENT
20160803172553,SA2,900979,FATUMA,MSAKUZI,IDENT
20160803172558,SA2,200321,HEMED,KAZEMBE,IDENT
20160803172739,SA5,200171,RESPICIUS, NDYAMUKAMWA,IDENT
20160803172757,SA2,100566,MKWAYA,TONGOLA,IDENT
20160803172930,SA4,900941,KULWA,MSUMA,IDENT
20160803173006,SA6,E037,SRINIVAS,DANTU,IDENT
20160803173016,SA2,100596,ISMAIL,RAMADHANI,IDENT
20160803173124,SA6,900387,ADAM,KINGU,IDENT
20160803173148,SA6,900144,JANE,MWAKABULUFU,IDENT
20160803173158,SA3,900940,JUMANNE,ZONGO,IDENT
20160803173207,SA6,900448,JOSEPH,MKELEBE,IDENT
20160803173233,SA6,900389,AHMAD,KINDUMA,IDENT
20160803173313,SA1,900219,GEORGE,SAMATA,IDENT
20160803173347,SA2,901445,KARIM,MJAKA,IDENT
20160803173400,SA6,900004,AGATHA,KAYOMBO,IDENT
20160803173448,SA6,900246,ABDULKARIM,ALI,IDENT
20160803173622,SA6,E041,JAGAN MOHAN,YERUVA,IDENT
20160803173626,SA6,E073,DEVANSHU,SETH,IDENT
20160803173626,SA2,200313,GADISON,ROSENIUS,IDENT
20160803173634,SA2,200316,DENIS,JOHNSON,IDENT
20160803173637,SA2,200309,RAMADHANI,KIHILE,IDENT
20160803173716,SA6,900465,MARTIN,KIDUNGU,IDENT
20160803173813,SA1,101128,ISSA,RAMADHANI,IDENT
20160803173747,SA6,900142,IRENE,MREMA,IDENT
20160803173754,SA6,900173,SHARIFA,MRISHO,IDENT
20160803173941,SA6,900123,CHARLES,LUSWETULA,IDENT
20160803174003,SA2,901448,PAULINA,DAVID,IDENT
20160803174107,SA2,200348,JONASI,LUCAS,IDENT
20160803174112,SA2,200311,DAVID,BWILE,IDENT
20160803174620,SA1,101124,KHALIDI,KASSIMU,IDENT
20160803174610,SA2,100664,JUMA,MUSSA,IDENT
20160803174620,SA2,200312,BARAKA,KATEGILE,IDENT
20160803174623,SA2,901446,DANIEL,MBARUKA,IDENT
20160803174650,SA1,200053,MIKIDADI,NGODU,IDENT
20160803174739,SA6,900629,MICHAEL,ZAMBETAKIS,IDENT
20160803175017,SA1,900411,DEO,JULIUS,IDENT
20160803174813,SA2,200347,SHABILU,MOHAMMED,IDENT
20160803174942,SA6,900268,GWANTWA,MWASYEBULE,IDENT
20160803175011,SA6,E083,GURURAJ,SHENVI,IDENT
20160803175029,SA6,E067,ANKIT,JAIN,IDENT
20160803175042,SA6,E084,NAVNEET, SINGH,IDENT
20160803175158,SA2,100635,JULIUS,MUNISHI,IDENT
20160803175328,SA1,101140,FAUSTINI,MGIMBA,IDENT
20160803175604,SA6,E078,SANJAY,GOYAL,IDENT
20160803175703,SA2,901450,FARIDA,JUMA,IDENT
20160803175849,SA1,900715,ELIASI,KIZITO,IDENT
20160803180106,SA1,101588,ATHUMAN,SALIM,IDENT
20160803180034,SA6,900017,FIKA,JOMSON,IDENT
20160803180223,SA1,900425,GEORGE,JOSEPH,IDENT
20160803180248,SA1,900441,ISSA,KAISI,IDENT
20160803180444,SA6,900452,KENNEDY,KIMARO,IDENT
20160803180715,SA1,900224,JABIRI,AMANZI,IDENT
20160803180716,SA6,900262,FRIDA, MWAMBEGELE,IDENT
20160803180725,SA6,900436,HONEST,MATEMU,IDENT
20160803180756,SA6,E076,KAILASH,MONEN,IDENT
20160803180958,SA4,901239,SAKINA,KIZEE,IDENT
20160803181055,SA6,900446,JOSEPH,KIBASA,IDENT
20160803181548,SA1,900852,LEONCE,BARONGO,IDENT
20160803181412,SA6,900462,MANDZEL,KWIMBA,IDENT
20160803181607,SA6,900131,FRANK,MAKWABU,IDENT
20160803181734,SA6,900156,MWANAISHA,UWESU,IDENT
20160803181742,SA1,900457,KHAMISI,MASUMBUKO,IDENT
20160803182122,SA1,900687,PROTUS,RUWANDA,IDENT
20160803181806,SA6,E013,GIRIRAJ,SHARMA,IDENT
20160803181810,SA6,900103,FREDNAND,JACKSON,IDENT
20160803181857,SA6,900398,ARSEN, RWEBANGILA	,IDENT
20160803182300,SA6,900385,ABDALLAH,MOHAMED,IDENT
20160803182303,SA6,900413,ELIBAHATI,JOSEPH,IDENT
20160803182557,SA1,101115,ATHUUMANI,HEMEDI,IDENT
20160803182820,SA1,900517,THERESIA,NJAU,IDENT
20160803182825,SA1,900645,PETER,MTOLELA,IDENT
20160803182917,SA1,900506,JOE ,MATANDU,IDENT
20160803182925,SA6,E021,RAJA,SWAMINATHAN,IDENT
20160803182941,SA6,900027,JUMA,NAHAL,IDENT
20160803173642,SA6,900007,ANNA,DUA,IDENT
20160803173700,SA6,900039,MWAJABU,ALLY,IDENT
20160803173711,SA6,901434,JOSEPHINA,HAU,IDENT
20160803173714,SA6,901432,AMINA,SOGOI,IDENT
20160803173735,SA6,900151,LISSY,KIGONJOLA,IDENT
20160803183339,SA6,900292,ROSE,CHIKAWE,IDENT
20160803183504,SA1,900571,FRANK,MALIMA,IDENT
20160803173806,SA6,900644,FARIDA,RUBANZA,IDENT
20160803183714,SA1,101141,FRANK,RAPAHAEL,IDENT
20160803184533,SA1,900706,MECKLEEN,NANGEDA,IDENT
20160803184607,SA1,901575,LINDA,MLAY,IDENT
20160803185012,SA6,900122,CATHERINE,KUMBATA,IDENT
20160803185024,SA1,900410,DAVID,JOSEPH,IDENT
20160803185909,SA6,900165,RAMADHANI,NYENJE,IDENT
20160803190111,SA6,900109,AMANI,NYAKARASHI,IDENT
20160803190337,SA6,900568,GODWIN,KIRIA,IDENT
20160803190619,SA1,900505,JESCA,MATECHI,IDENT
20160803190932,SA6,900543,JOHN,MAGANYA,IDENT
20160803190949,SA6,900541,GOLDEN,MDUBA,IDENT
20160803191004,SA6,900057,ZAITUNI,ABDALLAH,IDENT
20160803191011,SA6,901440,UMMY,KWANGALA,IDENT
20160803191935,SA1,900497,EMANUEL,NGIMBUZI,IDENT
20160803192503,SA1,901577,SALEEM,KHATRI,IDENT
20160803195301,SA6,900661,ADILILA,KONGA,IDENT
20160803195307,SA6,900050,STANLEY,JEREMIAH,IDENT
20160803200845,SA1,900281,NAYOPA,MTENDECHI,IDENT
20160803201913,SA6,900025,JOYCE,MAGANGA,IDENT
20160803202329,SA1,900684,ABDUL,IMAMU,IDENT
20160803203200,SA1,900827,YASIN,MUSSA,IDENT
20160803205059,SA6,900046,SALUM,NDEGE,IDENT
20160803205426,SA1,900232,MATIKO ,MICHAEL,IDENT
20160803205751,SA6,900035,MOHAMED,HAUSI,IDENT
20160803205804,SA6,900006,ANDREW,JOSEPH,IDENT
20160803205859,SA6,900245,ABDALLAH,KIMULIMULI,IDENT
20160803210004,SA1,900818,PASCAL,MIKONDO,IDENT
20160803210008,SA1,900798,ATHUMAN,SEIF,IDENT
20160803210749,SA1,900805,FRANK ,JABIR,IDENT
20160803210904,SA1,900459,KULWA,MLYASANZA,IDENT
20160803210911,SA1,900808,HEONANI,BAJANA,IDENT
20160803210930,SA1,900799,RAJABU,RUBASHA,IDENT
20160803211251,SA1,900437,HUSSEIN,MBONDE,IDENT
20160803211256,SA1,900821,SAWA,SWAHA,IDENT
20160803211417,SA1,900723,SAIDI,JUMANE,IDENT
20160803211423,SA1,900817,MOSES,MASENGA,IDENT
20160803211426,SA1,900815,METHOD,DEDA,IDENT
20160803211431,SA1,900490,TWAHA,MGUHI,IDENT
20160803211506,SA1,900233,MUSSSA,ABDALLAH,IDENT
20160803211510,SA1,900742,PROSPER,POLITHO,IDENT
20160803211540,SA1,900783,DAMIAN,ALONE,IDENT
20160803211620,SA1,900211,BARAKA,MAKI,IDENT
20160803211639,SA1,900793,ABDUL,MAINGO,IDENT
20160803211750,SA1,900244,YOHA,MSANGI,IDENT
20160803211819,SA1,900290,RASHIDI,GEUZA,IDENT
20160803212046,SA1,900794,ADAM,SALTIELY,IDENT
20160803212152,SA1,900729,MOHAMED,KOMBO,IDENT
20160803212155,SA6,900002,ABDALLAH,MWEYO,IDENT
20160803212155,SA1,900749,EZEKIEL,SOLO,IDENT
20160803212234,SA6,900175,TEDDY,SIMON,IDENT
20160803212237,SA1,900756,HUSSEIN,KANDORO,IDENT
20160803212401,SA1,900760,OMARY,MHAGAMA,IDENT
20160803212551,SA1,900207,ADELE,NJOCHOLA,IDENT
20160803212554,SA1,900243,YOHANA,ALLY,IDENT
20160803212659,SA6,900010,BITSON,MWASILE,IDENT
20160803212732,SA1,900228,KAGERA,MSAMBUSI,IDENT
20160803212905,SA1,900757,JOSEPH,HEMA,IDENT
20160803213033,SA1,900227,JOSEPH,NGANILWA,IDENT
20160803213041,SA1,900781,GERALD,JOHN,IDENT
20160803213046,SA1,900739,EMENUEL,KYEJO,IDENT
20160803213051,SA1,900763,SALEHE,NJAGE,IDENT
20160803213104,SA1,900724,HASANI,MRISHO,IDENT
20160803213108,SA1,900734,REHEMA,NKYA,IDENT
20160803213112,SA1,900746,GEDION,BUTENGE,IDENT
20160803213133,SA1,900778,MARIAM,MICHAEL,IDENT
20160803213144,SA1,900735,ZAINABU,MOHAMEDI,IDENT
20160803213252,SA1,900386,ABDALLAH ,RAMADHANI,IDENT
20160803213434,SA1,900001,ABDALLAH,JUMANNE,IDENT
20160803213503,SA5,901412,ELIA,NGWALI,IDENT
20160803213510,SA6,900447,JOSEPH,LUSANA,IDENT
20160803213512,SA4,900897,SWAUMU,SAIDI,IDENT
20160803213519,SA6,900489,TUMAINI,MNZAVA,IDENT
20160803213534,SA5,901289,CONSOLATHA,RAPHAEL,IDENT
20160803213541,SA5,901383,JOAN,OMANDI,IDENT
20160803213601,SA5,901403,RUBUNDA,NJELELE,IDENT
20160803213644,SA5,200018,ABDALAH,SUDY,IDENT
20160803213727,SA5,901284,MOHAMED,IDDI,IDENT
20160803213901,SA1,900730,UHURU,MARWA,IDENT
20160803214043,SA1,900802,EMANUEL,SILAYO,IDENT
20160803214257,SA1,900816,MICHAEL,HUSEIN,IDENT
20160803214336,SA1,900769,JAMES,MACKLINE,IDENT
20160803214401,SA1,900217,FRED,JAMES,IDENT
20160803214429,SA1,900751,TUSKAR,HALFANI,IDENT
20160803214454,SA6,900170,REHEMA,CHINUNJE,IDENT
20160803214516,SA4,900916,SABINA,KINGIMALI,IDENT
20160803214532,SA5,901331,DIANA,KABYEMELA,IDENT
20160803214541,SA1,900825,TITO,MWAMBE,IDENT
20160803214547,SA5,901277,NEEMA,UISO,IDENT
20160803214552,SA5,901322,SARAH,ALLY,IDENT
20160803214556,SA5,901295,ELLASIA,WILLIUM,IDENT
20160803214604,SA5,901366,LYDIA,MAKENE,IDENT
20160803214614,SA5,901362,JULIETH,GODFREY,IDENT
20160803214622,SA5,901413,LEILA,KIMBENGELE,IDENT
20160803214627,SA5,901309,SALMA,RAFIKI,IDENT
20160803214617,SA1,900795,ALLY,LIKIWA,IDENT
20160803214648,SA5,901102,ORIVER,DAUD,IDENT
20160803214657,SA5,900918,MARIAM,RAMADHANI,IDENT
20160803214705,SA6,900658,MWASITI,LABOA,IDENT
20160803214713,SA5,901120,MERCY,MONGI,IDENT
20160803214729,SA5,901347,JAMES,MAJIJI,IDENT
20160803214745,SA4,901195,RAYMOND,BUKOJI,IDENT
20160803214746,SA5,901381,DOROSTA,CLEMANCE,IDENT
20160803214752,SA5,901388,OSWALD,SHILLA,IDENT
20160803214754,SA4,901157,DAVID,JUMA,IDENT
20160803214800,SA4,901225,NOELA,YALOT,IDENT
20160803214806,SA5,900888,AMINA,NGAINA,IDENT
20160803214808,SA4,901275,SALOME,KINUNDA,IDENT
20160803214812,SA5,901161,NURU,MOHAMED,IDENT
20160803214819,SA4,901156,SAID,HAMISI,IDENT
20160803214820,SA5,901330,SAVELINA ,KASHASHA,IDENT
20160803214825,SA5,901414,EMMANUEL,BANDIKO,IDENT
20160803214833,SA5,901374,NASRA,HAMADI,IDENT
20160803214907,SA4,901039,JULIANA,SUKU,IDENT
20160803214910,SA4,901139,HAPPY ,ZAKAYO,IDENT
20160803214925,SA4,900870,GOMERY,DAUDI,IDENT
20160803214928,SA5,901074,VERONICA,KIMWAGA,IDENT
20160803214932,SA6,900428,GLADIS,MAZENGO,IDENT
20160803214932,SA4,900926,AMINA,KONDO,IDENT
20160803214936,SA4,900895,CATHERINE,CHIGOGOLO,IDENT
20160803214949,SA5,901001,AMINA,MUYA,IDENT
20160803214955,SA4,900984,SALAMA,BIGE,IDENT
20160803215005,SA5,901226,MARTHA,MAKASHA,IDENT
20160803215005,SA4,900935,ZAINABU,SINGANO,IDENT
20160803215008,SA5,901405,ABDANI,SHILLA,IDENT
20160803215009,SA4,901003,SALAMA,KADALA,IDENT
20160803215012,SA5,901028,REHEMA,KWENGWEGU,IDENT
20160803215016,SA4,900937,UPENDO,MLEWA,IDENT
20160803215016,SA5,901033,TATU,ISSA,IDENT
20160803215018,SA5,901116,GRACE,KAHANGE,IDENT
20160803215029,SA5,901036,AZIZA,MANGETU,IDENT
20160803215030,SA4,901142,SOPHIA,YUSUPH,IDENT
20160803215037,SA5,900999,ROSE,MWAMAKOLA,IDENT
20160803215038,SA4,900942,CHRISTINA,MWENDA,IDENT
20160803215041,SA4,901146,MARTHA,MAKOTI,IDENT
20160803215041,SA1,900748,EDWARD,DAWSON,IDENT
20160803215044,SA5,901066,ZULEHA,MOHAMED,IDENT
20160803215049,SA4,901093,SHARON,IBRAHIM,IDENT
20160803215051,SA5,901153,MAGRETH,ZANUARI,IDENT
20160803215055,SA5,901207,AISHA,ABEID,IDENT
20160803215058,SA5,901126,YUNIS,LULANDALA,IDENT
20160803215059,SA4,900911,NEEMA,URASSA,IDENT
20160803215104,SA5,901208,SARAH,MWINANI,IDENT
20160803215111,SA5,901250,JENIPHA,DAMIAN,IDENT
20160803215116,SA4,901005,HADIJJA,KIJUU,IDENT
20160803215119,SA5,901058,HAMIDA,MATIPA,IDENT
20160803215122,SA4,901053,DORIS,JOHN,IDENT
20160803215125,SA5,901057,ANNA,KITOMARY,IDENT
20160803215128,SA4,901163,SIJALI,MKELE,IDENT
20160803215133,SA4,901141,HADIJA,SALUM,IDENT
20160803215133,SA5,901131,ESTA,KWEKA,IDENT
20160803215141,SA6,900703,MUSSA,MTALI,IDENT
20160803215142,SA5,901319,CHRISTINA,TATI,IDENT
20160803215143,SA4,901228,CESILIA,MBABUYE,IDENT
20160803215147,SA5,901371,YASINTA,LEKERI,IDENT
20160803215147,SA4,900973,SHARIFA,LIYAYA,IDENT
20160803215155,SA5,901172,AGNES,STEVEN,IDENT
20160803215159,SA5,901118,LILIAN,MREMA,IDENT
20160803215201,SA5,901293,JOHARI,MAHARIA,IDENT
20160803215210,SA4,901171,ESTHER,MUNGUTI,IDENT
20160803215211,SA5,901138,JOYCE,CHEMRA,IDENT
20160803215213,SA4,900893,JOYCE,MCHOMVU,IDENT
20160803215214,SA5,901345,ALHAJI,KIHIYO,IDENT
20160803215217,SA5,901211,ANNA,KIMARO,IDENT
20160803215217,SA4,900922,BAHATI,SALEHE,IDENT
20160803215221,SA5,901408,SAIDI,MAKALA,IDENT
20160803215225,SA4,901014,LUCY,THOMAS,IDENT
20160803215228,SA4,901008,GRESS,KOBA,IDENT
20160803215230,SA5,901224,ANNA,NYAKAPALA,IDENT
20160803215234,SA5,901249,HILDA,MWAZEMBE,IDENT
20160803215235,SA4,900952,SALAMA,MOHAMAD,IDENT
20160803215237,SA5,901288,EPIPHANIA,LUKWI,IDENT
20160803215240,SA5,901406,PASCAL,STANLEY,IDENT
20160803215243,SA4,901145,ADELINA,MALEMA,IDENT
20160803215245,SA5,901395,HASHIM,HAIZA,IDENT
20160803215247,SA5,901232,ZAMDA,HASSAN,IDENT
20160803215248,SA4,901002,MARIAM,SABURI,IDENT
20160803215256,SA4,900995,MARY,KIAMA,IDENT
20160803215259,SA4,900966,ZUHURA,KIJIMBO,IDENT
20160803215314,SA5,901312,VUMILIA,NDEGE,IDENT
20160803215320,SA5,901300,ANNA,TEMBA,IDENT
20160803215323,SA1,900429,GOODLUCK,LYAHONA,IDENT
20160803215323,SA5,901308,MADINA,ATHUMANI,IDENT
20160803215324,SA6,900148,JUDITH,MALISA,IDENT
20160803215326,SA5,901354,AISHAH,OTHUMANI,IDENT
20160803215327,SA4,900847,ZAINABU,SINGANO,IDENT
20160803215331,SA5,901399,DIANA,NDONGO,IDENT
20160803215334,SA4,900896,HADIJA , KIHEGO,IDENT
20160803215336,SA5,90086,FRIDA,MKUMBO,IDENT
20160803215341,SA1,900801,DAVID ,MWANJA,IDENT
20160803215346,SA4,900958,SOPHIA,LIKONGO,IDENT
20160803215358,SA4,901018,AISHA,KIBINDO,IDENT
20160803215405,SA5,901316,ZUHURA,HAMIS,IDENT
20160803215406,SA4,901240,CANDY,ABRAHAM,IDENT
20160803215408,SA5,901390,SHABANI,HUSEN,IDENT
20160803215413,SA5,901393,HADIJA,JUMA,IDENT
20160803215418,SA5,901430,JOYCE,SEMWENDA,IDENT
20160803215423,SA5,901349,HABIBU,BAKARI,IDENT
20160803215437,SA5,901425,HIDAYA,KASSIM,IDENT
20160803215444,SA5,901169,VERONICA,LECHIPYA,IDENT
20160803215459,SA4,901055,ZAINABU,OMARY,IDENT
20160803215504,SA5,901418,ISAYA ,SAWASAWA,IDENT
20160803215508,SA1,900758,MOHAMEDY,ATHUMANI,IDENT
20160803215511,SA4,901071,YUNIS,NDAIGA,IDENT
20160803215511,SA5,901292,SARA,YOEL,IDENT
20160803215513,SA1,900213,BEDASTUS,PIUS,IDENT
20160803215523,SA1,900807,GODRICH,MCHOMVU,IDENT
20160803215527,SA5,901423,CONSOLATHA,JOSEPH,IDENT
20160803215529,SA4,900975,EDINA,MZUNGU,IDENT
20160803215542,SA4,901176,FATUMA,MASOUD,IDENT
20160803215559,SA5,901384,JOSHUA,KITUNDU,IDENT
20160803215605,SA5,901317,ASHA,HAMISI,IDENT
20160803215609,SA5,901340,FELIX,MAKANYA,IDENT
20160803215615,SA5,901411,AMINA,MUSA,IDENT
20160803215620,SA4,901267,NEEMA ,MWAMANYE,IDENT
20160803215630,SA5,901427,JESCA,NGUMBU,IDENT
20160803215634,SA5,901355,HALIMA,SANANE,IDENT
20160803215639,SA5,900849,IRENE,MMARI,IDENT
20160803215645,SA4,900965,HERMAN,MAKOKO,IDENT
20160803215558,SA1,900797,ASHAM,MUSA,IDENT
20160803215605,SA1,900403,BEDA,YUDA,IDENT
20160803215713,SA1,900773,FELIX,CHRISTOPHER,IDENT
20160803215735,SA1,900776,ZUBERI,MOHAMED,IDENT
20160803215742,SA1,900823,TADEO,MAPEMA,IDENT
20160803215747,SA1,900721,GISELA,SHAYO,IDENT
20160803215751,SA1,900743,JUMA,ISEMA,IDENT
20160803215756,SA1,900727,GEORGE,GREAD,IDENT
20160803215759,SA1,900736,KANUNU,THABIT,IDENT
20160803215804,SA1,900744,SILVESTER,KAHINDI,IDENT
20160803215809,SA1,900731,HUSSAIN,HAMADI,IDENT
20160803215815,SA1,900777,MNADI,MRAJAA,IDENT
20160803215828,SA1,900728,JAMAL,MRISHO,IDENT
20160803220054,SA1,900222,HENRY,NGOWI,IDENT
20160803220059,SA1,900716,JUMA,JUMANNE,IDENT
20160803215652,SA4,901252,JENIPHA,CHIZA,IDENT
20160803215655,SA4,901144,ESTHER,NAPENGWA,IDENT
20160803215705,SA4,901222,DEBORA,FILIPATALI,IDENT
20160803215712,SA5,901350,ALFRED,CHARLES,IDENT
20160803215716,SA6,900572,DOTO,KAJOGOO,IDENT
20160803215717,SA5,901410,ALFRED,MUGHWAI,IDENT
20160803215720,SA6,900404,BRYANT,NYENYEMBE,IDENT
20160803215724,SA5,901369,RECHO,MSHUMBUSI,IDENT
20160803215742,SA5,901368,NAOMI,YUSUPH,IDENT
20160803215752,SA5,901367,BEATHA,MLOSO,IDENT
20160803215757,SA5,901298,SWAUMU,MZIRAI,IDENT
20160803215825,SA4,900882,WINIFRIDA,MALISELINO,IDENT
20160803215830,SA4,901119,LINA,MLAWA,IDENT
20160803215833,SA5,901324,MARIAM,YAHAYA,IDENT
20160803215838,SA4,901197,RASHID,NJERAN,IDENT
20160803215842,SA4,901213,HABIBA,NJIKU,IDENT
20160803215843,SA6,900473,NAOMI,GONDA,IDENT
20160803215850,SA5,901304,SOPHIA,ALLY,IDENT
20160803215851,SA4,901177,ASHA,MAVENGELO,IDENT
20160803215856,SA4,901099,TAUS,MUSTAPHA,IDENT
20160803215903,SA5,901283,KEDMOND,KAMOGA,IDENT
20160803215915,SA5,901279,NEEMA, GODFREY,IDENT
20160803215915,SA4,901220,AGNESS,MWAMBENGO,IDENT
20160803215929,SA6,900159,PAMELA,KUSALIKA,IDENT
20160803215930,SA4,901121,MWATANGA,ALLY,IDENT
20160803215932,SA5,901409,MAGRETH,NGOSI,IDENT
20160803215935,SA5,901305,DIANA,KIBASA,IDENT
20160803215938,SA4,900886,ELIZABERTH,KIJA,IDENT
20160803215939,SA5,901389,OMARY,JUMA,IDENT
20160803215946,SA5,901286,AGNES,LUCAS,IDENT
20160803220005,SA4,901165,FATUMA,ABDALLAH,IDENT
20160803220008,SA4,901091,FARIDA,LYIMO,IDENT
20160803220010,SA4,900929,HALIMA,SEIF,IDENT
20160803220013,SA5,901356,ZAMDA,NGWABAYA,IDENT
20160803220019,SA4,901206,AISHA,MKUMBA,IDENT
20160803220024,SA4,901077,CONSOLATH,MATERU,IDENT
20160803220028,SA4,901100,REHEMA,SALEHE,IDENT
20160803220032,SA4,900880,MWANAHAMISI,MAREKANO,IDENT
20160803220040,SA4,900861,MWAJABU,BAKARI,IDENT
20160803220047,SA6,900451,KASSIM,MALICK,IDENT
20160803220051,SA4,901257,FRIDA,MHELELA,IDENT
20160803220057,SA4,901221,TEDDY,MAGAMBO,IDENT
20160803220104,SA4,901103,MWATANGA,DIENI,IDENT
20160803220110,SA6,900579,GRAYSON,KUNZUGALA,IDENT
20160803220122,SA4,901110,ASHA,MPELA,IDENT
20160803220127,SA4,901106,MARYNIA,KAYOMBO,IDENT
20160803220148,SA1,900761,CHRISTOPHER,MFUNGO,IDENT
20160803220152,SA6,900422,FURAHA,MWAKIFWAMB,IDENT
20160803220249,SA1,900750,JACOB,KAWALE,IDENT
20160803220443,SA1,900811,JUMA,HUMBE,IDENT
20160803220530,SA1,900820,SALUM,KAISI,IDENT
20160803220559,SA1,101945,JAMES,VALENTINE,IDENT
20160803220153,SA4,900956,DIANA,LEMA,IDENT
20160803220206,SA4,901029,MARIAM,OMAR,IDENT
20160803220213,SA4,901128,ZAITUNI,SOGOI,IDENT
20160803220217,SA6,900487,STEPHEN,KAMBWEMBWE,IDENT
20160803220225,SA4,901227,MWAMVITA,MWAIPOPO,IDENT
20160803220225,SA5,901364,SALAFINA,KISAPI,IDENT
20160803220235,SA4,900971,NAOMI,SAMWELI,IDENT
20160803220244,SA5,901348,DAVID,NGELESHI,IDENT
20160803220245,SA4,901210,ROSE,CHUWA,IDENT
20160803220254,SA4,901205,JAMILA,MASONGI,IDENT
20160803220306,SA4,901236,FATIMA,ALLY,IDENT
20160803220311,SA5,901385,ABDALLA,MGAYA,IDENT
20160803220320,SA6,900391,ALLY,MASHAURI,IDENT
20160803220334,SA5,901336,ISMAIL,MHINA,IDENT
20160803220417,SA5,901302,ASHA,SHOMARI,IDENT
20160803220435,SA6,900153,MUSSA,KIGUNGAS,IDENT
20160803220500,SA4,901191,ROSE,BENARD,IDENT
20160803220511,SA5,901429,REHEMA,MAZEKU,IDENT
20160803220524,SA5,901301,TUKAE,MUSA,IDENT
20160803220530,SA4,900862,EDINA,MWAKYOMA,IDENT
20160803220550,SA5,901313,FATUMA,KAUNDA,IDENT
20160803220557,SA6,900162,PILLY,MANENO,IDENT
20160803220609,SA4,901015,JOYCE,CHACHA,IDENT
20160803220620,SA4,900924,DEBORA,HOSSA,IDENT
20160803220620,SA1,900216,ELLY,MKONGWE,IDENT
20160803220630,SA5,901400,DANIEL,MAKAYA,IDENT
20160803220657,SA5,901394,TERESIA,MHAMBO,IDENT
20160803220706,SA1,900392,ALLY,MBEGU,IDENT
20160803220841,SA1,900737,EXPEDTO,MKONGWE,IDENT
20160803220903,SA1,900456,KHALIFA,BASHILI,IDENT
20160803221106,SA1,900477,RAMADHANI,LUBASHA,IDENT
20160803220714,SA5,900912,MWAJUMA,KITANI,IDENT
20160803220720,SA5,901000,AGNES,MTYANGILE,IDENT
20160803220742,SA5,901392,STELLA,MTALLO,IDENT
20160803220847,SA6,900647,JOHANSEN,MPANJU,IDENT
20160803220931,SA6,900417,FABIAN,FABIAN,IDENT
20160803221115,SA5,901396,EDWIN,KIPUYO,IDENT
20160803221119,SA6,900164,RAMADHANI ,BAKARI,IDENT
20160803221233,SA5,901376,ZAINABU ,SALUM,IDENT
20160803221259,SA6,900476,RAMADHANI,IDD,IDENT
20160803221455,SA6,900124,DAUDI,ELIFALETH,IDENT
20160803221526,SA6,900135,HALIMA,NGAMZI,IDENT
20160803221531,SA6,900168,RAZAKI,MTINDA,IDENT
20160803222111,SA1,900231,MARKO,SHIMIZI,IDENT
20160803222111,SA6,900396,ANDREW,MSANGI,IDENT
20160803222249,SA6,900169,REHEMA,YUSUFU,IDENT
20160804050555,SA6,900002,ABDALLAH,MWEYO,IDENT
20160804050804,SA6,900245,ABDALLAH,KIMULIMULI,IDENT
20160804050813,SA6,900047,SAMSON,SHILA,IDENT
20160804050819,SA6,900035,MOHAMED,HAUSI,IDENT
20160804051602,SA1,900684,ABDUL,IMAMU,IDENT
20160804051612,SA1,900031,LUCAS,MABUYE,IDENT
20160804053548,SA4,900894,NURU,MAKANDE,IDENT
20160804053610,SA5,901351,BARNABA,EDWARD,IDENT
20160804053614,SA4,901246,VERONICA,MTENGWA,IDENT
20160804053705,SA5,901281,JOSEPH,MUSUGULI,IDENT
20160804053709,SA4,900921,MWAJUMA,IDDI,IDENT
20160804053713,SA4,901030,VERONICA,WANGWE,IDENT
20160804053727,SA1,900813,LEONARD,PETER,IDENT
20160804053730,SA1,900814,MARTIN,MUHANDO,IDENT
20160804053736,SA4,901175,SALMA,RAMADHAN,IDENT
20160804053915,SA4,901185,JOYCE,SAMWEL,IDENT
20160804053918,SA4,901164,SWAUMU,KAYANDA,IDENT
20160804053923,SA4,901229,ANNA,NGAPONDA,IDENT
20160804053944,SA4,900913,ASHURA,NGUMBE,IDENT
20160804053958,SA4,901143,LINES,PILLI,IDENT
20160804054005,SA4,901256,AVERINA,AMANDUS,IDENT
20160804054014,SA4,901104,MWANAHAWA,HASSAN,IDENT
20160804054021,SA4,900945,ELIZABETH,MREMA,IDENT
20160804054022,SA5,901012,FATUMA,KABUMA,IDENT
20160804054026,SA4,901234,ANITHA,AHALIELI,IDENT
20160804054027,SA5,901375,PILLI,CHOLOGONDO,IDENT
20160804054029,SA4,901135,REHEMA,OMARY,IDENT
20160804054036,SA4,901174,BETH,NGADADA,IDENT
20160804054038,SA4,901190,NEEMA,MNYALAPE,IDENT
20160804054052,SA5,901397,LINETH,KYARUS,IDENT
20160804054111,SA4,901020,VICTORIA,MWALUANDA,IDENT
20160804054118,SA4,900951,MWAJUMA,AIDAN,IDENT
20160804054125,SA5,901370,MARIAM,MJELELE,IDENT
20160804054125,SA4,901111,ASIA,MSHAMU,IDENT
20160804054129,SA4,901162,MWANAHARUSI,MOHAMED,IDENT
20160804054133,SA4,901212,JASMINI,MOHAMED,IDENT
20160804054138,SA4,901088,JANETH,MUONDO,IDENT
20160804054145,SA4,901160,SAUDA,MCHECHE,IDENT
20160804054150,SA4,900884,HADIJA,GOGO,IDENT
20160804054152,SA4,901105,MTUMWA,ALLY,IDENT
20160804054156,SA4,900874,LUCY,ELIAS,IDENT
20160804054159,SA4,900943,MWAMINI,MPANGULE,IDENT
20160804054205,SA4,900863,ANNA,MICHAEL,IDENT
20160804054210,SA4,901186,FROLA,KILIMA,IDENT
20160804054214,SA4,901245,EVERINA,MKETO,IDENT
20160804054219,SA4,900976,LUCY,STANLEY,IDENT
20160804054221,SA4,901193,VICTORIA,MWAMPEGETE,IDENT
20160804054224,SA5,901402,ALLY,SELEMAN,IDENT
20160804054228,SA5,901090,HADIJA,JUMA,IDENT
20160804054231,SA4,901184,GRACE,NGALABA,IDENT
20160804054234,SA4,901238,MARIAM,SELEMANI,IDENT
20160804054241,SA5,901112,BUSHRA,SALUM,IDENT
20160804054243,SA4,900993,MARIAM,MSUMALI,IDENT
20160804054251,SA4,901114,FARIDA,AMBLOS,IDENT
20160804054256,SA1,900442,ITIKA,DICKSON,IDENT
20160804054300,SA5,901255,ASHA,BILALI,IDENT
20160804054303,SA4,901067,HELENA,SAMWELI,IDENT
20160804054313,SA4,900985,BAHATI,SARAPIONI,IDENT
20160804054322,SA4,901108,AISHA,WILLIUM,IDENT
20160804054326,SA4,900904,ANNA,MAGEMBE,IDENT
20160804054329,SA1,900721,GISELA,SHAYO,IDENT
20160804054332,SA1,900743,JUMA,ISEMA,IDENT
20160804054334,SA4,901136,HONORATA,SHAYO,IDENT
20160804054341,SA5,901342,ANDREW,KILUGWA,IDENT
20160804054343,SA4,901034,STAMILI,MUSSA,IDENT
20160804054353,SA4,900868,MAIMUNA,JARUFU,IDENT
20160804054359,SA5,900915,DOROTHEA,KILO,IDENT
20160804054402,SA4,900906,MARYSTELA,MCHOME,IDENT
20160804054404,SA4,900878,AISHA,KIZINGA,IDENT
20160804054406,SA1,900797,ASHAM,MUSA,IDENT
20160804054406,SA6,900568,GODWIN,KIRIA,IDENT
20160804054411,SA1,900750,JACOB,KAWALE,IDENT
20160804054415,SA1,900761,CHRISTOPHER,MFUNGO,IDENT
20160804054418,SA4,901050,MARIAM,SAIDI,IDENT
20160804054421,SA1,900758,MOHAMEDY,ATHUMANI,IDENT
20160804054423,SA5,900850,ROSE,KITALI,IDENT
20160804054426,SA4,900846,SARA,CHIDUNI,IDENT
20160804054429,SA4,901132,HEAVENLIGHT,NKYA,IDENT
20160804054436,SA4,901032,MARISELINA,NGULI,IDENT
20160804054438,SA4,901187,MONICA,SHEMBONI,IDENT
20160804054443,SA4,901007,MODESTA,JOGOO,IDENT
20160804054444,SA5,901314,JANE,NYAGAWA,IDENT
20160804054448,SA4,900927,SAADA,SALUM,IDENT
20160804054458,SA4,901181,ASNA,SPRIAN,IDENT
20160804054504,SA4,901155,GRACE,MUHONO,IDENT
20160804054505,SA1,901557,WALTER,MAYA,IDENT
20160804054508,SA4,900891,HINESS,KAAYA,IDENT
20160804054510,SA4,901235,TUMAIN,MUNGURE,IDENT
20160804054511,SA1,900463,MARTENUS,MAPESA,IDENT
20160804054514,SA5,901291,AISHA,ISSA,IDENT
20160804054515,SA4,900865,CHRISTINA,MAGOWELA,IDENT
20160804054518,SA4,901115,FROLA,SIKWEMBE,IDENT
20160804054522,SA4,900997,MARY,ONDURU,IDENT
20160804054527,SA4,900899,MAGDALENA,SIMAO,IDENT
20160804054531,SA4,901075,AGATHA,JAMALI,IDENT
20160804054534,SA4,901009,MOSHI,SAIDI,IDENT
20160804054539,SA4,901037,FADINA,IBRAHIM,IDENT
20160804054548,SA4,900929,HALIMA,SEIF,IDENT
20160804054548,SA1,900731,HUSSAIN,HAMADI,IDENT
20160804054554,SA6,900046,SALUM,NDEGE,IDENT
20160804054555,SA4,901124,TABIA,OMARY,IDENT
20160804054600,SA4,900905,AMINA,MUHIDINI,IDENT
20160804054613,SA4,900996,LILIAN,RASHIDI,IDENT
20160804054620,SA4,901113,ELIZABETH,SHIRIMA,IDENT
20160804054624,SA4,901182,RENIFRIDA,NGUMBU,IDENT
20160804054629,SA5,901296,STELLA,LUGOME,IDENT
20160804054630,SA4,901168,REHEMA ,MWASOMOLA,IDENT
20160804054634,SA4,901183,YASINTA,MKIWA,IDENT
20160804054637,SA5,901353,DOREEN,MDOE,IDENT
20160804054600,SA1,900776,ZUBERI,MOHAMED,IDENT
20160804054613,SA1,900825,TITO,MWAMBE,IDENT
20160804054644,SA4,901041,JACKLINI,MBOYA,IDENT
20160804054652,SA1,900799,RAJABU,RUBASHA,IDENT
20160804054652,SA4,900881,ZAINABU,SAIDI,IDENT
20160804054655,SA4,901130,NURU,DAUDI,IDENT
20160804054656,SA1,900477,RAMADHANI,LUBASHA,IDENT
20160804054700,SA1,900809,JAMES,MWENDA,IDENT
20160804054702,SA5,901285,THABIT,ALLY,IDENT
20160804054706,SA4,901089,HARUNA,ATHUMANI,IDENT
20160804054706,SA1,900744,SILVESTER,KAHINDI,IDENT
20160804054710,SA4,901042,FARIDA,NDAUKE,IDENT
20160804054716,SA4,901230,KUDRA,BAKARI,IDENT
20160804054724,SA4,900963,MWAZANI,SAIDI,IDENT
20160804054727,SA4,901027,EDDA,MWAKIBINGWA,IDENT
20160804054732,SA5,901401,GASPAL,MKOBA,IDENT
20160804054734,SA4,900994,MWAISHA,MWAMOTO,IDENT
20160804054737,SA5,901361,MARRY,MLIUNJA,IDENT
20160804054739,SA4,901173,BAHATI,MAKAMBA,IDENT
20160804054742,SA5,901023,AMINA,CHAKWE,IDENT
20160804054744,SA4,901272,NDEKESIO,SIKAWA,IDENT
20160804054755,SA4,900981,FIDES,MONGI,IDENT
20160804054758,SA1,900727,GEORGE,GREAD,IDENT
20160804054759,SA6,900564,RAMADHANI,SAIDI,IDENT
20160804054804,SA5,901391,GEOFREY,MAPESA,IDENT
20160804054805,SA4,900968,TAUSI,SIMBA,IDENT
20160804054807,SA4,900959,REHEMA,LYOWA,IDENT
20160804054813,SA4,901247,KULUTHUM,CHILEMILE,IDENT
20160804054814,SA6,900579,GRAYSON,KUNZUGALA,IDENT
20160804054818,SA4,901117,HIDAYA,MASOUD,IDENT
20160804054825,SA4,900974,ZAWADI,SADIKI,IDENT
20160804054829,SA4,901047,MWAJUMA,HAMIS,IDENT
20160804054833,SA4,900961,ELIZABETH,FRANCISCO,IDENT
20160804054835,SA6,900611,EVARIST,MPINGAURUGU,IDENT
20160804054836,SA5,900879,RAHMA,KILO,IDENT
20160804054839,SA4,901241,FATUMA,JUMA,IDENT
20160804054840,SA5,901386,SHAMSI,MUHITI,IDENT
20160804054846,SA5,900471,MOHAMED,MIRUNDI,IDENT
20160804054859,SA1,900777,MNADI,MRAJAA,IDENT
20160804054906,SA1,900716,JUMA,JUMANNE,IDENT
20160804054907,SA6,900575,CHRISTINA ,SENYANGWA,IDENT
20160804054909,SA1,900748,EDWARD,DAWSON,IDENT
20160804054918,SA4,901116,GRACE,KAHANGE,IDENT
20160804054927,SA6,900010,BITSON,MWASILE,IDENT
20160804054929,SA1,900403,BEDA,YUDA,IDENT
20160804054938,SA1,900217,FRED,JAMES,IDENT
20160804054939,SA4,901215,MWANAIDI,KOLOKO,IDENT
20160804054941,SA1,900244,YOHA,MSANGI,IDENT
20160804054942,SA5,901387,GODFREY,YALED,IDENT
20160804054951,SA1,900730,UHURU,MARWA,IDENT
20160804055002,SA5,901311,LOYCE,MASKINI,IDENT
20160804055010,SA4,900972,SAFINA,ABEID,IDENT
20160804055012,SA4,901129,FELISTA,NYAHENGE,IDENT
20160804055021,SA4,901092,ASIA,JUMA,IDENT
20160804055028,SA6,900480,RASHID,MOHAMED,IDENT
20160804055031,SA1,900384,ABDALLA,SAIDI,IDENT
20160804055031,SA4,901046,GRADIS,MAGANA,IDENT
20160804055039,SA4,901231,ASHA,DUTCH,IDENT
20160804055043,SA4,900885,AMINA,MZARA,IDENT
20160804055050,SA5,901417,REHEMA,SINDANO,IDENT
20160804055053,SA4,900970,MARIA,ELIESEL,IDENT
20160804055054,SA6,900049,SIHABA,NAKIPENGELE,IDENT
20160804055055,SA5,901179,AMANDA,KWEZI,IDENT
20160804055103,SA4,901107,MUHIDINI,HASSAN,IDENT
20160804055109,SA4,901043,ANNA,JOHN,IDENT
20160804055111,SA5,901307,MATRIDA,CHUVAKA,IDENT
20160804055119,SA5,901315,FIDEA,AGUSTINO,IDENT
20160804055123,SA5,901347,JAMES,MAJIJI,IDENT
20160804055124,SA4,901219,MARIAM,MUSSA,IDENT
20160804055138,SA4,901029,MARIAM,MWETEMBO,IDENT
20160804055144,SA4,900998,ASHA,MOHAMED,IDENT
20160804055138,SA1,900770,ANDERSON,KIKOTI,IDENT
20160804055151,SA6,900611,EVARIST,MPINGAURUGU,IDENT
20160804055156,SA4,900933,WINFRIDA,LUSEBA,IDENT
20160804055158,SA4,901095,BEATA,KOMBA,IDENT
20160804055201,SA4,901026,FATUMA,KONYO,IDENT
20160804055201,SA1,900801,DAVID ,MWANJA,IDENT
20160804055208,SA1,900808,HEONANI,BAJANA,IDENT
20160804055224,SA4,901022,SILIVIA,SHAYO,IDENT
20160804055233,SA4,901133,HUSNA,SENGAMBA,IDENT
20160804055242,SA4,900910,ZAINABU,SADALLAH,IDENT
20160804055248,SA1,900751,TUSKAR,HALFANI,IDENT
20160804055259,SA5,900855,SINAHIA,OMARI,IDENT
20160804055308,SA5,901052,SUZANA,NAPANGA,IDENT
20160804055327,SA4,901140,ASHURA,MGENI,IDENT
20160804055353,SA4,900988,UPENDO,PETER,IDENT
20160804055356,SA5,901346,FRANK,MANDI,IDENT
20160804055358,SA1,900737,EXPEDTO,MKONGWE,IDENT
20160804055403,SA1,900296,SAVERY,KAJELA,IDENT
20160804055413,SA1,900045,SAIDI,MNDOLWA,IDENT
20160804055420,SA4,901051,HABIBA,PAZZI,IDENT
20160804055422,SA5,900967,FATUMA,MTAMBUA,IDENT
20160804055430,SA4,901243,PLAKSEDA,AKIZAMUNGU,IDENT
20160804055437,SA4,901242,ISSA,MFAUME,IDENT
20160804055444,SA4,901251,GATI,NYANTUMAN,IDENT
20160804055447,SA1,900773,FELIX,CHRISTOPHER,IDENT
20160804055449,SA4,901194,ELINA,ABEL,IDENT
20160804055451,SA5,901331,DIANA,KABYEMELA,IDENT
20160804055451,SA4,900925,REGINA,THOMAS,IDENT
20160804055456,SA4,901218,JANE,RYOBA,IDENT
20160804055459,SA5,901340,FELIX,MAKANYA,IDENT
20160804055502,SA4,901237,ZUBEDA,KIMARO,IDENT
20160804055504,SA5,901410,ALFRED,MUGHWAI,IDENT
20160804055507,SA4,901004,ZAHARA,YANGE,IDENT
20160804055510,SA4,901078,NASMA,LINOGA,IDENT
20160804055510,SA6,900140,IGNATUS,MLANGWA,IDENT
20160804055515,SA4,900901,NEEMA,NYAKOKI,IDENT
20160804055516,SA5,900853,DEVOTHA,ELIAS,IDENT
20160804055521,SA6,900662,ABDALLAH,ABEID,IDENT
20160804055532,SA4,900917,SALMA,DIWILE,IDENT
20160804055539,SA6,900130,FATUMA,CHOMBO,IDENT
20160804055545,SA4,900883,EDINA,ABED,IDENT
20160804055545,SA6,901149,EPIFANI, MBOKO,IDENT
20160804055557,SA5,901280,WHITNESS,MSAGATI,IDENT
20160804055559,SA4,901209,MIRIAM,MNDEWA,IDENT
20160804055611,SA4,901059,JAZIRA,RAMADHANI,IDENT
20160804055614,SA5,901308,MADINA,ATHUMANI,IDENT
20160804055628,SA4,901192,ASMA,KONDO,IDENT
20160804055631,SA4,901017,CATHERINE,NYEMA,IDENT
20160804055642,SA5,901345,ALHAJI,KIHIYO,IDENT
20160804055644,SA4,900950,ASHURA,ATHUMAN,IDENT
20160804055648,SA5,900914,HAWA,MWIMBE,IDENT
20160804055653,SA6,900127,DUNCAN,MHANDO,IDENT
20160804055655,SA5,901360,MARRY,MASULUBE,IDENT
20160804055643,SA1,900732,ELIA,FRANCIS,IDENT
20160804055655,SA4,901253,JOYCE,KESI,IDENT
20160804055659,SA4,901127,ZAHARA,MBELWA,IDENT
20160804055707,SA4,901152,STELLA,MWAKATOBE,IDENT
20160804055709,SA4,900962,JOSEPH,ELISAFI,IDENT
20160804055713,SA4,901170,BAHATI,SHABANI,IDENT
20160804055717,SA4,901189,KURUTHUM,KHAMISI,IDENT
20160804055733,SA6,900582,ZABRON,TOSSI,IDENT
20160804055813,SA6,900474,PHILBERT,MATOGO,IDENT
20160804055833,SA6,E032,SANKARAN,JAYARAM,IDENT
20160804055845,SA4,901048,HALIMA,IDDI,IDENT
20160804055904,SA1,900858,MUHSIN,ATHUMANI,IDENT
20160804055911,SA1,900719,STEPHAN,SIMON,IDENT
20160804055920,SA4,900934,MWAJABU,MARIDADI,IDENT
20160804055927,SA1,900755,NICHALAUS,AUGUSTINO,IDENT
20160804055947,SA4,901045,ASHURA,KATULA,IDENT
20160804055947,SA6,900541,GOLDEN,MDUBA,IDENT
20160804060007,SA4,901123,REBECA,KALOFU,IDENT
20160804060019,SA1,900747,ADAM,MASALE,IDENT
20160804060024,SA1,900717,GODFREY,LAMBAU,IDENT
20160804060038,SA1,900718,WILSON,ALOIS,IDENT
20160804060046,SA1,900792,IDDI,IDDI,IDENT
20160804060057,SA1,900789,KAMPBONA,PASCAL,IDENT
20160804060118,SA4,900897,SWAUMU,SAIDI,IDENT
20160804060125,SA4,901274,AMINA,KAHABUKA,IDENT
20160804060139,SA4,900992,AGNES,MEJA,IDENT
20160804055658,SA5,901288,EPIPHANIA,LUKWI,IDENT
20160804055701,SA5,901313,FATUMA,KAUNDA,IDENT
20160804055708,SA5,901380,BISURA,MCHELEO,IDENT
20160804055711,SA5,901293,JOHARI,MAHARIA,IDENT
20160804055717,SA5,901319,CHRISTINA,TATI,IDENT
20160804055721,SA5,901413,LEILA,KIMBENGELE,IDENT
20160804055729,SA5,901309,SALMA,RAFIKI,IDENT
20160804055735,SA5,901320,REHEMA,ALLY,IDENT
20160804055740,SA5,901294,RATIFA,KAPINGA,IDENT
20160804055748,SA5,901290,AGNES,SALAWA,IDENT
20160804055753,SA5,200018,ABDALAH,SUDY,IDENT
20160804055802,SA5,901419,JENIPHA,MWILONGO,IDENT
20160804055826,SA5,901403,RUBUNDA,NJELELE,IDENT
20160804055832,SA5,901344,JACKSON,ATANUS,IDENT
20160804055836,SA5,901373,ADELA,MSAGA,IDENT
20160804055840,SA5,901295,ELLASIA,WILLIUM,IDENT
20160804055846,SA5,901322,SARAH,ALLY,IDENT
20160804055852,SA5,901337,SALUM,LINJA,IDENT
20160804055900,SA5,901289,CONSOLATHA,RAPHAEL,IDENT
20160804055912,SA5,901297,STELLA,MAKUNDI,IDENT
20160804055944,SA5,901300,ANNA,TEMBA,IDENT
20160804060005,SA5,901366,LYDIA,MAKENE,IDENT
20160804060011,SA5,901328,MARRY,SHOO,IDENT
20160804060015,SA5,901371,YASINTA,LEKERI,IDENT
20160804060018,SA5,901378,HOYCE,TILLYA,IDENT
20160804060021,SA5,901374,NASRA,HAMADI,IDENT
20160804060038,SA5,901284,MOHAMED,IDDI,IDENT
20160804060044,SA5,901414,EMMANUEL,BANDIKO,IDENT
20160804060126,SA5,901362,JULIETH,GODFREY,IDENT
20160804060130,SA5,901354,AISHAH,OTHUMANI,IDENT
20160804060138,SA5,901412,ELIA,NGWALI,IDENT
20160804060144,SA1,900810,JOSEPH,JULIUS,IDENT
20160804060215,SA1,900578,MTARI,MAGINGA,IDENT
20160804060219,SA1,900440,IDRISA,KIMARO,IDENT
20160804060307,SA1,900411,DEO,JULIUS,IDENT
20160804060312,SA1,900724,HASANI,MRISHO,IDENT
20160804060326,SA1,900775,SABATO,JULIUS,IDENT
20160804060334,SA1,900571,FRANK,MALIMA,IDENT
20160804060425,SA1,900767,GLADNESS,KAIRUKI,IDENT
20160804060432,SA1,900812,LEONARD,NYANGO,IDENT
20160804060449,SA1,900154,MWAJUMA,MSAKUZI,IDENT
20160804060454,SA1,900784,WILLIAM,MSOLOKA,IDENT
20160804060500,SA1,900820,SALUM,KAISI,IDENT
20160804060506,SA1,900790,ISIHAKA,IDDI,IDENT
20160804060514,SA1,900720,FRANCIS,RAFAEL,IDENT
20160804060534,SA1,900764,OMBENI,MICHAEL,IDENT
20160804060200,SA4,901025,ASHURA,HAMISI,IDENT
20160804060215,SA4,901137,SOFIA,KIUMBE,IDENT
20160804060230,SA6,900153,MUSSA,KIGUNGAS,IDENT
20160804060247,SA4,900890,OLIVER,UDOBA,IDENT
20160804060254,SA5,901377,HUSSEIN,MANYEMBA,IDENT
20160804060322,SA6,900428,GLADIS,MAZENGO,IDENT
20160804060328,SA6,900473,NAOMI,GONDA,IDENT
20160804060329,SA5,901343,SEBASTIAN,KIPINGU,IDENT
20160804060350,SA5,901277,NEEMA,UISO,IDENT
20160804060353,SA5,901400,DANIEL,MAKAYA,IDENT
20160804060358,SA6,900489,TUMAINI,MNZAVA,IDENT
20160804060358,SA4,900916,SABINA,KINGIMALI,IDENT
20160804060407,SA4,901217,VIVIAN,MWANGATA,IDENT
20160804060414,SA4,900930,TABIA,DOGOLI,IDENT
20160804060418,SA6,900138,HUSSEIN,SHABANI,IDENT
20160804060430,SA5,901390,SHABANI,HUSEN,IDENT
20160804060551,SA4,901013,YASINTA,SHELUBANZI,IDENT
20160804060616,SA5,901381,DOROSTA,CLEMANCE,IDENT
20160804060631,SA1,900455,KHALFAN,OMARI,IDENT
20160804060632,SA4,900947,ANNA,GODISON,IDENT
20160804060638,SA1,900819,PATRICK,MTONDOLA,IDENT
20160804060655,SA1,900754,ROBERT,JORAM,IDENT
20160804060721,SA1,900823,TADEO,MAPEMA,IDENT
20160804060826,SA1,900826,VITALIS,HOTTI,IDENT
20160804060843,SA1,900824,TITO,MGOVANO,IDENT
20160804060855,SA1,900733,ALHAJI,IDD,IDENT
20160804060943,SA1,900800,NAPEGWA,JACOB,IDENT
20160804061014,SA1,900725,SAMSONI,KINGU,IDENT
20160804061020,SA1,900209,ANGELA,MBESIGWE,IDENT
20160804060732,SA6,900444,JOHN,MEDA,IDENT
20160804060803,SA5,901416,YONA,MUSA,IDENT
20160804060809,SA5,901283,KEDMOND,KAMOGA,IDENT
20160804060815,SA5,901323,AMINA,HAMISI,IDENT
20160804060820,SA5,901429,REHEMA,MAZEKU,IDENT
20160804060846,SA6,900112,ABDALLAH,MIKALAMBILO,IDENT
20160804060910,SA4,901076,AGNESS,NGAPONDA,IDENT
20160804060914,SA5,901383,JOAN,OMANDI,IDENT
20160804060937,SA6,900447,JOSEPH,LUSANA,IDENT
20160804061022,SA5,901392,STELLA,MTALLO,IDENT
20160804061040,SA6,900139,IDD,YUSUFU,IDENT
20160804061054,SA6,900404,BRYANT,NYENYEMBE,IDENT
20160804061230,SA1,900762,SAID,MOHAMED,IDENT
20160804061317,SA1,900281,NAYOPA,MTENDECHI,IDENT
20160804061400,SA1,900421,FRANK ,MUSHI,IDENT
20160804061404,SA1,900741,ERICK,LUWUNGO,IDENT
20160804061451,SA1,900736,KANUNU,THABIT,IDENT
20160804061530,SA1,900822,MENRUFU,PILLY,IDENT
20160804061541,SA1,900001,ABDALLAH,JUMANNE,IDENT
20160804061553,SA1,900722,ELIZABETH,MATHIUS,IDENT
20160804061237,SA4,901264,HADIJA,RAMADHANI,IDENT
20160804061325,SA6,900048,SHELLA,MFAUME,IDENT
20160804061333,SA6,900420,FRANCIS,TESHA,IDENT
20160804061344,SA6,900115,AKIDA,DUGANGE,IDENT
20160804061413,SA6,900451,KASSIM,MALICK,IDENT
20160804061636,SA1,900238,SAIMON,TARIMO,IDENT
20160804061734,SA1,900782,JANETH,DADAA,IDENT
20160804061851,SA1,900220,HAMISI,NJOCHOLA,IDENT
20160804061856,SA1,900774,MBEWE,ELIUS,IDENT
20160804061926,SA1,900212,BATHOLOMEO,MUSA,IDENT
20160804061946,SA1,900456,KHALIFA,BASHILI,IDENT
20160804062126,SA1,101945,JAMES,VALENTINE,IDENT
20160804062132,SA1,900242,WILSON,ANYNGISE,IDENT
20160804061842,SA6,900170,REHEMA,CHINUNJE,IDENT
20160804061856,SA6,900449,JUMA,SANGAYA,IDENT
20160804061923,SA6,900469,MICHAEL,MDACHI,IDENT
20160804061938,SA6,900409,DANIEL,MROPE,IDENT
20160804062159,SA5,901338,WAZIRI,WAZIRI,IDENT
20160804062326,SA1,900803,EMMANUEL,YOUZE,IDENT
20160804062805,SA1,900788,DEBORA,MWASOMOLA,IDENT
20160804062844,SA1,900450,JUMA,RAMADHANI,IDENT
20160804062958,SA6,900448,JOSEPH,MKELEBE,IDENT
20160804063212,SA6,900572,DOTO,KAJOGOO,IDENT
20160804063251,SA1,900216,ELLY,MKONGWE,IDENT
20160804063553,SA1,900272,ISRAEL,GYUNA,IDENT
20160804063511,SA6,901440,UMMY,KWANGALA,IDENT
20160804063622,SA6,900025,JOYCE,MAGANGA,IDENT
20160804064525,SA1,900222,HENRY,NGOWI,IDENT
20160804064539,SA6,900175,TEDDY,SIMON,IDENT
20160804064610,SA1,900728,JAMAL,MRISHO,IDENT
20160804064820,SA1,900804,FROLAH,MPONDO,IDENT
20160804065703,SA1,900429,GOODLUCK,LYAHONA,IDENT
20160804065721,SA1,900466,MATHEW,PHILIP,IDENT
20160804065919,SA6,900629,MICHAEL,ZAMBETAKIS,IDENT
20160804065927,SA6,900050,STANLEY,JEREMIAH,IDENT
20160804070129,SA1,900290,RASHIDI,GEUZA,IDENT
20160804070329,SA6,900133,GEORGE,GIDION,IDENT
20160804070557,SA6,101110,ESTER,THEOOFIL,IDENT
20160804070813,SA5,901327,EMERY,MSUNGU,IDENT
20160804071501,SA6,900027,JUMA,NAHAL,IDENT
20160804071606,SA1,900210,ASHA,HUSSEIN,IDENT
20160804071839,SA6,900039,MWAJABU,ALLY,IDENT
20160804071935,SA6,901434,JOSEPHINA,HAU,IDENT
20160804072243,SA6,901431,AMBALI,SOUD,IDENT
20160804072609,SA6,900387,ADAM,KINGU,IDENT
20160804073022,SA6,900271,HUSNA,SAID,IDENT
20160804073135,SA6,900385,ABDALLAH,MOHAMED,IDENT
20160804073240,SA5,901329,ELIWA ,SHAO,IDENT
20160804073321,SA6,900467,MBARUKU,OSWAD,IDENT
20160804073336,SA6,900041,NELSON,MTEMI,IDENT
20160804073411,SA6,900029,JUMANNE,MBONDE,IDENT
20160804073559,SA6,900123,CHARLES,LUSWETULA,IDENT
20160804073658,SA6,900494,YOHANA,LUSANA,IDENT
20160804073847,SA6,900397,ANNA,MOSHI,IDENT
20160804074017,SA1,900715,ELIASI,KIZITO,IDENT
20160804074130,SA4,900941,KULWA,MSUMA,IDENT
20160804074157,SA1,900215,EDWARD,RUFUNGA,IDENT
20160804074221,SA5,901332,NASRA,MSANYA,IDENT
20160804074228,SA1,900706,MECKLEEN,NANGEDA,IDENT
20160804074252,SA6,900132,FRIDA,KIGWA,IDENT
20160804074307,SA6,900472,MWALIMU,SELEMANI,IDENT
20160804074313,SA5,901278,HENRY ,CHELULA,IDENT
20160804074434,SA1,900843,KHALFANI,SHABAN,IDENT
20160804074448,SA1,101141,FRANK,RAPAHAEL,IDENT
20160804074544,SA6,900389,AHMAD,KINDUMA,IDENT
20160804074714,SA6,900262,FRIDA, MWAMBEGELE,IDENT
20160804074736,SA6,900649,ZUBEDA,MANDIA,IDENT
20160804074740,SA6,901560,FREDRICK,MUSHI,IDENT
20160804074747,SA6,900485,SHUFAA,ABEID,IDENT
20160804074751,SA1,901575,LINDA,MLAY,IDENT
20160804074805,SA6,900184,JASPER,NGURUBE,IDENT
20160804074824,SA6,900432,HAMZA,ABDALLAH,IDENT
20160804074859,SA6,901435,FILES,MBANDO,IDENT
20160804074904,SA1,101140,FAUSTINI,MGIMBA,IDENT
20160804074913,SA1,900687,PROTUS,RUWANDA,IDENT
20160804074924,SA1,900714,STIVINI,STIVINI,IDENT
20160804074930,SA1,101128,ISSA,RAMADHANI,IDENT
20160804074938,SA6,901265,FRANK ,RUZIGA,IDENT
20160804075117,SA1,101123,KHAMISI ,PEMBE,IDENT
20160804075121,SA6,900431,HAMADI,ZUBERI,IDENT
20160804075122,SA1,101118,MANENO,RAMADHANI,IDENT
20160804075210,SA5,901339,JAMES,MKONO,IDENT
20160804075212,SA6,900144,JANE,MWAKABULUFU,IDENT
20160804075215,SA6,900583,REGINALD,MICHAEL,IDENT
20160804075219,SA6,E021,RAJA,SWAMINATHAN,IDENT
20160804075225,SA6,E073,DEVANSHU,SETH,IDENT
20160804075225,SA5,200171,RESPICIUS, NDYAMUKAMWA,IDENT
20160804075238,SA1,200053,MIKIDADI,NGODU,IDENT
20160804075245,SA1,101588,ATHUMAN,SALIM,IDENT
20160804075352,SA4,901273,HELLEN,KIZWALO,IDENT
20160804075355,SA6,900418			,FELIX,WAUSA,IDENT
20160804075402,SA6,900465,MARTIN,KIDUNGU,IDENT
20160804075415,SA6,900100,AROBOGAST,MOGELLA,IDENT
20160804075441,SA6,900131,FRANK,MAKWABU,IDENT
20160804075450,SA6,900430,GWAKISA,MWAKASAGURE,IDENT
20160804075504,SA6,900107,MSELEM,MSELEM,IDENT
20160804075504,SA1,900547,COLMAN,KIWALE,IDENT
20160804075551,SA1,900503,JANE,RWEHUMBIZA,IDENT
20160804075609,SA6,900292,ROSE,CHIKAWE,IDENT
20160804075615,SA6,900436,HONEST,MATEMU,IDENT
20160804075639,SA1,101589,AMIRI,YAHAYA,IDENT
20160804075653,SA6,900446,JOSEPH,KIBASA,IDENT
20160804075658,SA1,101124,KHALIDI,KASSIMU,IDENT
20160804075659,SA6,900393,ALLY,MTWALE,IDENT
20160804075706,SA1,101134,HASSAN,KAPANYA,IDENT
20160804075718,SA1,101531,RASHIDI,BAKARI,IDENT
20160804075721,SA6,101880,RICHARD,MAKASI,IDENT
20160804075727,SA6,900007,ANNA,DUA,IDENT
20160804075742,SA6,900017,FIKA,JOMSON,IDENT
20160804075812,SA6,900560,DEOGRASIAS,STEPHIN,IDENT
20160804075821,SA1,900709,MRISHO,ATHUMANI,IDENT
20160804075845,SA6,E060,ANOOP,TIWARI,IDENT
20160804075902,SA6,900142,IRENE,MREMA,IDENT
20160804075907,SA6,900173,SHARIFA,MRISHO,IDENT
20160804075915,SA6,900247,ALLY,SELEMANI,IDENT
20160804075854,SA1,901700,JOSEPH,KUANDIKA,IDENT
20160804075903,SA1,900707,ATHUMANI,SALEHE,IDENT
20160804075909,SA1,101115,ATHUUMANI,HEMEDI,IDENT
20160804075915,SA1,101114,ABUBAKARI,KHALIDI,IDENT
20160804075921,SA1,900098,TATU,MTUPA,IDENT
20160804075934,SA6,900435,HASSAN,NKHAMBI,IDENT
20160804075938,SA6,900470,MODEST,NJAU,IDENT
20160804075939,SA1,900239,SOPHIA,MUSHI,IDENT
20160804075939,SA5,901334,SHAIBU,KASANGA,IDENT
20160804075953,SA6,900291,RASHIDI,MUSSSA,IDENT
20160804080002,SA1,900515,SHOMARI,KIMBWEMBWE,IDENT
20160804080005,SA4,900979,FATUMA,MSAKUZI,IDENT
20160804080046,SA4,901239,SAKINA,KIZEE,IDENT
20160804080050,SA6,E013,GIRIRAJ,SHARMA,IDENT
20160804080057,SA6,900460,LAMECK,ASSETO,IDENT
20160804080103,SA1,900712,JUMA,JUMBE,IDENT
20160804080104,SA6,E083,GURURAJ,SHENVI,IDENT
20160804080123,SA6,E084,NAVNEET, SINGH,IDENT
20160804080132,SA6,900268,GWANTWA,MWASYEBULE,IDENT
20160804080140,SA5,901335,YONA,MAPELELE,IDENT
20160804080220,SA6,900439,IDDI,MOHAMED,IDENT
20160804080237,SA6,E078,SANJAY,GOYAL,IDENT
20160804080245,SA1,101530,SIMON,YOHANA,IDENT
20160804080246,SA6,900257,ENGLIBERTH,DAUDI,IDENT
20160804080251,SA6,900488,THOBIAS,KIWELU,IDENT
20160804080253,SA6,900468,MICHAEL,IBRAHIM,IDENT
20160804080320,SA1,101143,ISMAIL,KONDO,IDENT
20160804080331,SA6,900126,DORIKA,MALYANGO,IDENT
20160804080343,SA1,900507,KANTI,KADIRI,IDENT
20160804080343,SA6,900407,CHRISTIAN ,NGONYANI,IDENT
20160804080417,SA6,900043,RANI,MOHAR,IDENT
20160804080423,SA6,900454,KHALFAN,AMOUR,IDENT
20160803181001,SA3,901068,CATHERINE,MATENGO,IDENT
20160803214748,SA3,901125,TAUSI,SHABANI,IDENT
20160803214758,SA3,901086,ELIWAZA,MWIGOHA,IDENT
20160803215037,SA3,900920,PILLI,SAIDI,IDENT
20160803215201,SA3,901166,SAUDA,MAULID,IDENT
20160803215228,SA3,901084,MARIA ,SANGA,IDENT
20160803215245,SA3,900982,MWANAKOMBO,KHALID,IDENT
20160803215317,SA3,900907,PAULINA,DEVA,IDENT
20160803215431,SA3,900887,ELITABETH,GOMELO,IDENT
20160803215548,SA3,900877,IRENE,GABRIEL,IDENT
20160803215558,SA3,900876,MWASITI,MAULID,IDENT
20160803215826,SA3,900949,MUHINA,GOMBE,IDENT
20160803215848,SA3,900864,TECLA,SAMWEL,IDENT
20160803220009,SA3,901233,SAMI,MTITIMA,IDENT
20160803220015,SA3,900946,RAHMA,MWIMBA,IDENT
20160803220030,SA3,901216,ASHA,RAMADHANI,IDENT
20160803220538,SA3,901254,NURAT,JAFARI,IDENT
20160803220651,SA3,900954,HABIBA,MDOSE,IDENT
20160803220712,SA3,901081,PILI,MDEDE,IDENT
20160803220717,SA3,901248,MAGRETH,MASAWE,IDENT
20160803220803,SA3,900986,KAUSE,ABDALLAH,IDENT
20160803220809,SA3,901101,RAJABU,MOHAMMED,IDENT
20160803220813,SA3,901070,FLORA,MSAMLA,IDENT
20160803220937,SA3,901223,HAPPY,MKWEPU,IDENT
20160803221439,SA3,901016,HALIFA,MOHAMED,IDENT
20160804043453,SA3,900902,SAKINA,MAWEMBA,IDENT
20160804044034,SA3,900908,SALMA,RWAMBANO,IDENT
20160804044437,SA3,901021,NEEMA ,MWANGO,IDENT
20160804044647,SA3,901098,GERALD,MBAUKA,IDENT
20160804045326,SA3,900870,GOMERY,DAUDI,IDENT
20160804045438,SA3,900977,MWANAHAMISI,MUNKUNDA,IDENT
20160804045809,SA3,901196,BONIPHACE,NGESI,IDENT
20160804050049,SA3,901062,RASHID,MDOE,IDENT
20160804050228,SA3,900872,ZALAU,NGWELE,IDENT
20160804050705,SA3,901096,SAMWELI,MANGARE,IDENT
20160804080351,SA1,900500,HEMEDI,KANIKI,IDENT
20160804080503,SA1,900425,GEORGE,JOSEPH,IDENT
20160804080506,SA1,900753,ALBERT,MASAWE,IDENT
20160804080509,SA6,900620,AYOUB,MTAFUNGWA,IDENT
20160804080513,SA6,900682,BENEDICT,ELIAS,IDENT
20160804080611,SA6,900458,KIBWANA,SAIDI,IDENT
20160804080614,SA1,900236,PENDO,MAGIGE,IDENT
20160804080616,SA6,E079,BALASUBRAMANIAM,M,IDENT
20160804080646,SA6,900484,SHANI,MOHAMED,IDENT
20160804080650,SA6,900581,SAADA,MUHINTE,IDENT
20160804080657,SA6,900165,RAMADHANI,NYENJE,IDENT
20160804080721,SA6,900057,ZAITUNI,ABDALLAH,IDENT
20160804080725,SA6,900155,MWANAFATIMA,MATIPA,IDENT
20160804080729,SA6,900584,LUCY,MACHAI,IDENT
20160804080729,SA1,101529,SELEMAN,RAMADHANI,IDENT
20160804080745,SA6,900390,ALBERT,KANENDA,IDENT
20160804080751,SA6,901438,MARY,JOSEPH,IDENT
20160804080813,SA6,901437,HASSAN,KAJUA,IDENT
20160804080820,SA6,900156,MWANAISHA,UWESU,IDENT
20160804080833,SA1,900219,GEORGE,SAMATA,IDENT
20160804080838,SA6,900414,EMMANUEL ,SERAPHINE,IDENT
20160804080918,SA6,900416,ERICK,DAUD,IDENT
20160804080935,SA6,900103,FREDNAND,JACKSON,IDENT
