20171003095530,SA6,900574,FURAHA,MSAMBWA,IDENT
20171003101659,SA6,900257,ENGLIBERTH,DAUDI,IDENT
20171003110832,SA6,900100,AROBOGAST,MOGELLA,IDENT
20171003111005,SA6,E045,SURESH,PS,IDENT
20171003111118,SA6,901436,HAMISI,ALI,IDENT
20171003112244,SA6,E068,RANJEET SINGH,SAINI,IDENT
20171003120117,SA4,900935,ZAINABU,SINGANO,IDENT
20171003121329,SA6,900560,DEOGRASIAS,STEPHIN,IDENT
20171003124556,SA6,900246,ABDULKARIM,ALI,IDENT
20171003125212,SA6,900054,THOMAS,MGABO,IDENT
20171003125424,SA6,900021,JAFARI,BAINA,IDENT
20171003125537,SA6,900002,ABDALLAH,MWEYO,IDENT
20171003131005,SA6,900596,DAVID,MWAMPAMBA,IDENT
20171003131012,SA6,900543,JOHN,MAGANYA,IDENT
20171003132118,SA6,900582,ZABRON,TOSSI,IDENT
20171003132440,SA6,900047,SAMSON,SHILA,IDENT
20171003132445,SA6,900047,SAMSON,SHILA,IDENT
20171003132456,SA6,900661,ADILILA,KONGA,IDENT
20171003132904,SA6,900575,CHRISTINA ,SENYANGWA,IDENT
20171003133024,SA6,900099,AMIN,JUMA,IDENT
20171003133222,SA5,901180,FURAHA,TEMBA,IDENT
20171003133228,SA5,901303,TAUSI,KATULA,IDENT
20171003133234,SA5,901361,MARRY,MLIUNJA,IDENT
20171003133320,SA4,901052,SUZANA,NAPANGA,IDENT
20171003133320,SA6,900159,PAMELA,KUSALIKA,IDENT
20171003133336,SA5,901383,JOAN,OMANDI,IDENT
20171003133342,SA5,901355,HALIMA,SANANE,IDENT
20171003133344,SA6,900627,BAHATI,KAPIGA,IDENT
20171003133449,SA4,900994,MWAISHA,MWAMOTO,IDENT
20171003133449,SA6,900404,BRYANT,NYENYEMBE,IDENT
20171003133452,SA5,901295,ELLASIA,WILLIUM,IDENT
20171003133454,SA4,900968,TAUSI,SIMBA,IDENT
20171003133457,SA5,901289,CONSOLATHA,RAPHAEL,IDENT
20171003133459,SA4,901007,MODESTA,JOGOO,IDENT
20171003133504,SA5,901369,RECHO,MSHUMBUSI,IDENT
20171003133527,SA5,901013,YASINTA,SHELUBANZI,IDENT
20171003133536,SA5,901255,ASHA,BILALI,IDENT
20171003133546,SA4,901043,ANNA,JOHN,IDENT
20171003133547,SA5,901322,SARAH,ALLY,IDENT
20171003133558,SA4,900904,ANNA,MAGEMBE,IDENT
20171003133558,SA6,900162,PILLY,MANENO,IDENT
20171003133604,SA2,901114,FARIDA,AMBLOS,IDENT
20171003133624,SA4,901112,BUSHRA,SALUM,IDENT
20171003133638,SA4,901256,AVERINA,AMANDUS,IDENT
20171003133643,SA4,901190,NEEMA,MNYALAPE,IDENT
20171003133657,SA4,901023,AMINA,CHAKWE,IDENT
20171003133721,SA2,901096,SAMWELI,MANGARE,IDENT
20171003133739,SA5,901019,ASHA,NGAMBA,IDENT
20171003133746,SA2,900976,LUCY,STANLEY,IDENT
20171003133835,SA6,900116,ASHA,ALLY,IDENT
20171003133725,SA4,900963,MWAZANI,SAIDI,IDENT
20171003133735,SA4,901245,EVERINA,MKETO,IDENT
20171003133741,SA4,901246,VERONICA,MTENGWA,IDENT
20171003133746,SA4,901174,BETH,NGADADA,IDENT
20171003133752,SA4,900856,MWAJAMBU,HAMAD,IDENT
20171003133756,SA4,901231,ASHA,DUTCH,IDENT
20171003133830,SA4,901235,TUMAIN,MUNGURE,IDENT
20171003133842,SA4,901181,ASNA,SPRIAN,IDENT
20171003133848,SA4,900974,ZAWADI,SADIKI,IDENT
20171003133906,SA4,901247,KULUTHUM,CHILEMILE,IDENT
20171003133907,SA2,901065,ZAINABU,KARUMUNA,IDENT
20171003133911,SA4,901186,FROLA,KILIMA,IDENT
20171003133916,SA4,901129,FELISTA,NYAHENGE,IDENT
20171003133937,SA4,900913,ASHURA,NGUMBE,IDENT
20171003133943,SA4,901035,AGNES,NKONJELWA,IDENT
20171003134035,SA4,900906,MARYSTELA,MCHOME,IDENT
20171003134038,SA5,901409,MAGRETH,NGOSI,IDENT
20171003134043,SA4,900925,REGINA,THOMAS,IDENT
20171003134054,SA4,900983,RUKIA,KONDO,IDENT
20171003134102,SA6,900048,SHELLA,MFAUME,IDENT
20171003134103,SA4,901104,MWANAHAWA,HASSAN,IDENT
20171003134110,SA4,901168,REHEMA ,MWASOMOLA,IDENT
20171003134125,SA4,901241,FATUMA,JUMA,IDENT
20171003134130,SA4,900959,REHEMA,LYOWA,IDENT
20171003134135,SA4,900993,MARIAM,MSUMALI,IDENT
20171003134135,SA5,901412,ELIA,NGWALI,IDENT
20171003134207,SA4,901215,MWANAIDI,KOLOKO,IDENT
20171003134217,SA4,901155,GRACE,MUHONO,IDENT
20171003134220,SA5,901234,ANITHA,AHALIELI,IDENT
20171003134221,SA4,901124,TABIA,OMARY,IDENT
20171003134225,SA4,901230,KUDRA,BAKARI,IDENT
20171003134230,SA4,901185,JOYCE,SAMWEL,IDENT
20171003134234,SA4,901187,MONICA,SHEMBONI,IDENT
20171003134244,SA2,901049,REDEMTA,DANIEL,IDENT
20171003134245,SA6,900161,PILLI ,MOHAMED,IDENT
20171003134245,SA4,900970,MARIA,ELIESEL,IDENT
20171003134249,SA2,901085,ELIZABETH,NYAMBO,IDENT
20171003134256,SA5,901384,JOSHUA,KITUNDU,IDENT
20171003134307,SA2,901009,MOSHI,SAIDI,IDENT
20171003134316,SA4,900943,MWAMINI,MPANGULE,IDENT
20171003134321,SA4,901027,EDDA,MWAKIBINGWA,IDENT
20171003134334,SA4,900927,SAADA,SALUM,IDENT
20171003134335,SA6,900148,JUDITH,MALISA,IDENT
20171003134338,SA4,900992,AGNES,MEJA,IDENT
20171003134345,SA2,900969,JEMA,SALUM,IDENT
20171003134347,SA4,900846,SARA,CHIDUNI,IDENT
20171003134356,SA5,900990,JANE,MHONGOLE,IDENT
20171003134410,SA4,900878,AISHA,KIZINGA,IDENT
20171003134415,SA4,901160,SAUDA,MCHECHE,IDENT
20171003134421,SA5,900881,ZAINABU,SAIDI,IDENT
20171003134432,SA4,900945,ELIZABETH,MREMA,IDENT
20171003134437,SA4,901089,HARUNA,ATHUMANI,IDENT
20171003134443,SA4,900967,FATUMA,MTAMBUA,IDENT
20171003134446,SA5,901331,DIANA,KABYEMELA,IDENT
20171003134501,SA2,901223,HAPPY,MKWEPU,IDENT
20171003134527,SA4,901219,MARIAM,MUSSA,IDENT
20171003134532,SA4,901173,BAHATI,MAKAMBA,IDENT
20171003134539,SA5,900884,HADIJA,GOGO,IDENT
20171003134540,SA2,901150,CHRISTINA,MBODE,IDENT
20171003134554,SA4,901136,HONORATA,SHAYO,IDENT
20171003134604,SA6,900564,RAMADHANI,SAIDI,IDENT
20171003134622,SA4,900985,BAHATI,SARAPIONI,IDENT
20171003134624,SA2,901032,MARISELINA,NGULI,IDENT
20171003134634,SA4,900962,JOSEPH,ELISAFI,IDENT
20171003134639,SA5,901374,NASRA,HAMADI,IDENT
20171003134645,SA4,900996,LILIAN,RASHIDI,IDENT
20171003134652,SA4,901132,HEAVENLIGHT,NKYA,IDENT
20171003134714,SA5,901592,SIFUEL,MASSAMU,IDENT
20171003134741,SA6,900567,BAKARI,BELEKETE,IDENT
20171003134713,SA4,901117,HIDAYA,MASOUD,IDENT
20171003134745,SA4,900923,HELENA,KHAJI,IDENT
20171003134816,SA5,900914,HAWA,MWIMBE,IDENT
20171003134820,SA4,901026,FATUMA,KONYO,IDENT
20171003134822,SA5,901017,CATHERINE,NYEMA,IDENT
20171003134823,SA4,900953,JANE,LUSENDELA,IDENT
20171003134827,SA5,900939,STELLA,MAGOGWA,IDENT
20171003134830,SA4,901152,STELLA,MWAKATOBE,IDENT
20171003134832,SA5,900961,ELIZABETH,FRANCISCO,IDENT
20171003134837,SA5,900863,ANNA,MICHAEL,IDENT
20171003134842,SA5,900868,MAIMUNA,JARUFU,IDENT
20171003134853,SA4,901253,JOYCE,KESI,IDENT
20171003134910,SA4,901197,RASHID,NJERAN,IDENT
20171003134915,SA4,901047,MWAJUMA,HAMIS,IDENT
20171003134919,SA2,900885,AMINA,MZARA,IDENT
20171003134925,SA5,900879,RAHMA,KILO,IDENT
20171003134926,SA6,900112,ABDALLAH,MIKALAMBILO,IDENT
20171003134930,SA6,900139,IDD,YUSUFU,IDENT
20171003134932,SA5,900855,SINAHIA,OMARI,IDENT
20171003134944,SA4,901267,NEEMA ,MWAMANYE,IDENT
20171003134948,SA5,901421,ALFRED,MUGHWAI,IDENT
20171003134955,SA5,901341,JESSE,JEREMIA,IDENT
20171003135002,SA4,901212,JASMINI,MOHAMED,IDENT
20171003135013,SA5,901283,KEDMOND,KAMOGA,IDENT
20171003135014,SA4,901042,FARIDA,NDAUKE,IDENT
20171003135019,SA5,901358,MWANAHAMIS ,MSUYA,IDENT
20171003135049,SA2,900957,HADIJA,MKOTA,IDENT
20171003135059,SA2,901011,JANE,SIMON,IDENT
20171003135111,SA4,900905,AMINA,MUHIDINI,IDENT
20171003135117,SA4,901184,GRACE,NGALABA,IDENT
20171003135132,SA5,901297,STELLA,MAKUNDI,IDENT
20171003135143,SA4,901182,RENIFRIDA,NGUMBU,IDENT
20171003135146,SA4,901143,LINES,PILLI,IDENT
20171003135147,SA5,900898,RUKIA,MATAUKA,IDENT
20171003135157,SA2,901111,ASIA,MSHAMU,IDENT
20171003135200,SA5,901308,MADINA,ATHUMANI,IDENT
20171003135205,SA5,901301,TUKAE,MUSA,IDENT
20171003135211,SA5,901048,HALIMA,IDDI,IDENT
20171003135213,SA6,900127,DUNCAN,MHANDO,IDENT
20171003135220,SA2,901134,NURU,MULONGANILE,IDENT
20171003135303,SA4,900890,OLIVER,UDOBA,IDENT
20171003135319,SA5,901217,VIVIAN,MWANGATA,IDENT
20171003135324,SA5,900860,AGNESS,LUHUNGO,IDENT
20171003135329,SA4,901034,STAMILI,MUSSA,IDENT
20171003135331,SA5,901340,FELIX,MAKANYA,IDENT
20171003135334,SA4,900997,MARY,ONDURU,IDENT
20171003135340,SA4,901123,REBECA,KALOFU,IDENT
20171003135344,SA4,900933,WINFRIDA,LUSEBA,IDENT
20171003135344,SA5,901379,JUMA,MAKALA,IDENT
20171003135348,SA6,900261,FRANCIS,MAKOTI,IDENT
20171003135352,SA4,901045,ASHURA,KATULA,IDENT
20171003135402,SA5,901381,DOROSTA,CLEMANCE,IDENT
20171003135409,SA6,900451,KASSIM,MALICK,IDENT
20171003135411,SA4,901130,NURU,DAUDI,IDENT
20171003135414,SA5,901416,YONA,MUSA,IDENT
20171003135415,SA2,901258,ATHUMAN,KILINDU,IDENT
20171003135441,SA6,900489,TUMAINI,MNZAVA,IDENT
20171003135511,SA5,901378,HOYCE,TILLYA,IDENT
20171003135545,SA5,901352,ABDALAH,SUDY,IDENT
20171003135549,SA2,901167,KELVIN,NGOZI,IDENT
20171003135613,SA6,900409,DANIEL,MROPE,IDENT
20171003135627,SA2,900934,MWAJABU,MARIDADI,IDENT
20171003135636,SA4,900930,TABIA,DOGOLI,IDENT
20171003135719,SA5,901162,MWANAHARUSI,MOHAMED,IDENT
20171003135726,SA5,901012,FATUMA,KABUMA,IDENT
20171003135749,SA5,900849,IRENE,MMARI,IDENT
20171003135826,SA2,901273,HELLEN,KIZWALO,IDENT
20171003135752,SA5,901375,PILLI,CHOLOGONDO,IDENT
20171003135756,SA5,901192,ASMA,KONDO,IDENT
20171003135801,SA5,901312,VUMILIA,NDEGE,IDENT
20171003135812,SA5,901376,ZAINABU ,SALUM,IDENT
20171003135817,SA5,901347,JAMES,MAJIJI,IDENT
20171003135821,SA5,901149,EPIFANI, MBOKO,IDENT
20171003135827,SA4,900924,DEBORA,HOSSA,IDENT
20171003135829,SA5,901202,VITALIS,KESSI,IDENT
20171003135831,SA2,901270,NAOMI,OBONG,IDENT
20171003135853,SA4,901221,TEDDY,MAGAMBO,IDENT
20171003135904,SA5,901399,DIANA,NDONGO,IDENT
20171003135908,SA5,901349,HABIBU,BAKARI,IDENT
20171003135910,SA5,900865,CHRISTINA,MAGOWELA,IDENT
20171003135913,SA2,901227,MWAMVITA,MWAIPOPO,IDENT
20171003135915,SA5,900891,HINESS,KAAYA,IDENT
20171003135922,SA5,901209,MIRIAM,MNDEWA,IDENT
20171003135925,SA5,900862,EDINA,MWAKYOMA,IDENT
20171003135926,SA4,901262,HADIJA,SALUM,IDENT
20171003135929,SA5,900867,AISHA,KIUMBA,IDENT
20171003135935,SA5,900916,SABINA,KINGIMALI,IDENT
20171003135941,SA5,900900,HELENA,SENZUGWAKO,IDENT
20171003135942,SA4,901274,AMINA,KAHABUKA,IDENT
20171003140002,SA2,901072,TATU,ATHUMAN,IDENT
20171003140002,SA4,901057,ANNA,KITOMARY,IDENT
20171003140003,SA5,901423,CONSOLATHA,JOSEPH,IDENT
20171003140007,SA5,901317,ASHA,HAMISI,IDENT
20171003140007,SA4,901033,TATU,ISSA,IDENT
20171003140011,SA5,901300,ANNA,TEMBA,IDENT
20171003140012,SA2,901020,VICTORIA,MWALUANDA,IDENT
20171003140013,SA4,901001,AMINA,MUYA,IDENT
20171003140015,SA5,901316,ZUHURA,HAMIS,IDENT
20171003140018,SA4,900999,ROSE,MWAMAKOLA,IDENT
20171003140020,SA6,900658,MWASITI,LABOA,IDENT
20171003140021,SA2,901080,SALOME,DUA,IDENT
20171003140025,SA6,900662,ABDALLAH,ABEID,IDENT
20171003140026,SA4,901137,SOFIA,KIUMBE,IDENT
20171003140028,SA2,901079,AGNESS,HAJI,IDENT
20171003140028,SA5,901287,REGINA,JEMES,IDENT
20171003140032,SA4,901058,HAMIDA,MATIPA,IDENT
20171003140033,SA5,900948,VERONICA,MFILINGE,IDENT
20171003140034,SA2,901024,ASIA,KARATA,IDENT
20171003140037,SA4,900971,NAOMI,SAMWELI,IDENT
20171003140039,SA2,901169,VERONICA,LECHIPYA,IDENT
20171003140040,SA5,901074,VERONICA,KIMWAGA,IDENT
20171003140042,SA4,901131,ESTA,KWEKA,IDENT
20171003140045,SA6,900611,EVARIST,MPINGAURUGU,IDENT
20171003140045,SA2,901083,HADIJA,MPAMBA,IDENT
20171003140045,SA5,901394,TERESIA,MHAMBO,IDENT
20171003140047,SA4,901222,DEBORA,FILIPATALI,IDENT
20171003140051,SA5,901388,OSWALD,SHILLA,IDENT
20171003140053,SA4,901108,AISHA,WILLIUM,IDENT
20171003140058,SA4,901120,MERCY,MONGI,IDENT
20171003140058,SA5,901406,PASCAL,STANLEY,IDENT
20171003140103,SA4,901028,REHEMA,KWENGWEGU,IDENT
20171003140110,SA4,901252,JENIPHA,CHIZA,IDENT
20171003140114,SA2,901041,JACKLINI,MBOYA,IDENT
20171003140115,SA6,900428,GLADIS,MAZENGO,IDENT
20171003140116,SA4,901119,LINA,MLAWA,IDENT
20171003140125,SA5,901389,OMARY,JUMA,IDENT
20171003140127,SA4,900973,SHARIFA,LIYAYA,IDENT
20171003140133,SA4,900929,HALIMA,SEIF,IDENT
20171003140134,SA5,901323,AMINA,HAMISI,IDENT
20171003140139,SA4,900966,ZUHURA,KIJIMBO,IDENT
20171003140147,SA2,901044,SUZANA,KIMARO,IDENT
20171003140147,SA5,901363,ZUCRA,SWEDI,IDENT
20171003140152,SA5,901294,RATIFA,KAPINGA,IDENT
20171003140203,SA6,900433,HARUNI,MKAMA,IDENT
20171003140211,SA4,901051,HABIBA,PAZZI,IDENT
20171003140215,SA6,900487,STEPHEN,KAMBWEMBWE,IDENT
20171003140221,SA5,901408,SAIDI,MAKALA,IDENT
20171003140225,SA4,901135,REHEMA,OMARY,IDENT
20171003140238,SA6,900166,RAMADHANI,KIPENGELE,IDENT
20171003140300,SA4,901116,GRACE,KAHANGE,IDENT
20171003140308,SA4,901066,ZULEHA,MOHAMED,IDENT
20171003140317,SA4,901018,AISHA,KIBINDO,IDENT
20171003140320,SA5,901285,THABIT,ALLY,IDENT
20171003140329,SA4,900911,NEEMA,URASSA,IDENT
20171003140330,SA5,901328,MARRY,SHOO,IDENT
20171003140335,SA4,901005,HADIJJA,KIJUU,IDENT
20171003140340,SA4,901142,SOPHIA,YUSUPH,IDENT
20171003140340,SA5,900896,HADIJA , KIHEGO,IDENT
20171003140346,SA4,901163,SIJALI,MKELE,IDENT
20171003140346,SA5,901395,HASHIM,HAIZA,IDENT
20171003140407,SA4,901153,MAGRETH,ZANUARI,IDENT
20171003140410,SA5,901293,JOHARI,MAHARIA,IDENT
20171003140418,SA4,901122,NEEMA,FANUEL,IDENT
20171003140428,SA4,901106,MARYNIA,KAYOMBO,IDENT
20171003140429,SA6,900406,CHAUREMBO,MWINYI,IDENT
20171003140446,SA6,900138,HUSSEIN,SHABANI,IDENT
20171003140451,SA5,901427,JESCA,NGUMBU,IDENT
20171003140456,SA5,901296,STELLA,LUGOME,IDENT
20171003140506,SA5,901345,ALHAJI,KIHIYO,IDENT
20171003140509,SA6,900703,MUSSA,MTALI,IDENT
20171003140511,SA5,900907,PAULINA,DEVA,IDENT
20171003140517,SA5,901055,ZAINABU,OMARY,IDENT
20171003140521,SA4,901224,ANNA,NYAKAPALA,IDENT
20171003140532,SA5,900895,CATHERINE,CHIGOGOLO,IDENT
20171003140536,SA4,901139,HAPPY ,ZAKAYO,IDENT
20171003140548,SA2,901084,MARIA ,SANGA,IDENT
20171003140553,SA4,901225,NOELA,YALOT,IDENT
20171003140558,SA4,901126,YUNIS,LULANDALA,IDENT
20171003140601,SA2,901053,DORIS,JOHN,IDENT
20171003140603,SA4,901216,ASHA,RAMADHANI,IDENT
20171003140608,SA4,901206,AISHA,MKUMBA,IDENT
20171003140644,SA5,901306,VAILETH,NGULO,IDENT
20171003140651,SA4,900956,DIANA,LEMA,IDENT
20171003140651,SA5,900866,FLORA,DAMAS,IDENT
20171003140656,SA5,900861,MWAJABU,BAKARI,IDENT
20171003140701,SA5,901319,CHRISTINA,TATI,IDENT
20171003140705,SA5,901385,ABDALLA,MGAYA,IDENT
20171003140710,SA5,901191,ROSE,BENARD,IDENT
20171003140718,SA5,901236,FATIMA,ALLY,IDENT
20171003140719,SA6,900132,FRIDA,KIGWA,IDENT
20171003140723,SA5,901425,HIDAYA,KASSIM,IDENT
20171003140736,SA5,901559,MARIAM,JUMA,IDENT
20171003140744,SA6,900395,AMOS,MIMBI,IDENT
20171003140821,SA2,901233,SAMI,MTITIMA,IDENT
20171003140719,SA4,901138,JOYCE,CHEMRA,IDENT
20171003140724,SA4,901008,GRESS,KOBA,IDENT
20171003140733,SA4,900937,UPENDO,MLEWA,IDENT
20171003140750,SA4,901161,NURU,MOHAMED,IDENT
20171003140754,SA5,900850,ROSE,KITALI,IDENT
20171003140800,SA5,901371,YASINTA,LEKERI,IDENT
20171003140803,SA4,901003,SALAMA,KADALA,IDENT
20171003140823,SA4,901207,AISHA,ABEID,IDENT
20171003140848,SA5,901365,JOYCE,SWILLAH,IDENT
20171003140854,SA5,901404,AWAZI,SALIM,IDENT
20171003140858,SA5,901350,ALFRED,CHARLES,IDENT
20171003140905,SA5,900875,ASHA,MALINBWI,IDENT
20171003140910,SA5,901205,JAMILA,MASONGI,IDENT
20171003140916,SA5,900886,ELIZABERTH,KIJA,IDENT
20171003140920,SA5,901061,MWAJUMA,ABDALLAH,IDENT
20171003140926,SA5,900892,MWANIA,PEMBE,IDENT
20171003140936,SA5,901201,DEOGRATIUS,KESSY,IDENT
20171003140937,SA4,901146,MARTHA,MAKOTI,IDENT
20171003140941,SA5,901133,HUSNA,SENGAMBA,IDENT
20171003140944,SA2,901220,AGNESS,MWAMBENGO,IDENT
20171003140949,SA5,901360,MARRY,MASULUBE,IDENT
20171003140953,SA5,901086,ELIWAZA,MWIGOHA,IDENT
20171003141004,SA4,900942,CHRISTINA,MWENDA,IDENT
20171003141012,SA4,900889,SALMA,MWAWILA,IDENT
20171003141015,SA5,901373,ADELA,MSAGA,IDENT
20171003141017,SA4,901263,JAMIRA,SAIDI,IDENT
20171003141017,SA3,900965,HERMAN,MAKOKO,IDENT
20171003141019,SA6,900422,FURAHA,MWAKIFWAMB,IDENT
20171003141022,SA4,900918,MARIAM,RAMADHANI,IDENT
20171003141023,SA6,900396,ANDREW,MSANGI,IDENT
20171003141027,SA4,901006,RUKIA,ALLY,IDENT
20171003141029,SA5,901299,SAUDA,MATOWELA,IDENT
20171003141033,SA2,901081,PILI,MDEDE,IDENT
20171003141034,SA5,901304,SOPHIA,ALLY,IDENT
20171003141037,SA2,901070,FLORA,MSAMLA,IDENT
20171003141040,SA2,901248,MAGRETH,MASAWE,IDENT
20171003141044,SA5,900903,RUKIA,MOHAMED,IDENT
20171003141050,SA5,900864,TECLA,SAMWEL,IDENT
20171003141054,SA4,900958,SOPHIA,LIKONGO,IDENT
20171003141055,SA5,900873,SELEN,JUMA,IDENT
20171003141101,SA4,900928,MARIA,MAGWE,IDENT
20171003141105,SA6,900124,DAUDI,ELIFALETH,IDENT
20171003141118,SA4,901030,VERONICA,WANGWE,IDENT
20171003141124,SA4,901103,MWATANGA,DIENI,IDENT
20171003141130,SA5,901148,IBRAHIM,MZENTO,IDENT
20171003141135,SA4,901214,MARIAM,OMAR,IDENT
20171003141136,SA5,900964,RAPHAEL,MBOKO,IDENT
20171003141148,SA4,901177,ASHA,MAVENGELO,IDENT
20171003141157,SA4,901254,NURAT,JAFARI,IDENT
20171003141206,SA5,900960,AGNESS,NAWAHIGA,IDENT
20171003141208,SA4,901145,ADELINA,MALEMA,IDENT
20171003141212,SA2,901101,RAJABU,MOHAMMED,IDENT
20171003141218,SA4,901002,MARIAM,SABURI,IDENT
20171003141238,SA4,901228,CESILIA,MBABUYE,IDENT
20171003141243,SA4,901260,AISHA,MNEKA,IDENT
20171003141248,SA4,901251,GATI,NYANTUMAN,IDENT
20171003141251,SA6,900040,MWAJUMA,KATONA,IDENT
20171003141330,SA4,900952,SALAMA,MOHAMAD,IDENT
20171003141403,SA4,900847,ZAINABU,SINGANO,IDENT
20171003141421,SA5,900887,ELITABETH,GOMELO,IDENT
20171003141452,SA2,901151,SIJARI,MAGOMBE,IDENT
20171003141505,SA4,901036,AZIZA,MANGETU,IDENT
20171003141506,SA6,900474,PHILBERT,MATOGO,IDENT
20171003141513,SA4,901102,ORIVER,DAUD,IDENT
20171003141514,SA5,901309,SALMA,RAFIKI,IDENT
20171003141520,SA5,901210,ROSE,CHUWA,IDENT
20171003141521,SA4,901166,SAUDA,MAULID,IDENT
20171003141522,SA2,901099,TAUS,MUSTAPHA,IDENT
20171003141528,SA4,901121,MWATANGA,ALLY,IDENT
20171003141535,SA5,901082,EDINA,JOHN,IDENT
20171003141652,SA4,901100,REHEMA,SALEHE,IDENT
20171003141733,SA6,900580,BARAKA,MAGAFU,IDENT
20171003141846,SA6,900647,JOHANSEN,MPANJU,IDENT
20171003141802,SA5,900872,ZALAU,NGWELE,IDENT
20171003141909,SA5,901249,HILDA,MWAZEMBE,IDENT
20171003141913,SA4,901266,AZIZA,KAKOMBE,IDENT
20171003141937,SA5,901327,EMERY,MSUNGU,IDENT
20171003142247,SA4,900975,EDINA,MZUNGU,IDENT
20171003142252,SA4,901171,ESTHER,MUNGUTI,IDENT
20171003142339,SA6,900168,RAZAKI,MTINDA,IDENT
20171003142345,SA6,900476,RAMADHANI,IDD,IDENT
20171003142353,SA4,901213,HABIBA,NJIKU,IDENT
20171003142645,SA4,900893,JOYCE,MCHOMVU,IDENT
20171003142659,SA6,900556,REGINA,NDALUHEKEYE,IDENT
20171003142809,SA6,900443,JABIRI,RAMADHANI,IDENT
20171003142846,SA2,901069,ELIZABETH,MRAMU,IDENT
20171003143031,SA6,900128,ENELES,MBWAGA,IDENT
20171003143139,SA4,901015,JOYCE,CHACHA,IDENT
20171003143530,SA6,900413,ELIBAHATI,JOSEPH,IDENT
20171003143558,SA4,901156,SAID,HAMISI,IDENT
20171003143603,SA4,901157,DAVID,JUMA,IDENT
20171003143652,SA2,901238,MARIAM,SELEMANI,IDENT
20171003144123,SA6,900170,REHEMA,CHINUNJE,IDENT
20171003145006,SA4,901194,ELINA,ABEL,IDENT
20171003145011,SA2,901268,ANITHA,KWIMBA,IDENT
20171003145320,SA2,901271,RACHEL,MCHOVU,IDENT
20171003150109,SA4,901088,JANETH,MUONDO,IDENT
20171003150214,SA4,901218,JANE,RYOBA,IDENT
20171003150433,SA6,901584,PENDO,MNJAGILA,IDENT
20171003150442,SA4,900981,FIDES,MONGI,IDENT
20171003150451,SA4,900882,WINIFRIDA,MALISELINO,IDENT
20171003150943,SA5,900876,MWASITI,MAULID,IDENT
20171003150948,SA5,900950,ASHURA,ATHUMAN,IDENT
20171003151045,SA5,901059,JAZIRA,RAMADHANI,IDENT
20171003151056,SA4,901264,HADIJA,RAMADHANI,IDENT
20171003151423,SA2,901092,ASIA,JUMA,IDENT
20171003151428,SA2,900954,HABIBA,MDOSE,IDENT
20171003151454,SA2,900986,KAUSE,ABDALLAH,IDENT
20171003152333,SA6,900398,ARSEN, RWEBANGILA	,IDENT
20171003153643,SA6,900135,HALIMA,NGAMZI,IDENT
20171003154549,SA2,901021,NEEMA ,MWANGO,IDENT
20171003161844,SA6,900171,ROBERT,MFUNI,IDENT
20171003162206,SA6,900029,JUMANNE,MBONDE,IDENT
20171003163038,SA6,901431,AMBALI,SOUD,IDENT
20171003163441,SA6,901433,ESTER,THEOFIL,IDENT
20171003163615,SA6,101880,RICHARD,MAKASI,IDENT
20171003164511,SA6,900041,NELSON,MTEMI,IDENT
20171003165254,SA6,901558,CONSOLATA,MDEMU,IDENT
20171003165259,SA6,900271,HUSNA,SAID,IDENT
20171003165757,SA6,900397,ANNA,MOSHI,IDENT
20171003170012,SA6,900043,RANI,MOHAR,IDENT
20171003170037,SA6,900133,GEORGE,GIDION,IDENT
20171003170048,SA4,901164,SWAUMU,KAYANDA,IDENT
20171003170059,SA6,900494,YOHANA,LUSANA,IDENT
20171003170100,SA4,901060,MARTHA,GABRIEL,IDENT
20171003170138,SA6,900111,SALUM,SAIDI,IDENT
20171003170154,SA5,901326,ALLY,MBONDE,IDENT
20171003170220,SA5,901405,ABDANI,SHILLA,IDENT
20171003170253,SA6,900247,ALLY,SELEMANI,IDENT
20171003170258,SA6,900402,BARAKA,MVUNGI,IDENT
20171003170302,SA6,900110,RASHID,ISSA,IDENT
20171003170307,SA6,900099,AMIN,JUMA,IDENT
20171003170311,SA5,901413,LEILA,KIMBENGELE,IDENT
20171003170317,SA2,900938,ISMAIL,THOMAS,IDENT
20171003170327,SA6,900560,DEOGRASIAS,STEPHIN,IDENT
20171003170342,SA5,901339,JAMES,MKONO,IDENT
20171003170346,SA6,900399,ATHUMANI,JUMA,IDENT
20171003170400,SA6,900472,MWALIMU,SELEMANI,IDENT
20171003170414,SA5,901325,JOSEPH,KAVISHE,IDENT
20171003170420,SA6,900583,REGINALD,MICHAEL,IDENT
20171003170451,SA5,901329,ELIWA ,SHAO,IDENT
20171003170459,SA6,900586,MOHAMED,SOLOKA,IDENT
20171003170509,SA2,900940,JUMANNE,ZONGO,IDENT
20171003170539,SA5,901333,NEEMA,KILUZIA,IDENT
20171003170542,SA6,900414,EMMANUEL ,SERAPHINE,IDENT
20171003170551,SA6,900620,AYOUB,MTAFUNGWA,IDENT
20171003170615,SA6,900155,MWANAFATIMA,MATIPA,IDENT
20171003170630,SA2,901450,FARIDA,JUMA,IDENT
20171003170634,SA6,901569,FREDRICK,MUSHI,IDENT
20171003170639,SA2,901448,PAULINA,DAVID,IDENT
20171003170655,SA6,900016,FATUMA,HAMISI,IDENT
20171003170701,SA6,901435,FILES,MBANDO,IDENT
20171003170706,SA6,900280,TADEO,MWINGIZI,IDENT
20171003170711,SA6,900445,JOHN,MASUNGWA,IDENT
20171003170741,SA6,900057,ZAITUNI,ABDALLAH,IDENT
20171003170746,SA6,901265,FRANK ,RUZIGA,IDENT
20171003170800,SA6,901332,NASRA,MSANYA,IDENT
20171003170803,SA6,900566,ERICK,NDUNGURU,IDENT
20171003170807,SA6,901585,SADICK,MAPUNDA,IDENT
20171003170817,SA6,900114,ABEID,MOHAMED,IDENT
20171003170855,SA6,901591,EINHARD,MASSAWE,IDENT
20171003170859,SA6,900454,KHALFAN,AMOUR,IDENT
20171003170831,SA5,901334,SHAIBU,KASANGA,IDENT
20171003170916,SA2,900902,SAKINA,MAWEMBA,IDENT
20171003170923,SA6,900431,HAMADI,ZUBERI,IDENT
20171003170928,SA6,900467,MBARUKU,OSWAD,IDENT
20171003171005,SA6,900488,THOBIAS,KIWELU,IDENT
20171003171038,SA6,900465,MARTIN,KIDUNGU,IDENT
20171003171049,SA6,900291,RASHIDI,MUSSSA,IDENT
20171003171054,SA6,900416,ERICK,DAUD,IDENT
20171003171058,SA6,900458,KIBWANA,SAIDI,IDENT
20171003171100,SA6,900405,CHARLES,WILLIAM,IDENT
20171003171103,SA6,900591,RASHID ,MUNKENDA,IDENT
20171003171116,SA6,900448,JOSEPH,MKELEBE,IDENT
20171003171121,SA6,900388,AGNES,SHAYO,IDENT
20171003171141,SA6,900701,MATHEW,NDANSHAU,IDENT
20171003171143,SA6,900681,ABUBAKARI,MGAZA,IDENT
20171003171148,SA6,900107,MSELEM,MSELEM,IDENT
20171003171229,SA6,900420,FRANCIS,TESHA,IDENT
20171003171324,SA6,900468,MICHAEL,IBRAHIM,IDENT
20171003171331,SA6,900435,HASSAN,NKHAMBI,IDENT
20171003171336,SA6,900682,BENEDICT,ELIAS,IDENT
20171003171346,SA6,900447,JOSEPH,LUSANA,IDENT
20171003171351,SA6,E077,SUMIT,BHATNAGAR,IDENT
20171003171418,SA2,900936,SOPHIA,MBONDE,IDENT
20171003171420,SA6,900246,ABDULKARIM,ALI,IDENT
20171003171424,SA5,901335,YONA,MAPELELE,IDENT
20171003171425,SA6,901595,MANASE,MICHAEL,IDENT
20171003171442,SA6,900108,NORAH,CLEMENCE,IDENT
20171003171503,SA5,901278,HENRY ,CHELULA,IDENT
20171003171515,SA6,900385,ABDALLAH,MOHAMED,IDENT
20171003171544,SA6,900390,ALBERT,KANENDA,IDENT
20171003171559,SA6,900430,GWAKISA,MWAKASAGURE,IDENT
20171003171602,SA6,900408,COLLMAN,KISISA,IDENT
20171003171606,SA6,900109,AMANI,NYAKARASHI,IDENT
20171003171618,SA6,900481,RICHARD,KWEYAMBA,IDENT
20171003171720,SA6,900581,SAADA,MUHINTE,IDENT
20171003171752,SA6,900009,ASHA,HAMISI,IDENT
20171003171803,SA6,900432,HAMZA,ABDALLAH,IDENT
20171003171905,SA4,901442,JARINA,SHEKOLA,IDENT
20171003172029,SA6,900629,MICHAEL,ZAMBETAKIS,IDENT
20171003172114,SA6,900126,DORIKA,MALYANGO,IDENT
20171003172155,SA6,900387,ADAM,KINGU,IDENT
20171003172238,SA6,901599,GRAYSON,MWAKASENDILE,IDENT
20171003172250,SA6,900389,AHMAD,KINDUMA,IDENT
20171003172339,SA6,E078,SANJAY,GOYAL,IDENT
20171003172346,SA5,900871,MWANAHAMISI,NDOLWA,IDENT
20171003172438,SA6,900400,BAHATI,LUBUVA,IDENT
20171003172746,SA4,901443,MWAJUMA,SHEMBWANA,IDENT
20171003172829,SA4,901193,VICTORIA,MWAMPEGETE,IDENT
20171003172953,SA6,E084,NAVNEET, SINGH,IDENT
20171003172959,SA6,901590,ISSA,JUMA,IDENT
20171003173005,SA6,900143,JACKLINE,MAIGA,IDENT
20171003173007,SA6,900143,JACKLINE,MAIGA,IDENT
20171003173058,SA6,900151,LISSY,KIGONJOLA,IDENT
20171003173109,SA6,900584,LUCY,MACHAI,IDENT
20171003173153,SA6,901573,DAUDI,NYASHIMO,IDENT
20171003173211,SA4,900941,KULWA,MSUMA,IDENT
20171003173239,SA6,900407,CHRISTIAN ,NGONYANI,IDENT
20171003173310,SA6,900144,JANE,MWAKABULUFU,IDENT
20171003173530,SA6,900120,BENEDICTO,MBOKO,IDENT
20171003173630,SA4,900944,FROLA,KAMARA,IDENT
20171003173640,SA6,900393,ALLY,MTWALE,IDENT
20171003173653,SA6,900485,SHUFAA,ABEID,IDENT
20171003173750,SA2,200316,DENIS,JOHNSON,IDENT
20171003173806,SA6,900173,SHARIFA,MRISHO,IDENT
20171003174200,SA6,901432,AMINA,SOGOI,IDENT
20171003174209,SA6,900007,ANNA,DUA,IDENT
20171003174430,SA2,901016,HALIFA,MOHAMED,IDENT
20171003174527,SA5,901422,EMMANUEL,KHALIDI,IDENT
20171003174601,SA6,900156,MWANAISHA,UWESU,IDENT
20171003174614,SA6,900262,FRIDA, MWAMBEGELE,IDENT
20171003174629,SA6,901434,JOSEPHINA,HAU,IDENT
20171003174851,SA6,E083,GURURAJ,SHENVI,IDENT
20171003174854,SA2,200351,MICHAEL,MICHAEL,IDENT
20171003174909,SA6,900017,FIKA,JOMSON,IDENT
20171003175058,SA6,E045,SURESH,PS,IDENT
20171003175205,SA6,901436,HAMISI,ALI,IDENT
20171003175248,SA2,901396,EDWIN,KIPUYO,IDENT
20171003175654,SA2,100597,NOVATI,TARIMO,IDENT
20171003175720,SA6,900123,CHARLES,LUSWETULA,IDENT
20171003180145,SA6,900446,JOSEPH,KIBASA,IDENT
20171003180231,SA6,900493,YAKOBO,ALLY,IDENT
20171003180310,SA2,200309,RAMADHANI,KIHILE,IDENT
20171003180421,SA6,E085,ASEEM,VERMA,IDENT
20171003180626,SA6,900174,SOSTHENES,MUKAMA,IDENT
20171003180709,SA2,901449,BONIFAS,ANGANILE,IDENT
20171003180924,SA5,200311,DAVID,BWILE,IDENT
20171003180932,SA2,900859,MAGDI,MASANGURA,IDENT
20171003181009,SA6,E060,ANOOP,TIWARI,IDENT
20171003181119,SA6,900460,LAMECK,ASSETO,IDENT
20171003181150,SA6,E068,RANJEET SINGH,SAINI,IDENT
20171003181459,SA6,900478,RAPHAEL,SENKONDO,IDENT
20171003181544,SA6,E013,GIRIRAJ,SHARMA,IDENT
20171003182040,SA6,900464,MARTHA,MWIKOLA,IDENT
20171003182059,SA2,200314,DEO,SAKAYA,IDENT
20171003182128,SA2,901453,JOHNSON,MUNISI,IDENT
20171003182305,SA2,901444,BAKARI,KITILA,IDENT
20171003182311,SA6,900103,FREDNAND,JACKSON,IDENT
20171003182321,SA2,901068,CATHERINE,MATENGO,IDENT
20171003182342,SA2,200318,JOSHUA , PAULO,IDENT
20171003182520,SA2,200312,BARAKA,KATEGILE,IDENT
20171003182736,SA6,E021,RAJA,SWAMINATHAN,IDENT
20171003182753,SA6,900660,IDDI,ALLY,IDENT
20171003182758,SA6,900044,REGINARD,MSHANGA,IDENT
20171003182837,SA6,901452,STEVEN,CHUWA,IDENT
20171003182905,SA6,900175,TEDDY,SIMON,IDENT
20171003183205,SA6,900165,RAMADHANI,NYENJE,IDENT
20171003183312,SA2,901447,MASHAKA,MATEKELE,IDENT
20171003183554,SA6,900418			,FELIX,WAUSA,IDENT
20171003183804,SA6,E079,BALASUBRAMANIAM,M,IDENT
20171003183851,SA6,900039,MWAJABU,ALLY,IDENT
20171003191349,SA6,901438,MARY,JOSEPH,IDENT
20171003191353,SA6,900574,FURAHA,MSAMBWA,IDENT
20171003191847,SA6,900543,JOHN,MAGANYA,IDENT
20171003194834,SA6,900036,MOHAMED,MAJUJULO,IDENT
20171003195140,SA6,900544,YUSUPH,MTUTUMA,IDENT
20171003200104,SA5,901358,MWANAHAMIS ,MSUYA,IDENT
20171003202534,SA6,900626,AUGUSTINO,CHITANDA,IDENT
20171003202646,SA6,900046,SALUM,NDEGE,IDENT
20171003203023,SA6,900047,SAMSON,SHILA,IDENT
20171003203028,SA6,900047,SAMSON,SHILA,IDENT
20171003203247,SA6,900002,ABDALLAH,MWEYO,IDENT
20171003204122,SA6,900035,MOHAMED,HAUSI,IDENT
20171003205244,SA6,900054,THOMAS,MGABO,IDENT
20171003205849,SA6,900409,DANIEL,MROPE,IDENT
20171003205931,SA6,900116,ASHA,ALLY,IDENT
20171003205937,SA6,900661,ADILILA,KONGA,IDENT
20171003210612,SA6,900015,EMMANUEL ,CLEMENT,IDENT
20171003211718,SA6,900596,DAVID,MWAMPAMBA,IDENT
20171003212309,SA6,900130,FATUMA,CHOMBO,IDENT
20171003212501,SA5,901314,JANE,NYAGAWA,IDENT
20171003212505,SA5,901004,ZAHARA,YANGE,IDENT
20171003212511,SA5,901071,YUNIS,NDAIGA,IDENT
20171003212515,SA5,901056,ANGELA,MWAKAPALILA,IDENT
20171003212529,SA5,901095,BEATA,KOMBA,IDENT
20171003212640,SA5,901356,ZAMDA,NGWABAYA,IDENT
20171003212823,SA6,900568,GODWIN,KIRIA,IDENT
20171003212852,SA5,901354,AISHAH,OTHUMANI,IDENT
20171003212858,SA5,900894,NURU,MAKANDE,IDENT
20171003212905,SA5,901305,DIANA,KIBASA,IDENT
20171003213011,SA6,900480,RASHID,MOHAMED,IDENT
20171003213203,SA5,901281,JOSEPH,MUSUGULI,IDENT
20171003213258,SA5,900919,ANNA,MPUGE,IDENT
20171003213307,SA5,901229,ANNA,NGAPONDA,IDENT
20171003213311,SA5,901211,ANNA,KIMARO,IDENT
20171003213600,SA5,901298,SWAUMU,MZIRAI,IDENT
20171003213609,SA5,901324,MARIAM,YAHAYA,IDENT
20171003213652,SA5,901098,GERALD,MBAUKA,IDENT
20171003213726,SA5,901280,WHITNESS,MSAGATI,IDENT
20171003213731,SA5,901397,LINETH,KYARUS,IDENT
20171003213846,SA5,900917,SALMA,DIWILE,IDENT
20171003214013,SA5,901418,ISAYA ,SAWASAWA,IDENT
20171003214102,SA5,901340,FELIX,MAKANYA,IDENT
20171003214109,SA6,900473,NAOMI,GONDA,IDENT
20171003214126,SA6,900395,AMOS,MIMBI,IDENT
20171003214141,SA5,901019,ASHA,NGAMBA,IDENT
20171003214223,SA5,901154,SALAMA,ALLY,IDENT
20171003214330,SA2,900844,AISHA,MSOMI,IDENT
20171003214423,SA6,900148,JUDITH,MALISA,IDENT
20171003214435,SA5,901303,TAUSI,KATULA,IDENT
20171003214453,SA5,901343,SEBASTIAN,KIPINGU,IDENT
20171003214510,SA5,901284,MOHAMED,IDDI,IDENT
20171003214759,SA5,901364,SALAFINA,KISAPI,IDENT
20171003214804,SA5,901291,AISHA,ISSA,IDENT
20171003214813,SA4,900946,RAHMA,MWIMBA,IDENT
20171003214827,SA4,901244,SWAUMU,HIMBU,IDENT
20171003214837,SA5,901359,VILET,MHELUKA,IDENT
20171003215002,SA5,901307,MATRIDA,CHUVAKA,IDENT
20171003215009,SA5,900862,EDINA,MWAKYOMA,IDENT
20171003215014,SA5,900883,EDINA,ABED,IDENT
20171003215019,SA5,901362,JULIETH,GODFREY,IDENT
20171003215048,SA6,900037,MOHAMED,MKALA,IDENT
20171003215057,SA6,900423,GARDINO,MHIMBA,IDENT
20171003215103,SA6,900444,JOHN,MEDA,IDENT
20171003215136,SA5,901342,ANDREW,KILUGWA,IDENT
20171003215141,SA5,901320,REHEMA,ALLY,IDENT
20171003215213,SA5,900898,RUKIA,MATAUKA,IDENT
20171003215226,SA5,901390,SHABANI,HUSEN,IDENT
20171003215301,SA5,901344,JACKSON,ATANUS,IDENT
20171003215305,SA5,901331,DIANA,KABYEMELA,IDENT
20171003215308,SA4,900939,STELLA,MAGOGWA,IDENT
20171003215311,SA5,901367,BEATHA,MLOSO,IDENT
20171003215312,SA4,901273,HELLEN,KIZWALO,IDENT
20171003215315,SA5,901368,NAOMI,YUSUPH,IDENT
20171003215319,SA5,901283,KEDMOND,KAMOGA,IDENT
20171003215321,SA2,901270,NAOMI,OBONG,IDENT
20171003215334,SA5,901255,ASHA,BILALI,IDENT
20171003215351,SA5,901192,ASMA,KONDO,IDENT
20171003215355,SA4,901129,FELISTA,NYAHENGE,IDENT
20171003215356,SA5,901346,FRANK,MANDI,IDENT
20171003215404,SA4,901089,HARUNA,ATHUMANI,IDENT
20171003215408,SA4,900997,MARY,ONDURU,IDENT
20171003215414,SA5,901217,VIVIAN,MWANGATA,IDENT
20171003215419,SA4,900968,TAUSI,SIMBA,IDENT
20171003215420,SA5,901048,HALIMA,IDDI,IDENT
20171003215425,SA5,901417,REHEMA,SINDANO,IDENT
20171003215432,SA5,901352,ABDALAH,SUDY,IDENT
20171003215434,SA4,901034,STAMILI,MUSSA,IDENT
20171003215438,SA5,901380,BISURA,MCHELEO,IDENT
20171003215441,SA4,901263,JAMIRA,SAIDI,IDENT
20171003215443,SA5,901330,SAVELINA ,KASHASHA,IDENT
20171003215446,SA2,900934,MWAJABU,MARIDADI,IDENT
20171003215447,SA4,901180,FURAHA,TEMBA,IDENT
20171003215449,SA5,901017,CATHERINE,NYEMA,IDENT
20171003215452,SA4,901043,ANNA,JOHN,IDENT
20171003215506,SA4,900962,JOSEPH,ELISAFI,IDENT
20171003215511,SA5,901341,JESSE,JEREMIA,IDENT
20171003215514,SA5,901282,ADAM,MUSSA,IDENT
20171003215515,SA4,900992,AGNES,MEJA,IDENT
20171003215516,SA2,901267,NEEMA ,MWAMANYE,IDENT
20171003215527,SA5,900863,ANNA,MICHAEL,IDENT
20171003215544,SA5,901394,TERESIA,MHAMBO,IDENT
20171003215552,SA5,901338,WAZIRI,WAZIRI,IDENT
20171003215610,SA5,901064,SAID,RAMADHANI,IDENT
20171003215616,SA5,901402,ALLY,SELEMAN,IDENT
20171003215621,SA5,901387,GODFREY,YALED,IDENT
20171003215626,SA5,901290,AGNES,SALAWA,IDENT
20171003215627,SA4,900945,ELIZABETH,MREMA,IDENT
20171003215630,SA5,901347,JAMES,MAJIJI,IDENT
20171003215642,SA2,901266,AZIZA,KAKOMBE,IDENT
20171003215651,SA4,901212,JASMINI,MOHAMED,IDENT
20171003215703,SA5,901409,MAGRETH,NGOSI,IDENT
20171003215708,SA5,901312,VUMILIA,NDEGE,IDENT
20171003215713,SA5,900849,IRENE,MMARI,IDENT
20171003215714,SA6,900428,GLADIS,MAZENGO,IDENT
20171003215726,SA5,901379,JUMA,MAKALA,IDENT
20171003215731,SA5,901593,Mpelwa,Ndoshi,IDENT
20171003215733,SA5,901383,JOAN,OMANDI,IDENT
20171003215739,SA6,900164,RAMADHANI ,BAKARI,IDENT
20171003215742,SA5,901355,HALIMA,SANANE,IDENT
20171003215747,SA5,901378,HOYCE,TILLYA,IDENT
20171003215807,SA2,900925,REGINA,THOMAS,IDENT
20171003215717,SA4,901160,SAUDA,MCHECHE,IDENT
20171003215737,SA4,901045,ASHURA,KATULA,IDENT
20171003215755,SA4,901124,TABIA,OMARY,IDENT
20171003215757,SA5,901013,YASINTA,SHELUBANZI,IDENT
20171003215800,SA4,901181,ASNA,SPRIAN,IDENT
20171003215803,SA5,900855,SINAHIA,OMARI,IDENT
20171003215805,SA4,901173,BAHATI,MAKAMBA,IDENT
20171003215819,SA5,901297,STELLA,MAKUNDI,IDENT
20171003215826,SA5,901202,VITALIS,KESSI,IDENT
20171003215831,SA5,901295,ELLASIA,WILLIUM,IDENT
20171003215831,SA2,900923,HELENA,KHAJI,IDENT
20171003215837,SA5,901369,RECHO,MSHUMBUSI,IDENT
20171003215841,SA5,901361,MARRY,MLIUNJA,IDENT
20171003215906,SA5,901052,SUZANA,NAPANGA,IDENT
20171003215907,SA4,901007,MODESTA,JOGOO,IDENT
20171003215911,SA5,900868,MAIMUNA,JARUFU,IDENT
20171003215915,SA4,901104,MWANAHAWA,HASSAN,IDENT
20171003215916,SA6,900489,TUMAINI,MNZAVA,IDENT
20171003215916,SA5,901122,NEEMA,FANUEL,IDENT
20171003215920,SA4,900993,MARIAM,MSUMALI,IDENT
20171003215924,SA5,901381,DOROSTA,CLEMANCE,IDENT
20171003215928,SA5,900916,SABINA,KINGIMALI,IDENT
20171003215930,SA4,900963,MWAZANI,SAIDI,IDENT
20171003215933,SA5,901384,JOSHUA,KITUNDU,IDENT
20171003215935,SA4,901197,RASHID,NJERAN,IDENT
20171003215940,SA4,901143,LINES,PILLI,IDENT
20171003215942,SA5,901412,ELIA,NGWALI,IDENT
20171003215943,SA6,900127,DUNCAN,MHANDO,IDENT
20171003215944,SA4,901215,MWANAIDI,KOLOKO,IDENT
20171003215948,SA6,901149,EPIFANI, MBOKO,IDENT
20171003215949,SA5,900914,HAWA,MWIMBE,IDENT
20171003215949,SA4,901155,GRACE,MUHONO,IDENT
20171003215952,SA4,901136,HONORATA,SHAYO,IDENT
20171003215953,SA6,900579,GRAYSON,KUNZUGALA,IDENT
20171003215953,SA5,900906,MARYSTELA,MCHOME,IDENT
20171003215958,SA4,901117,HIDAYA,MASOUD,IDENT
20171003215959,SA5,900891,HINESS,KAAYA,IDENT
20171003215959,SA6,900159,PAMELA,KUSALIKA,IDENT
20171003220002,SA4,900904,ANNA,MAGEMBE,IDENT
20171003220005,SA5,901308,MADINA,ATHUMANI,IDENT
20171003220005,SA2,900976,LUCY,STANLEY,IDENT
20171003220007,SA4,900879,RAHMA,KILO,IDENT
20171003220009,SA2,901134,NURU,MULONGANILE,IDENT
20171003220010,SA5,900881,ZAINABU,SAIDI,IDENT
20171003220013,SA4,900953,JANE,LUSENDELA,IDENT
20171003220014,SA2,900930,TABIA,DOGOLI,IDENT
20171003220017,SA4,901026,FATUMA,KONYO,IDENT
20171003220018,SA5,901051,HABIBA,PAZZI,IDENT
20171003220018,SA2,901032,MARISELINA,NGULI,IDENT
20171003220022,SA4,900878,AISHA,KIZINGA,IDENT
20171003220023,SA5,900913,ASHURA,NGUMBE,IDENT
20171003220024,SA2,901065,ZAINABU,KARUMUNA,IDENT
20171003220029,SA5,900927,SAADA,SALUM,IDENT
20171003220031,SA2,901049,REDEMTA,DANIEL,IDENT
20171003220031,SA4,901042,FARIDA,NDAUKE,IDENT
20171003220035,SA5,900943,MWAMINI,MPANGULE,IDENT
20171003220036,SA2,901085,ELIZABETH,NYAMBO,IDENT
20171003220037,SA4,901023,AMINA,CHAKWE,IDENT
20171003220041,SA5,901406,PASCAL,STANLEY,IDENT
20171003220042,SA4,901114,FARIDA,AMBLOS,IDENT
20171003220044,SA2,900905,AMINA,MUHIDINI,IDENT
20171003220046,SA5,901322,SARAH,ALLY,IDENT
20171003220049,SA4,901241,FATUMA,JUMA,IDENT
20171003220052,SA5,901375,PILLI,CHOLOGONDO,IDENT
20171003220055,SA4,901027,EDDA,MWAKIBINGWA,IDENT
20171003220057,SA2,901009,MOSHI,SAIDI,IDENT
20171003220057,SA5,901112,BUSHRA,SALUM,IDENT
20171003220102,SA2,900957,HADIJA,MKOTA,IDENT
20171003220107,SA2,901258,ATHUMAN,KILINDU,IDENT
20171003220107,SA5,901374,NASRA,HAMADI,IDENT
20171003220108,SA4,900985,BAHATI,SARAPIONI,IDENT
20171003220112,SA5,900890,OLIVER,UDOBA,IDENT
20171003220114,SA4,900996,LILIAN,RASHIDI,IDENT
20171003220119,SA4,901186,FROLA,KILIMA,IDENT
20171003220127,SA4,901219,MARIAM,MUSSA,IDENT
20171003220127,SA5,900865,CHRISTINA,MAGOWELA,IDENT
20171003220131,SA4,900994,MWAISHA,MWAMOTO,IDENT
20171003220134,SA5,901152,STELLA,MWAKATOBE,IDENT
20171003220134,SA4,901030,VERONICA,WANGWE,IDENT
20171003220135,SA6,900112,ABDALLAH,MIKALAMBILO,IDENT
20171003220138,SA4,901253,JOYCE,KESI,IDENT
20171003220140,SA5,901289,CONSOLATHA,RAPHAEL,IDENT
20171003220143,SA4,901247,KULUTHUM,CHILEMILE,IDENT
20171003220145,SA5,901301,TUKAE,MUSA,IDENT
20171003220149,SA4,901174,BETH,NGADADA,IDENT
20171003220150,SA5,901190,NEEMA,MNYALAPE,IDENT
20171003220152,SA4,901123,REBECA,KALOFU,IDENT
20171003220155,SA5,900846,SARA,CHIDUNI,IDENT
20171003220157,SA4,901245,EVERINA,MKETO,IDENT
20171003220202,SA5,901025,ASHURA,HAMISI,IDENT
20171003220203,SA4,901132,HEAVENLIGHT,NKYA,IDENT
20171003220206,SA5,900867,AISHA,KIUMBA,IDENT
20171003220209,SA4,900970,MARIA,ELIESEL,IDENT
20171003220211,SA5,900860,AGNESS,LUHUNGO,IDENT
20171003220216,SA5,900961,ELIZABETH,FRANCISCO,IDENT
20171003220218,SA4,901168,REHEMA ,MWASOMOLA,IDENT
20171003220224,SA4,901187,MONICA,SHEMBONI,IDENT
20171003220230,SA4,901185,JOYCE,SAMWEL,IDENT
20171003220235,SA4,901256,AVERINA,AMANDUS,IDENT
20171003220244,SA4,901184,GRACE,NGALABA,IDENT
20171003220249,SA4,901230,KUDRA,BAKARI,IDENT
20171003220250,SA5,901062,RASHID,MDOE,IDENT
20171003220254,SA5,901416,YONA,MUSA,IDENT
20171003220300,SA4,900967,FATUMA,MTAMBUA,IDENT
20171003220306,SA4,901130,NURU,DAUDI,IDENT
20171003220310,SA4,901231,ASHA,DUTCH,IDENT
20171003220313,SA4,901011,JANE,SIMON,IDENT
20171003220316,SA4,901234,ANITHA,AHALIELI,IDENT
20171003220319,SA4,901182,RENIFRIDA,NGUMBU,IDENT
20171003220322,SA4,901235,TUMAIN,MUNGURE,IDENT
20171003220332,SA4,900983,RUKIA,KONDO,IDENT
20171003220412,SA6,900139,IDD,YUSUFU,IDENT
20171003220448,SA5,900884,HADIJA,GOGO,IDENT
20171003220456,SA5,901592,SIFUEL,MASSAMU,IDENT
20171003220528,SA5,901392,STELLA,MTALLO,IDENT
20171003220558,SA5,901382,KONDO,MOHAMED,IDENT
20171003220609,SA6,900582,ZABRON,TOSSI,IDENT
20171003220610,SA5,901328,MARRY,SHOO,IDENT
20171003220613,SA5,900885,AMINA,MZARA,IDENT
20171003220618,SA5,901047,MWAJUMA,HAMIS,IDENT
20171003220638,SA6,900391,ALLY,MASHAURI,IDENT
20171003220651,SA6,900567,BAKARI,BELEKETE,IDENT
20171003220739,SA5,900990,JANE,MHONGOLE,IDENT
20171003220756,SA6,900162,PILLY,MANENO,IDENT
20171003220756,SA5,900897,SWAUMU,SAIDI,IDENT
20171003220803,SA5,901035,AGNES,NKONJELWA,IDENT
20171003220829,SA5,901246,VERONICA,MTENGWA,IDENT
20171003220842,SA5,901223,HAPPY,MKWEPU,IDENT
20171003220847,SA5,901200,INOCENT , KIFUMU,IDENT
20171003220930,SA5,901111,ASIA,MSHAMU,IDENT
20171003221100,SA5,901306,VAILETH,NGULO,IDENT
20171003221130,SA6,900404,BRYANT,NYENYEMBE,IDENT
20171003221150,SA6,900451,KASSIM,MALICK,IDENT
20171003221209,SA5,900856,MWAJAMBU,HAMAD,IDENT
20171003221318,SA5,900933,WINFRIDA,LUSEBA,IDENT
20171003221322,SA5,900959,REHEMA,LYOWA,IDENT
20171003221519,SA6,900161,PILLI ,MOHAMED,IDENT
20171003221620,SA5,901430,JOYCE,SEMWENDA,IDENT
20171003221631,SA6,900469,MICHAEL,MDACHI,IDENT
20171003221723,SA6,900575,CHRISTINA ,SENYANGWA,IDENT
20171003221827,SA5,901096,SAMWELI,MANGARE,IDENT
20171003222026,SA5,901167,KELVIN,NGOZI,IDENT
20171003222054,SA6,900658,MWASITI,LABOA,IDENT
20171003222116,SA5,900969,JEMA,SALUM,IDENT
20171003222121,SA5,901150,CHRISTINA,MBODE,IDENT
20171003222536,SA5,901262,HADIJA,SALUM,IDENT
20171003222649,SA6,900048,SHELLA,MFAUME,IDENT
20171004044312,SA6,900054,THOMAS,MGABO,IDENT
20171004050648,SA6,900002,ABDALLAH,MWEYO,IDENT
20171004050831,SA6,900135,HALIMA,NGAMZI,IDENT
20171004050932,SA6,900021,JAFARI,BAINA,IDENT
20171004051219,SA6,900132,FRIDA,KIGWA,IDENT
20171004051301,SA6,900140,IGNATUS,MLANGWA,IDENT
20171004051437,SA4,901015,JOYCE,CHACHA,IDENT
20171004052541,SA6,900647,JOHANSEN,MPANJU,IDENT
20171004052611,SA6,900543,JOHN,MAGANYA,IDENT
20171004052726,SA6,900661,ADILILA,KONGA,IDENT
20171004053014,SA2,901021,NEEMA ,MWANGO,IDENT
20171004053035,SA6,900047,SAMSON,SHILA,IDENT
20171004053040,SA6,900047,SAMSON,SHILA,IDENT
20171004053341,SA4,900966,ZUHURA,KIJIMBO,IDENT
20171004053345,SA4,901120,MERCY,MONGI,IDENT
20171004053352,SA4,901036,AZIZA,MANGETU,IDENT
20171004053353,SA2,901072,TATU,ATHUMAN,IDENT
20171004053359,SA4,901081,PILI,MDEDE,IDENT
20171004053403,SA4,901082,EDINA,JOHN,IDENT
20171004053411,SA6,900046,SALUM,NDEGE,IDENT
20171004053428,SA5,900861,MWAJABU,BAKARI,IDENT
20171004053506,SA5,901210,ROSE,CHUWA,IDENT
20171004053609,SA4,901251,GATI,NYANTUMAN,IDENT
20171004053625,SA5,901363,ZUCRA,SWEDI,IDENT
20171004053803,SA2,901020,VICTORIA,MWALUANDA,IDENT
20171004053812,SA6,900544,YUSUPH,MTUTUMA,IDENT
20171004053724,SA4,901102,ORIVER,DAUD,IDENT
20171004053735,SA4,901145,ADELINA,MALEMA,IDENT
20171004053740,SA4,901108,AISHA,WILLIUM,IDENT
20171004053749,SA4,901233,SAMI,MTITIMA,IDENT
20171004053755,SA4,901171,ESTHER,MUNGUTI,IDENT
20171004053802,SA4,900929,HALIMA,SEIF,IDENT
20171004053807,SA5,900887,ELITABETH,GOMELO,IDENT
20171004053841,SA5,901294,RATIFA,KAPINGA,IDENT
20171004053842,SA4,901146,MARTHA,MAKOTI,IDENT
20171004053855,SA5,901309,SALMA,RAFIKI,IDENT
20171004053904,SA4,901121,MWATANGA,ALLY,IDENT
20171004053904,SA5,901012,FATUMA,KABUMA,IDENT
20171004053911,SA5,900896,HADIJA , KIHEGO,IDENT
20171004053933,SA4,901268,ANITHA,KWIMBA,IDENT
20171004053952,SA4,901005,HADIJJA,KIJUU,IDENT
20171004054004,SA4,901001,AMINA,MUYA,IDENT
20171004054009,SA4,901116,GRACE,KAHANGE,IDENT
20171004054044,SA5,901285,THABIT,ALLY,IDENT
20171004054059,SA5,901409,MAGRETH,NGOSI,IDENT
20171004054059,SA4,901106,MARYNIA,KAYOMBO,IDENT
20171004054112,SA5,900995,MARY,KIAMA,IDENT
20171004054143,SA4,901169,VERONICA,LECHIPYA,IDENT
20171004054144,SA5,901388,OSWALD,SHILLA,IDENT
20171004054157,SA4,901069,ELIZABETH,MRAMU,IDENT
20171004054210,SA4,901216,ASHA,RAMADHANI,IDENT
20171004054215,SA4,901206,AISHA,MKUMBA,IDENT
20171004054221,SA5,900886,ELIZABERTH,KIJA,IDENT
20171004054247,SA4,901163,SIJALI,MKELE,IDENT
20171004054252,SA4,900952,SALAMA,MOHAMAD,IDENT
20171004054256,SA4,901008,GRESS,KOBA,IDENT
20171004054302,SA4,901238,MARIAM,SELEMANI,IDENT
20171004054308,SA4,901133,HUSNA,SENGAMBA,IDENT
20171004054308,SA5,901425,HIDAYA,KASSIM,IDENT
20171004054314,SA4,901000,AGNES,MTYANGILE,IDENT
20171004054319,SA4,901074,VERONICA,KIMWAGA,IDENT
20171004054324,SA4,901028,REHEMA,KWENGWEGU,IDENT
20171004054330,SA4,901252,JENIPHA,CHIZA,IDENT
20171004054335,SA4,900999,ROSE,MWAMAKOLA,IDENT
20171004054344,SA4,900893,JOYCE,MCHOMVU,IDENT
20171004054351,SA4,901213,HABIBA,NJIKU,IDENT
20171004054356,SA6,900168,RAZAKI,MTINDA,IDENT
20171004054359,SA4,901222,DEBORA,FILIPATALI,IDENT
20171004054404,SA4,901057,ANNA,KITOMARY,IDENT
20171004054410,SA4,901207,AISHA,ABEID,IDENT
20171004054426,SA5,901360,MARRY,MASULUBE,IDENT
20171004054434,SA6,900428,GLADIS,MAZENGO,IDENT
20171004054442,SA4,901070,FLORA,MSAMLA,IDENT
20171004054447,SA4,901254,NURAT,JAFARI,IDENT
20171004054458,SA2,901227,MWAMVITA,MWAIPOPO,IDENT
20171004054508,SA4,901161,NURU,MOHAMED,IDENT
20171004054521,SA6,900556,REGINA,NDALUHEKEYE,IDENT
20171004054530,SA4,901084,MARIA ,SANGA,IDENT
20171004054536,SA4,901083,HADIJA,MPAMBA,IDENT
20171004054541,SA4,901225,NOELA,YALOT,IDENT
20171004054546,SA4,901131,ESTA,KWEKA,IDENT
20171004054553,SA4,900889,SALMA,MWAWILA,IDENT
20171004054558,SA4,901053,DORIS,JOHN,IDENT
20171004054601,SA5,901236,FATIMA,ALLY,IDENT
20171004054603,SA4,901224,ANNA,NYAKAPALA,IDENT
20171004054608,SA5,901055,ZAINABU,OMARY,IDENT
20171004054613,SA5,900864,TECLA,SAMWEL,IDENT
20171004054641,SA4,901018,AISHA,KIBINDO,IDENT
20171004054647,SA4,901126,YUNIS,LULANDALA,IDENT
20171004054707,SA4,901214,MARIAM,OMAR,IDENT
20171004054732,SA6,900128,ENELES,MBWAGA,IDENT
20171004054749,SA2,901024,ASIA,KARATA,IDENT
20171004054752,SA6,900015,EMMANUEL ,CLEMENT,IDENT
20171004054858,SA6,900124,DAUDI,ELIFALETH,IDENT
20171004054720,SA4,901002,MARIAM,SABURI,IDENT
20171004054754,SA4,901100,REHEMA,SALEHE,IDENT
20171004054759,SA4,901041,JACKLINI,MBOYA,IDENT
20171004054802,SA5,901366,LYDIA,MAKENE,IDENT
20171004054805,SA4,901080,SALOME,DUA,IDENT
20171004054808,SA5,901162,MWANAHARUSI,MOHAMED,IDENT
20171004054811,SA4,901153,MAGRETH,ZANUARI,IDENT
20171004054813,SA5,901389,OMARY,JUMA,IDENT
20171004054816,SA4,901006,RUKIA,ALLY,IDENT
20171004054818,SA5,901191,ROSE,BENARD,IDENT
20171004054823,SA4,900872,ZALAU,NGWELE,IDENT
20171004054834,SA4,900991,CHRISTINA,JAILOS,IDENT
20171004054851,SA4,901066,ZULEHA,MOHAMED,IDENT
20171004054913,SA5,900907,PAULINA,DEVA,IDENT
20171004054918,SA5,901371,YASINTA,LEKERI,IDENT
20171004054923,SA5,900964,RAPHAEL,MBOKO,IDENT
20171004054937,SA4,901220,AGNESS,MWAMBENGO,IDENT
20171004054941,SA4,901063,RACHEL,MZOROZORO,IDENT
20171004054949,SA6,900396,ANDREW,MSANGI,IDENT
20171004054950,SA4,901166,SAUDA,MAULID,IDENT
20171004054959,SA4,901137,SOFIA,KIUMBE,IDENT
20171004055004,SA4,901267,NEEMA ,MWAMANYE,IDENT
20171004055004,SA5,901301,TUKAE,MUSA,IDENT
20171004055016,SA4,901099,TAUS,MUSTAPHA,IDENT
20171004055036,SA2,900920,PILLI,SAIDI,IDENT
20171004055043,SA6,900037,MOHAMED,MKALA,IDENT
20171004055050,SA5,900960,AGNESS,NAWAHIGA,IDENT
20171004055057,SA5,900903,RUKIA,MOHAMED,IDENT
20171004055102,SA6,900422,FURAHA,MWAKIFWAMB,IDENT
20171004055102,SA5,901395,HASHIM,HAIZA,IDENT
20171004055104,SA4,901119,LINA,MLAWA,IDENT
20171004055112,SA4,900973,SHARIFA,LIYAYA,IDENT
20171004055115,SA6,900035,MOHAMED,HAUSI,IDENT
20171004055120,SA6,900433,HARUNI,MKAMA,IDENT
20171004055124,SA6,900398,ARSEN, RWEBANGILA	,IDENT
20171004055125,SA4,901135,REHEMA,OMARY,IDENT
20171004055129,SA4,900971,NAOMI,SAMWELI,IDENT
20171004055132,SA2,901248,MAGRETH,MASAWE,IDENT
20171004055142,SA5,901004,ZAHARA,YANGE,IDENT
20171004055154,SA4,900926,AMINA,KONDO,IDENT
20171004055157,SA6,900406,CHAUREMBO,MWINYI,IDENT
20171004055157,SA2,901079,AGNESS,HAJI,IDENT
20171004055225,SA4,901157,DAVID,JUMA,IDENT
20171004055229,SA4,900847,ZAINABU,SINGANO,IDENT
20171004055229,SA5,900850,ROSE,KITALI,IDENT
20171004055237,SA4,900928,MARIA,MAGWE,IDENT
20171004055237,SA2,901101,RAJABU,MOHAMMED,IDENT
20171004055241,SA5,901229,ANNA,NGAPONDA,IDENT
20171004055242,SA4,900918,MARIAM,RAMADHANI,IDENT
20171004055246,SA5,900897,SWAUMU,SAIDI,IDENT
20171004055259,SA4,901064,SAID,RAMADHANI,IDENT
20171004055305,SA4,901098,GERALD,MBAUKA,IDENT
20171004055310,SA4,900984,SALAMA,BIGE,IDENT
20171004055312,SA5,900866,FLORA,DAMAS,IDENT
20171004055314,SA4,901142,SOPHIA,YUSUPH,IDENT
20171004055317,SA5,901327,EMERY,MSUNGU,IDENT
20171004055317,SA4,901139,HAPPY ,ZAKAYO,IDENT
20171004055325,SA4,901194,ELINA,ABEL,IDENT
20171004055330,SA4,901058,HAMIDA,MATIPA,IDENT
20171004055335,SA4,900911,NEEMA,URASSA,IDENT
20171004055338,SA4,901086,ELIWAZA,MWIGOHA,IDENT
20171004055349,SA5,901319,CHRISTINA,TATI,IDENT
20171004055353,SA5,901404,AWAZI,SALIM,IDENT
20171004055359,SA4,901003,SALAMA,KADALA,IDENT
20171004055409,SA5,901209,MIRIAM,MNDEWA,IDENT
20171004055409,SA4,900978,ELIZABETH,ZAE,IDENT
20171004055414,SA5,901201,DEOGRATIUS,KESSY,IDENT
20171004055415,SA4,901244,SWAUMU,HIMBU,IDENT
20171004055420,SA4,901103,MWATANGA,DIENI,IDENT
20171004055426,SA4,901260,AISHA,MNEKA,IDENT
20171004055431,SA5,901349,HABIBU,BAKARI,IDENT
20171004055432,SA4,900935,ZAINABU,SINGANO,IDENT
20171004055434,SA2,900948,VERONICA,MFILINGE,IDENT
20171004055445,SA5,901211,ANNA,KIMARO,IDENT
20171004055450,SA5,901316,ZUHURA,HAMIS,IDENT
20171004055506,SA5,901205,JAMILA,MASONGI,IDENT
20171004055511,SA5,901323,AMINA,HAMISI,IDENT
20171004055527,SA6,900391,ALLY,MASHAURI,IDENT
20171004055537,SA4,901156,SAID,HAMISI,IDENT
20171004055545,SA5,900875,ASHA,MALINBWI,IDENT
20171004055603,SA4,901228,CESILIA,MBABUYE,IDENT
20171004055609,SA4,901250,JENIPHA,DAMIAN,IDENT
20171004055614,SA4,900956,DIANA,LEMA,IDENT
20171004055625,SA6,900703,MUSSA,MTALI,IDENT
20171004055648,SA6,900048,SHELLA,MFAUME,IDENT
20171004055702,SA5,901423,CONSOLATHA,JOSEPH,IDENT
20171004055709,SA5,901568,YASINTA,MKIWA,IDENT
20171004055716,SA5,901373,ADELA,MSAGA,IDENT
20171004055721,SA6,900166,RAMADHANI,KIPENGELE,IDENT
20171004055721,SA5,901287,REGINA,JEMES,IDENT
20171004055727,SA5,901296,STELLA,LUGOME,IDENT
20171004055727,SA2,901343,SEBASTIAN,KIPINGU,IDENT
20171004055732,SA5,900873,SELEN,JUMA,IDENT
20171004055737,SA6,900487,STEPHEN,KAMBWEMBWE,IDENT
20171004055737,SA5,900900,HELENA,SENZUGWAKO,IDENT
20171004055740,SA5,901350,ALFRED,CHARLES,IDENT
20171004055745,SA5,901345,ALHAJI,KIHIYO,IDENT
20171004055748,SA5,901281,JOSEPH,MUSUGULI,IDENT
20171004055752,SA5,901300,ANNA,TEMBA,IDENT
20171004055817,SA6,900443,JABIRI,RAMADHANI,IDENT
20171004055904,SA6,900476,RAMADHANI,IDD,IDENT
20171004055908,SA6,900474,PHILBERT,MATOGO,IDENT
20171004055801,SA5,901304,SOPHIA,ALLY,IDENT
20171004055809,SA5,901365,JOYCE,SWILLAH,IDENT
20171004055809,SA4,900942,CHRISTINA,MWENDA,IDENT
20171004055814,SA4,900937,UPENDO,MLEWA,IDENT
20171004055815,SA5,901200,INOCENT , KIFUMU,IDENT
20171004055820,SA5,901382,KONDO,MOHAMED,IDENT
20171004055824,SA4,900965,HERMAN,MAKOKO,IDENT
20171004055828,SA4,901559,MARIAM,JUMA,IDENT
20171004055900,SA4,901151,SIJARI,MAGOMBE,IDENT
20171004055905,SA4,901177,ASHA,MAVENGELO,IDENT
20171004055930,SA5,901095,BEATA,KOMBA,IDENT
20171004055935,SA5,901299,SAUDA,MATOWELA,IDENT
20171004055940,SA5,901025,ASHURA,HAMISI,IDENT
20171004055954,SA6,900420,FRANCIS,TESHA,IDENT
20171004060004,SA5,900894,NURU,MAKANDE,IDENT
20171004060011,SA2,900844,AISHA,MSOMI,IDENT
20171004060013,SA5,901062,RASHID,MDOE,IDENT
20171004060017,SA5,901364,SALAFINA,KISAPI,IDENT
20171004060018,SA6,900423,GARDINO,MHIMBA,IDENT
20171004060020,SA6,900164,RAMADHANI ,BAKARI,IDENT
20171004060025,SA5,901324,MARIAM,YAHAYA,IDENT
20171004060030,SA5,901290,AGNES,SALAWA,IDENT
20171004060036,SA5,901280,WHITNESS,MSAGATI,IDENT
20171004060041,SA5,901298,SWAUMU,MZIRAI,IDENT
20171004060046,SA5,901367,BEATHA,MLOSO,IDENT
20171004060051,SA5,901368,NAOMI,YUSUPH,IDENT
20171004060103,SA5,900892,MWANIA,PEMBE,IDENT
20171004060106,SA4,900958,SOPHIA,LIKONGO,IDENT
20171004060109,SA5,901291,AISHA,ISSA,IDENT
20171004060119,SA5,901418,ISAYA ,SAWASAWA,IDENT
20171004060138,SA5,900917,SALMA,DIWILE,IDENT
20171004060144,SA5,901317,ASHA,HAMISI,IDENT
20171004060149,SA5,901354,AISHAH,OTHUMANI,IDENT
20171004060151,SA6,900170,REHEMA,CHINUNJE,IDENT
20171004060154,SA5,901356,ZAMDA,NGWABAYA,IDENT
20171004060201,SA5,901362,JULIETH,GODFREY,IDENT
20171004060212,SA6,900579,GRAYSON,KUNZUGALA,IDENT
20171004060213,SA5,901148,IBRAHIM,MZENTO,IDENT
20171004060230,SA5,901154,SALAMA,ALLY,IDENT
20171004060230,SA6,900036,MOHAMED,MAJUJULO,IDENT
20171004060240,SA5,901330,SAVELINA ,KASHASHA,IDENT
20171004060245,SA5,901344,JACKSON,ATANUS,IDENT
20171004060248,SA5,901282,ADAM,MUSSA,IDENT
20171004060252,SA5,901430,JOYCE,SEMWENDA,IDENT
20171004060257,SA4,901033,TATU,ISSA,IDENT
20171004060258,SA5,901311,LOYCE,MASKINI,IDENT
20171004060304,SA6,900580,BARAKA,MAGAFU,IDENT
20171004060312,SA5,901359,VILET,MHELUKA,IDENT
20171004060315,SA6,900444,JOHN,MEDA,IDENT
20171004060316,SA5,901307,MATRIDA,CHUVAKA,IDENT
20171004060320,SA5,901397,LINETH,KYARUS,IDENT
20171004060331,SA5,901320,REHEMA,ALLY,IDENT
20171004060335,SA6,900138,HUSSEIN,SHABANI,IDENT
20171004060336,SA5,901305,DIANA,KIBASA,IDENT
20171004060341,SA5,901390,SHABANI,HUSEN,IDENT
20171004060345,SA5,901399,DIANA,NDONGO,IDENT
20171004060348,SA5,901293,JOHARI,MAHARIA,IDENT
20171004060353,SA6,900568,GODWIN,KIRIA,IDENT
20171004060356,SA5,901338,WAZIRI,WAZIRI,IDENT
20171004060403,SA5,901387,GODFREY,YALED,IDENT
20171004060442,SA4,900924,DEBORA,HOSSA,IDENT
20171004060444,SA4,901221,TEDDY,MAGAMBO,IDENT
20171004060451,SA2,901346,FRANK,MANDI,IDENT
20171004060528,SA5,901061,MWAJUMA,ABDALLAH,IDENT
20171004060549,SA5,901380,BISURA,MCHELEO,IDENT
20171004060550,SA4,901274,AMINA,KAHABUKA,IDENT
20171004060554,SA5,901284,MOHAMED,IDDI,IDENT
20171004060554,SA2,901342,ANDREW,KILUGWA,IDENT
20171004060559,SA5,901314,JANE,NYAGAWA,IDENT
20171004060605,SA5,901056,ANGELA,MWAKAPALILA,IDENT
20171004060610,SA5,901071,YUNIS,NDAIGA,IDENT
20171004060617,SA5,900919,ANNA,MPUGE,IDENT
20171004060629,SA6,900469,MICHAEL,MDACHI,IDENT
20171004060703,SA5,901392,STELLA,MTALLO,IDENT
20171004060715,SA5,901417,REHEMA,SINDANO,IDENT
20171004060831,SA2,901044,SUZANA,KIMARO,IDENT
20171004060911,SA5,901593,Mpelwa,Ndoshi,IDENT
20171004061122,SA6,900473,NAOMI,GONDA,IDENT
20171004061136,SA4,900946,RAHMA,MWIMBA,IDENT
20171004061220,SA5,901408,SAIDI,MAKALA,IDENT
20171004061228,SA5,901385,ABDALLA,MGAYA,IDENT
20171004062129,SA6,900007,ANNA,DUA,IDENT
20171004062943,SA6,900449,JUMA,SANGAYA,IDENT
20171004063438,SA6,900130,FATUMA,CHOMBO,IDENT
20171004063601,SA5,900895,CATHERINE,CHIGOGOLO,IDENT
20171004063930,SA2,901016,HALIFA,MOHAMED,IDENT
20171004064223,SA6,901433,ESTER,THEOFIL,IDENT
20171004064311,SA6,900626,AUGUSTINO,CHITANDA,IDENT
20171004064519,SA6,900115,AKIDA,DUGANGE,IDENT
20171004064539,SA6,900416,ERICK,DAUD,IDENT
20171004064643,SA6,900175,TEDDY,SIMON,IDENT
20171004065142,SA6,900387,ADAM,KINGU,IDENT
20171004070045,SA6,900100,AROBOGAST,MOGELLA,IDENT
20171004070525,SA6,901431,AMBALI,SOUD,IDENT
20171004071103,SA6,901434,JOSEPHINA,HAU,IDENT
20171004072904,SA6,900171,ROBERT,MFUNI,IDENT
20171004072907,SA6,901573,DAUDI,NYASHIMO,IDENT
20171004072956,SA6,900029,JUMANNE,MBONDE,IDENT
20171004073115,SA6,900291,RASHIDI,MUSSSA,IDENT
20171004073241,SA6,900271,HUSNA,SAID,IDENT
20171004073317,SA6,900494,YOHANA,LUSANA,IDENT
20171004073444,SA6,900165,RAMADHANI,NYENJE,IDENT
20171004073538,SA6,900016,FATUMA,HAMISI,IDENT
20171004073606,SA6,101880,RICHARD,MAKASI,IDENT
20171004073656,SA6,900142,IRENE,MREMA,IDENT
20171004073738,SA6,900397,ANNA,MOSHI,IDENT
20171004073836,SA6,900649,ZUBEDA,MANDIA,IDENT
20171004073905,SA5,901333,NEEMA,KILUZIA,IDENT
20171004073911,SA6,900143,JACKLINE,MAIGA,IDENT
20171004073945,SA6,900431,HAMADI,ZUBERI,IDENT
20171004073952,SA6,900432,HAMZA,ABDALLAH,IDENT
20171004073958,SA6,900173,SHARIFA,MRISHO,IDENT
20171004074125,SA6,900446,JOSEPH,KIBASA,IDENT
20171004074130,SA4,901193,VICTORIA,MWAMPEGETE,IDENT
20171004074131,SA6,900582,ZABRON,TOSSI,IDENT
20171004074139,SA6,900123,CHARLES,LUSWETULA,IDENT
20171004074313,SA5,901413,LEILA,KIMBENGELE,IDENT
20171004074344,SA2,901444,BAKARI,KITILA,IDENT
20171004074348,SA2,901451,JUSTINE,MKUDE,IDENT
20171004074356,SA2,100597,NOVATI,TARIMO,IDENT
20171004074545,SA5,901334,SHAIBU,KASANGA,IDENT
20171004074547,SA6,900041,NELSON,MTEMI,IDENT
20171004074557,SA6,900262,FRIDA, MWAMBEGELE,IDENT
20171004074601,SA6,900465,MARTIN,KIDUNGU,IDENT
20171004074614,SA6,900111,SALUM,SAIDI,IDENT
20171004074658,SA6,900448,JOSEPH,MKELEBE,IDENT
20171004074702,SA6,900467,MBARUKU,OSWAD,IDENT
20171004074707,SA6,900430,GWAKISA,MWAKASAGURE,IDENT
20171004074725,SA2,900184,JASPER,NGURUBE,IDENT
20171004074753,SA6,900120,BENEDICTO,MBOKO,IDENT
20171004074839,SA6,901265,FRANK ,RUZIGA,IDENT
20171004074843,SA6,900133,GEORGE,GIDION,IDENT
20171004074847,SA6,900586,MOHAMED,SOLOKA,IDENT
20171004074752,SA4,901060,MARTHA,GABRIEL,IDENT
20171004074816,SA5,901405,ABDANI,SHILLA,IDENT
20171004074853,SA4,900902,SAKINA,MAWEMBA,IDENT
20171004074924,SA6,900385,ABDALLAH,MOHAMED,IDENT
20171004074929,SA6,900418			,FELIX,WAUSA,IDENT
20171004074947,SA4,901164,SWAUMU,KAYANDA,IDENT
20171004075020,SA4,900986,KAUSE,ABDALLAH,IDENT
20171004075036,SA2,901339,JAMES,MKONO,IDENT
20171004075041,SA6,900468,MICHAEL,IBRAHIM,IDENT
20171004075107,SA2,900938,ISMAIL,THOMAS,IDENT
20171004075119,SA2,200316,DENIS,JOHNSON,IDENT
20171004075139,SA2,900936,SOPHIA,MBONDE,IDENT
20171004075152,SA6,900389,AHMAD,KINDUMA,IDENT
20171004075156,SA2,900940,JUMANNE,ZONGO,IDENT
20171004075213,SA6,E083,GURURAJ,SHENVI,IDENT
20171004075234,SA4,901218,JANE,RYOBA,IDENT
20171004075334,SA6,901591,EINHARD,MASSAWE,IDENT
20171004075358,SA6,900584,LUCY,MACHAI,IDENT
20171004075401,SA6,900247,ALLY,SELEMANI,IDENT
20171004075536,SA4,901092,ASIA,JUMA,IDENT
20171004075617,SA4,900954,HABIBA,MDOSE,IDENT
20171004075748,SA5,901329,ELIWA ,SHAO,IDENT
20171004070338,SA6,900039,MWAJABU,ALLY,IDENT
20171004075442,SA6,900414,EMMANUEL ,SERAPHINE,IDENT
20171004075457,SA6,900400,BAHATI,LUBUVA,IDENT
20171004075614,SA6,901595,MANASE,MICHAEL,IDENT
20171004075657,SA2,901422,EMMANUEL,KHALIDI,IDENT
20171004075712,SA2,200314,DEO,SAKAYA,IDENT
20171004075727,SA6,900388,AGNES,SHAYO,IDENT
20171004075756,SA5,901326,ALLY,MBONDE,IDENT
20171004080051,SA2,200351,MICHAEL,MICHAEL,IDENT
20171004080056,SA2,901447,MASHAKA,MATEKELE,IDENT
20171004080149,SA2,901449,BONIFAS,ANGANILE,IDENT
20171004080331,SA2,200318,JOSHUA , PAULO,IDENT
20171004080344,SA6,900390,ALBERT,KANENDA,IDENT
20171004080349,SA6,900393,ALLY,MTWALE,IDENT
20171004080355,SA6,900574,FURAHA,MSAMBWA,IDENT
20171004080359,SA6,900057,ZAITUNI,ABDALLAH,IDENT
20171004080404,SA6,900681,ABUBAKARI,MGAZA,IDENT
20171004080409,SA2,901453,JOHNSON,MUNISI,IDENT
20171004080411,SA6,900108,NORAH,CLEMENCE,IDENT
20171004080417,SA6,900701,MATHEW,NDANSHAU,IDENT
20171004080433,SA4,901239,SAKINA,KIZEE,IDENT
20171004080437,SA6,900488,THOBIAS,KIWELU,IDENT
20171004080438,SA4,900944,FROLA,KAMARA,IDENT
20171004080442,SA6,900591,RASHID ,MUNKENDA,IDENT
20171004080501,SA6,900458,KIBWANA,SAIDI,IDENT
20171004080503,SA4,900941,KULWA,MSUMA,IDENT
20171004080512,SA6,900682,BENEDICT,ELIAS,IDENT
20171004080518,SA2,900859,MAGDI,MASANGURA,IDENT
20171004080537,SA4,900882,WINIFRIDA,MALISELINO,IDENT
20171004080542,SA4,901264,HADIJA,RAMADHANI,IDENT
20171004080615,SA2,200311,DAVID,BWILE,IDENT
20171004080637,SA6,901569,FREDRICK,MUSHI,IDENT
20171004080651,SA6,900445,JOHN,MASUNGWA,IDENT
20171004080656,SA6,900280,TADEO,MWINGIZI,IDENT
20171004080707,SA6,900485,SHUFAA,ABEID,IDENT
20171004080711,SA2,901443,MWAJUMA,SHEMBWANA,IDENT
20171004080712,SA6,901435,FILES,MBANDO,IDENT
20171004080717,SA2,901448,PAULINA,DAVID,IDENT
20171004080717,SA6,901599,GRAYSON,MWAKASENDILE,IDENT
20171004080720,SA6,900107,MSELEM,MSELEM,IDENT
20171004080728,SA6,900484,SHANI,MOHAMED,IDENT
20171004080728,SA4,900981,FIDES,MONGI,IDENT
20171004080733,SA6,901438,MARY,JOSEPH,IDENT
20171004080737,SA2,200309,RAMADHANI,KIHILE,IDENT
20171004080812,SA6,900174,SOSTHENES,MUKAMA,IDENT
20171004080822,SA6,901584,PENDO,MNJAGILA,IDENT
20171004080825,SA6,900435,HASSAN,NKHAMBI,IDENT
20171004071355,SA5,901325,JOSEPH,KAVISHE,IDENT
20171004080815,SA2,901068,CATHERINE,MATENGO,IDENT
20171004080843,SA6,900292,ROSE,CHIKAWE,IDENT
20171004080900,SA6,900110,RASHID,ISSA,IDENT
20171004080904,SA6,900460,LAMECK,ASSETO,IDENT
20171004080909,SA6,900583,REGINALD,MICHAEL,IDENT
20171004080914,SA2,200312,BARAKA,KATEGILE,IDENT
20171004080915,SA6,901432,AMINA,SOGOI,IDENT
20171004081109,SA6,E085,ASEEM,VERMA,IDENT
20171004081111,SA5,901429,REHEMA,MAZEKU,IDENT
20171004081113,SA6,900581,SAADA,MUHINTE,IDENT
20171004081118,SA6,900137,HERIETH,MWELI,IDENT
20171004081123,SA6,E060,ANOOP,TIWARI,IDENT
20171004081127,SA6,E013,GIRIRAJ,SHARMA,IDENT
20171004081134,SA6,900620,AYOUB,MTAFUNGWA,IDENT
20171004081142,SA6,900155,MWANAFATIMA,MATIPA,IDENT
20171004081317,SA6,900122,CATHERINE,KUMBATA,IDENT
20171004081322,SA2,901442,JARINA,SHEKOLA,IDENT
20171004081333,SA6,900629,MICHAEL,ZAMBETAKIS,IDENT
20171004081339,SA6,900126,DORIKA,MALYANGO,IDENT
20171004081403,SA6,900629,MICHAEL,ZAMBETAKIS,IDENT
20171004081416,SA6,E068,RANJEET SINGH,SAINI,IDENT
20171004081513,SA6,900405,CHARLES,WILLIAM,IDENT
20171004081532,SA2,901396,EDWIN,KIPUYO,IDENT
20171004081532,SA5,901278,HENRY ,CHELULA,IDENT
20171004081705,SA2,901450,FARIDA,JUMA,IDENT
20171004081721,SA6,E079,BALASUBRAMANIAM,M,IDENT
20171004081816,SA6,900009,ASHA,HAMISI,IDENT
20171004081911,SA3,901452,STEVEN,CHUWA,IDENT
20171004082023,SA5,900950,ASHURA,ATHUMAN,IDENT
20171004082155,SA6,E078,SANJAY,GOYAL,IDENT
20171004082220,SA6,901585,SADICK,MAPUNDA,IDENT
20171004082310,SA6,900043,RANI,MOHAR,IDENT
20171004082318,SA6,E084,NAVNEET, SINGH,IDENT
20171004082350,SA6,900452,KENNEDY,KIMARO,IDENT
20171004082558,SA6,900151,LISSY,KIGONJOLA,IDENT
20171004082603,SA6,901558,CONSOLATA,MDEMU,IDENT
20171004083041,SA6,900270,HASSAN,KIGWIO,IDENT
20171004083059,SA6,900044,REGINARD,MSHANGA,IDENT
20171004083120,SA6,901590,ISSA,JUMA,IDENT
20171004083325,SA6,900413,ELIBAHATI,JOSEPH,IDENT
20171004084346,SA6,900566,ERICK,NDUNGURU,IDENT
20171004090233,SA6,900109,AMANI,NYAKARASHI,IDENT
20171004092648,SA6,900560,DEOGRASIAS,STEPHIN,IDENT
