20160704080735,SA6,900128,ENELES,MBWAGA,IDENT
20160704080741,SA6,900574,FURAHA,MSAMBWA,IDENT
20160704080745,SA6,900416,ERICK,DAUD,IDENT
20160704080747,SA6,900464,MARTHA,MWIKOLA,IDENT
20160704080751,SA6,900462,MANDZEL,KWIMBA,IDENT
20160704080755,SA6,900142,IRENE,MREMA,IDENT
20160704080806,SA1,900024,JOSEPH,TWALIB,IDENT
20160704080816,SA6,900011,BLANTINA,MLOWE,IDENT
20160704080827,SA1,900497,EMANUEL,NGIMBUZI,IDENT
20160704080830,SA1,900506,JOE ,MATANDU,IDENT
20160704080843,SA5,901333,NEEMA,KILUZIA,IDENT
20160704080844,SA6,900184,JASPER,NGURUBE,IDENT
20160704080853,SA6,900137,HERIETH,MWELI,IDENT
20160704080912,SA6,900108,NORAH,CLEMENCE,IDENT
20160704080938,SA6,901432,AMINA,SOGOI,IDENT
20160704080943,SA6,900280,TADEO,MWINGIZI,IDENT
20160704080953,SA6,900156,MWANAISHA,UWESU,IDENT
20160704081036,SA6,900484,SHANI,MOHAMED,IDENT
20160704081053,SA1,900219,GEORGE,SAMATA,IDENT
20160704081059,SA1,900239,SOPHIA,MUSHI,IDENT
20160704081104,SA1,900504,JEREMIA,TONNO,IDENT
20160704081141,SA6,900390,ALBERT,KANENDA,IDENT
20160704081211,SA6,900452,KENNEDY,KIMARO,IDENT
20160704081246,SA6,900481,RICHARD,KWEYAMBA,IDENT
20160704081310,SA6,900388,AGNES,SHAYO,IDENT
20160704081314,SA6,900465,MARTIN,KIDUNGU,IDENT
20160704081340,SA6,900644,FARIDA,RUBANZA,IDENT
20160704081358,SA6,E043,VAGEESH,KUMAR,IDENT
20160704081403,SA6,900151,LISSY,KIGONJOLA,IDENT
20160704081500,SA6,901439,MUSA,MZEE,IDENT
20160704081516,SA6,901437,HASSAN,KAJUA,IDENT
20160704081604,SA6,900460,LAMECK,ASSETO,IDENT
20160704081623,SA6,900173,SHARIFA,MRISHO,IDENT
20160704081707,SA6,900009,ASHA,HAMISI,IDENT
20160704081712,SA6,900400,BAHATI,LUBUVA,IDENT
20160704081740,SA6,900389,AHMAD,KINDUMA,IDENT
20160704081910,SA1,900157,MZEE,KONDOWE,IDENT
20160704082053,SA6,900004,AGATHA,KAYOMBO,IDENT
20160704082139,SA6,900055,VERONICA,MBAZIGWA,IDENT
20160704082326,SA1,900645,PETER,MTOLELA,IDENT
20160704082328,SA6,900620,AYOUB,MTAFUNGWA,IDENT
20160704082701,SA1,900030,JUMANNE,LUMBU,IDENT
20160704082913,SA6,900109,AMANI,NYAKARASHI,IDENT
20160704082927,SA6,900701,MATHEW,NDANSHAU,IDENT
20160704082932,SA1,901577,SALEEM,KHATRI,IDENT
20160704083226,SA6,900111,SALUM,SAIDI,IDENT
20160704083424,SA6,900629,MICHAEL,ZAMBETAKIS,IDENT
20160704083750,SA6,900110,RASHID,ISSA,IDENT
20160704083911,SA6,901436,HAMISI,KAVINGA,IDENT
20160704085502,SA6,E067,ANKIT,JAIN,IDENT
20160704085602,SA6,E077,SUMIT,BHATNAGAR,IDENT
20160704091746,SA1,900712,JUMA,JUMBE,IDENT
20160704115141,SA6,E068,RANJEET SINGH,SAINI,IDENT
20160704120519,SA6,900560,DEOGRASIAS,STEPHIN,IDENT
20160704124933,SA6,900019,HAMISI,MADODO,IDENT
20160704130503,SA1,900499,HASSAN,HAULE,IDENT
20160704131203,SA1,900281,NAYOPA,MTENDECHI,IDENT
20160704131313,SA6,900647,JOHANSEN,MPANJU,IDENT
20160704131951,SA6,900050,STANLEY,JEREMIAH,IDENT
20160704132034,SA6,900169,REHEMA,YUSUFU,IDENT
20160704132350,SA6,900051,SUDI,KHALFANI,IDENT
20160704133042,SA6,900116,ASHA,ALLY,IDENT
20160704133055,SA6,900135,HALIMA,NGAMZI,IDENT
20160704133306,SA5,900850,ROSE,KITALI,IDENT
20160704133312,SA5,901361,MARRY,MLIUNJA,IDENT
20160704133317,SA5,901353,DOREEN,MDOE,IDENT
20160704133335,SA5,901386,SHAMSI,MUHITI,IDENT
20160704133341,SA5,901281,JOSEPH,MUSUGULI,IDENT
20160704133352,SA6,900661,ADILILA,KONGA,IDENT
20160704133354,SA5,901391,GEOFREY,MAPESA,IDENT
20160704133430,SA5,901351,BARNABA,EDWARD,IDENT
20160704133433,SA6,900166,RAMADHANI,KIPENGELE,IDENT
20160704133544,SA4,900907,PAULINA,DEVA,IDENT
20160704133547,SA4,901102,ORIVER,DAUD,IDENT
20160704133621,SA4,900999,ROSE,MWAMAKOLA,IDENT
20160704133636,SA5,901131,ESTA,KWEKA,IDENT
20160704133642,SA5,901036,AZIZA,MANGETU,IDENT
20160704133650,SA4,901001,AMINA,MUYA,IDENT
20160704133655,SA4,901053,DORIS,JOHN,IDENT
20160704133702,SA1,900814,MARTIN,MUHANDO,IDENT
20160704133708,SA5,901428,YOHANA,LEONARD,IDENT
20160704133711,SA4,901163,SIJALI,MKELE,IDENT
20160704133717,SA4,901074,VERONICA,KIMWAGA,IDENT
20160704133726,SA3,901254,NURAT,JAFARI,IDENT
20160704133730,SA4,901005,HADIJJA,KIJUU,IDENT
20160704133741,SA5,901344,JACKSON,ATANUS,IDENT
20160704133745,SA6,900480,RASHID,MOHAMED,IDENT
20160704133747,SA4,901120,MERCY,MONGI,IDENT
20160704133758,SA4,901252,JENIPHA,CHIZA,IDENT
20160704133800,SA4,901091,FARIDA,LYIMO,IDENT
20160704133804,SA2,901056,ANGELA,MWAKAPALILA,IDENT
20160704133806,SA5,901419,JENIPHA,MWILONGO,IDENT
20160704133810,SA2,901204,SOPHIA,LUGOME,IDENT
20160704133816,SA2,900923,HELENA,KHAJI,IDENT
20160704133820,SA4,901081,PILI,MDEDE,IDENT
20160704133827,SA5,901338,WAZIRI,WAZIRI,IDENT
20160704133831,SA4,900989,AMINA,CHITWANGWA,IDENT
20160704133835,SA4,901225,NOELA,YALOT,IDENT
20160704133844,SA3,901066,ZULEHA,MOHAMED,IDENT
20160704133847,SA3,900888,AMINA,NGAINA,IDENT
20160704133900,SA5,901337,SALUM,LINJA,IDENT
20160704133904,SA5,901422,EMMANUEL,KHALIDI,IDENT
20160704133904,SA4,901028,REHEMA,KWENGWEGU,IDENT
20160704133907,SA5,901343,SEBASTIAN,KIPINGU,IDENT
20160704133909,SA4,901165,FATUMA,ABDALLAH,IDENT
20160704133915,SA4,901029,MARIAM,OMAR,IDENT
20160704133919,SA4,901128,ZAITUNI,SOGOI,IDENT
20160704133922,SA4,900900,HELENA,SENZUGWAKO,IDENT
20160704133929,SA5,901397,LINETH,KYARUS,IDENT
20160704133932,SA3,900887,ELITABETH,GOMELO,IDENT
20160704133935,SA5,901280,WHITNESS,MSAGATI,IDENT
20160704133935,SA1,900772,ERICK,KAZIMOTO,IDENT
20160704133937,SA4,901100,REHEMA,SALEHE,IDENT
20160704133938,SA5,901378,HOYCE,TILLYA,IDENT
20160704133939,SA2,901065,ZAINABU,KARUMUNA,IDENT
20160704133942,SA2,901038,AMINA,MDOE,IDENT
20160704133942,SA4,901003,SALAMA,KADALA,IDENT
20160704133948,SA6,900159,PAMELA,KUSALIKA,IDENT
20160704133952,SA2,900964,RAPHAEL,MBOKO,IDENT
20160704133953,SA4,900872,ZALAU,NGWELE,IDENT
20160704133957,SA4,901019,ASHA,NGAMBA,IDENT
20160704134001,SA1,900001,ABDALLAH,JUMANNE,IDENT
20160704134016,SA2,901258,ATHUMAN,KILINDU,IDENT
20160704134036,SA6,900025,JOYCE,MAGANGA,IDENT
20160704134037,SA4,901161,NURU,MOHAMED,IDENT
20160704134048,SA4,900995,MARY,KIAMA,IDENT
20160704134055,SA4,900966,ZUHURA,KIJIMBO,IDENT
20160704134103,SA4,901236,FATIMA,ALLY,IDENT
20160704134107,SA4,901250,JENIPHA,DAMIAN,IDENT
20160704134109,SA2,901103,MWATANGA,DIENI,IDENT
20160704134112,SA4,900960,AGNESS,NAWAHIGA,IDENT
20160704134118,SA4,900991,CHRISTINA,JAILOS,IDENT
20160704134122,SA4,900893,JOYCE,MCHOMVU,IDENT
20160704134126,SA4,901216,ASHA,RAMADHANI,IDENT
20160704134130,SA4,901106,MARYNIA,KAYOMBO,IDENT
20160704134144,SA4,901086,ELIWAZA,MWIGOHA,IDENT
20160704134150,SA4,900895,CATHERINE,CHIGOGOLO,IDENT
20160704134156,SA4,901057,ANNA,KITOMARY,IDENT
20160704134201,SA4,901222,DEBORA,FILIPATALI,IDENT
20160704134204,SA4,901210,ROSE,CHUWA,IDENT
20160704134208,SA4,901071,YUNIS,NDAIGA,IDENT
20160704134213,SA4,901211,ANNA,KIMARO,IDENT
20160704134218,SA4,901208,SARAH,MWINANI,IDENT
20160704134222,SA4,901018,AISHA,KIBINDO,IDENT
20160704134228,SA2,901070,FLORA,MSAMLA,IDENT
20160704134229,SA4,900952,SALAMA,MOHAMAD,IDENT
20160704134235,SA4,901207,AISHA,ABEID,IDENT
20160704134239,SA5,901417,REHEMA,SINDANO,IDENT
20160704134239,SA4,901191,ROSE,BENARD,IDENT
20160704134246,SA4,901227,MWAMVITA,MWAIPOPO,IDENT
20160704134237,SA1,900813,LEONARD,PETER,IDENT
20160704134255,SA4,901146,MARTHA,MAKOTI,IDENT
20160704134308,SA4,901145,ADELINA,MALEMA,IDENT
20160704134322,SA5,901380,BISURA,MCHELEO,IDENT
20160704134324,SA3,900949,MUHINA,GOMBE,IDENT
20160704134327,SA4,901077,CONSOLATH,MATERU,IDENT
20160704134330,SA4,901257,FRIDA,MHELELA,IDENT
20160704134334,SA4,900973,SHARIFA,LIYAYA,IDENT
20160704134347,SA4,900956,DIANA,LEMA,IDENT
20160704134354,SA2,900982,MWANAKOMBO,KHALID,IDENT
20160704134356,SA4,901157,DAVID,JUMA,IDENT
20160704134410,SA4,900984,SALAMA,BIGE,IDENT
20160704134413,SA4,900926,AMINA,KONDO,IDENT
20160704134418,SA4,901144,ESTHER,NAPENGWA,IDENT
20160704134423,SA5,901058,HAMIDA,MATIPA,IDENT
20160704134438,SA1,900211,BARAKA,MAKI,IDENT
20160704134446,SA6,900124,DAUDI,ELIFALETH,IDENT
20160704134448,SA4,900974,ZAWADI,SADIKI,IDENT
20160704134453,SA4,901221,TEDDY,MAGAMBO,IDENT
20160704134457,SA4,901008,GRESS,KOBA,IDENT
20160704134506,SA4,900922,BAHATI,SALEHE,IDENT
20160704134509,SA4,901177,ASHA,MAVENGELO,IDENT
20160704134513,SA4,901033,TATU,ISSA,IDENT
20160704134513,SA1,900775,SABATO,JULIUS,IDENT
20160704134517,SA1,900809,JAMES,MWENDA,IDENT
20160704134518,SA4,901213,HABIBA,NJIKU,IDENT
20160704134523,SA1,900717,GODFREY,LAMBAU,IDENT
20160704134523,SA2,901220,AGNESS,MWAMBENGO,IDENT
20160704134528,SA2,900990,JANE,MHONGOLE,IDENT
20160704134531,SA1,900732,ELIA,FRANCIS,IDENT
20160704134533,SA2,901000,AGNES,MTYANGILE,IDENT
20160704134536,SA2,900986,KAUSE,ABDALLAH,IDENT
20160704134536,SA4,901116,GRACE,KAHANGE,IDENT
20160704134537,SA1,900747,ADAM,MASALE,IDENT
20160704134542,SA1,900751,TUSKAR,HALFANI,IDENT
20160704134544,SA4,900937,UPENDO,MLEWA,IDENT
20160704134555,SA4,901118,LILIAN,MREMA,IDENT
20160704134602,SA4,900924,DEBORA,HOSSA,IDENT
20160704134613,SA6,900162,PILLY,MANENO,IDENT
20160704134616,SA4,901138,JOYCE,CHEMRA,IDENT
20160704134617,SA2,901006,RUKIA,ALLY,IDENT
20160704134624,SA4,901125,TAUSI,SHABANI,IDENT
20160704134628,SA4,900870,GOMERY,DAUDI,IDENT
20160704134636,SA1,900770,ANDERSON,KIKOTI,IDENT
20160704134636,SA2,901064,SAID,RAMADHANI,IDENT
20160704134646,SA4,900861,MWAJABU,BAKARI,IDENT
20160704134651,SA5,901291,AISHA,ISSA,IDENT
20160704134653,SA4,901002,MARIAM,SABURI,IDENT
20160704134700,SA5,901373,ADELA,MSAGA,IDENT
20160704134701,SA4,901206,AISHA,MKUMBA,IDENT
20160704134718,SA3,901016,HALIFA,MOHAMED,IDENT
20160704134718,SA2,901073,SALMA,MUHARAMU,IDENT
20160704134722,SA2,900889,SALMA,MWAWILA,IDENT
20160704134722,SA4,900882,WINIFRIDA,MALISELINO,IDENT
20160704134732,SA4,900892,MWANIA,PEMBE,IDENT
20160704134734,SA6,900056,YESAYA,NTUNDUU,IDENT
20160704134736,SA5,900853,DEVOTHA,ELIAS,IDENT
20160704134739,SA3,901205,JAMILA,MASONGI,IDENT
20160704134743,SA6,900010,BITSON,MWASILE,IDENT
20160704134745,SA4,900864,TECLA,SAMWEL,IDENT
20160704134749,SA4,901141,HADIJA,SALUM,IDENT
20160704134815,SA6,900148,JUDITH,MALISA,IDENT
20160704134752,SA2,900987,PILLY,MWAWILA,IDENT
20160704134801,SA2,901085,ELIZABETH,NYAMBO,IDENT
20160704134806,SA4,901215,MWANAIDI,KOLOKO,IDENT
20160704134808,SA2,901049,REDEMTA,DANIEL,IDENT
20160704134809,SA4,900929,HALIMA,SEIF,IDENT
20160704134814,SA2,900886,ELIZABERTH,KIJA,IDENT
20160704134816,SA3,900896,HADIJA , KIHEGO,IDENT
20160704134819,SA4,900873,SELEN,JUMA,IDENT
20160704134820,SA5,901315,FIDEA,AGUSTINO,IDENT
20160704134822,SA1,900754,ROBERT,JORAM,IDENT
20160704134826,SA6,900433,HARUNI,MKAMA,IDENT
20160704134828,SA4,900866,FLORA,DAMAS,IDENT
20160704134833,SA5,901387,GODFREY,YALED,IDENT
20160704134838,SA4,900958,SOPHIA,LIKONGO,IDENT
20160704134838,SA5,901346,FRANK,MANDI,IDENT
20160704134842,SA4,901248,MAGRETH,MASAWE,IDENT
20160704134842,SA2,900965,HERMAN,MAKOKO,IDENT
20160704134845,SA4,900942,CHRISTINA,MWENDA,IDENT
20160704134857,SA4,901171,ESTHER,MUNGUTI,IDENT
20160704134901,SA2,901060,MARTHA,GABRIEL,IDENT
20160704134902,SA4,901260,AISHA,MNEKA,IDENT
20160704134905,SA2,901039,JULIANA,SUKU,IDENT
20160704134909,SA4,901197,RASHID,NJERAN,IDENT
20160704134926,SA2,901233,SAMI,MTITIMA,IDENT
20160704134926,SA5,900855,SINAHIA,OMARI,IDENT
20160704134931,SA2,901223,HAPPY,MKWEPU,IDENT
20160704134934,SA5,901370,MARIAM,MJELELE,IDENT
20160704134939,SA5,901360,MARRY,MASULUBE,IDENT
20160704134945,SA5,901320,REHEMA,ALLY,IDENT
20160704134948,SA5,901311,LOYCE,MASKINI,IDENT
20160704134949,SA2,901176,FATUMA,MASOUD,IDENT
20160704134958,SA4,901110,ASHA,MPELA,IDENT
20160704135001,SA1,900795,ALLY,LIKIWA,IDENT
20160704135006,SA1,900792,IDDI,IDDI,IDENT
20160704135008,SA4,901156,SAID,HAMISI,IDENT
20160704135011,SA1,900440,IDRISA,KIMARO,IDENT
20160704135013,SA4,901275,SALOME,KINUNDA,IDENT
20160704135016,SA4,900918,MARIAM,RAMADHANI,IDENT
20160704135022,SA4,901153,MAGRETH,ZANUARI,IDENT
20160704135024,SA2,901158,ALOYCE,IZINA,IDENT
20160704135029,SA4,901172,AGNES,STEVEN,IDENT
20160704135036,SA6,900099,AMIN,JUMA,IDENT
20160704135043,SA4,901232,ZAMDA,HASSAN,IDENT
20160704135043,SA6,900270,HASSAN,KIGWIO,IDENT
20160704135057,SA6,900575,CHRISTINA ,SENYANGWA,IDENT
20160704135100,SA1,900232,MATIKO ,MICHAEL,IDENT
20160704135106,SA3,900920,PILLI,SAIDI,IDENT
20160704135107,SA1,900222,HENRY,NGOWI,IDENT
20160704135111,SA2,900969,JEMA,SALUM,IDENT
20160704135113,SA4,901119,LINA,MLAWA,IDENT
20160704135114,SA6,900028,JUMANNE,MRISHO,IDENT
20160704135119,SA1,900684,ABDUL,IMAMU,IDENT
20160704135121,SA5,901342,ANDREW,KILUGWA,IDENT
20160704135129,SA5,901307,MATRIDA,CHUVAKA,IDENT
20160704135131,SA2,900954,HABIBA,MDOSE,IDENT
20160704135131,SA1,900442,ITIKA,DICKSON,IDENT
20160704135134,SA5,901314,JANE,NYAGAWA,IDENT
20160704135134,SA2,901069,ELIZABETH,MRAMU,IDENT
20160704135136,SA1,900463,MARTENUS,MAPESA,IDENT
20160704135139,SA2,900880,MWANAHAMISI,MAREKANO,IDENT
20160704135140,SA6,900168,RAZAKI,MTINDA,IDENT
20160704135141,SA1,900774,MBEWE,ELIUS,IDENT
20160704135151,SA4,900903,RUKIA,MOHAMED,IDENT
20160704135153,SA5,901296,STELLA,LUGOME,IDENT
20160704135154,SA2,900955,MWANAHAMISI,MAKUNGANYA,IDENT
20160704135155,SA4,90086,FRIDA,MKUMBO,IDENT
20160704135208,SA5,901126,YUNIS,LULANDALA,IDENT
20160704135215,SA2,901099,TAUS,MUSTAPHA,IDENT
20160704135218,SA2,900948,VERONICA,MFILINGE,IDENT
20160704135226,SA4,901014,LUCY,THOMAS,IDENT
20160704135232,SA2,900877,IRENE,GABRIEL,IDENT
20160704135244,SA4,901169,VERONICA,LECHIPYA,IDENT
20160704135245,SA6,900164,RAMADHANI ,BAKARI,IDENT
20160704135248,SA4,901142,SOPHIA,YUSUPH,IDENT
20160704135252,SA4,900928,MARIA,MAGWE,IDENT
20160704135256,SA4,901249,HILDA,MWAZEMBE,IDENT
20160704135257,SA2,901166,SAUDA,MAULID,IDENT
20160704135306,SA4,900975,EDINA,MZUNGU,IDENT
20160704135313,SA5,901290,AGNES,SALAWA,IDENT
20160704135322,SA4,901559,MARIAM,JUMA,IDENT
20160704135325,SA5,901375,PILLI,CHOLOGONDO,IDENT
20160704135339,SA2,901061,MWAJUMA,ABDALLAH,IDENT
20160704135356,SA4,900844,AISHA,MSOMI,IDENT
20160704135357,SA5,901377,HUSSEIN,MANYEMBA,IDENT
20160704135358,SA6,900261,FRANCIS,MAKOTI,IDENT
20160704135410,SA6,900626,AUGUSTINO,CHITANDA,IDENT
20160704135415,SA2,900936,SOPHIA,MBONDE,IDENT
20160704135417,SA6,900626,AUGUSTINO,CHITANDA,IDENT
20160704135423,SA4,901228,CESILIA,MBABUYE,IDENT
20160704135424,SA3,900847,ZAINABU,SINGANO,IDENT
20160704135424,SA5,901402,ALLY,SELEMAN,IDENT
20160704135426,SA4,900911,NEEMA,URASSA,IDENT
20160704135428,SA2,901154,SALAMA,ALLY,IDENT
20160704135431,SA2,901031,AMINA,BAKARI,IDENT
20160704135443,SA2,901044,SUZANA,KIMARO,IDENT
20160704135444,SA1,900858,MUHSIN,ATHUMANI,IDENT
20160704135446,SA4,901093,SHARON,IBRAHIM,IDENT
20160704135451,SA1,900741,ERICK,LUWUNGO,IDENT
20160704135509,SA4,901224,ANNA,NYAKAPALA,IDENT
20160704135515,SA5,901328,MARRY,SHOO,IDENT
20160704135522,SA1,900762,SAID,MOHAMED,IDENT
20160704135533,SA3,901101,RAJABU,MOHAMMED,IDENT
20160704135546,SA2,900876,MWASITI,MAULID,IDENT
20160704135549,SA2,900875,ASHA,MALINBWI,IDENT
20160704135554,SA6,900245,ABDALLAH,KIMULIMULI,IDENT
20160704135558,SA5,901394,TERESIA,MHAMBO,IDENT
20160704135628,SA1,900726,ABDALLAH,CHOBO,IDENT
20160704135629,SA4,901139,HAPPY ,ZAKAYO,IDENT
20160704135635,SA4,901240,CANDY,ABRAHAM,IDENT
20160704135635,SA1,900227,JOSEPH,NGANILWA,IDENT
20160704135641,SA4,900971,NAOMI,SAMWELI,IDENT
20160704135654,SA5,901306,VAILETH,NGULO,IDENT
20160704135707,SA5,901398,MAGRETH,LUGERA,IDENT
20160704135710,SA2,900912,MWAJUMA,KITANI,IDENT
20160704135722,SA6,900543,JOHN,MAGANYA,IDENT
20160704135726,SA6,900543,JOHN,MAGANYA,IDENT
20160704135732,SA4,901183,YASINTA,MKIWA,IDENT
20160704135735,SA4,901270,NAOMI,OBONG,IDENT
20160704135753,SA1,900784,WILLIAM,MSOLOKA,IDENT
20160704135758,SA1,900459,KULWA,MLYASANZA,IDENT
20160704135759,SA2,901024,ASIA,KARATA,IDENT
20160704135805,SA1,900812,LEONARD,NYANGO,IDENT
20160704135812,SA1,900826,VITALIS,HOTTI,IDENT
20160704135816,SA4,901269,AISHA,HALFAN,IDENT
20160704135816,SA1,900421,FRANK ,MUSHI,IDENT
20160704135824,SA1,900790,ISIHAKA,IDDI,IDENT
20160704135825,SA4,900935,ZAINABU,SINGANO,IDENT
20160704135830,SA1,900771,DATIUS,MARTINE,IDENT
20160704135833,SA4,901090,HADIJA,JUMA,IDENT
20160704135844,SA4,901263,JAMIRA,SAIDI,IDENT
20160704135856,SA4,901045,ASHURA,KATULA,IDENT
20160704135902,SA4,900953,JANE,LUSENDELA,IDENT
20160704135908,SA5,901358,MWANAHAMIS ,MSUYA,IDENT
20160704135917,SA1,900411,DEO,JULIUS,IDENT
20160704135939,SA1,900755,NICHALAUS,AUGUSTINO,IDENT
20160704135939,SA5,901390,SHABANI,HUSEN,IDENT
20160704135942,SA2,901198,MANEO,ATHUMANI,IDENT
20160704140003,SA5,901284,MOHAMED,IDDI,IDENT
20160704140010,SA4,901089,HARUNA,ATHUMANI,IDENT
20160704140012,SA5,901137,SOFIA,KIUMBE,IDENT
20160704140019,SA4,901029,MARIAM,MWETEMBO,IDENT
20160704140022,SA4,901184,GRACE,NGALABA,IDENT
20160704140026,SA4,900913,ASHURA,NGUMBE,IDENT
20160704140030,SA4,901129,FELISTA,NYAHENGE,IDENT
20160704140034,SA4,900997,MARY,ONDURU,IDENT
20160704140035,SA5,901264,HADIJA,RAMADHANI,IDENT
20160704140046,SA5,901238,MARIAM,SELEMANI,IDENT
20160704140047,SA4,901155,GRACE,MUHONO,IDENT
20160704140047,SA6,900046,SALUM,NDEGE,IDENT
20160704140051,SA4,901043,ANNA,JOHN,IDENT
20160704140053,SA2,901175,SALMA,RAMADHAN,IDENT
20160704140055,SA5,901187,MONICA,SHEMBONI,IDENT
20160704140056,SA2,901067,HELENA,SAMWELI,IDENT
20160704140100,SA4,900901,NEEMA,NYAKOKI,IDENT
20160704140101,SA5,901256,AVERINA,AMANDUS,IDENT
20160704140105,SA5,901319,CHRISTINA,TATI,IDENT
20160704140112,SA4,900878,AISHA,KIZINGA,IDENT
20160704140116,SA4,901160,SAUDA,MCHECHE,IDENT
20160704140116,SA6,900040,MWAJUMA,KATONA,IDENT
20160704140121,SA4,901244,SWAUMU,HIMBU,IDENT
20160704140126,SA4,900904,ANNA,MAGEMBE,IDENT
20160704140127,SA5,901108,AISHA,WILLIUM,IDENT
20160704140129,SA4,901124,TABIA,OMARY,IDENT
20160704140132,SA5,200018,ABDALAH,SUDY,IDENT
20160704140135,SA4,900890,OLIVER,UDOBA,IDENT
20160704140137,SA4,901219,MARIAM,MUSSA,IDENT
20160704140141,SA4,901235,TUMAIN,MUNGURE,IDENT
20160704140144,SA4,901274,AMINA,KAHABUKA,IDENT
20160704140148,SA4,900968,TAUSI,SIMBA,IDENT
20160704140148,SA2,900932,MONICA,LIGOMBAIKA,IDENT
20160704140150,SA4,901261,ZAINA,KILWANDA,IDENT
20160704140157,SA2,900998,ASHA,MOHAMED,IDENT
20160704140200,SA4,901135,REHEMA,OMARY,IDENT
20160704140202,SA2,901162,MWANAHARUSI,MOHAMED,IDENT
20160704140202,SA4,901182,RENIFRIDA,NGUMBU,IDENT
20160704140205,SA1,900822,MENRUFU,PILLY,IDENT
20160704140207,SA4,901234,ANITHA,AHALIELI,IDENT
20160704140210,SA4,900996,LILIAN,RASHIDI,IDENT
20160704140212,SA5,901285,THABIT,ALLY,IDENT
20160704140212,SA1,900800,NAPEGWA,JACOB,IDENT
20160704140215,SA6,900611,EVARIST,MPINGAURUGU,IDENT
20160704140216,SA5,901416,YONA,MUSA,IDENT
20160704140218,SA4,901168,REHEMA ,MWASOMOLA,IDENT
20160704140220,SA4,901190,NEEMA,MNYALAPE,IDENT
20160704140231,SA5,901414,EMMANUEL,BANDIKO,IDENT
20160704140231,SA4,901230,KUDRA,BAKARI,IDENT
20160704140236,SA6,900444,JOHN,MEDA,IDENT
20160704140241,SA4,901022,SILIVIA,SHAYO,IDENT
20160704140254,SA6,900138,HUSSEIN,SHABANI,IDENT
20160704140226,SA1,900730,UHURU,MARWA,IDENT
20160704140240,SA1,900802,EMANUEL,SILAYO,IDENT
20160704140244,SA1,900477,RAMADHANI,LUBASHA,IDENT
20160704140247,SA1,900578,MTARI,MAGINGA,IDENT
20160704140252,SA1,900455,KHALFAN,OMARI,IDENT
20160704140253,SA4,901034,STAMILI,MUSSA,IDENT
20160704140255,SA3,901025,ASHURA,HAMISI,IDENT
20160704140256,SA1,900403,BEDA,YUDA,IDENT
20160704140302,SA3,901048,HALIMA,IDDI,IDENT
20160704140307,SA2,901051,HABIBA,PAZZI,IDENT
20160704140307,SA3,900884,HADIJA,GOGO,IDENT
20160704140313,SA1,900825,TITO,MWAMBE,IDENT
20160704140323,SA2,100956,HADIJA,SALUM,IDENT
20160704140324,SA4,901104,MWANAHAWA,HASSAN,IDENT
20160704140327,SA4,901047,MWAJUMA,HAMIS,IDENT
20160704140328,SA2,901167,KELVIN,NGOZI,IDENT
20160704140333,SA5,901277,NEEMA,UISO,IDENT
20160704140336,SA1,900456,KHALIFA,BASHILI,IDENT
20160704140336,SA2,900851,SOPHIA,ZONGORI,IDENT
20160704140340,SA1,900820,SALUM,KAISI,IDENT
20160704140340,SA4,901127,ZAHARA,MBELWA,IDENT
20160704140343,SA3,901004,ZAHARA,YANGE,IDENT
20160704140343,SA4,900981,FIDES,MONGI,IDENT
20160704140345,SA1,900426,GESAGA,RAMADHANI,IDENT
20160704140351,SA3,900925,REGINA,THOMAS,IDENT
20160704140353,SA4,901046,GRADIS,MAGANA,IDENT
20160704140356,SA3,900863,ANNA,MICHAEL,IDENT
20160704140400,SA6,900449,JUMA,SANGAYA,IDENT
20160704140402,SA3,900865,CHRISTINA,MAGOWELA,IDENT
20160704140414,SA3,901201,DEOGRATIUS,KESSY,IDENT
20160704140414,SA4,900961,ELIZABETH,FRANCISCO,IDENT
20160704140415,SA1,900801,DAVID ,MWANJA,IDENT
20160704140416,SA6,900134,GRACE,KIM,IDENT
20160704140417,SA3,900862,EDINA,MWAKYOMA,IDENT
20160704140421,SA1,900807,GODRICH,MCHOMVU,IDENT
20160704140423,SA1,900797,ASHAM,MUSA,IDENT
20160704140427,SA3,901148,IBRAHIM,MZENTO,IDENT
20160704140427,SA5,901407,AMINA,MSINGWA,IDENT
20160704140434,SA2,901192,ASMA,KONDO,IDENT
20160704140435,SA5,901409,MAGRETH,NGOSI,IDENT
20160704140436,SA4,900985,BAHATI,SARAPIONI,IDENT
20160704140439,SA5,901303,TAUSI,KATULA,IDENT
20160704140444,SA4,900988,UPENDO,PETER,IDENT
20160704140444,SA5,901313,FATUMA,KAUNDA,IDENT
20160704140445,SA3,901062,RASHID,MDOE,IDENT
20160704140450,SA5,901321,ELIZABET,MHIMBA,IDENT
20160704140455,SA1,900765,REBECA,GIDEON,IDENT
20160704140456,SA3,901203,STANLEY,KIGUNGA,IDENT
20160704140457,SA5,901331,DIANA,KABYEMELA,IDENT
20160704140458,SA4,901023,AMINA,CHAKWE,IDENT
20160704140459,SA3,900916,SABINA,KINGIMALI,IDENT
20160704140503,SA1,900782,JANETH,DADAA,IDENT
20160704140506,SA3,900917,SALMA,DIWILE,IDENT
20160704140512,SA1,900803,EMMANUEL,YOUZE,IDENT
20160704140513,SA2,901173,BAHATI,MAKAMBA,IDENT
20160704140518,SA3,900879,RAHMA,KILO,IDENT
20160704140519,SA2,901196,BONIPHACE,NGESI,IDENT
20160704140525,SA3,900894,NURU,MAKANDE,IDENT
20160704140526,SA4,901007,MODESTA,JOGOO,IDENT
20160704140529,SA3,901098,GERALD,MBAUKA,IDENT
20160704140533,SA3,900883,EDINA,ABED,IDENT
20160704140533,SA2,901095,BEATA,KOMBA,IDENT
20160704140534,SA1,900768,FILAN,FATAEL,IDENT
20160704140535,SA5,901345,ALHAJI,KIHIYO,IDENT
20160704140541,SA1,900731,HUSSAIN,HAMADI,IDENT
20160704140545,SA6,900658,MWASITI,LABOA,IDENT
20160704140546,SA1,900716,JUMA,JUMANNE,IDENT
20160704140548,SA2,901109,AMINA,MNYIFUNA,IDENT
20160704140548,SA3,900914,HAWA,MWIMBE,IDENT
20160704140549,SA5,901371,YASINTA,LEKERI,IDENT
20160704140549,SA1,900767,GLADNESS,KAIRUKI,IDENT
20160704140553,SA4,901185,JOYCE,SAMWEL,IDENT
20160704140553,SA5,901366,LYDIA,MAKENE,IDENT
20160704140554,SA3,900868,MAIMUNA,JARUFU,IDENT
20160704140554,SA1,900816,MICHAEL,HUSEIN,IDENT
20160704140556,SA5,901283,KEDMOND,KAMOGA,IDENT
20160704140557,SA2,900862,EDINA,MWAKYOMA,IDENT
20160704140558,SA4,901114,FARIDA,AMBLOS,IDENT
20160704140600,SA3,901032,MARISELINA,NGULI,IDENT
20160704140601,SA2,900950,ASHURA,ATHUMAN,IDENT
20160704140603,SA5,901288,EPIPHANIA,LUKWI,IDENT
20160704140604,SA3,901097,EMANUEL,MSOKWA,IDENT
20160704140606,SA2,900897,SWAUMU,SAIDI,IDENT
20160704140606,SA1,900272,ISRAEL,GYUNA,IDENT
20160704140609,SA3,900898,RUKIA,MATAUKA,IDENT
20160704140609,SA2,900934,MWAJABU,MARIDADI,IDENT
20160704140610,SA6,900662,ABDALLAH,ABEID,IDENT
20160704140610,SA4,901113,ELIZABETH,SHIRIMA,IDENT
20160704140613,SA1,900384,ABDALLA,SAIDI,IDENT
20160704140614,SA2,900921,MWAJUMA,IDDI,IDENT
20160704140617,SA2,900885,AMINA,MZARA,IDENT
20160704140618,SA1,900721,GISELA,SHAYO,IDENT
20160704140618,SA6,901149,EPIFANI, MBOKO,IDENT
20160704140620,SA2,900906,MARYSTELA,MCHOME,IDENT
20160704140622,SA3,901012,FATUMA,KABUMA,IDENT
20160704140626,SA2,900947,ANNA,GODISON,IDENT
20160704140630,SA3,901229,ANNA,NGAPONDA,IDENT
20160704140631,SA1,900758,MOHAMEDY,ATHUMANI,IDENT
20160704140634,SA6,900404,BRYANT,NYENYEMBE,IDENT
20160704140635,SA5,901293,JOHARI,MAHARIA,IDENT
20160704140638,SA1,900759,ELIAS,YAKOB,IDENT
20160704140641,SA3,901202,VITALIS,KESSI,IDENT
20160704140644,SA3,901096,SAMWELI,MANGARE,IDENT
20160704140654,SA3,900860,AGNESS,LUHUNGO,IDENT
20160704140658,SA5,901347,JAMES,MAJIJI,IDENT
20160704140703,SA1,900450,JUMA,RAMADHANI,IDENT
20160704140707,SA1,900806,GODFREY,KIHAWA,IDENT
20160704140713,SA5,901289,CONSOLATHA,RAPHAEL,IDENT
20160704140716,SA3,900919,ANNA,MPUGE,IDENT
20160704140718,SA4,901076,AGNESS,NGAPONDA,IDENT
20160704140719,SA6,900035,MOHAMED,HAUSI,IDENT
20160704140723,SA4,900993,MARIAM,MSUMALI,IDENT
20160704140731,SA4,901143,LINES,PILLI,IDENT
20160704140732,SA2,901164,SWAUMU,KAYANDA,IDENT
20160704140735,SA6,900586,MOHAMED,SOLOKA,IDENT
20160704140739,SA3,901152,STELLA,MWAKATOBE,IDENT
20160704140742,SA4,901195,RAYMOND,BUKOJI,IDENT
20160704140742,SA3,901059,JAZIRA,RAMADHANI,IDENT
20160704140746,SA4,901251,GATI,NYANTUMAN,IDENT
20160704140750,SA4,901107,MUHIDINI,HASSAN,IDENT
20160704140751,SA6,900568,GODWIN,KIRIA,IDENT
20160704140733,SA1,900808,HEONANI,BAJANA,IDENT
20160704140739,SA1,900212,BATHOLOMEO,MUSA,IDENT
20160704140745,SA1,900740,SPEDICTOR,NGOGO,IDENT
20160704140751,SA1,900766,JUDITH,GEOFREY,IDENT
20160704140756,SA3,900915,DOROTHEA,KILO,IDENT
20160704140757,SA4,900951,MWAJUMA,AIDAN,IDENT
20160704140803,SA1,900750,JACOB,KAWALE,IDENT
20160704140816,SA1,900743,JUMA,ISEMA,IDENT
20160704140820,SA5,901354,AISHAH,OTHUMANI,IDENT
20160704140823,SA5,901365,JOYCE,SWILLAH,IDENT
20160704140825,SA2,900867,AISHA,KIUMBA,IDENT
20160704140825,SA6,900469,MICHAEL,MDACHI,IDENT
20160704140835,SA1,900154,MWAJUMA,MSAKUZI,IDENT
20160704140843,SA4,900972,SAFINA,ABEID,IDENT
20160704140847,SA4,901194,ELINA,ABEL,IDENT
20160704140855,SA5,901429,REHEMA,MAZEKU,IDENT
20160704140858,SA4,900994,MWAISHA,MWAMOTO,IDENT
20160704140858,SA1,900217,FRED,JAMES,IDENT
20160704140901,SA4,901247,KULUTHUM,CHILEMILE,IDENT
20160704140902,SA1,900569,JAMES,MWANDU,IDENT
20160704140903,SA2,901055,ZAINABU,OMARY,IDENT
20160704140910,SA2,901094,MARTINA,FISSO,IDENT
20160704140911,SA6,900010,BITSON,MWASILE,IDENT
20160704140913,SA4,901132,HEAVENLIGHT,NKYA,IDENT
20160704140915,SA1,900738,MOHAMED,NGODA,IDENT
20160704140919,SA4,901174,BETH,NGADADA,IDENT
20160704140920,SA1,900737,EXPEDTO,MKONGWE,IDENT
20160704140920,SA6,900541,GOLDEN,MDUBA,IDENT
20160704140922,SA4,900881,ZAINABU,SAIDI,IDENT
20160704140923,SA1,900242,WILSON,ANYNGISE,IDENT
20160704140928,SA4,900846,SARA,CHIDUNI,IDENT
20160704140931,SA1,900240,SOSTHENES,MANYAMA,IDENT
20160704140937,SA1,900386,ABDALLAH ,RAMADHANI,IDENT
20160704140945,SA1,900744,SILVESTER,KAHINDI,IDENT
20160704141000,SA5,901363,ZUCRA,SWEDI,IDENT
20160704141020,SA5,901381,DOROSTA,CLEMANCE,IDENT
20160704141028,SA4,901218,JANE,RYOBA,IDENT
20160704141034,SA4,901181,ASNA,SPRIAN,IDENT
20160704141045,SA6,900140,IGNATUS,MLANGWA,IDENT
20160704141050,SA5,901340,FELIX,MAKANYA,IDENT
20160704141057,SA4,901027,EDDA,MWAKIBINGWA,IDENT
20160704141100,SA4,901255,ASHA,BILALI,IDENT
20160704141106,SA4,901117,HIDAYA,MASOUD,IDENT
20160704141111,SA4,901241,FATUMA,JUMA,IDENT
20160704141113,SA4,901052,SUZANA,NAPANGA,IDENT
20160704141118,SA4,901112,BUSHRA,SALUM,IDENT
20160704141122,SA4,900970,MARIA,ELIESEL,IDENT
20160704141124,SA4,901136,HONORATA,SHAYO,IDENT
20160704141127,SA4,901217,VIVIAN,MWANGATA,IDENT
20160704141129,SA4,901179,AMANDA,KWEZI,IDENT
20160704141131,SA4,900967,FATUMA,MTAMBUA,IDENT
20160704141133,SA4,901193,VICTORIA,MWAMPEGETE,IDENT
20160704141136,SA4,901122,NEEMA,FANUEL,IDENT
20160704141143,SA4,901243,PLAKSEDA,AKIZAMUNGU,IDENT
20160704141144,SA1,900777,MNADI,MRAJAA,IDENT
20160704141146,SA4,901088,JANETH,MUONDO,IDENT
20160704141151,SA4,900891,HINESS,KAAYA,IDENT
20160704141154,SA1,900734,REHEMA,NKYA,IDENT
20160704141158,SA5,901392,STELLA,MTALLO,IDENT
20160704141207,SA5,901383,JOAN,OMANDI,IDENT
20160704141208,SA4,901050,MARIAM,SAIDI,IDENT
20160704141209,SA1,900748,EDWARD,DAWSON,IDENT
20160704141223,SA4,901042,FARIDA,NDAUKE,IDENT
20160704141231,SA4,901253,JOYCE,KESI,IDENT
20160704141244,SA4,901026,FATUMA,KONYO,IDENT
20160704141303,SA1,900823,TADEO,MAPEMA,IDENT
20160704141333,SA1,900727,GEORGE,GREAD,IDENT
20160704141336,SA1,900729,MOHAMED,KOMBO,IDENT
20160704141341,SA5,901426,TABU,SUPHIANI,IDENT
20160704141345,SA5,901374,NASRA,HAMADI,IDENT
20160704141353,SA5,901322,SARAH,ALLY,IDENT
20160704141354,SA6,900478,RAPHAEL,SENKONDO,IDENT
20160704141359,SA5,901308,MADINA,ATHUMANI,IDENT
20160704141402,SA4,901140,ASHURA,MGENI,IDENT
20160704141411,SA5,901295,ELLASIA,WILLIUM,IDENT
20160704141412,SA1,900819,PATRICK,MTONDOLA,IDENT
20160704141415,SA4,900946,RAHMA,MWIMBA,IDENT
20160704141417,SA1,900752,SIMON,MAPUNDA,IDENT
20160704141439,SA1,900761,CHRISTOPHER,MFUNGO,IDENT
20160704141446,SA4,901245,EVERINA,MKETO,IDENT
20160704141451,SA2,901115,FROLA,SIKWEMBE,IDENT
20160704141459,SA5,901282,ADAM,MUSSA,IDENT
20160704141513,SA5,901410,ALFRED,MUGHWAI,IDENT
20160704141536,SA4,901170,BAHATI,SHABANI,IDENT
20160704141602,SA1,900773,FELIX,CHRISTOPHER,IDENT
20160704141611,SA2,900939,STELLA,MAGOGWA,IDENT
20160704141636,SA4,901130,NURU,DAUDI,IDENT
20160704141642,SA6,900451,KASSIM,MALICK,IDENT
20160704141656,SA2,901271,RACHEL,MCHOVU,IDENT
20160704141658,SA6,900114,ABEID,MOHAMED,IDENT
20160704141831,SA1,900210,ASHA,HUSSEIN,IDENT
20160704141847,SA1,900799,RAJABU,RUBASHA,IDENT
20160704141850,SA5,901336,ISMAIL,MHINA,IDENT
20160704141906,SA6,900409,DANIEL,MROPE,IDENT
20160704142010,SA1,900216,ELLY,MKONGWE,IDENT
20160704142040,SA3,900908,SALMA,RWAMBANO,IDENT
20160704142049,SA1,900810,JOSEPH,JULIUS,IDENT
20160704142112,SA6,900580,BARAKA,MAGAFU,IDENT
20160704142135,SA6,900170,REHEMA,CHINUNJE,IDENT
20160704142257,SA3,900931,JOHARI,KIMARO,IDENT
20160704142344,SA4,901246,VERONICA,MTENGWA,IDENT
20160704142348,SA4,901092,ASIA,JUMA,IDENT
20160704142409,SA4,901063,RACHEL,MZOROZORO,IDENT
20160704142413,SA4,901111,ASIA,MSHAMU,IDENT
20160704142447,SA1,900244,YOHA,MSANGI,IDENT
20160704142623,SA6,900556,REGINA,NDALUHEKEYE,IDENT
20160704142658,SA1,900719,STEPHAN,SIMON,IDENT
20160704142757,SA4,901133,HUSNA,SENGAMBA,IDENT
20160704142819,SA4,901242,ISSA,MFAUME,IDENT
20160704142908,SA2,200316,DENIS,JOHNSON,IDENT
20160704142922,SA1,900724,HASANI,MRISHO,IDENT
20160704142953,SA1,900789,KAMPBONA,PASCAL,IDENT
20160704143106,SA6,900428,GLADIS,MAZENGO,IDENT
20160704143115,SA6,900473,NAOMI,GONDA,IDENT
20160704143259,SA1,900213,BEDASTUS,PIUS,IDENT
20160704143352,SA1,101945,JAMES,VALENTINE,IDENT
20160704143530,SA1,900728,JAMAL,MRISHO,IDENT
20160704143538,SA4,900899,MAGDALENA,SIMAO,IDENT
20160704143547,SA3,900871,MWANAHAMISI,NDOLWA,IDENT
20160704143548,SA6,900112,ABDALLAH,MIKALAMBILO,IDENT
20160704143612,SA4,901015,JOYCE,CHACHA,IDENT
20160704143650,SA2,901017,CATHERINE,NYEMA,IDENT
20160704143956,SA1,900788,DEBORA,MWASOMOLA,IDENT
20160704144146,SA6,900115,AKIDA,DUGANGE,IDENT
20160704144317,SA3,900977,MWANAHAMISI,MUNKUNDA,IDENT
20160704144420,SA2,900902,SAKINA,MAWEMBA,IDENT
20160704144429,SA3,901105,MTUMWA,ALLY,IDENT
20160704144502,SA6,900399,ATHUMANI,JUMA,IDENT
20160704144524,SA6,900161,PILLI ,MOHAMED,IDENT
20160704144535,SA3,900945,ELIZABETH,MREMA,IDENT
20160704144539,SA3,901189,KURUTHUM,KHAMISI,IDENT
20160704144542,SA3,900927,SAADA,SALUM,IDENT
20160704144545,SA3,900963,MWAZANI,SAIDI,IDENT
20160704144548,SA3,900943,MWAMINI,MPANGULE,IDENT
20160704144553,SA3,901186,FROLA,KILIMA,IDENT
20160704144556,SA3,901037,FADINA,IBRAHIM,IDENT
20160704144601,SA4,900983,RUKIA,KONDO,IDENT
20160704145123,SA1,900218,GEDDY,SONENGA,IDENT
20160704145440,SA4,901150,CHRISTINA,MBODE,IDENT
20160704145514,SA6,E073,DEVANSHU,SETH,IDENT
20160704145649,SA3,900933,WINFRIDA,LUSEBA,IDENT
20160704145904,SA6,900139,IDD,YUSUFU,IDENT
20160704150200,SA4,901237,ZUBEDA,KIMARO,IDENT
20160704150206,SA4,901013,YASINTA,SHELUBANZI,IDENT
20160704150312,SA6,900582,ZABRON,TOSSI,IDENT
20160704150314,SA1,900238,SAIMON,TARIMO,IDENT
20160704150427,SA4,901078,NASMA,LINOGA,IDENT
20160704150808,SA3,900856,MWAJAMBU,HAMAD,IDENT
20160704150812,SA3,900959,REHEMA,LYOWA,IDENT
20160704150832,SA6,900128,ENELES,MBWAGA,IDENT
20160704150942,SA3,901035,AGNES,NKONJELWA,IDENT
20160704150949,SA3,900905,AMINA,MUHIDINI,IDENT
20160704151838,SA6,900175,TEDDY,SIMON,IDENT
20160704152617,SA6,900173,SHARIFA,MRISHO,IDENT
20160704154008,SA2,901021,NEEMA ,MWANGO,IDENT
20160704160101,SA6,900099,AMIN,JUMA,IDENT
20160704160103,SA6,900099,AMIN,JUMA,IDENT
20160704160109,SA6,900133,GEORGE,GIDION,IDENT
20160704160111,SA6,900133,GEORGE,GIDION,IDENT
20160704160116,SA6,900127,DUNCAN,MHANDO,IDENT
20160704160234,SA2,901087,REHEMA,CHETE,IDENT
20160704160238,SA2,100638,AMINA,CHETE,IDENT
20160704160245,SA2,100596,ISMAIL,RAMADHANI,IDENT
20160704160252,SA2,101587,SHAMIM,FUNDI,IDENT
20160704160325,SA6,900130,FATUMA,CHOMBO,IDENT
20160704160338,SA1,900157,MZEE,KONDOWE,IDENT
20160704160353,SA6,900458,KIBWANA,SAIDI,IDENT
20160704160401,SA6,900385,ABDALLAH,MOHAMED,IDENT
20160704160402,SA1,900098,TATU,MTUPA,IDENT
20160704160447,SA6,900591,RASHID ,MUNKENDA,IDENT
20160704160452,SA6,900584,LUCY,MACHAI,IDENT
20160704160559,SA6,900120,BENEDICTO,MBOKO,IDENT
20160704160706,SA1,900804,FROLAH,MPONDO,IDENT
20160704160713,SA1,900030,JUMANNE,LUMBU,IDENT
20160704160718,SA6,900155,MWANAFATIMA,MATIPA,IDENT
20160704160726,SA6,900171,ROBERT,MFUNI,IDENT
20160704160721,SA1,900843,KHALFANI,SHABAN,IDENT
20160704160725,SA1,900655,ZAINAB,JERECKO,IDENT
20160704160752,SA2,100633,HADIJA,MMANGA,IDENT
20160704160847,SA1,901557,WALTER,MAYA,IDENT
20160704161106,SA6,900484,SHANI,MOHAMED,IDENT
20160704161146,SA6,900291,RASHIDI,MUSSSA,IDENT
20160704161219,SA6,900703,MUSSA,MTALI,IDENT
20160704161251,SA5,901327,EMERY,MSUNGU,IDENT
20160704161353,SA1,900224,JABIRI,AMANZI,IDENT
20160704161658,SA6,900439,IDDI,MOHAMED,IDENT
20160704162004,SA5,901326,ALLY,MBONDE,IDENT
20160704162340,SA6,900402,BARAKA,MVUNGI,IDENT
20160704162507,SA2,200320,OMARI,OMAR,IDENT
20160704163001,SA6,900581,SAADA,MUHINTE,IDENT
20160704163125,SA6,900107,MSELEM,MSELEM,IDENT
20160704163133,SA6,900454,KHALFAN,AMOUR,IDENT
20160704163306,SA5,901334,SHAIBU,KASANGA,IDENT
20160704163321,SA6,900472,MWALIMU,SELEMANI,IDENT
20160704163324,SA6,900472,MWALIMU,SELEMANI,IDENT
20160704163618,SA6,900393,ALLY,MTWALE,IDENT
20160704163623,SA6,900431,HAMADI,ZUBERI,IDENT
20160704164045,SA6,900110,RASHID,ISSA,IDENT
20160704164354,SA6,900432,HAMZA,ABDALLAH,IDENT
20160704164419,SA2,101513,HADIJA,MPAMBA,IDENT
20160704164424,SA2,901079,AGNESS,HAJI,IDENT
20160704164430,SA2,901083,EDINA,JOHN,IDENT
20160704164545,SA1,900515,SHOMARI,KIMBWEMBWE,IDENT
20160704165413,SA4,900874,LUCY,ELIAS,IDENT
20160704165848,SA2,101510,SALOME,DUA,IDENT
20160704165858,SA2,901055,FATUMA,MUHANDO,IDENT
20160704170104,SA2,900978,ELIZABETH,ZAE,IDENT
20160704170110,SA2,901011,JANE,SIMON,IDENT
20160704170125,SA2,901072,TATU,ATHUMAN,IDENT
20160704170131,SA2,901020,VICTORIA,MWALUANDA,IDENT
20160704170134,SA6,101880,RICHARD,MAKASI,IDENT
20160704170138,SA2,900938,ISMAIL,THOMAS,IDENT
20160704170140,SA6,900184,JASPER,NGURUBE,IDENT
20160704170207,SA2,901040,LUCY,AGASTINO,IDENT
20160704170214,SA2,901041,JACKLINI,MBOYA,IDENT
20160704170224,SA5,901332,NASRA,MSANYA,IDENT
20160704170225,SA2,901009,MOSHI,SAIDI,IDENT
20160704170236,SA2,900976,LUCY,STANLEY,IDENT
20160704170243,SA2,901075,AGATHA,JAMALI,IDENT
20160704170253,SA2,901084,MARIA ,SANGA,IDENT
20160704170258,SA2,901209,MIRIAM,MNDEWA,IDENT
20160704170345,SA6,900043,RANI,MOHAR,IDENT
20160704170355,SA6,901560,FREDRICK,MUSHI,IDENT
20160704170359,SA1,900571,FRANK,MALIMA,IDENT
20160704170505,SA1,900503,JANE,RWEHUMBIZA,IDENT
20160704170511,SA1,900780,THEO,MAPUNDA,IDENT
20160704170533,SA4,900944,FROLA,KAMARA,IDENT
20160704170541,SA2,900979,FATUMA,MSAKUZI,IDENT
20160704170548,SA1,901577,SALEEM,KHATRI,IDENT
20160704170618,SA6,900435,HASSAN,NKHAMBI,IDENT
20160704170640,SA2,200321,HEMED,KAZEMBE,IDENT
20160704170651,SA6,900132,FRIDA,KIGWA,IDENT
20160704170701,SA6,900468,MICHAEL,IBRAHIM,IDENT
20160704170751,SA5,901339,JAMES,MKONO,IDENT
20160704170758,SA1,900710,NICHOLAS,KAPANDE,IDENT
20160704170854,SA6,900701,MATHEW,NDANSHAU,IDENT
20160704170859,SA6,900494,YOHANA,LUSANA,IDENT
20160704170923,SA6,900400,BAHATI,LUBUVA,IDENT
20160704170934,SA5,901335,YONA,MAPELELE,IDENT
20160704170948,SA6,900620,AYOUB,MTAFUNGWA,IDENT
20160704170953,SA6,900414,EMMANUEL ,SERAPHINE,IDENT
20160704171018,SA4,900941,KULWA,MSUMA,IDENT
20160704171023,SA6,900560,DEOGRASIAS,STEPHIN,IDENT
20160704171026,SA4,901123,REBECA,KALOFU,IDENT
20160704171027,SA6,E060,ANOOP,TIWARI,IDENT
20160704171034,SA6,E068,RANJEET SINGH,SAINI,IDENT
20160704171047,SA5,901382,KONDO,MOHAMED,IDENT
20160704171121,SA6,900055,VERONICA,MBAZIGWA,IDENT
20160704171148,SA6,901558,CONSOLATA,MDEMU,IDENT
20160704171155,SA2,901450,FARIDA,JUMA,IDENT
20160704171209,SA6,901265,FRANK ,RUZIGA,IDENT
20160704171218,SA6,900420,FRANCIS,TESHA,IDENT
20160704171225,SA6,900113,ABDUL,KAHENEKO,IDENT
20160704171233,SA6,900430,GWAKISA,MWAKASAGURE,IDENT
20160704171236,SA5,200171,RESPICIUS, NDYAMUKAMWA,IDENT
20160704171252,SA1,900237,SHOMARI,SELEMANI,IDENT
20160704171257,SA1,900241,STANLEY,KASIAN,IDENT
20160704171310,SA1,900466,MATHEW,PHILIP,IDENT
20160704171322,SA6,900016,FATUMA,HAMISI,IDENT
20160704171329,SA6,900004,AGATHA,KAYOMBO,IDENT
20160704171339,SA6,900566,ERICK,NDUNGURU,IDENT
20160704171404,SA6,900280,TADEO,MWINGIZI,IDENT
20160704171406,SA5,901333,NEEMA,KILUZIA,IDENT
20160704171632,SA6,900470,MODEST,NJAU,IDENT
20160704171845,SA1,900236,PENDO,MAGIGE,IDENT
20160704171930,SA6,900574,FURAHA,MSAMBWA,IDENT
20160704171935,SA6,901438,MARY,JOSEPH,IDENT
20160704171954,SA2,901273,HELLEN,KIZWALO,IDENT
20160704172017,SA6,900572,DOTO,KAJOGOO,IDENT
20160704172024,SA6,900011,BLANTINA,MLOWE,IDENT
20160704172051,SA4,901239,SAKINA,KIZEE,IDENT
20160704172308,SA6,E022,SANDEEP,KHARVE,IDENT
20160704172318,SA2,901534,MASANJA,JUMA,IDENT
20160704172440,SA6,900488,THOBIAS,KIWELU,IDENT
20160704172808,SA6,900123,CHARLES,LUSWETULA,IDENT
20160704172831,SA6,900144,JANE,MWAKABULUFU,IDENT
20160704172842,SA1,900502,IMAM,AJABU,IDENT
20160704173108,SA5,901278,HENRY ,CHELULA,IDENT
20160704173142,SA6,900467,MBARUKU,OSWAD,IDENT
20160704173159,SA6,900407,CHRISTIAN ,NGONYANI,IDENT
20160704173239,SA6,E041,JAGAN MOHAN,YERUVA,IDENT
20160704173419,SA6,900174,SOSTHENES,MUKAMA,IDENT
20160704173635,SA6,900126,DORIKA,MALYANGO,IDENT
20160704173651,SA2,100566,MKWAYA,TONGOLA,IDENT
20160704173703,SA6,900460,LAMECK,ASSETO,IDENT
20160704173707,SA6,900481,RICHARD,KWEYAMBA,IDENT
20160704174252,SA1,900500,HEMEDI,KANIKI,IDENT
20160704174308,SA2,200347,SHABILU,MOHAMMED,IDENT
20160704174422,SA6,900137,HERIETH,MWELI,IDENT
20160704174440,SA2,901445,KARIM,MJAKA,IDENT
20160704174457,SA6,900143,JACKLINE,MAIGA,IDENT
20160704174506,SA6,900465,MARTIN,KIDUNGU,IDENT
20160704174508,SA1,900707,ATHUMANI,SALEHE,IDENT
20160704174530,SA6,E033,SATISH,KRISHNASWAMY,IDENT
20160704174700,SA6,900388,AGNES,SHAYO,IDENT
20160704174710,SA6,E069,SHANTANU,KULKARNI,IDENT
20160704174737,SA6,900629,MICHAEL,ZAMBETAKIS,IDENT
20160704174845,SA2,100664,JUMA,MUSSA,IDENT
20160704174849,SA6,E077,SUMIT,BHATNAGAR,IDENT
20160704175046,SA6,900109,AMANI,NYAKARASHI,IDENT
20160704175317,SA6,E043,VAGEESH,KUMAR,IDENT
20160704175323,SA6,900387,ADAM,KINGU,IDENT
20160704175410,SA2,200314,DEO,SAKAYA,IDENT
20160704175829,SA6,E032,SANKARAN,JAYARAM,IDENT
20160704175848,SA1,900715,ELIASI,KIZITO,IDENT
20160704175935,SA6,900398,ARSEN, RWEBANGILA	,IDENT
20160704175940,SA2,900940,JUMANNE,ZONGO,IDENT
20160704180050,SA6,900436,HONEST,MATEMU,IDENT
20160704180119,SA2,200309,RAMADHANI,KIHILE,IDENT
20160704180143,SA6,900464,MARTHA,MWIKOLA,IDENT
20160704180341,SA6,900389,AHMAD,KINDUMA,IDENT
20160704180505,SA6,E067,ANKIT,JAIN,IDENT
20160704180532,SA1,900425,GEORGE,JOSEPH,IDENT
20160704180725,SA6,900446,JOSEPH,KIBASA,IDENT
20160704180917,SA6,E037,SRINIVAS,DANTU,IDENT
20160704181037,SA2,901451,JUSTINE,MKUDE,IDENT
20160704181202,SA2,100603,EDWIN,OWINO,IDENT
20160704181428,SA6,E078,SANJAY,GOYAL,IDENT
20160704181618,SA1,101124,KHALIDI,KASSIMU,IDENT
20160704181835,SA6,900462,MANDZEL,KWIMBA,IDENT
20160704181917,SA1,900457,KHAMISI,MASUMBUKO,IDENT
20160704182241,SA1,900687,PROTUS,RUWANDA,IDENT
20160704182353,SA2,100597,NOVATI,TARIMO,IDENT
20160704182806,SA6,900151,LISSY,KIGONJOLA,IDENT
20160704182857,SA6,900644,FARIDA,RUBANZA,IDENT
20160704182908,SA6,900007,ANNA,DUA,IDENT
20160704182914,SA6,901434,JOSEPHINA,HAU,IDENT
20160704182919,SA1,900504,JEREMIA,TONNO,IDENT
20160704182944,SA2,200313,GADISON,ROSENIUS,IDENT
20160704182955,SA6,901432,AMINA,SOGOI,IDENT
20160704183027,SA1,101115,ATHUUMANI,HEMEDI,IDENT
20160704183042,SA1,900645,PETER,MTOLELA,IDENT
20160704183100,SA3,901068,CATHERINE,MATENGO,IDENT
20160704183142,SA1,101529,SELEMAN,RAMADHANI,IDENT
20160704183247,SA1,901575,LINDA,MLAY,IDENT
20160704183252,SA1,900706,MECKLEEN,NANGEDA,IDENT
20160704183556,SA2,200348,JONASI,LUCAS,IDENT
20160704183602,SA1,101141,FRANK,RAPAHAEL,IDENT
20160704183610,SA1,900219,GEORGE,SAMATA,IDENT
20160704183613,SA1,900709,MRISHO,ATHUMANI,IDENT
20160704183654,SA1,900505,JESCA,MATECHI,IDENT
20160704183836,SA1,900852,LEONCE,BARONGO,IDENT
20160704183916,SA1,101140,FAUSTINI,MGIMBA,IDENT
20160704184216,SA1,900497,EMANUEL,NGIMBUZI,IDENT
20160704184431,SA2,901452,STEVEN,CHUWA,IDENT
20160704184637,SA6,900131,FRANK,MAKWABU,IDENT
20160704184727,SA2,900859,MASANGULA,MASANGURA,IDENT
20160704184925,SA2,901446,DANIEL,MBARUKA,IDENT
20160704185238,SA1,900429,GOODLUCK,LYAHONA,IDENT
20160704185350,SA6,E073,DEVANSHU,SETH,IDENT
20160704185516,SA1,900499,HASSAN,HAULE,IDENT
20160704185811,SA2,901444,BAKARI,KITILA,IDENT
20160704190004,SA6,E021,RAJA,SWAMINATHAN,IDENT
20160704190009,SA6,E079,BALASUBRAMANIAM,M,IDENT
20160704190400,SA6,900054,THOMAS,MGABO,IDENT
20160704191009,SA1,900235,PAULO,MGEMA,IDENT
20160704192129,SA6,901435,FILES,MBANDO,IDENT
20160704192143,SA6,901440,UMMY,KWANGALA,IDENT
20160704195003,SA6,900262,FRIDA, MWAMBEGELE,IDENT
20160704195044,SA6,900156,MWANAISHA,UWESU,IDENT
20160704195237,SA2,200311,DAVID,BWILE,IDENT
20160704195432,SA2,200312,BARAKA,KATEGILE,IDENT
20160704195435,SA2,901441,CHRISTOPHER ,MUSHI,IDENT
20160704195447,SA2,901453,JOHNSON,MUNISI,IDENT
20160704195520,SA2,100635,JULIUS,MUNISHI,IDENT
20160704195527,SA2,200351,MICHAEL,MICHAEL,IDENT
20160704195554,SA2,901447,MASHAKA,MATEKELE,IDENT
20160704195633,SA1,900542,POUL,KIBELA,IDENT
20160704195708,SA1,900001,ABDALLAH,JUMANNE,IDENT
20160704195735,SA6,900413,ELIBAHATI,JOSEPH,IDENT
20160704200205,SA6,900019,HAMISI,MADODO,IDENT
20160704200439,SA6,900268,GWANTWA,MWASYEBULE,IDENT
20160704200444,SA6,900292,ROSE,CHIKAWE,IDENT
20160704200719,SA2,200318,JOSHUA , PAULO,IDENT
20160704201052,SA1,900798,ATHUMAN,SEIF,IDENT
20160704201108,SA1,900281,NAYOPA,MTENDECHI,IDENT
20160704201351,SA6,900005,ALLY,MFUNGWE,IDENT
20160704202237,SA6,E013,GIRIRAJ,SHARMA,IDENT
20160704202314,SA6,900449,JUMA,SANGAYA,IDENT
20160704202700,SA6,900103,FREDNAND,JACKSON,IDENT
20160704202747,SA6,900142,IRENE,MREMA,IDENT
20160704202800,SA6,900002,ABDALLAH,MWEYO,IDENT
20160704202822,SA6,900025,JOYCE,MAGANGA,IDENT
20160704203118,SA6,900037,MOHAMED,MKALA,IDENT
20160704203310,SA6,900049,SIHABA,NAKIPENGELE,IDENT
20160704203314,SA1,900555,MHEZIWA,MALEWA,IDENT
20160704203627,SA6,900165,RAMADHANI,NYENJE,IDENT
20160704203653,SA1,900594,GASPER,MATALO,IDENT
20160704203911,SA6,900015,EMMANUEL ,CLEMENT,IDENT
20160704204147,SA6,900626,AUGUSTINO,CHITANDA,IDENT
20160704204208,SA6,900050,STANLEY,JEREMIAH,IDENT
20160704204259,SA1,900209,ANGELA,MBESIGWE,IDENT
20160704204431,SA6,900661,ADILILA,KONGA,IDENT
20160704205117,SA1,900249,AMIRI,MZEE,IDENT
20160704205513,SA6,900056,YESAYA,NTUNDUU,IDENT
20160704205518,SA6,900036,MOHAMED,MAJUJULO,IDENT
20160704205623,SA1,900232,MATIKO ,MICHAEL,IDENT
20160704205850,SA1,900411,DEO,JULIUS,IDENT
20160704205854,SA1,900421,FRANK ,MUSHI,IDENT
20160704210235,SA1,900765,REBECA,GIDEON,IDENT
20160704210330,SA1,900782,JANETH,DADAA,IDENT
20160704210420,SA1,900809,JAMES,MWENDA,IDENT
20160704210425,SA1,900812,LEONARD,NYANGO,IDENT
20160704210435,SA1,900813,LEONARD,PETER,IDENT
20160704210443,SA1,900826,VITALIS,HOTTI,IDENT
20160704210529,SA1,900736,KANUNU,THABIT,IDENT
20160704210613,SA1,900800,NAPEGWA,JACOB,IDENT
20160704210728,SA1,900792,IDDI,IDDI,IDENT
20160704210817,SA1,900803,EMMANUEL,YOUZE,IDENT
20160704210934,SA1,900459,KULWA,MLYASANZA,IDENT
20160704211024,SA1,900784,WILLIAM,MSOLOKA,IDENT
20160704211347,SA1,900805,FRANK ,JABIR,IDENT
20160704211409,SA1,900214,BRUNO,FREDRICK,IDENT
20160704211504,SA1,900795,ALLY,LIKIWA,IDENT
20160704211752,SA1,900739,EMENUEL,KYEJO,IDENT
20160704211905,SA1,900242,WILSON,ANYNGISE,IDENT
20160704211928,SA1,900821,SAWA,SWAHA,IDENT
20160704211931,SA1,900827,YASIN,MUSSA,IDENT
20160704212449,SA1,900775,SABATO,JULIUS,IDENT
20160704212455,SA6,900051,SUDI,KHALFANI,IDENT
20160704212505,SA6,900611,EVARIST,MPINGAURUGU,IDENT
20160704212952,SA1,900410,DAVID,JOSEPH,IDENT
20160704212959,SA1,900227,JOSEPH,NGANILWA,IDENT
20160704213004,SA1,900794,ADAM,SALTIELY,IDENT
20160704213017,SA1,900392,ALLY,MBEGU,IDENT
20160704213024,SA1,900754,ROBERT,JORAM,IDENT
20160704213026,SA1,900726,ABDALLAH,CHOBO,IDENT
20160704213029,SA1,900822,MENRUFU,PILLY,IDENT
20160704213257,SA1,900774,MBEWE,ELIUS,IDENT
20160704213302,SA1,900747,ADAM,MASALE,IDENT
20160704213454,SA5,901388,OSWALD,SHILLA,IDENT
20160704213502,SA5,901279,NEEMA, GODFREY,IDENT
20160704213514,SA1,900767,GLADNESS,KAIRUKI,IDENT
20160704213600,SA5,901393,HADIJA,JUMA,IDENT
20160704213606,SA5,901411,AMINA,MUSA,IDENT
20160704213746,SA1,900732,ELIA,FRANCIS,IDENT
20160704213752,SA1,900426,GESAGA,RAMADHANI,IDENT
20160704213815,SA5,901427,JESCA,NGUMBU,IDENT
20160704213822,SA5,901367,BEATHA,MLOSO,IDENT
20160704213845,SA5,901364,SALAFINA,KISAPI,IDENT
20160704213849,SA5,901312,VUMILIA,NDEGE,IDENT
20160704213855,SA5,901418,ISAYA ,SAWASAWA,IDENT
20160704213902,SA5,901389,OMARY,JUMA,IDENT
20160704214044,SA5,901405,ABDANI,SHILLA,IDENT
20160704214053,SA5,901286,AGNES,LUCAS,IDENT
20160704214111,SA5,901349,HABIBU,BAKARI,IDENT
20160704214206,SA5,901423,CONSOLATHA,JOSEPH,IDENT
20160704214221,SA5,901355,HALIMA,SANANE,IDENT
20160704214231,SA1,900718,WILSON,ALOIS,IDENT
20160704214251,SA1,900817,MOSES,MASENGA,IDENT
20160704214403,SA5,901324,MARIAM,YAHAYA,IDENT
20160704214442,SA5,901298,SWAUMU,MZIRAI,IDENT
20160704214452,SA5,901399,DIANA,NDONGO,IDENT
20160704214457,SA5,901305,DIANA,KIBASA,IDENT
20160704214513,SA5,901302,ASHA,SHOMARI,IDENT
20160704214518,SA5,901301,TUKAE,MUSA,IDENT
20160704214524,SA1,900778,MARIAM,MICHAEL,IDENT
20160704214528,SA1,900231,MARKO,SHIMIZI,IDENT
20160704214531,SA6,900391,ALLY,MASHAURI,IDENT
20160704214535,SA1,900762,SAID,MOHAMED,IDENT
20160704214547,SA1,900243,YOHANA,ALLY,IDENT
20160704214555,SA5,901368,NAOMI,YUSUPH,IDENT
20160704214604,SA1,900228,KAGERA,MSAMBUSI,IDENT
20160704214607,SA5,901292,SARA,YOEL,IDENT
20160704214609,SA1,900735,ZAINABU,MOHAMEDI,IDENT
20160704214613,SA5,901369,RECHO,MSHUMBUSI,IDENT
20160704214614,SA1,900742,PROSPER,POLITHO,IDENT
20160704214701,SA5,901350,ALFRED,CHARLES,IDENT
20160704214711,SA5,901338,WAZIRI,WAZIRI,IDENT
20160704214727,SA5,901337,SALUM,LINJA,IDENT
20160704214745,SA6,900422,FURAHA,MWAKIFWAMB,IDENT
20160704214748,SA5,901428,YOHANA,LEONARD,IDENT
20160704214726,SA1,900386,ABDALLAH ,RAMADHANI,IDENT
20160704214801,SA1,900384,ABDALLA,SAIDI,IDENT
20160704214802,SA5,901341,JESSE,JEREMIA,IDENT
20160704214819,SA1,900220,HAMISI,NJOCHOLA,IDENT
20160704214825,SA1,900233,MUSSSA,ABDALLAH,IDENT
20160704214826,SA3,90086,FRIDA,MKUMBO,IDENT
20160704214828,SA1,900749,EZEKIEL,SOLO,IDENT
20160704214836,SA1,900745,YUSUPH,NGAPAWA,IDENT
20160704214837,SA3,900895,CATHERINE,CHIGOGOLO,IDENT
20160704214842,SA1,900746,GEDION,BUTENGE,IDENT
20160704214857,SA1,900463,MARTENUS,MAPESA,IDENT
20160704214911,SA3,900870,GOMERY,DAUDI,IDENT
20160704214950,SA3,900877,IRENE,GABRIEL,IDENT
20160704214954,SA2,901055,ZAINABU,OMARY,IDENT
20160704215009,SA4,900989,AMINA,CHITWANGWA,IDENT
20160704215015,SA4,900896,HADIJA , KIHEGO,IDENT
20160704215017,SA5,901300,ANNA,TEMBA,IDENT
20160704215021,SA5,901316,ZUHURA,HAMIS,IDENT
20160704215021,SA4,900861,MWAJABU,BAKARI,IDENT
20160704215028,SA4,900922,BAHATI,SALEHE,IDENT
20160704215034,SA4,900926,AMINA,KONDO,IDENT
20160704215103,SA6,900489,TUMAINI,MNZAVA,IDENT
20160704215111,SA5,901033,TATU,ISSA,IDENT
20160704215115,SA5,901001,AMINA,MUYA,IDENT
20160704215122,SA3,900955,MWANAHAMISI,MAKUNGANYA,IDENT
20160704215126,SA5,900849,IRENE,MMARI,IDENT
20160704215142,SA5,901378,HOYCE,TILLYA,IDENT
20160704215146,SA5,900850,ROSE,KITALI,IDENT
20160704215225,SA2,900900,HELENA,SENZUGWAKO,IDENT
20160704215231,SA5,901304,SOPHIA,ALLY,IDENT
20160704215232,SA3,900887,ELITABETH,GOMELO,IDENT
20160704215235,SA5,901396,EDWIN,KIPUYO,IDENT
20160704215227,SA1,900779,MUSTAFA,HAMISI,IDENT
20160704215251,SA3,900907,PAULINA,DEVA,IDENT
20160704215311,SA5,901356,ZAMDA,NGWABAYA,IDENT
20160704215324,SA6,900406,CHAUREMBO,MWINYI,IDENT
20160704215325,SA5,901351,BARNABA,EDWARD,IDENT
20160704215330,SA4,901144,ESTHER,NAPENGWA,IDENT
20160704215335,SA4,901228,CESILIA,MBABUYE,IDENT
20160704215340,SA4,900999,ROSE,MWAMAKOLA,IDENT
20160704215344,SA5,901395,HASHIM,HAIZA,IDENT
20160704215351,SA4,901028,REHEMA,KWENGWEGU,IDENT
20160704215356,SA5,901131,ESTA,KWEKA,IDENT
20160704215359,SA4,901120,MERCY,MONGI,IDENT
20160704215404,SA4,901086,ELIWAZA,MWIGOHA,IDENT
20160704215409,SA4,901226,MARTHA,MAKASHA,IDENT
20160704215410,SA6,900433,HARUNI,MKAMA,IDENT
20160704215412,SA5,901058,HAMIDA,MATIPA,IDENT
20160704215424,SA6,900124,DAUDI,ELIFALETH,IDENT
20160704215427,SA5,901417,REHEMA,SINDANO,IDENT
20160704215430,SA4,900975,EDINA,MZUNGU,IDENT
20160704215432,SA5,901343,SEBASTIAN,KIPINGU,IDENT
20160704215439,SA5,901315,FIDEA,AGUSTINO,IDENT
20160704215446,SA5,900855,SINAHIA,OMARI,IDENT
20160704215451,SA5,901296,STELLA,LUGOME,IDENT
20160704215457,SA5,901128,ZAITUNI,SOGOI,IDENT
20160704215504,SA1,900723,SAIDI,JUMANE,IDENT
20160704215506,SA6,900164,RAMADHANI ,BAKARI,IDENT
20160704215509,SA5,901320,REHEMA,ALLY,IDENT
20160704215514,SA5,901139,HAPPY ,ZAKAYO,IDENT
20160704215516,SA2,900844,AISHA,MSOMI,IDENT
20160704215519,SA5,901380,BISURA,MCHELEO,IDENT
20160704215525,SA5,901306,VAILETH,NGULO,IDENT
20160704215528,SA5,901280,WHITNESS,MSAGATI,IDENT
20160704215530,SA2,100956,HADIJA,SALUM,IDENT
20160704215531,SA5,901328,MARRY,SHOO,IDENT
20160704215533,SA2,901044,SUZANA,KIMARO,IDENT
20160704215536,SA5,901419,JENIPHA,MWILONGO,IDENT
20160704215537,SA2,901019,ASHA,NGAMBA,IDENT
20160704215538,SA4,901260,AISHA,MNEKA,IDENT
20160704215539,SA2,900892,MWANIA,PEMBE,IDENT
20160704215540,SA5,901281,JOSEPH,MUSUGULI,IDENT
20160704215545,SA5,901397,LINETH,KYARUS,IDENT
20160704215548,SA2,900923,HELENA,KHAJI,IDENT
20160704215548,SA5,901307,MATRIDA,CHUVAKA,IDENT
20160704215552,SA5,901422,EMMANUEL,KHALIDI,IDENT
20160704215553,SA3,901254,NURAT,JAFARI,IDENT
20160704215556,SA5,901360,MARRY,MASULUBE,IDENT
20160704215559,SA2,901154,SALAMA,ALLY,IDENT
20160704215604,SA5,901387,GODFREY,YALED,IDENT
20160704215605,SA1,900442,ITIKA,DICKSON,IDENT
20160704215606,SA6,900469,MICHAEL,MDACHI,IDENT
20160704215607,SA2,901258,ATHUMAN,KILINDU,IDENT
20160704215615,SA1,900490,TWAHA,MGUHI,IDENT
20160704215618,SA2,900948,VERONICA,MFILINGE,IDENT
20160704215623,SA5,901376,ZAINABU ,SALUM,IDENT
20160704215624,SA4,900973,SHARIFA,LIYAYA,IDENT
20160704215630,SA5,900853,DEVOTHA,ELIAS,IDENT
20160704215636,SA5,901373,ADELA,MSAGA,IDENT
20160704215641,SA5,901370,MARIAM,MJELELE,IDENT
20160704215647,SA5,901402,ALLY,SELEMAN,IDENT
20160704215701,SA2,900964,RAPHAEL,MBOKO,IDENT
20160704215711,SA4,901249,HILDA,MWAZEMBE,IDENT
20160704215712,SA1,900741,ERICK,LUWUNGO,IDENT
20160704215729,SA2,900965,HERMAN,MAKOKO,IDENT
20160704215739,SA4,900960,AGNESS,NAWAHIGA,IDENT
20160704215816,SA6,900417,FABIAN,FABIAN,IDENT
20160704215820,SA6,900168,RAZAKI,MTINDA,IDENT
20160704215758,SA4,901146,MARTHA,MAKOTI,IDENT
20160704215800,SA4,900882,WINIFRIDA,MALISELINO,IDENT
20160704215806,SA4,900875,ASHA,MALINBWI,IDENT
20160704215807,SA3,900949,MUHINA,GOMBE,IDENT
20160704215809,SA4,901559,MARIAM,JUMA,IDENT
20160704215811,SA5,901348,DAVID,NGELESHI,IDENT
20160704215814,SA4,901138,JOYCE,CHEMRA,IDENT
20160704215816,SA4,900847,ZAINABU,SINGANO,IDENT
20160704215819,SA5,901353,DOREEN,MDOE,IDENT
20160704215821,SA3,900903,RUKIA,MOHAMED,IDENT
20160704215826,SA4,900880,MWANAHAMISI,MAREKANO,IDENT
20160704215827,SA2,901081,PILI,MDEDE,IDENT
20160704215828,SA4,901118,LILIAN,MREMA,IDENT
20160704215833,SA5,901346,FRANK,MANDI,IDENT
20160704215834,SA3,900986,KAUSE,ABDALLAH,IDENT
20160704215838,SA5,901344,JACKSON,ATANUS,IDENT
20160704215844,SA5,901314,JANE,NYAGAWA,IDENT
20160704215848,SA4,901165,FATUMA,ABDALLAH,IDENT
20160704215852,SA4,900987,PILLY,MWAWILA,IDENT
20160704215853,SA5,901398,MAGRETH,LUGERA,IDENT
20160704215859,SA2,901223,HAPPY,MKWEPU,IDENT
20160704215901,SA4,901141,HADIJA,SALUM,IDENT
20160704215904,SA4,900971,NAOMI,SAMWELI,IDENT
20160704215907,SA5,901057,ANNA,KITOMARY,IDENT
20160704215912,SA5,900928,MARIA,MAGWE,IDENT
20160704215920,SA4,901225,NOELA,YALOT,IDENT
20160704215925,SA4,900966,ZUHURA,KIJIMBO,IDENT
20160704215932,SA4,900886,ELIZABERTH,KIJA,IDENT
20160704215941,SA2,901038,AMINA,MDOE,IDENT
20160704215942,SA4,901205,JAMILA,MASONGI,IDENT
20160704215943,SA1,900811,JUMA,HUMBE,IDENT
20160704215946,SA4,901053,DORIS,JOHN,IDENT
20160704215950,SA4,901275,SALOME,KINUNDA,IDENT
20160704215954,SA4,901077,CONSOLATH,MATERU,IDENT
20160704215954,SA6,900444,JOHN,MEDA,IDENT
20160704215959,SA5,901391,GEOFREY,MAPESA,IDENT
20160704220002,SA5,901102,ORIVER,DAUD,IDENT
20160704220003,SA1,900781,GERALD,JOHN,IDENT
20160704220006,SA2,900876,MWASITI,MAULID,IDENT
20160704220009,SA4,900984,SALAMA,BIGE,IDENT
20160704220011,SA2,901270,NAOMI,OBONG,IDENT
20160704220011,SA4,901091,FARIDA,LYIMO,IDENT
20160704220011,SA1,900769,JAMES,MACKLINE,IDENT
20160704220013,SA5,901240,CANDY,ABRAHAM,IDENT
20160704220017,SA2,901024,ASIA,KARATA,IDENT
20160704220019,SA4,900991,CHRISTINA,JAILOS,IDENT
20160704220020,SA2,900990,JANE,MHONGOLE,IDENT
20160704220025,SA2,901101,RAJABU,MOHAMMED,IDENT
20160704220026,SA4,901074,VERONICA,KIMWAGA,IDENT
20160704220029,SA1,900815,METHOD,DEDA,IDENT
20160704220029,SA5,901224,ANNA,NYAKAPALA,IDENT
20160704220034,SA1,900793,ABDUL,MAINGO,IDENT
20160704220036,SA4,901227,MWAMVITA,MWAIPOPO,IDENT
20160704220038,SA4,901221,TEDDY,MAGAMBO,IDENT
20160704220044,SA5,900918,MARIAM,RAMADHANI,IDENT
20160704220045,SA4,901171,ESTHER,MUNGUTI,IDENT
20160704220045,SA6,900480,RASHID,MOHAMED,IDENT
20160704220046,SA1,900757,JOSEPH,HEMA,IDENT
20160704220051,SA5,901290,AGNES,SALAWA,IDENT
20160704220051,SA2,901071,YUNIS,NDAIGA,IDENT
20160704220057,SA4,901142,SOPHIA,YUSUPH,IDENT
20160704220102,SA1,900755,NICHALAUS,AUGUSTINO,IDENT
20160704220104,SA5,901029,MARIAM,OMAR,IDENT
20160704220108,SA2,901056,ANGELA,MWAKAPALILA,IDENT
20160704220113,SA4,901014,LUCY,THOMAS,IDENT
20160704220117,SA3,901176,FATUMA,MASOUD,IDENT
20160704220118,SA4,901145,ADELINA,MALEMA,IDENT
20160704220123,SA3,901070,FLORA,MSAMLA,IDENT
20160704220123,SA4,900873,SELEN,JUMA,IDENT
20160704220125,SA4,900888,AMINA,NGAINA,IDENT
20160704220129,SA3,900954,HABIBA,MDOSE,IDENT
20160704220131,SA4,901066,ZULEHA,MOHAMED,IDENT
20160704220134,SA1,900786,FARAJI,KILUWA,IDENT
20160704220134,SA5,901003,SALAMA,KADALA,IDENT
20160704220136,SA2,901085,ELIZABETH,NYAMBO,IDENT
20160704220139,SA6,900647,JOHANSEN,MPANJU,IDENT
20160704220140,SA2,901049,REDEMTA,DANIEL,IDENT
20160704220143,SA5,901361,MARRY,MLIUNJA,IDENT
20160704220148,SA4,901163,SIJALI,MKELE,IDENT
20160704220151,SA6,900159,PAMELA,KUSALIKA,IDENT
20160704220152,SA4,900911,NEEMA,URASSA,IDENT
20160704220156,SA5,901119,LINA,MLAWA,IDENT
20160704220156,SA6,900396,ANDREW,MSANGI,IDENT
20160704220156,SA4,901036,AZIZA,MANGETU,IDENT
20160704220202,SA4,901100,REHEMA,SALEHE,IDENT
20160704220202,SA5,901375,PILLI,CHOLOGONDO,IDENT
20160704220207,SA5,901116,GRACE,KAHANGE,IDENT
20160704220209,SA4,901153,MAGRETH,ZANUARI,IDENT
20160704220212,SA5,900956,DIANA,LEMA,IDENT
20160704220215,SA4,901093,SHARON,IBRAHIM,IDENT
20160704220218,SA4,901177,ASHA,MAVENGELO,IDENT
20160704220220,SA4,901197,RASHID,NJERAN,IDENT
20160704220228,SA5,900935,ZAINABU,SINGANO,IDENT
20160704220235,SA5,901311,LOYCE,MASKINI,IDENT
20160704220244,SA4,900958,SOPHIA,LIKONGO,IDENT
20160704220247,SA4,900942,CHRISTINA,MWENDA,IDENT
20160704220250,SA1,900740,SPEDICTOR,NGOGO,IDENT
20160704220255,SA1,900760,OMARY,MHAGAMA,IDENT
20160704220257,SA4,900952,SALAMA,MOHAMAD,IDENT
20160704220304,SA5,901172,AGNES,STEVEN,IDENT
20160704220304,SA4,900937,UPENDO,MLEWA,IDENT
20160704220308,SA5,900864,TECLA,SAMWEL,IDENT
20160704220308,SA4,901206,AISHA,MKUMBA,IDENT
20160704220312,SA5,901126,YUNIS,LULANDALA,IDENT
20160704220314,SA4,901008,GRESS,KOBA,IDENT
20160704220317,SA4,901213,HABIBA,NJIKU,IDENT
20160704220319,SA4,901110,ASHA,MPELA,IDENT
20160704220322,SA4,901005,HADIJJA,KIJUU,IDENT
20160704220331,SA4,901005,HADIJJA,KIJUU,IDENT
20160704220338,SA6,900476,RAMADHANI,IDD,IDENT
20160704220343,SA2,901191,ROSE,BENARD,IDENT
20160704220344,SA5,901358,MWANAHAMIS ,MSUYA,IDENT
20160704220346,SA4,901204,SOPHIA,LUGOME,IDENT
20160704220349,SA5,901386,SHAMSI,MUHITI,IDENT
20160704220353,SA5,901425,HIDAYA,KASSIM,IDENT
20160704220356,SA4,901156,SAID,HAMISI,IDENT
20160704220356,SA5,901342,ANDREW,KILUGWA,IDENT
20160704220400,SA4,901222,DEBORA,FILIPATALI,IDENT
20160704220406,SA4,901257,FRIDA,MHELELA,IDENT
20160704220410,SA4,901252,JENIPHA,CHIZA,IDENT
20160704220412,SA5,901232,ZAMDA,HASSAN,IDENT
20160704220414,SA4,901002,MARIAM,SABURI,IDENT
20160704220415,SA5,901404,AWAZI,SALIM,IDENT
20160704220418,SA4,901157,DAVID,JUMA,IDENT
20160704220420,SA5,901385,ABDALLA,MGAYA,IDENT
20160704220421,SA4,901018,AISHA,KIBINDO,IDENT
20160704220424,SA4,901161,NURU,MOHAMED,IDENT
20160704220426,SA6,900166,RAMADHANI,KIPENGELE,IDENT
20160704220428,SA5,900893,JOYCE,MCHOMVU,IDENT
20160704220433,SA1,900437,HUSSEIN,MBONDE,IDENT
20160704220442,SA5,901207,AISHA,ABEID,IDENT
20160704220445,SA4,901236,FATIMA,ALLY,IDENT
20160704220449,SA1,900222,HENRY,NGOWI,IDENT
20160704220453,SA4,900929,HALIMA,SEIF,IDENT
20160704220454,SA1,900818,PASCAL,MIKONDO,IDENT
20160704220501,SA5,901208,SARAH,MWINANI,IDENT
20160704220508,SA4,901215,MWANAIDI,KOLOKO,IDENT
20160704220516,SA4,900866,FLORA,DAMAS,IDENT
20160704220520,SA5,901250,JENIPHA,DAMIAN,IDENT
20160704220521,SA4,900974,ZAWADI,SADIKI,IDENT
20160704220524,SA4,900872,ZALAU,NGWELE,IDENT
20160704220525,SA5,901430,JOYCE,SEMWENDA,IDENT
20160704220530,SA3,900936,SOPHIA,MBONDE,IDENT
20160704220538,SA6,900575,CHRISTINA ,SENYANGWA,IDENT
20160704220542,SA5,901330,SAVELINA ,KASHASHA,IDENT
20160704220544,SA3,901248,MAGRETH,MASAWE,IDENT
20160704220613,SA5,901384,JOSHUA,KITUNDU,IDENT
20160704220649,SA6,900404,BRYANT,NYENYEMBE,IDENT
20160704220727,SA3,901158,ALOYCE,IZINA,IDENT
20160704220730,SA1,900824,TITO,MGOVANO,IDENT
20160704220838,SA5,901169,VERONICA,LECHIPYA,IDENT
20160704220849,SA6,900162,PILLY,MANENO,IDENT
20160704220953,SA3,901064,SAID,RAMADHANI,IDENT
20160704221049,SA3,901269,AISHA,HALFAN,IDENT
20160704221200,SA5,901106,MARYNIA,KAYOMBO,IDENT
20160704221210,SA5,901323,AMINA,HAMISI,IDENT
20160704221438,SA3,900995,MARY,KIAMA,IDENT
20160704221553,SA6,900135,HALIMA,NGAMZI,IDENT
20160704221608,SA1,900207,ADELE,NJOCHOLA,IDENT
20160704221642,SA6,900148,JUDITH,MALISA,IDENT
20160704221819,SA5,901406,PASCAL,STANLEY,IDENT
20160704222154,SA1,900756,HUSSEIN,KANDORO,IDENT
20160704222454,SA3,901125,TAUSI,SHABANI,IDENT
20160704222525,SA3,901166,SAUDA,MAULID,IDENT
20160704222531,SA3,901016,HALIFA,MOHAMED,IDENT
20160704222720,SA3,901006,RUKIA,ALLY,IDENT
20160704222739,SA3,900920,PILLI,SAIDI,IDENT
20160704223206,SA6,900134,GRACE,KIM,IDENT
20160704223804,SA5,901216,ASHA,RAMADHANI,IDENT
20160704223946,SA5,901233,SAMI,MTITIMA,IDENT
20160704224137,SA6,900169,REHEMA,YUSUFU,IDENT
20160704224714,SA5,901069,ELIZABETH,MRAMU,IDENT
20160704224717,SA5,901103,MWATANGA,DIENI,IDENT
20160704224814,SA5,901065,ZAINABU,KARUMUNA,IDENT
20160704224818,SA5,901211,ANNA,KIMARO,IDENT
20160704224831,SA5,901060,MARTHA,GABRIEL,IDENT
20160704224853,SA5,901220,AGNESS,MWAMBENGO,IDENT
20160704225256,SA5,901000,AGNES,MTYANGILE,IDENT
20160704225259,SA5,901039,JULIANA,SUKU,IDENT
20160704225304,SA5,901099,TAUS,MUSTAPHA,IDENT
20160704225317,SA5,900912,MWAJUMA,KITANI,IDENT
20160705050132,SA6,900543,JOHN,MAGANYA,IDENT
20160705051045,SA6,900050,STANLEY,JEREMIAH,IDENT
20160705051203,SA1,900281,NAYOPA,MTENDECHI,IDENT
20160705051302,SA6,900143,JACKLINE,MAIGA,IDENT
20160705051324,SA6,900010,BITSON,MWASILE,IDENT
20160705051625,SA6,900661,ADILILA,KONGA,IDENT
20160705051937,SA1,900001,ABDALLAH,JUMANNE,IDENT
20160705052453,SA6,900611,EVARIST,MPINGAURUGU,IDENT
20160705052647,SA5,901133,HUSNA,SENGAMBA,IDENT
20160705052916,SA5,900915,DOROTHEA,KILO,IDENT
20160705053009,SA6,900025,JOYCE,MAGANGA,IDENT
20160705053130,SA5,901012,FATUMA,KABUMA,IDENT
20160705053140,SA5,901229,ANNA,NGAPONDA,IDENT
20160705053147,SA1,900272,ISRAEL,GYUNA,IDENT
20160705053202,SA5,901185,JOYCE,SAMWEL,IDENT
20160705053206,SA5,901122,NEEMA,FANUEL,IDENT
20160705053212,SA5,901412,ELIA,NGWALI,IDENT
20160705053235,SA5,200018,ABDALAH,SUDY,IDENT
20160705053254,SA5,900894,NURU,MAKANDE,IDENT
20160705053303,SA5,901414,EMMANUEL,BANDIKO,IDENT
20160705053310,SA5,901383,JOAN,OMANDI,IDENT
20160705053316,SA5,901366,LYDIA,MAKENE,IDENT
20160705053345,SA5,901234,ANITHA,AHALIELI,IDENT
20160705053356,SA5,901256,AVERINA,AMANDUS,IDENT
20160705053400,SA5,901190,NEEMA,MNYALAPE,IDENT
20160705053418,SA5,900899,MAGDALENA,SIMAO,IDENT
20160705053424,SA5,901036,AZIZA,MANGETU,IDENT
20160705053440,SA5,901230,KUDRA,BAKARI,IDENT
20160705053456,SA5,901023,AMINA,CHAKWE,IDENT
20160705053510,SA5,901407,AMINA,MSINGWA,IDENT
20160705053558,SA4,900983,RUKIA,KONDO,IDENT
20160705053604,SA4,901015,JOYCE,CHACHA,IDENT
20160705053626,SA6,900568,GODWIN,KIRIA,IDENT
20160705053640,SA5,900927,SAADA,SALUM,IDENT
20160705053721,SA5,901289,CONSOLATHA,RAPHAEL,IDENT
20160705053724,SA5,900905,AMINA,MUHIDINI,IDENT
20160705053744,SA5,901035,AGNES,NKONJELWA,IDENT
20160705053754,SA4,900967,FATUMA,MTAMBUA,IDENT
20160705053824,SA4,901113,ELIZABETH,SHIRIMA,IDENT
20160705053841,SA4,901112,BUSHRA,SALUM,IDENT
20160705053848,SA4,900992,AGNES,MEJA,IDENT
20160705053853,SA4,901007,MODESTA,JOGOO,IDENT
20160705053859,SA4,900913,ASHURA,NGUMBE,IDENT
20160705053906,SA4,900908,SALMA,RWAMBANO,IDENT
20160705053919,SA4,901132,HEAVENLIGHT,NKYA,IDENT
20160705053926,SA4,901181,ASNA,SPRIAN,IDENT
20160705053931,SA4,901027,EDDA,MWAKIBINGWA,IDENT
20160705053936,SA4,901092,ASIA,JUMA,IDENT
20160705053944,SA4,900985,BAHATI,SARAPIONI,IDENT
20160705053949,SA4,901130,NURU,DAUDI,IDENT
20160705053954,SA4,901108,AISHA,WILLIUM,IDENT
20160705054018,SA5,901403,RUBUNDA,NJELELE,IDENT
20160705054030,SA4,900883,EDINA,ABED,IDENT
20160705054036,SA4,901048,HALIMA,IDDI,IDENT
20160705054043,SA4,900968,TAUSI,SIMBA,IDENT
20160705054050,SA4,901034,STAMILI,MUSSA,IDENT
20160705054056,SA4,901174,BETH,NGADADA,IDENT
20160705054101,SA4,900906,MARYSTELA,MCHOME,IDENT
20160705054106,SA4,901117,HIDAYA,MASOUD,IDENT
20160705053901,SA6,901149,EPIFANI, MBOKO,IDENT
20160705054020,SA6,900019,HAMISI,MADODO,IDENT
20160705054056,SA1,900731,HUSSAIN,HAMADI,IDENT
20160705054105,SA1,900758,MOHAMEDY,ATHUMANI,IDENT
20160705054234,SA1,900779,MUSTAFA,HAMISI,IDENT
20160705054241,SA1,900739,EMENUEL,KYEJO,IDENT
20160705054246,SA1,900781,GERALD,JOHN,IDENT
20160705054252,SA1,901557,WALTER,MAYA,IDENT
20160705054122,SA4,900943,MWAMINI,MPANGULE,IDENT
20160705054127,SA4,901244,SWAUMU,HIMBU,IDENT
20160705054131,SA4,901037,FADINA,IBRAHIM,IDENT
20160705054138,SA4,900868,MAIMUNA,JARUFU,IDENT
20160705054141,SA4,901235,TUMAIN,MUNGURE,IDENT
20160705054146,SA4,901021,NEEMA ,MWANGO,IDENT
20160705054211,SA4,901114,FARIDA,AMBLOS,IDENT
20160705054218,SA4,901212,JASMINI,MOHAMED,IDENT
20160705054233,SA4,900878,AISHA,KIZINGA,IDENT
20160705054237,SA4,901107,MUHIDINI,HASSAN,IDENT
20160705054242,SA4,900974,ZAWADI,SADIKI,IDENT
20160705054246,SA4,901238,MARIAM,SELEMANI,IDENT
20160705054247,SA5,901052,SUZANA,NAPANGA,IDENT
20160705054251,SA4,900846,SARA,CHIDUNI,IDENT
20160705054256,SA4,901215,MWANAIDI,KOLOKO,IDENT
20160705054258,SA5,901285,THABIT,ALLY,IDENT
20160705054302,SA5,901255,ASHA,BILALI,IDENT
20160705054305,SA4,900879,RAHMA,KILO,IDENT
20160705054330,SA5,901322,SARAH,ALLY,IDENT
20160705054334,SA5,901413,LEILA,KIMBENGELE,IDENT
20160705054344,SA5,901282,ADAM,MUSSA,IDENT
20160705054344,SA4,901047,MWAJUMA,HAMIS,IDENT
20160705054407,SA4,901247,KULUTHUM,CHILEMILE,IDENT
20160705054418,SA4,901067,HELENA,SAMWELI,IDENT
20160705054421,SA4,900932,MONICA,LIGOMBAIKA,IDENT
20160705054424,SA4,900885,AMINA,MZARA,IDENT
20160705054426,SA4,901173,BAHATI,MAKAMBA,IDENT
20160705054431,SA4,901160,SAUDA,MCHECHE,IDENT
20160705054434,SA4,901184,GRACE,NGALABA,IDENT
20160705054439,SA4,901032,MARISELINA,NGULI,IDENT
20160705054446,SA4,900921,MWAJUMA,IDDI,IDENT
20160705054458,SA4,901155,GRACE,MUHONO,IDENT
20160705054509,SA4,901050,MARIAM,SAIDI,IDENT
20160705054516,SA4,901164,SWAUMU,KAYANDA,IDENT
20160705054522,SA4,901187,MONICA,SHEMBONI,IDENT
20160705054529,SA4,901090,HADIJA,JUMA,IDENT
20160705054532,SA4,901136,HONORATA,SHAYO,IDENT
20160705054545,SA4,901168,REHEMA ,MWASOMOLA,IDENT
20160705054548,SA4,901182,RENIFRIDA,NGUMBU,IDENT
20160705054554,SA4,901042,FARIDA,NDAUKE,IDENT
20160705054603,SA4,900959,REHEMA,LYOWA,IDENT
20160705054611,SA4,901186,FROLA,KILIMA,IDENT
20160705054616,SA4,901245,EVERINA,MKETO,IDENT
20160705054620,SA1,900718,WILSON,ALOIS,IDENT
20160705054623,SA1,900749,EZEKIEL,SOLO,IDENT
20160705054628,SA1,900742,PROSPER,POLITHO,IDENT
20160705054632,SA1,900786,FARAJI,KILUWA,IDENT
20160705054654,SA1,900249,AMIRI,MZEE,IDENT
20160705054708,SA1,900735,ZAINABU,MOHAMEDI,IDENT
20160705054714,SA1,900209,ANGELA,MBESIGWE,IDENT
20160705054752,SA1,900746,GEDION,BUTENGE,IDENT
20160705054801,SA1,900214,BRUNO,FREDRICK,IDENT
20160705054958,SA1,900723,SAIDI,JUMANE,IDENT
20160705055004,SA1,900808,HEONANI,BAJANA,IDENT
20160705054634,SA4,900961,ELIZABETH,FRANCISCO,IDENT
20160705054635,SA5,901416,YONA,MUSA,IDENT
20160705054638,SA4,900904,ANNA,MAGEMBE,IDENT
20160705054712,SA6,900478,RAPHAEL,SENKONDO,IDENT
20160705054714,SA4,900996,LILIAN,RASHIDI,IDENT
20160705054718,SA4,901026,FATUMA,KONYO,IDENT
20160705054727,SA4,901111,ASIA,MSHAMU,IDENT
20160705054732,SA4,900951,MWAJUMA,AIDAN,IDENT
20160705054739,SA4,901246,VERONICA,MTENGWA,IDENT
20160705054745,SA4,900916,SABINA,KINGIMALI,IDENT
20160705054823,SA4,901089,HARUNA,ATHUMANI,IDENT
20160705054854,SA6,900662,ABDALLAH,ABEID,IDENT
20160705054858,SA4,901251,GATI,NYANTUMAN,IDENT
20160705054859,SA6,900168,RAZAKI,MTINDA,IDENT
20160705054910,SA4,901104,MWANAHAWA,HASSAN,IDENT
20160705054918,SA4,900997,MARY,ONDURU,IDENT
20160705054922,SA4,901094,MARTINA,FISSO,IDENT
20160705054930,SA4,901043,ANNA,JOHN,IDENT
20160705054936,SA4,901095,BEATA,KOMBA,IDENT
20160705054937,SA5,901319,CHRISTINA,TATI,IDENT
20160705054941,SA4,901183,YASINTA,MKIWA,IDENT
20160705054941,SA5,901331,DIANA,KABYEMELA,IDENT
20160705054946,SA5,901288,EPIPHANIA,LUKWI,IDENT
20160705054947,SA6,900049,SIHABA,NAKIPENGELE,IDENT
20160705054951,SA4,901150,CHRISTINA,MBODE,IDENT
20160705054954,SA4,900934,MWAJABU,MARIDADI,IDENT
20160705054957,SA4,901017,CATHERINE,NYEMA,IDENT
20160705055002,SA4,901193,VICTORIA,MWAMPEGETE,IDENT
20160705055005,SA4,900851,SOPHIA,ZONGORI,IDENT
20160705055009,SA4,901127,ZAHARA,MBELWA,IDENT
20160705055014,SA4,900891,HINESS,KAAYA,IDENT
20160705055023,SA1,900778,MARIAM,MICHAEL,IDENT
20160705055033,SA5,901137,SOFIA,KIUMBE,IDENT
20160705055033,SA4,901189,KURUTHUM,KHAMISI,IDENT
20160705055036,SA4,901129,FELISTA,NYAHENGE,IDENT
20160705055047,SA4,901076,AGNESS,NGAPONDA,IDENT
20160705055047,SA5,901409,MAGRETH,NGOSI,IDENT
20160705055051,SA5,901295,ELLASIA,WILLIUM,IDENT
20160705055052,SA4,901046,GRADIS,MAGANA,IDENT
20160705055055,SA6,900130,FATUMA,CHOMBO,IDENT
20160705055058,SA4,901241,FATUMA,JUMA,IDENT
20160705055100,SA5,901426,TABU,SUPHIANI,IDENT
20160705055103,SA4,901140,ASHURA,MGENI,IDENT
20160705055108,SA4,901059,JAZIRA,RAMADHANI,IDENT
20160705055110,SA5,901313,FATUMA,KAUNDA,IDENT
20160705055124,SA4,901029,MARIAM,MWETEMBO,IDENT
20160705055316,SA1,900721,GISELA,SHAYO,IDENT
20160705055323,SA1,900823,TADEO,MAPEMA,IDENT
20160705055435,SA1,900727,GEORGE,GREAD,IDENT
20160705055139,SA5,901308,MADINA,ATHUMANI,IDENT
20160705055143,SA5,901170,BAHATI,SHABANI,IDENT
20160705055146,SA5,901347,JAMES,MAJIJI,IDENT
20160705055149,SA4,900860,AGNESS,LUHUNGO,IDENT
20160705055156,SA5,901345,ALHAJI,KIHIYO,IDENT
20160705055158,SA4,900865,CHRISTINA,MAGOWELA,IDENT
20160705055202,SA4,901195,RAYMOND,BUKOJI,IDENT
20160705055206,SA4,900890,OLIVER,UDOBA,IDENT
20160705055213,SA4,901242,ISSA,MFAUME,IDENT
20160705055215,SA4,900925,REGINA,THOMAS,IDENT
20160705055219,SA4,900993,MARIAM,MSUMALI,IDENT
20160705055224,SA4,901218,JANE,RYOBA,IDENT
20160705055225,SA6,E032,SANKARAN,JAYARAM,IDENT
20160705055227,SA4,901237,ZUBEDA,KIMARO,IDENT
20160705055231,SA4,901022,SILIVIA,SHAYO,IDENT
20160705055234,SA4,901124,TABIA,OMARY,IDENT
20160705055243,SA4,901013,YASINTA,SHELUBANZI,IDENT
20160705055247,SA4,901253,JOYCE,KESI,IDENT
20160705055254,SA4,900881,ZAINABU,SAIDI,IDENT
20160705055258,SA4,900972,SAFINA,ABEID,IDENT
20160705055302,SA4,900970,MARIA,ELIESEL,IDENT
20160705055303,SA5,901371,YASINTA,LEKERI,IDENT
20160705055308,SA5,901354,AISHAH,OTHUMANI,IDENT
20160705055316,SA5,901277,NEEMA,UISO,IDENT
20160705055323,SA4,900988,UPENDO,PETER,IDENT
20160705055328,SA4,900981,FIDES,MONGI,IDENT
20160705055328,SA5,901388,OSWALD,SHILLA,IDENT
20160705055345,SA4,901219,MARIAM,MUSSA,IDENT
20160705055346,SA6,900112,ABDALLAH,MIKALAMBILO,IDENT
20160705055350,SA6,900139,IDD,YUSUFU,IDENT
20160705055350,SA5,901303,TAUSI,KATULA,IDENT
20160705055353,SA4,900917,SALMA,DIWILE,IDENT
20160705055403,SA4,900856,MWAJAMBU,HAMAD,IDENT
20160705055403,SA5,901283,KEDMOND,KAMOGA,IDENT
20160705055431,SA6,900036,MOHAMED,MAJUJULO,IDENT
20160705055431,SA4,900963,MWAZANI,SAIDI,IDENT
20160705055437,SA4,901143,LINES,PILLI,IDENT
20160705055443,SA4,900939,STELLA,MAGOGWA,IDENT
20160705055505,SA4,901270,NAOMI,OBONG,IDENT
20160705055518,SA4,900945,ELIZABETH,MREMA,IDENT
20160705055523,SA4,900901,NEEMA,NYAKOKI,IDENT
20160705055528,SA4,901217,VIVIAN,MWANGATA,IDENT
20160705055534,SA4,901243,PLAKSEDA,AKIZAMUNGU,IDENT
20160705055536,SA5,901365,JOYCE,SWILLAH,IDENT
20160705055542,SA4,900998,ASHA,MOHAMED,IDENT
20160705055550,SA5,901410,ALFRED,MUGHWAI,IDENT
20160705055601,SA5,901389,OMARY,JUMA,IDENT
20160705055618,SA6,900115,AKIDA,DUGANGE,IDENT
20160705055621,SA5,901316,ZUHURA,HAMIS,IDENT
20160705055627,SA5,901317,ASHA,HAMISI,IDENT
20160705055632,SA5,901425,HIDAYA,KASSIM,IDENT
20160705055705,SA6,900586,MOHAMED,SOLOKA,IDENT
20160705055751,SA1,900825,TITO,MWAMBE,IDENT
20160705055827,SA1,900542,POUL,KIBELA,IDENT
20160705055833,SA1,900730,UHURU,MARWA,IDENT
20160705055842,SA1,900218,GEDDY,SONENGA,IDENT
20160705055906,SA1,900798,ATHUMAN,SEIF,IDENT
20160705055915,SA1,900821,SAWA,SWAHA,IDENT
20160705055944,SA1,900437,HUSSEIN,MBONDE,IDENT
20160705055950,SA1,900490,TWAHA,MGUHI,IDENT
20160705055956,SA1,900817,MOSES,MASENGA,IDENT
20160705060000,SA1,900217,FRED,JAMES,IDENT
20160705060005,SA1,900815,METHOD,DEDA,IDENT
20160705060009,SA1,900244,YOHA,MSANGI,IDENT
20160705060015,SA1,900759,ELIAS,YAKOB,IDENT
20160705060020,SA1,900790,ISIHAKA,IDDI,IDENT
20160705055635,SA5,901312,VUMILIA,NDEGE,IDENT
20160705055636,SA4,901274,AMINA,KAHABUKA,IDENT
20160705055639,SA5,901423,CONSOLATHA,JOSEPH,IDENT
20160705055646,SA5,901323,AMINA,HAMISI,IDENT
20160705055652,SA5,901302,ASHA,SHOMARI,IDENT
20160705055653,SA4,901123,REBECA,KALOFU,IDENT
20160705055658,SA4,900933,WINFRIDA,LUSEBA,IDENT
20160705055658,SA5,901301,TUKAE,MUSA,IDENT
20160705055701,SA5,901298,SWAUMU,MZIRAI,IDENT
20160705055705,SA5,901300,ANNA,TEMBA,IDENT
20160705055708,SA4,901025,ASHURA,HAMISI,IDENT
20160705055709,SA5,901305,DIANA,KIBASA,IDENT
20160705055712,SA5,901292,SARA,YOEL,IDENT
20160705055716,SA4,901088,JANETH,MUONDO,IDENT
20160705055716,SA5,901336,ISMAIL,MHINA,IDENT
20160705055720,SA5,901399,DIANA,NDONGO,IDENT
20160705055726,SA5,901381,DOROSTA,CLEMANCE,IDENT
20160705055729,SA5,901374,NASRA,HAMADI,IDENT
20160705055733,SA5,901430,JOYCE,SEMWENDA,IDENT
20160705055738,SA4,900994,MWAISHA,MWAMOTO,IDENT
20160705055742,SA5,901405,ABDANI,SHILLA,IDENT
20160705055742,SA4,901261,ZAINA,KILWANDA,IDENT
20160705055747,SA5,901395,HASHIM,HAIZA,IDENT
20160705055749,SA4,901263,JAMIRA,SAIDI,IDENT
20160705055751,SA5,901393,HADIJA,JUMA,IDENT
20160705055755,SA5,901406,PASCAL,STANLEY,IDENT
20160705055758,SA5,901355,HALIMA,SANANE,IDENT
20160705055807,SA6,900556,REGINA,NDALUHEKEYE,IDENT
20160705055840,SA5,901179,AMANDA,KWEZI,IDENT
20160705055853,SA5,901376,ZAINABU ,SALUM,IDENT
20160705055910,SA5,901404,AWAZI,SALIM,IDENT
20160705055912,SA4,901051,HABIBA,PAZZI,IDENT
20160705055920,SA6,900399,ATHUMANI,JUMA,IDENT
20160705055921,SA5,901429,REHEMA,MAZEKU,IDENT
20160705055926,SA5,901340,FELIX,MAKANYA,IDENT
20160705055931,SA5,900849,IRENE,MMARI,IDENT
20160705055939,SA5,901364,SALAFINA,KISAPI,IDENT
20160705055946,SA5,901356,ZAMDA,NGWABAYA,IDENT
20160705055950,SA4,900953,JANE,LUSENDELA,IDENT
20160705055955,SA4,900863,ANNA,MICHAEL,IDENT
20160705055956,SA5,901367,BEATHA,MLOSO,IDENT
20160705055958,SA5,901394,TERESIA,MHAMBO,IDENT
20160705060001,SA5,901369,RECHO,MSHUMBUSI,IDENT
20160705060003,SA6,900138,HUSSEIN,SHABANI,IDENT
20160705060005,SA5,901348,DAVID,NGELESHI,IDENT
20160705060009,SA5,901349,HABIBU,BAKARI,IDENT
20160705060014,SA5,901341,JESSE,JEREMIA,IDENT
20160705060017,SA4,901004,ZAHARA,YANGE,IDENT
20160705060021,SA5,901396,EDWIN,KIPUYO,IDENT
20160705060025,SA1,900805,FRANK ,JABIR,IDENT
20160705060029,SA6,900658,MWASITI,LABOA,IDENT
20160705060031,SA5,901384,JOSHUA,KITUNDU,IDENT
20160705060033,SA1,900789,KAMPBONA,PASCAL,IDENT
20160705060037,SA5,901350,ALFRED,CHARLES,IDENT
20160705060050,SA1,900818,PASCAL,MIKONDO,IDENT
20160705060050,SA5,901286,AGNES,LUCAS,IDENT
20160705060054,SA5,901304,SOPHIA,ALLY,IDENT
20160705060058,SA4,901045,ASHURA,KATULA,IDENT
20160705060109,SA5,901284,MOHAMED,IDDI,IDENT
20160705060113,SA4,901194,ELINA,ABEL,IDENT
20160705060130,SA6,900127,DUNCAN,MHANDO,IDENT
20160705060136,SA5,901368,NAOMI,YUSUPH,IDENT
20160705060150,SA1,900729,MOHAMED,KOMBO,IDENT
20160705060154,SA1,900744,SILVESTER,KAHINDI,IDENT
20160705060158,SA6,900140,IGNATUS,MLANGWA,IDENT
20160705060204,SA1,900748,EDWARD,DAWSON,IDENT
20160705060213,SA1,900773,FELIX,CHRISTOPHER,IDENT
20160705060220,SA1,900738,MOHAMED,NGODA,IDENT
20160705060223,SA1,900743,JUMA,ISEMA,IDENT
20160705060239,SA1,900213,BEDASTUS,PIUS,IDENT
20160705060246,SA1,900760,OMARY,MHAGAMA,IDENT
20160705060252,SA1,101945,JAMES,VALENTINE,IDENT
20160705060257,SA1,900797,ASHAM,MUSA,IDENT
20160705060307,SA1,900477,RAMADHANI,LUBASHA,IDENT
20160705060313,SA1,900801,DAVID ,MWANJA,IDENT
20160705060317,SA1,900819,PATRICK,MTONDOLA,IDENT
20160705060321,SA1,900578,MTARI,MAGINGA,IDENT
20160705060326,SA1,900450,JUMA,RAMADHANI,IDENT
20160705060331,SA1,900750,JACOB,KAWALE,IDENT
20160705060359,SA1,900243,YOHANA,ALLY,IDENT
20160705060421,SA1,900719,STEPHAN,SIMON,IDENT
20160705060426,SA1,900720,FRANCIS,RAFAEL,IDENT
20160705060443,SA1,900756,HUSSEIN,KANDORO,IDENT
20160705060455,SA1,900766,JUDITH,GEOFREY,IDENT
20160705060504,SA1,900816,MICHAEL,HUSEIN,IDENT
20160705060515,SA1,900799,RAJABU,RUBASHA,IDENT
20160705060524,SA1,900820,SALUM,KAISI,IDENT
20160705060152,SA5,901385,ABDALLA,MGAYA,IDENT
20160705060216,SA4,901264,HADIJA,RAMADHANI,IDENT
20160705060222,SA5,901324,MARIAM,YAHAYA,IDENT
20160705060227,SA5,901293,JOHARI,MAHARIA,IDENT
20160705060253,SA5,901330,SAVELINA ,KASHASHA,IDENT
20160705060259,SA5,901279,NEEMA, GODFREY,IDENT
20160705060306,SA5,901427,JESCA,NGUMBU,IDENT
20160705060312,SA5,901321,ELIZABET,MHIMBA,IDENT
20160705060352,SA6,900010,BITSON,MWASILE,IDENT
20160705060436,SA6,900170,REHEMA,CHINUNJE,IDENT
20160705060441,SA6,900417,FABIAN,FABIAN,IDENT
20160705060445,SA6,900114,ABEID,MOHAMED,IDENT
20160705060500,SA6,900685,VICTOR,MBUNDAMILA,IDENT
20160705060506,SA5,901390,SHABANI,HUSEN,IDENT
20160705060514,SA5,901377,HUSSEIN,MANYEMBA,IDENT
20160705060536,SA6,900422,FURAHA,MWAKIFWAMB,IDENT
20160705060537,SA1,900728,JAMAL,MRISHO,IDENT
20160705060607,SA1,900724,HASANI,MRISHO,IDENT
20160705060625,SA1,900793,ABDUL,MAINGO,IDENT
20160705060631,SA6,900489,TUMAINI,MNZAVA,IDENT
20160705060631,SA5,901379,JUMA,MAKALA,IDENT
20160705060640,SA5,901400,DANIEL,MAKAYA,IDENT
20160705060641,SA1,900214,BRUNO,FREDRICK,IDENT
20160705060702,SA6,900002,ABDALLAH,MWEYO,IDENT
20160705060708,SA6,900406,CHAUREMBO,MWINYI,IDENT
20160705060718,SA6,900005,ALLY,MFUNGWE,IDENT
20160705060718,SA1,900216,ELLY,MKONGWE,IDENT
20160705060725,SA1,900761,CHRISTOPHER,MFUNGO,IDENT
20160705060729,SA1,900776,ZUBERI,MOHAMED,IDENT
20160705060815,SA1,900455,KHALFAN,OMARI,IDENT
20160705060823,SA1,900768,FILAN,FATAEL,IDENT
20160705060831,SA1,900802,EMANUEL,SILAYO,IDENT
20160705060857,SA1,900403,BEDA,YUDA,IDENT
20160705060911,SA1,900827,YASIN,MUSSA,IDENT
20160705060948,SA1,900771,DATIUS,MARTINE,IDENT
20160705060953,SA1,900716,JUMA,JUMANNE,IDENT
20160705060705,SA5,901363,ZUCRA,SWEDI,IDENT
20160705060726,SA5,901392,STELLA,MTALLO,IDENT
20160705060748,SA5,901418,ISAYA ,SAWASAWA,IDENT
20160705060919,SA6,900580,BARAKA,MAGAFU,IDENT
20160705060928,SA6,900015,EMMANUEL ,CLEMENT,IDENT
20160705061020,SA6,900051,SUDI,KHALFANI,IDENT
20160705061354,SA1,900811,JUMA,HUMBE,IDENT
20160705061359,SA1,900824,TITO,MGOVANO,IDENT
20160705061529,SA1,900737,EXPEDTO,MKONGWE,IDENT
20160705061421,SA6,900161,PILLI ,MOHAMED,IDENT
20160705061544,SA1,900807,GODRICH,MCHOMVU,IDENT
20160705061614,SA1,900555,MHEZIWA,MALEWA,IDENT
20160705061717,SA6,900391,ALLY,MASHAURI,IDENT
20160705061722,SA6,900476,RAMADHANI,IDD,IDENT
20160705061736,SA1,900794,ADAM,SALTIELY,IDENT
20160705061826,SA1,900736,KANUNU,THABIT,IDENT
20160705061853,SA1,900757,JOSEPH,HEMA,IDENT
20160705061901,SA1,900233,MUSSSA,ABDALLAH,IDENT
20160705061906,SA1,900207,ADELE,NJOCHOLA,IDENT
20160705061910,SA1,900745,YUSUPH,NGAPAWA,IDENT
20160705061931,SA1,900228,KAGERA,MSAMBUSI,IDENT
20160705062047,SA1,900571,FRANK,MALIMA,IDENT
20160705061856,SA6,900396,ANDREW,MSANGI,IDENT
20160705062128,SA1,900220,HAMISI,NJOCHOLA,IDENT
20160705062151,SA4,901135,REHEMA,OMARY,IDENT
20160705062221,SA1,900456,KHALIFA,BASHILI,IDENT
20160705062347,SA1,900569,JAMES,MWANDU,IDENT
20160705062443,SA1,900806,GODFREY,KIHAWA,IDENT
20160705062449,SA1,900392,ALLY,MBEGU,IDENT
20160705062527,SA1,900441,ISSA,KAISI,IDENT
20160705062551,SA6,900572,DOTO,KAJOGOO,IDENT
20160705062721,SA1,900788,DEBORA,MWASOMOLA,IDENT
20160705062838,SA1,900154,MWAJUMA,MSAKUZI,IDENT
20160705062940,SA1,900769,JAMES,MACKLINE,IDENT
20160705062909,SA6,900116,ASHA,ALLY,IDENT
20160705063354,SA1,900787,YOHANA,NGEREZA,IDENT
20160705064610,SA1,900466,MATHEW,PHILIP,IDENT
20160705064532,SA6,900420,FRANCIS,TESHA,IDENT
20160705064623,SA1,900804,FROLAH,MPONDO,IDENT
20160705065850,SA1,900231,MARKO,SHIMIZI,IDENT
20160705065854,SA5,901294,RATIFA,KAPINGA,IDENT
20160705070111,SA6,900054,THOMAS,MGABO,IDENT
20160705070151,SA6,900451,KASSIM,MALICK,IDENT
20160705070141,SA1,900238,SAIMON,TARIMO,IDENT
20160705070408,SA6,900432,HAMZA,ABDALLAH,IDENT
20160705070424,SA1,900240,SOSTHENES,MANYAMA,IDENT
20160705070643,SA6,900389,AHMAD,KINDUMA,IDENT
20160705070921,SA6,901435,FILES,MBANDO,IDENT
20160705070927,SA6,101110,ESTER,THEOOFIL,IDENT
20160705070934,SA6,900133,GEORGE,GIDION,IDENT
20160705071030,SA1,900429,GOODLUCK,LYAHONA,IDENT
20160705071250,SA6,901431,AMBALI,SOUD,IDENT
20160705071459,SA5,901327,EMERY,MSUNGU,IDENT
20160705072154,SA6,900132,FRIDA,KIGWA,IDENT
20160705072201,SA6,900171,ROBERT,MFUNI,IDENT
20160705072417,SA6,901434,JOSEPHINA,HAU,IDENT
20160705072636,SA6,900144,JANE,MWAKABULUFU,IDENT
20160705072650,SA1,900210,ASHA,HUSSEIN,IDENT
20160705072721,SA4,900976,LUCY,STANLEY,IDENT
20160705072725,SA4,901040,LUCY,AGASTINO,IDENT
20160705072852,SA6,900566,ERICK,NDUNGURU,IDENT
20160705073154,SA4,901239,SAKINA,KIZEE,IDENT
20160705073324,SA6,900039,MWAJABU,ALLY,IDENT
20160705073349,SA6,900029,JUMANNE,MBONDE,IDENT
20160705073427,SA6,900037,MOHAMED,MKALA,IDENT
20160705073624,SA6,900123,CHARLES,LUSWETULA,IDENT
20160705073723,SA6,900291,RASHIDI,MUSSSA,IDENT
20160705073824,SA6,900184,JASPER,NGURUBE,IDENT
20160705073938,SA4,900941,KULWA,MSUMA,IDENT
20160705074124,SA6,101880,RICHARD,MAKASI,IDENT
20160705074406,SA6,900385,ABDALLAH,MOHAMED,IDENT
20160705074343,SA1,101141,FRANK,RAPAHAEL,IDENT
20160705074417,SA1,901575,LINDA,MLAY,IDENT
20160705074422,SA1,900687,PROTUS,RUWANDA,IDENT
20160705074440,SA6,900397,ANNA,MOSHI,IDENT
20160705074445,SA1,900714,STIVINI,STIVINI,IDENT
20160705074451,SA1,900710,NICHOLAS,KAPANDE,IDENT
20160705074455,SA1,900707,ATHUMANI,SALEHE,IDENT
20160705074500,SA1,101115,ATHUUMANI,HEMEDI,IDENT
20160705074510,SA1,101140,FAUSTINI,MGIMBA,IDENT
20160705074605,SA6,901265,FRANK ,RUZIGA,IDENT
20160705074625,SA6,900126,DORIKA,MALYANGO,IDENT
20160705074632,SA1,101588,ATHUMAN,SALIM,IDENT
20160705074637,SA1,101123,KHAMISI ,PEMBE,IDENT
20160705074642,SA1,101128,ISSA,RAMADHANI,IDENT
20160705074648,SA1,900547,COLMAN,KIWALE,IDENT
20160705074654,SA6,900452,KENNEDY,KIMARO,IDENT
20160705074700,SA6,900109,AMANI,NYAKARASHI,IDENT
20160705074705,SA5,901278,HENRY ,CHELULA,IDENT
20160705074851,SA5,901339,JAMES,MKONO,IDENT
20160705074923,SA6,900446,JOSEPH,KIBASA,IDENT
20160705043259,SA3,901098,GERALD,MBAUKA,IDENT
20160705043532,SA2,900902,SAKINA,MAWEMBA,IDENT
20160705043555,SA2,901020,VICTORIA,MWALUANDA,IDENT
20160705043615,SA2,901175,SALMA,RAMADHAN,IDENT
20160705043621,SA2,901148,IBRAHIM,MZENTO,IDENT
20160705043629,SA2,901192,ASMA,KONDO,IDENT
20160705043912,SA2,901162,MWANAHARUSI,MOHAMED,IDENT
20160705043918,SA2,901115,FROLA,SIKWEMBE,IDENT
20160705044117,SA2,901105,MTUMWA,ALLY,IDENT
20160705044131,SA2,900898,RUKIA,MATAUKA,IDENT
20160705044234,SA2,901196,BONIPHACE,NGESI,IDENT
20160705044330,SA2,901198,MANEO,ATHUMANI,IDENT
20160705044649,SA2,900950,ASHURA,ATHUMAN,IDENT
20160705044655,SA2,900884,HADIJA,GOGO,IDENT
20160705044914,SA2,900930,TABIA,DOGOLI,IDENT
20160705045330,SA3,901062,RASHID,MDOE,IDENT
20160705045426,SA3,900977,MWANAHAMISI,MUNKUNDA,IDENT
20160705045501,SA2,901203,STANLEY,KIGUNGA,IDENT
20160705045547,SA2,901152,STELLA,MWAKATOBE,IDENT
20160705045554,SA2,901167,KELVIN,NGOZI,IDENT
20160705045604,SA2,901201,DEOGRATIUS,KESSY,IDENT
20160705045717,SA2,900914,HAWA,MWIMBE,IDENT
20160705045834,SA3,900919,ANNA,MPUGE,IDENT
20160705045903,SA2,901096,SAMWELI,MANGARE,IDENT
20160705060217,SA2,901087,REHEMA,CHETE,IDENT
20160705060238,SA2,901072,TATU,ATHUMAN,IDENT
20160705063609,SA2,901009,MOSHI,SAIDI,IDENT
20160705063624,SA2,901083,EDINA,JOHN,IDENT
20160705063654,SA2,901109,AMINA,MNYIFUNA,IDENT
20160705063847,SA2,900957,HADIJA,MKOTA,IDENT
20160705064111,SA2,101513,HADIJA,MPAMBA,IDENT
20160705064808,SA2,100566,MKWAYA,TONGOLA,IDENT
20160705064812,SA2,901450,FARIDA,JUMA,IDENT
20160705064935,SA2,901444,BAKARI,KITILA,IDENT
20160705064938,SA2,900859,MASANGULA,MASANGURA,IDENT
20160705064944,SA2,100597,NOVATI,TARIMO,IDENT
20160705064957,SA3,901534,MASANJA,JUMA,IDENT
20160705064959,SA2,100635,JULIUS,MUNISHI,IDENT
20160705065002,SA2,901041,JACKLINI,MBOYA,IDENT
20160705065005,SA2,200320,OMARI,OMAR,IDENT
20160705065008,SA2,100603,EDWIN,OWINO,IDENT
20160705065010,SA2,200349,FRANK,MOSHI,IDENT
20160705065023,SA3,900938,ISMAIL,THOMAS,IDENT
20160705065027,SA2,901446,DANIEL,MBARUKA,IDENT
20160705065046,SA2,901055,FATUMA,MUHANDO,IDENT
20160705065053,SA2,901075,AGATHA,JAMALI,IDENT
20160705065058,SA2,901209,MIRIAM,MNDEWA,IDENT
20160705065103,SA2,901011,JANE,SIMON,IDENT
20160705065107,SA2,200347,SHABILU,MOHAMMED,IDENT
20160705065147,SA2,200348,JONASI,LUCAS,IDENT
20160705065235,SA2,200314,DEO,SAKAYA,IDENT
20160705065239,SA2,200311,DAVID,BWILE,IDENT
20160705065303,SA2,901084,MARIA ,SANGA,IDENT
20160705065312,SA2,100664,JUMA,MUSSA,IDENT
20160705065339,SA2,200312,BARAKA,KATEGILE,IDENT
20160705065347,SA2,200321,HEMED,KAZEMBE,IDENT
20160705065446,SA2,900871,MWANAHAMISI,NDOLWA,IDENT
20160705065451,SA2,900978,ELIZABETH,ZAE,IDENT
20160705065454,SA2,900979,FATUMA,MSAKUZI,IDENT
20160705065511,SA2,900940,JUMANNE,ZONGO,IDENT
20160705065515,SA2,901079,AGNESS,HAJI,IDENT
20160705074945,SA6,900262,FRIDA, MWAMBEGELE,IDENT
20160705074950,SA6,900173,SHARIFA,MRISHO,IDENT
20160705074956,SA6,E073,DEVANSHU,SETH,IDENT
20160705075036,SA1,101124,KHALIDI,KASSIMU,IDENT
20160705075046,SA6,900682,BENEDICT,ELIAS,IDENT
20160705075052,SA6,900560,DEOGRASIAS,STEPHIN,IDENT
20160705075054,SA1,900708,OMARY,ABDALLAH,IDENT
20160705075059,SA1,900709,MRISHO,ATHUMANI,IDENT
20160705075110,SA5,901332,NASRA,MSANYA,IDENT
20160705075115,SA6,900131,FRANK,MAKWABU,IDENT
20160705075129,SA6,900017,FIKA,JOMSON,IDENT
20160705075145,SA6,900407,CHRISTIAN ,NGONYANI,IDENT
20160705075213,SA5,901334,SHAIBU,KASANGA,IDENT
20160705075217,SA6,900458,KIBWANA,SAIDI,IDENT
20160705075222,SA6,901440,UMMY,KWANGALA,IDENT
20160705075242,SA6,900402,BARAKA,MVUNGI,IDENT
20160705075303,SA6,900016,FATUMA,HAMISI,IDENT
20160705075327,SA6,900100,AROBOGAST,MOGELLA,IDENT
20160705075354,SA4,901068,CATHERINE,MATENGO,IDENT
20160705075356,SA6,900468,MICHAEL,IBRAHIM,IDENT
20160705075318,SA1,101114,ABUBAKARI,KHALIDI,IDENT
20160705075403,SA5,901329,ELIWA ,SHAO,IDENT
20160705075415,SA1,101134,HASSAN,KAPANYA,IDENT
20160705075419,SA1,101118,MANENO,RAMADHANI,IDENT
20160705075425,SA1,900715,ELIASI,KIZITO,IDENT
20160705075429,SA1,900843,KHALFANI,SHABAN,IDENT
20160705075434,SA1,900513,SALEHE,BAKARI,IDENT
20160705075436,SA5,901326,ALLY,MBONDE,IDENT
20160705075453,SA6,900174,SOSTHENES,MUKAMA,IDENT
20160705075501,SA1,101589,AMIRI,YAHAYA,IDENT
20160705075525,SA1,101530,SIMON,YOHANA,IDENT
20160705075535,SA2,100624,HALIMA,KAMOTE,IDENT
20160705075540,SA1,900706,MECKLEEN,NANGEDA,IDENT
20160705075542,SA6,900465,MARTIN,KIDUNGU,IDENT
20160705075544,SA2,100596,ISMAIL,RAMADHANI,IDENT
20160705075551,SA2,101587,SHAMIM,FUNDI,IDENT
20160705075602,SA2,100633,HADIJA,MMANGA,IDENT
20160705075608,SA1,200053,MIKIDADI,NGODU,IDENT
20160705075610,SA5,200171,RESPICIUS, NDYAMUKAMWA,IDENT
20160705075619,SA6,900629,MICHAEL,ZAMBETAKIS,IDENT
20160705075626,SA3,900874,LUCY,ELIAS,IDENT
20160705075646,SA6,900292,ROSE,CHIKAWE,IDENT
20160705075650,SA2,100638,AMINA,CHETE,IDENT
20160705075700,SA6,900703,MUSSA,MTALI,IDENT
20160705075715,SA2,901453,JOHNSON,MUNISI,IDENT
20160705075719,SA6,900435,HASSAN,NKHAMBI,IDENT
20160705075723,SA6,E021,RAJA,SWAMINATHAN,IDENT
20160705075728,SA6,E077,SUMIT,BHATNAGAR,IDENT
20160705075747,SA6,900107,MSELEM,MSELEM,IDENT
20160705075815,SA4,900944,FROLA,KAMARA,IDENT
20160705075841,SA6,E041,JAGAN MOHAN,YERUVA,IDENT
20160705075846,SA2,200313,GADISON,ROSENIUS,IDENT
20160705075849,SA6,E060,ANOOP,TIWARI,IDENT
20160705075851,SA2,901449,BONIFAS,ANGANILE,IDENT
20160705075854,SA2,901441,CHRISTOPHER ,MUSHI,IDENT
20160705075856,SA2,901452,STEVEN,CHUWA,IDENT
20160705075858,SA2,901447,MASHAKA,MATEKELE,IDENT
20160705075903,SA2,200318,JOSHUA , PAULO,IDENT
20160705075906,SA2,200309,RAMADHANI,KIHILE,IDENT
20160705075911,SA2,901273,HELLEN,KIZWALO,IDENT
20160705075917,SA6,E037,SRINIVAS,DANTU,IDENT
20160705075944,SA2,200316,DENIS,JOHNSON,IDENT
20160705075852,SA1,900711,ATHUMAN,IDDI,IDENT
20160705075858,SA1,900425,GEORGE,JOSEPH,IDENT
20160705075917,SA1,900499,HASSAN,HAULE,IDENT
20160705075919,SA4,901266,AZIZA,KAKOMBE,IDENT
20160705075922,SA1,900712,JUMA,JUMBE,IDENT
20160705075928,SA1,900515,SHOMARI,KIMBWEMBWE,IDENT
20160705075932,SA1,101531,RASHIDI,BAKARI,IDENT
20160705075937,SA1,900713,ANICET,ABEL,IDENT
20160705075943,SA1,900500,HEMEDI,KANIKI,IDENT
20160705075959,SA6,900431,HAMADI,ZUBERI,IDENT
20160705080006,SA6,900581,SAADA,MUHINTE,IDENT
20160705080009,SA6,901560,FREDRICK,MUSHI,IDENT
20160705080013,SA6,900584,LUCY,MACHAI,IDENT
20160705080026,SA2,901451,JUSTINE,MKUDE,IDENT
20160705080028,SA6,900393,ALLY,MTWALE,IDENT
20160705080040,SA1,900230,LUICE,JOHN,IDENT
20160705080051,SA6,900494,YOHANA,LUSANA,IDENT
20160705080117,SA1,900241,STANLEY,KASIAN,IDENT
20160705080123,SA1,900225,JOHN,FREDRICK,IDENT
20160705080127,SA2,200351,MICHAEL,MICHAEL,IDENT
20160705080235,SA6,900470,MODEST,NJAU,IDENT
20160705080241,SA6,E078,SANJAY,GOYAL,IDENT
20160705080244,SA6,900103,FREDNAND,JACKSON,IDENT
20160705080254,SA5,901335,YONA,MAPELELE,IDENT
20160705080341,SA6,900268,GWANTWA,MWASYEBULE,IDENT
20160705080348,SA6,900430,GWAKISA,MWAKASAGURE,IDENT
20160705080353,SA6,E076,KAILASH,MONEN,IDENT
20160705080400,SA6,900436,HONEST,MATEMU,IDENT
20160705080405,SA2,101510,SALOME,DUA,IDENT
20160705080413,SA6,900165,RAMADHANI,NYENJE,IDENT
20160705080429,SA6,900439,IDDI,MOHAMED,IDENT
20160705080437,SA6,E069,SHANTANU,KULKARNI,IDENT
20160705080444,SA1,900236,PENDO,MAGIGE,IDENT
20160705080452,SA6,900155,MWANAFATIMA,MATIPA,IDENT
20160705080456,SA6,900454,KHALFAN,AMOUR,IDENT
20160705080459,SA6,900414,EMMANUEL ,SERAPHINE,IDENT
20160705080501,SA1,900507,KANTI,KADIRI,IDENT
20160705080503,SA6,900620,AYOUB,MTAFUNGWA,IDENT
20160705080506,SA1,101529,SELEMAN,RAMADHANI,IDENT
20160705080507,SA6,E043,VAGEESH,KUMAR,IDENT
20160705080510,SA1,900219,GEORGE,SAMATA,IDENT
20160705080515,SA1,900502,IMAM,AJABU,IDENT
20160705080529,SA1,900753,ALBERT,MASAWE,IDENT
20160705080536,SA6,900488,THOBIAS,KIWELU,IDENT
20160705080540,SA5,901382,KONDO,MOHAMED,IDENT
20160705080559,SA6,900472,MWALIMU,SELEMANI,IDENT
20160705080607,SA6,900390,ALBERT,KANENDA,IDENT
20160705080621,SA6,900481,RICHARD,KWEYAMBA,IDENT
20160705080630,SA6,900007,ANNA,DUA,IDENT
20160705080637,SA1,900224,JABIRI,AMANZI,IDENT
20160705080640,SA6,900108,NORAH,CLEMENCE,IDENT
20160705080644,SA1,101143,ISMAIL,KONDO,IDENT
20160705080645,SA6,900151,LISSY,KIGONJOLA,IDENT
20160705080707,SA6,901432,AMINA,SOGOI,IDENT
20160705080724,SA6,900416,ERICK,DAUD,IDENT
20160705080743,SA1,900503,JANE,RWEHUMBIZA,IDENT
20160705080831,SA6,900004,AGATHA,KAYOMBO,IDENT
20160705080835,SA6,900464,MARTHA,MWIKOLA,IDENT
20160705080946,SA6,900462,MANDZEL,KWIMBA,IDENT
