20170804092938,SA6,900100,AROBOGAST,MOGELLA,IDENT
20170804101258,SA6,901438,MARY,JOSEPH,IDENT
20170804103031,SA6,900008,ANNE,MCHUMA,IDENT
20170804125221,SA1,900706,MECKLEEN,NANGEDA,IDENT
20170804125449,SA6,900035,MOHAMED,HAUSI,IDENT
20170804130247,SA1,900760,OMARY,MHAGAMA,IDENT
20170804132318,SA1,900031,LUCAS,MABUYE,IDENT
20170804132534,SA6,900261,FRANCIS,MAKOTI,IDENT
20170804133201,SA1,900249,AMIRI,MZEE,IDENT
20170804133309,SA5,901409,MAGRETH,NGOSI,IDENT
20170804133314,SA5,901289,CONSOLATHA,RAPHAEL,IDENT
20170804133346,SA4,901066,ZULEHA,MOHAMED,IDENT
20170804133418,SA4,901220,AGNESS,MWAMBENGO,IDENT
20170804133418,SA5,901210,ROSE,CHUWA,IDENT
20170804133426,SA4,900966,ZUHURA,KIJIMBO,IDENT
20170804133507,SA4,901112,BUSHRA,SALUM,IDENT
20170804133510,SA1,900799,RAJABU,RUBASHA,IDENT
20170804133513,SA4,901145,ADELINA,MALEMA,IDENT
20170804133525,SA5,900896,HADIJA , KIHEGO,IDENT
20170804133549,SA5,901055,ZAINABU,OMARY,IDENT
20170804133618,SA4,901036,AZIZA,MANGETU,IDENT
20170804133624,SA4,900937,UPENDO,MLEWA,IDENT
20170804133630,SA2,901038,AMINA,MDOE,IDENT
20170804133631,SA4,901120,MERCY,MONGI,IDENT
20170804133638,SA2,901009,MOSHI,SAIDI,IDENT
20170804133643,SA2,901049,REDEMTA,DANIEL,IDENT
20170804133648,SA4,901005,HADIJJA,KIJUU,IDENT
20170804133648,SA2,901085,ELIZABETH,NYAMBO,IDENT
20170804133654,SA4,901245,EVERINA,MKETO,IDENT
20170804133654,SA5,900995,MARY,KIAMA,IDENT
20170804133700,SA4,901168,REHEMA ,MWASOMOLA,IDENT
20170804133701,SA6,900132,FRIDA,KIGWA,IDENT
20170804133702,SA5,900907,PAULINA,DEVA,IDENT
20170804133705,SA4,900999,ROSE,MWAMAKOLA,IDENT
20170804133710,SA4,901181,ASNA,SPRIAN,IDENT
20170804133715,SA4,901127,ZAHARA,MBELWA,IDENT
20170804133719,SA4,901102,ORIVER,DAUD,IDENT
20170804133724,SA4,901225,NOELA,YALOT,IDENT
20170804133733,SA4,901152,STELLA,MWAKATOBE,IDENT
20170804133742,SA4,901018,AISHA,KIBINDO,IDENT
20170804133805,SA4,901163,SIJALI,MKELE,IDENT
20170804133842,SA4,900911,NEEMA,URASSA,IDENT
20170804133850,SA4,901043,ANNA,JOHN,IDENT
20170804133855,SA4,900926,AMINA,KONDO,IDENT
20170804133859,SA5,901288,EPIPHANIA,LUKWI,IDENT
20170804133901,SA4,901222,DEBORA,FILIPATALI,IDENT
20170804133911,SA4,901007,MODESTA,JOGOO,IDENT
20170804133918,SA2,901016,HALIFA,MOHAMED,IDENT
20170804133919,SA4,900958,SOPHIA,LIKONGO,IDENT
20170804133925,SA4,900973,SHARIFA,LIYAYA,IDENT
20170804133931,SA4,901257,FRIDA,MHELELA,IDENT
20170804133939,SA4,901011,JANE,SIMON,IDENT
20170804133939,SA5,900964,RAPHAEL,MBOKO,IDENT
20170804133944,SA4,901252,JENIPHA,CHIZA,IDENT
20170804133944,SA2,901148,IBRAHIM,MZENTO,IDENT
20170804133949,SA5,901367,BEATHA,MLOSO,IDENT
20170804133949,SA6,900611,EVARIST,MPINGAURUGU,IDENT
20170804133950,SA4,900997,MARY,ONDURU,IDENT
20170804133951,SA5,901402,ALLY,SELEMAN,IDENT
20170804133955,SA4,900913,ASHURA,NGUMBE,IDENT
20170804134003,SA4,900888,AMINA,NGAINA,IDENT
20170804134008,SA4,901104,MWANAHAWA,HASSAN,IDENT
20170804134015,SA4,900952,SALAMA,MOHAMAD,IDENT
20170804134029,SA1,900814,MARTIN,MUHANDO,IDENT
20170804134035,SA4,901001,AMINA,MUYA,IDENT
20170804134040,SA4,901063,RACHEL,MZOROZORO,IDENT
20170804134147,SA6,900168,RAZAKI,MTINDA,IDENT
20170804134246,SA6,900140,IGNATUS,MLANGWA,IDENT
20170804134356,SA6,900015,EMMANUEL ,CLEMENT,IDENT
20170804134113,SA5,900951,MWAJUMA,AIDAN,IDENT
20170804134115,SA4,901008,GRESS,KOBA,IDENT
20170804134134,SA4,900872,ZALAU,NGWELE,IDENT
20170804134140,SA4,901251,GATI,NYANTUMAN,IDENT
20170804134147,SA4,901133,HUSNA,SENGAMBA,IDENT
20170804134153,SA4,901219,MARIAM,MUSSA,IDENT
20170804134158,SA4,901155,GRACE,MUHONO,IDENT
20170804134159,SA5,901086,ELIWAZA,MWIGOHA,IDENT
20170804134202,SA4,901173,BAHATI,MAKAMBA,IDENT
20170804134203,SA5,900866,FLORA,DAMAS,IDENT
20170804134209,SA4,900985,BAHATI,SARAPIONI,IDENT
20170804134210,SA5,900887,ELITABETH,GOMELO,IDENT
20170804134217,SA4,901106,MARYNIA,KAYOMBO,IDENT
20170804134244,SA4,901023,AMINA,CHAKWE,IDENT
20170804134258,SA5,901418,ISAYA ,SAWASAWA,IDENT
20170804134312,SA5,900960,AGNESS,NAWAHIGA,IDENT
20170804134327,SA4,900890,OLIVER,UDOBA,IDENT
20170804134343,SA4,901050,MARIAM,SAIDI,IDENT
20170804134349,SA4,901124,TABIA,OMARY,IDENT
20170804134404,SA4,901253,JOYCE,KESI,IDENT
20170804134411,SA5,900884,HADIJA,GOGO,IDENT
20170804134418,SA4,901141,HADIJA,SALUM,IDENT
20170804134425,SA4,901116,GRACE,KAHANGE,IDENT
20170804134429,SA4,901118,LILIAN,MREMA,IDENT
20170804134437,SA4,901146,MARTHA,MAKOTI,IDENT
20170804134447,SA5,901331,DIANA,KABYEMELA,IDENT
20170804134512,SA4,901130,NURU,DAUDI,IDENT
20170804134518,SA4,901234,ANITHA,AHALIELI,IDENT
20170804134522,SA5,901295,ELLASIA,WILLIUM,IDENT
20170804134529,SA5,901361,MARRY,MLIUNJA,IDENT
20170804134530,SA4,901267,NEEMA ,MWAMANYE,IDENT
20170804134532,SA2,901041,JACKLINI,MBOYA,IDENT
20170804134534,SA5,900900,HELENA,SENZUGWAKO,IDENT
20170804134539,SA2,900977,MWANAHAMISI,MUNKUNDA,IDENT
20170804134539,SA5,901406,PASCAL,STANLEY,IDENT
20170804134545,SA2,901021,NEEMA ,MWANGO,IDENT
20170804134545,SA5,901384,JOSHUA,KITUNDU,IDENT
20170804134546,SA4,900991,CHRISTINA,JAILOS,IDENT
20170804134551,SA5,901355,HALIMA,SANANE,IDENT
20170804134619,SA4,901138,JOYCE,CHEMRA,IDENT
20170804134625,SA4,901161,NURU,MOHAMED,IDENT
20170804134632,SA4,901171,ESTHER,MUNGUTI,IDENT
20170804134638,SA4,900893,JOYCE,MCHOMVU,IDENT
20170804134643,SA4,900889,SALMA,MWAWILA,IDENT
20170804134650,SA4,900970,MARIA,ELIESEL,IDENT
20170804134655,SA4,901215,MWANAIDI,KOLOKO,IDENT
20170804134657,SA5,901559,MARIAM,JUMA,IDENT
20170804134706,SA5,901369,RECHO,MSHUMBUSI,IDENT
20170804134707,SA4,901000,AGNES,MTYANGILE,IDENT
20170804134713,SA5,901416,YONA,MUSA,IDENT
20170804134714,SA4,901238,MARIAM,SELEMANI,IDENT
20170804134717,SA5,901283,KEDMOND,KAMOGA,IDENT
20170804134726,SA4,900918,MARIAM,RAMADHANI,IDENT
20170804134730,SA4,901126,YUNIS,LULANDALA,IDENT
20170804134739,SA4,901170,BAHATI,SHABANI,IDENT
20170804134740,SA2,900987,PILLY,MWAWILA,IDENT
20170804134743,SA4,900878,AISHA,KIZINGA,IDENT
20170804134747,SA5,901296,STELLA,LUGOME,IDENT
20170804134751,SA4,901207,AISHA,ABEID,IDENT
20170804134756,SA4,901172,AGNES,STEVEN,IDENT
20170804134801,SA4,900910,ZAINABU,SADALLAH,IDENT
20170804134811,SA5,900892,MWANIA,PEMBE,IDENT
20170804134817,SA5,901061,MWAJUMA,ABDALLAH,IDENT
20170804134819,SA6,900647,JOHANSEN,MPANJU,IDENT
20170804134819,SA4,901081,PILI,MDEDE,IDENT
20170804134823,SA5,901192,ASMA,KONDO,IDENT
20170804134824,SA4,901057,ANNA,KITOMARY,IDENT
20170804134826,SA6,900124,DAUDI,ELIFALETH,IDENT
20170804134829,SA1,900730,UHURU,MARWA,IDENT
20170804134829,SA4,901070,FLORA,MSAMLA,IDENT
20170804134831,SA6,900404,BRYANT,NYENYEMBE,IDENT
20170804134834,SA4,901274,AMINA,KAHABUKA,IDENT
20170804134839,SA5,901593,Mpelwa,Ndoshi,IDENT
20170804134841,SA4,901058,HAMIDA,MATIPA,IDENT
20170804134848,SA4,901077,CONSOLATH,MATERU,IDENT
20170804134853,SA4,901213,HABIBA,NJIKU,IDENT
20170804134855,SA1,900154,MWAJUMA,MSAKUZI,IDENT
20170804134903,SA6,900489,TUMAINI,MNZAVA,IDENT
20170804134904,SA5,901323,AMINA,HAMISI,IDENT
20170804134908,SA4,901131,ESTA,KWEKA,IDENT
20170804134911,SA1,900754,ROBERT,JORAM,IDENT
20170804134917,SA4,901228,CESILIA,MBABUYE,IDENT
20170804134922,SA4,901249,HILDA,MWAZEMBE,IDENT
20170804134938,SA4,901262,HADIJA,SALUM,IDENT
20170804134941,SA6,900040,MWAJUMA,KATONA,IDENT
20170804134946,SA2,901073,SALMA,MUHARAMU,IDENT
20170804134950,SA5,901236,FATIMA,ALLY,IDENT
20170804134952,SA2,901125,TAUSI,SHABANI,IDENT
20170804134957,SA5,900886,ELIZABERTH,KIJA,IDENT
20170804135007,SA4,901214,MARIAM,OMAR,IDENT
20170804135012,SA4,901237,ZUBEDA,KIMARO,IDENT
20170804135014,SA2,901230,KUDRA,BAKARI,IDENT
20170804135016,SA4,901187,MONICA,SHEMBONI,IDENT
20170804135022,SA4,900928,MARIA,MAGWE,IDENT
20170804135022,SA5,901309,SALMA,RAFIKI,IDENT
20170804135026,SA4,900984,SALAMA,BIGE,IDENT
20170804135038,SA5,901413,LEILA,KIMBENGELE,IDENT
20170804135043,SA5,901374,NASRA,HAMADI,IDENT
20170804135118,SA2,901079,AGNESS,HAJI,IDENT
20170804135124,SA2,901054,FATUMA,MUHANDO,IDENT
20170804135128,SA2,901075,AGATHA,JAMALI,IDENT
20170804135159,SA6,900128,ENELES,MBWAGA,IDENT
20170804135204,SA6,900130,FATUMA,CHOMBO,IDENT
20170804135342,SA6,900567,BAKARI,BELEKETE,IDENT
20170804135101,SA4,901153,MAGRETH,ZANUARI,IDENT
20170804135148,SA5,901201,DEOGRATIUS,KESSY,IDENT
20170804135151,SA4,901142,SOPHIA,YUSUPH,IDENT
20170804135210,SA4,901103,MWATANGA,DIENI,IDENT
20170804135214,SA2,900982,MWANAKOMBO,KHALID,IDENT
20170804135216,SA4,901064,SAID,RAMADHANI,IDENT
20170804135217,SA1,900758,MOHAMEDY,ATHUMANI,IDENT
20170804135222,SA1,900735,ZAINABU,MOHAMEDI,IDENT
20170804135223,SA4,901139,HAPPY ,ZAKAYO,IDENT
20170804135226,SA1,900776,ZUBERI,MOHAMED,IDENT
20170804135229,SA4,901224,ANNA,NYAKAPALA,IDENT
20170804135231,SA1,900823,TADEO,MAPEMA,IDENT
20170804135234,SA5,901379,JUMA,MAKALA,IDENT
20170804135238,SA4,901014,LUCY,THOMAS,IDENT
20170804135302,SA2,901101,RAJABU,MOHAMMED,IDENT
20170804135303,SA4,901082,EDINA,JOHN,IDENT
20170804135304,SA5,901308,MADINA,ATHUMANI,IDENT
20170804135310,SA4,900975,EDINA,MZUNGU,IDENT
20170804135310,SA5,901328,MARRY,SHOO,IDENT
20170804135316,SA1,900738,MOHAMED,NGODA,IDENT
20170804135320,SA1,900773,FELIX,CHRISTOPHER,IDENT
20170804135322,SA1,900244,YOHA,MSANGI,IDENT
20170804135326,SA2,900864,TECLA,SAMWEL,IDENT
20170804135328,SA5,900873,SELEN,JUMA,IDENT
20170804135335,SA2,901248,MAGRETH,MASAWE,IDENT
20170804135337,SA4,901003,SALAMA,KADALA,IDENT
20170804135338,SA5,900877,IRENE,GABRIEL,IDENT
20170804135346,SA2,901233,SAMI,MTITIMA,IDENT
20170804135346,SA5,901312,VUMILIA,NDEGE,IDENT
20170804135359,SA5,901340,FELIX,MAKANYA,IDENT
20170804135403,SA5,901421,ALFRED,MUGHWAI,IDENT
20170804135406,SA5,901400,DANIEL,MAKAYA,IDENT
20170804135407,SA4,901156,SAID,HAMISI,IDENT
20170804135413,SA4,900942,CHRISTINA,MWENDA,IDENT
20170804135415,SA5,901347,JAMES,MAJIJI,IDENT
20170804135429,SA2,901044,SUZANA,KIMARO,IDENT
20170804135429,SA4,900920,PILLI,SAIDI,IDENT
20170804135437,SA2,900957,HADIJA,MKOTA,IDENT
20170804135446,SA5,900875,ASHA,MALINBWI,IDENT
20170804135450,SA1,900809,JAMES,MWENDA,IDENT
20170804135453,SA1,900795,ALLY,LIKIWA,IDENT
20170804135454,SA4,901270,NAOMI,OBONG,IDENT
20170804135456,SA1,900726,ABDALLAH,CHOBO,IDENT
20170804135500,SA1,900826,VITALIS,HOTTI,IDENT
20170804135507,SA5,900903,RUKIA,MOHAMED,IDENT
20170804135558,SA1,900820,SALUM,KAISI,IDENT
20170804135603,SA4,900847,ZAINABU,SINGANO,IDENT
20170804135603,SA5,901095,BEATA,KOMBA,IDENT
20170804135608,SA4,901135,REHEMA,OMARY,IDENT
20170804135608,SA5,900990,JANE,MHONGOLE,IDENT
20170804135613,SA5,901310,MARIAM,BELEKO,IDENT
20170804135613,SA4,900965,HERMAN,MAKOKO,IDENT
20170804135616,SA4,901176,FATUMA,MASOUD,IDENT
20170804135621,SA4,901053,DORIS,JOHN,IDENT
20170804135623,SA1,900777,MNADI,MRAJAA,IDENT
20170804135626,SA1,900743,JUMA,ISEMA,IDENT
20170804135627,SA4,901029,MARIAM,MWETEMBO,IDENT
20170804135629,SA1,900744,SILVESTER,KAHINDI,IDENT
20170804135634,SA5,901414,EMMANUEL,BANDIKO,IDENT
20170804135635,SA1,900728,JAMAL,MRISHO,IDENT
20170804135638,SA1,900808,HEONANI,BAJANA,IDENT
20170804135639,SA5,900861,MWAJABU,BAKARI,IDENT
20170804135643,SA4,901260,AISHA,MNEKA,IDENT
20170804135644,SA1,900415,EMMANUEL,JONAS,IDENT
20170804135649,SA4,900956,DIANA,LEMA,IDENT
20170804135650,SA1,900797,ASHAM,MUSA,IDENT
20170804135654,SA4,901033,TATU,ISSA,IDENT
20170804135700,SA5,901293,JOHARI,MAHARIA,IDENT
20170804135708,SA6,900579,GRAYSON,KUNZUGALA,IDENT
20170804135719,SA4,901093,SHARON,IBRAHIM,IDENT
20170804135740,SA4,900948,VERONICA,MFILINGE,IDENT
20170804135807,SA6,900451,KASSIM,MALICK,IDENT
20170804135829,SA5,901303,TAUSI,KATULA,IDENT
20170804135834,SA5,901427,JESCA,NGUMBU,IDENT
20170804135926,SA4,901108,AISHA,WILLIUM,IDENT
20170804135931,SA1,900225,JOHN,FREDRICK,IDENT
20170804135936,SA1,900816,MICHAEL,HUSEIN,IDENT
20170804135943,SA1,900750,JACOB,KAWALE,IDENT
20170804135944,SA6,900395,AMOS,MIMBI,IDENT
20170804135951,SA5,900853,DEVOTHA,ELIAS,IDENT
20170804135952,SA4,901129,FELISTA,NYAHENGE,IDENT
20170804135956,SA5,900849,IRENE,MMARI,IDENT
20170804135959,SA6,900580,BARAKA,MAGAFU,IDENT
20170804140002,SA2,901223,HAPPY,MKWEPU,IDENT
20170804140002,SA4,901030,VERONICA,WANGWE,IDENT
20170804140002,SA1,900214,BRUNO,FREDRICK,IDENT
20170804140007,SA4,901076,AGNESS,NGAPONDA,IDENT
20170804140010,SA2,901072,TATU,ATHUMAN,IDENT
20170804140013,SA4,901114,FARIDA,AMBLOS,IDENT
20170804140018,SA4,900996,LILIAN,RASHIDI,IDENT
20170804140021,SA5,901205,JAMILA,MASONGI,IDENT
20170804140021,SA1,900722,ELIZABETH,MATHIUS,IDENT
20170804140023,SA2,901134,NURU,MULONGANILE,IDENT
20170804140024,SA4,901241,FATUMA,JUMA,IDENT
20170804140026,SA5,900879,RAHMA,KILO,IDENT
20170804140028,SA2,900976,LUCY,STANLEY,IDENT
20170804140029,SA4,901027,EDDA,MWAKIBINGWA,IDENT
20170804140033,SA4,901206,AISHA,MKUMBA,IDENT
20170804140035,SA5,901094,MARTINA,FISSO,IDENT
20170804140037,SA1,900220,HAMISI,NJOCHOLA,IDENT
20170804140037,SA2,900959,REHEMA,LYOWA,IDENT
20170804140039,SA4,900946,RAHMA,MWIMBA,IDENT
20170804140040,SA5,901395,HASHIM,HAIZA,IDENT
20170804140041,SA2,900930,TABIA,DOGOLI,IDENT
20170804140044,SA4,901216,ASHA,RAMADHANI,IDENT
20170804140050,SA4,901113,ELIZABETH,SHIRIMA,IDENT
20170804140051,SA2,901020,VICTORIA,MWALUANDA,IDENT
20170804140057,SA2,900945,ELIZABETH,MREMA,IDENT
20170804140102,SA2,900933,WINFRIDA,LUSEBA,IDENT
20170804140107,SA2,901184,GRACE,NGALABA,IDENT
20170804140112,SA2,900908,SALMA,RWAMBANO,IDENT
20170804140118,SA2,900921,MWAJUMA,IDDI,IDENT
20170804140124,SA2,900905,AMINA,MUHIDINI,IDENT
20170804140129,SA2,901035,AGNES,NKONJELWA,IDENT
20170804140325,SA6,900662,ABDALLAH,ABEID,IDENT
20170804140332,SA6,900575,CHRISTINA ,SENYANGWA,IDENT
20170804140352,SA6,900626,AUGUSTINO,CHITANDA,IDENT
20170804140407,SA6,900487,STEPHEN,KAMBWEMBWE,IDENT
20170804140055,SA4,901182,RENIFRIDA,NGUMBU,IDENT
20170804140058,SA5,901287,REGINA,JEMES,IDENT
20170804140102,SA4,901128,ZAITUNI,SOGOI,IDENT
20170804140108,SA4,900972,SAFINA,ABEID,IDENT
20170804140108,SA5,901300,ANNA,TEMBA,IDENT
20170804140117,SA4,900993,MARIAM,MSUMALI,IDENT
20170804140119,SA5,901290,AGNES,SALAWA,IDENT
20170804140123,SA5,901378,HOYCE,TILLYA,IDENT
20170804140125,SA4,901022,SILIVIA,SHAYO,IDENT
20170804140131,SA5,901388,OSWALD,SHILLA,IDENT
20170804140135,SA5,901285,THABIT,ALLY,IDENT
20170804140136,SA4,901198,MANEO,ATHUMANI,IDENT
20170804140136,SA1,900819,PATRICK,MTONDOLA,IDENT
20170804140139,SA2,900943,MWAMINI,MPANGULE,IDENT
20170804140144,SA2,901031,AMINA,BAKARI,IDENT
20170804140144,SA4,901006,RUKIA,ALLY,IDENT
20170804140146,SA1,901557,WALTER,MAYA,IDENT
20170804140148,SA2,901150,CHRISTINA,MBODE,IDENT
20170804140153,SA2,900923,HELENA,KHAJI,IDENT
20170804140156,SA1,900806,GODFREY,KIHAWA,IDENT
20170804140159,SA1,900455,KHALFAN,OMARI,IDENT
20170804140202,SA5,901380,BISURA,MCHELEO,IDENT
20170804140203,SA1,900802,EMANUEL,SILAYO,IDENT
20170804140205,SA1,900801,DAVID ,MWANJA,IDENT
20170804140206,SA2,901084,MARIA ,SANGA,IDENT
20170804140209,SA5,901319,CHRISTINA,TATI,IDENT
20170804140211,SA2,901105,MTUMWA,ALLY,IDENT
20170804140216,SA4,901132,HEAVENLIGHT,NKYA,IDENT
20170804140217,SA2,900906,MARYSTELA,MCHOME,IDENT
20170804140222,SA2,901261,ZAINA,KILWANDA,IDENT
20170804140230,SA1,900790,ISIHAKA,IDDI,IDENT
20170804140231,SA2,901024,ASIA,KARATA,IDENT
20170804140232,SA1,900771,DATIUS,MARTINE,IDENT
20170804140252,SA5,901321,ELIZABET,MHIMBA,IDENT
20170804140256,SA4,901111,ASIA,MSHAMU,IDENT
20170804140300,SA1,900761,CHRISTOPHER,MFUNGO,IDENT
20170804140303,SA4,901244,SWAUMU,HIMBU,IDENT
20170804140304,SA2,901037,FADINA,IBRAHIM,IDENT
20170804140307,SA5,901399,DIANA,NDONGO,IDENT
20170804140309,SA2,900927,SAADA,SALUM,IDENT
20170804140317,SA2,901032,MARISELINA,NGULI,IDENT
20170804140322,SA2,900934,MWAJABU,MARIDADI,IDENT
20170804140328,SA2,901096,SAMWELI,MANGARE,IDENT
20170804140331,SA2,901167,KELVIN,NGOZI,IDENT
20170804140333,SA1,900716,JUMA,JUMANNE,IDENT
20170804140337,SA2,901196,BONIPHACE,NGESI,IDENT
20170804140344,SA4,900968,TAUSI,SIMBA,IDENT
20170804140344,SA1,900450,JUMA,RAMADHANI,IDENT
20170804140348,SA2,901149,EPIFANI, MBOKO,IDENT
20170804140348,SA1,900578,MTARI,MAGINGA,IDENT
20170804140348,SA5,901327,EMERY,MSUNGU,IDENT
20170804140349,SA4,901143,LINES,PILLI,IDENT
20170804140352,SA4,900904,ANNA,MAGEMBE,IDENT
20170804140400,SA4,901193,VICTORIA,MWAMPEGETE,IDENT
20170804140404,SA4,901190,NEEMA,MNYALAPE,IDENT
20170804140410,SA4,901256,AVERINA,AMANDUS,IDENT
20170804140414,SA4,900962,JOSEPH,ELISAFI,IDENT
20170804140419,SA4,901235,TUMAIN,MUNGURE,IDENT
20170804140421,SA5,901423,CONSOLATHA,JOSEPH,IDENT
20170804140426,SA5,901358,MWANAHAMIS ,MSUYA,IDENT
20170804140426,SA2,901246,VERONICA,MTENGWA,IDENT
20170804140427,SA1,900811,JUMA,HUMBE,IDENT
20170804140429,SA2,900846,SARA,CHIDUNI,IDENT
20170804140432,SA2,901091,FARIDA,LYIMO,IDENT
20170804140432,SA4,901185,JOYCE,SAMWEL,IDENT
20170804140436,SA4,900988,UPENDO,PETER,IDENT
20170804140437,SA2,900885,AMINA,MZARA,IDENT
20170804140440,SA5,901394,TERESIA,MHAMBO,IDENT
20170804140446,SA4,900897,SWAUMU,SAIDI,IDENT
20170804140503,SA4,900931,JOHARI,KIMARO,IDENT
20170804140503,SA1,900456,KHALIFA,BASHILI,IDENT
20170804140509,SA4,900994,MWAISHA,MWAMOTO,IDENT
20170804140514,SA4,900992,AGNES,MEJA,IDENT
20170804140521,SA4,901212,JASMINI,MOHAMED,IDENT
20170804140530,SA6,900443,JABIRI,RAMADHANI,IDENT
20170804140535,SA5,901385,ABDALLA,MGAYA,IDENT
20170804140548,SA4,901034,STAMILI,MUSSA,IDENT
20170804140549,SA5,901408,SAIDI,MAKALA,IDENT
20170804140552,SA4,901089,HARUNA,ATHUMANI,IDENT
20170804140554,SA5,901404,AWAZI,SALIM,IDENT
20170804140559,SA4,901186,FROLA,KILIMA,IDENT
20170804140602,SA5,901315,FIDEA,AGUSTINO,IDENT
20170804140607,SA1,900001,ABDALLAH,JUMANNE,IDENT
20170804140618,SA1,900384,ABDALLA,SAIDI,IDENT
20170804140621,SA5,901229,ANNA,NGAPONDA,IDENT
20170804140626,SA5,901349,HABIBU,BAKARI,IDENT
20170804140631,SA5,901366,LYDIA,MAKENE,IDENT
20170804140650,SA5,901350,ALFRED,CHARLES,IDENT
20170804140704,SA5,901098,GERALD,MBAUKA,IDENT
20170804140715,SA1,900240,SOSTHENES,MANYAMA,IDENT
20170804140717,SA1,900779,MUSTAFA,HAMISI,IDENT
20170804140720,SA1,900727,GEORGE,GREAD,IDENT
20170804140723,SA5,901341,JESSE,JEREMIA,IDENT
20170804140725,SA4,901180,FURAHA,TEMBA,IDENT
20170804140730,SA5,901200,INOCENT , KIFUMU,IDENT
20170804140735,SA1,900218,GEDDY,SONENGA,IDENT
20170804140759,SA5,901294,RATIFA,KAPINGA,IDENT
20170804140805,SA5,901373,ADELA,MSAGA,IDENT
20170804140814,SA6,900406,CHAUREMBO,MWINYI,IDENT
20170804140814,SA5,901371,YASINTA,LEKERI,IDENT
20170804140820,SA6,900586,MOHAMED,SOLOKA,IDENT
20170804140827,SA6,900703,MUSSA,MTALI,IDENT
20170804140831,SA2,900844,AISHA,MSOMI,IDENT
20170804140833,SA5,901191,ROSE,BENARD,IDENT
20170804140837,SA5,901202,VITALIS,KESSI,IDENT
20170804140842,SA5,901097,EMANUEL,MSOKWA,IDENT
20170804140850,SA2,901271,RACHEL,MCHOVU,IDENT
20170804140851,SA6,900127,DUNCAN,MHANDO,IDENT
20170804140856,SA5,901286,AGNES,LUCAS,IDENT
20170804140901,SA5,901317,ASHA,HAMISI,IDENT
20170804140906,SA5,901425,HIDAYA,KASSIM,IDENT
20170804140909,SA5,901376,ZAINABU ,SALUM,IDENT
20170804140914,SA5,901354,AISHAH,OTHUMANI,IDENT
20170804140943,SA4,900895,CATHERINE,CHIGOGOLO,IDENT
20170804140946,SA6,900025,JOYCE,MAGANGA,IDENT
20170804140950,SA1,900440,IDRISA,KIMARO,IDENT
20170804140953,SA4,901194,ELINA,ABEL,IDENT
20170804141001,SA2,901083,HADIJA,MPAMBA,IDENT
20170804141001,SA1,900769,JAMES,MACKLINE,IDENT
20170804141006,SA1,900783,DAMIAN,ALONE,IDENT
20170804141011,SA6,900582,ZABRON,TOSSI,IDENT
20170804141037,SA6,900057,ZAITUNI,ABDALLAH,IDENT
20170804141045,SA2,900899,MAGDALENA,SIMAO,IDENT
20170804141201,SA6,900596,DAVID,MWAMPAMBA,IDENT
20170804141211,SA6,900661,ADILILA,KONGA,IDENT
20170804141217,SA6,900661,ADILILA,KONGA,IDENT
20170804141142,SA5,901383,JOAN,OMANDI,IDENT
20170804141147,SA5,900881,ZAINABU,SAIDI,IDENT
20170804141208,SA5,901360,MARRY,MASULUBE,IDENT
20170804141211,SA1,900209,ANGELA,MBESIGWE,IDENT
20170804141243,SA1,900211,BARAKA,MAKI,IDENT
20170804141301,SA5,900863,ANNA,MICHAEL,IDENT
20170804141310,SA5,900901,NEEMA,NYAKOKI,IDENT
20170804141339,SA5,901051,HABIBA,PAZZI,IDENT
20170804141345,SA5,900862,EDINA,MWAKYOMA,IDENT
20170804141357,SA5,901397,LINETH,KYARUS,IDENT
20170804141404,SA5,901211,ANNA,KIMARO,IDENT
20170804141409,SA2,901258,ATHUMAN,KILINDU,IDENT
20170804141412,SA5,901392,STELLA,MTALLO,IDENT
20170804141429,SA1,900778,MARIAM,MICHAEL,IDENT
20170804141440,SA1,900766,JUDITH,GEOFREY,IDENT
20170804141441,SA5,901304,SOPHIA,ALLY,IDENT
20170804141509,SA5,901316,ZUHURA,HAMIS,IDENT
20170804141512,SA4,901045,ASHURA,KATULA,IDENT
20170804141530,SA1,900719,STEPHAN,SIMON,IDENT
20170804141533,SA1,900781,GERALD,JOHN,IDENT
20170804141552,SA5,900898,RUKIA,MATAUKA,IDENT
20170804141555,SA1,900228,KAGERA,MSAMBUSI,IDENT
20170804141600,SA1,900789,KAMPBONA,PASCAL,IDENT
20170804141605,SA1,900818,PASCAL,MIKONDO,IDENT
20170804141612,SA5,900867,AISHA,KIUMBA,IDENT
20170804141615,SA1,900749,EZEKIEL,SOLO,IDENT
20170804141617,SA5,900868,MAIMUNA,JARUFU,IDENT
20170804141622,SA1,900759,ELIAS,YAKOB,IDENT
20170804141623,SA5,900914,HAWA,MWIMBE,IDENT
20170804141628,SA5,900919,ANNA,MPUGE,IDENT
20170804141638,SA5,900883,EDINA,ABED,IDENT
20170804141642,SA1,900233,MUSSSA,ABDALLAH,IDENT
20170804141657,SA5,901301,TUKAE,MUSA,IDENT
20170804141712,SA1,900794,ADAM,SALTIELY,IDENT
20170804141719,SA5,901019,ASHA,NGAMBA,IDENT
20170804141724,SA5,901078,NASMA,LINOGA,IDENT
20170804141749,SA1,900751,TUSKAR,HALFANI,IDENT
20170804141857,SA1,900746,GEDION,BUTENGE,IDENT
20170804141912,SA5,901062,RASHID,MDOE,IDENT
20170804141952,SA6,900396,ANDREW,MSANGI,IDENT
20170804142004,SA5,900939,STELLA,MAGOGWA,IDENT
20170804142008,SA5,900894,NURU,MAKANDE,IDENT
20170804142013,SA6,900417,FABIAN,FABIAN,IDENT
20170804142014,SA5,900947,ANNA,GODISON,IDENT
20170804142021,SA5,900860,AGNESS,LUHUNGO,IDENT
20170804142024,SA5,900891,HINESS,KAAYA,IDENT
20170804142048,SA6,900166,RAMADHANI,KIPENGELE,IDENT
20170804142056,SA1,900281,NAYOPA,MTENDECHI,IDENT
20170804142354,SA6,900474,PHILBERT,MATOGO,IDENT
20170804142105,SA5,900865,CHRISTINA,MAGOWELA,IDENT
20170804142113,SA5,901048,HALIMA,IDDI,IDENT
20170804142132,SA1,900739,EMENUEL,KYEJO,IDENT
20170804142157,SA1,900822,MENRUFU,PILLY,IDENT
20170804142202,SA1,900803,EMMANUEL,YOUZE,IDENT
20170804142218,SA1,900742,PROSPER,POLITHO,IDENT
20170804142222,SA4,901263,JAMIRA,SAIDI,IDENT
20170804142246,SA5,901363,ZUCRA,SWEDI,IDENT
20170804142341,SA1,900786,FARAJI,KILUWA,IDENT
20170804142405,SA5,901025,ASHURA,HAMISI,IDENT
20170804142411,SA5,900916,SABINA,KINGIMALI,IDENT
20170804142417,SA5,900915,DOROTHEA,KILO,IDENT
20170804142519,SA6,900112,ABDALLAH,MIKALAMBILO,IDENT
20170804142550,SA6,900473,NAOMI,GONDA,IDENT
20170804142557,SA1,900752,SIMON,MAPUNDA,IDENT
20170804142607,SA1,900810,JOSEPH,JULIUS,IDENT
20170804142731,SA6,900116,ASHA,ALLY,IDENT
20170804142932,SA6,900476,RAMADHANI,IDD,IDENT
20170804143021,SA1,900723,SAIDI,JUMANE,IDENT
20170804143024,SA1,900768,FILAN,FATAEL,IDENT
20170804143045,SA6,900161,PILLI ,MOHAMED,IDENT
20170804143055,SA6,901433,ESTER,THEOFIL,IDENT
20170804143415,SA1,900740,SPEDICTOR,NGOGO,IDENT
20170804143703,SA1,900216,ELLY,MKONGWE,IDENT
20170804143806,SA6,900170,REHEMA,CHINUNJE,IDENT
20170804144143,SA5,900876,MWASITI,MAULID,IDENT
20170804144215,SA4,900869,FRIDA,MKUMBO,IDENT
20170804144420,SA1,900232,MATIKO ,MICHAEL,IDENT
20170804144425,SA1,900763,SALEHE,NJAGE,IDENT
20170804144431,SA1,900426,GESAGA,RAMADHANI,IDENT
20170804144439,SA1,900745,YUSUPH,NGAPAWA,IDENT
20170804144828,SA6,900436,HONEST,MATEMU,IDENT
20170804145038,SA6,900658,MWASITI,LABOA,IDENT
20170804145133,SA2,901164,SWAUMU,KAYANDA,IDENT
20170804145808,SA2,900969,JEMA,SALUM,IDENT
20170804145955,SA1,900724,HASANI,MRISHO,IDENT
20170804150052,SA2,900954,HABIBA,MDOSE,IDENT
20170804150056,SA2,900986,KAUSE,ABDALLAH,IDENT
20170804150104,SA2,901189,KURUTHUM,KHAMISI,IDENT
20170804150110,SA1,900213,BEDASTUS,PIUS,IDENT
20170804150110,SA2,901092,ASIA,JUMA,IDENT
20170804150223,SA4,900936,SOPHIA,MBONDE,IDENT
20170804150256,SA5,901419,JENIPHA,MWILONGO,IDENT
20170804150445,SA2,900978,ELIZABETH,ZAE,IDENT
20170804150738,SA4,901218,JANE,RYOBA,IDENT
20170804151121,SA2,901264,HADIJA,RAMADHANI,IDENT
20170804151509,SA1,900411,DEO,JULIUS,IDENT
20170804160230,SA1,900804,FROLAH,MPONDO,IDENT
20170804160448,SA6,900123,CHARLES,LUSWETULA,IDENT
20170804163224,SA6,900041,NELSON,MTEMI,IDENT
20170804164354,SA6,101880,RICHARD,MAKASI,IDENT
20170804164724,SA6,901431,AMBALI,SOUD,IDENT
20170804165645,SA6,901558,CONSOLATA,MDEMU,IDENT
20170804165650,SA6,900271,HUSNA,SAID,IDENT
20170804165705,SA6,900110,RASHID,ISSA,IDENT
20170804165720,SA6,900397,ANNA,MOSHI,IDENT
20170804165929,SA6,900620,AYOUB,MTAFUNGWA,IDENT
20170804165935,SA6,900184,JASPER,NGURUBE,IDENT
20170804165951,SA6,900043,RANI,MOHAR,IDENT
20170804170011,SA4,901243,PLAKSEDA,AKIZAMUNGU,IDENT
20170804170028,SA6,901569,FREDRICK,MUSHI,IDENT
20170804170035,SA6,901584,PENDO,MNJAGILA,IDENT
20170804170038,SA6,900689,IRENE,MOSHI,IDENT
20170804170102,SA1,901700,JOSEPH,KUANDIKA,IDENT
20170804170128,SA6,900649,ZUBEDA,MANDIA,IDENT
20170804170132,SA6,900111,SALUM,SAIDI,IDENT
20170804170146,SA6,900560,DEOGRASIAS,STEPHIN,IDENT
20170804170211,SA6,900139,IDD,YUSUFU,IDENT
20170804170237,SA6,900566,ERICK,NDUNGURU,IDENT
20170804170343,SA6,900472,MWALIMU,SELEMANI,IDENT
20170804170349,SA6,901585,SADICK,MAPUNDA,IDENT
20170804170354,SA6,900407,CHRISTIAN ,NGONYANI,IDENT
20170804170310,SA5,901382,KONDO,MOHAMED,IDENT
20170804170321,SA1,900655,ZAINAB,JERECKO,IDENT
20170804170334,SA5,901325,JOSEPH,KAVISHE,IDENT
20170804170418,SA5,901339,JAMES,MKONO,IDENT
20170804170422,SA1,900843,KHALFANI,SHABAN,IDENT
20170804170431,SA1,900098,TATU,MTUPA,IDENT
20170804170502,SA6,900468,MICHAEL,IBRAHIM,IDENT
20170804170520,SA6,900454,KHALFAN,AMOUR,IDENT
20170804170527,SA6,900402,BARAKA,MVUNGI,IDENT
20170804170546,SA6,900494,YOHANA,LUSANA,IDENT
20170804170552,SA6,900445,JOHN,MASUNGWA,IDENT
20170804170606,SA6,901265,FRANK ,RUZIGA,IDENT
20170804170650,SA6,900247,ALLY,SELEMANI,IDENT
20170804170658,SA6,900291,RASHIDI,MUSSSA,IDENT
20170804170709,SA6,900414,EMMANUEL ,SERAPHINE,IDENT
20170804170735,SA6,900458,KIBWANA,SAIDI,IDENT
20170804170741,SA6,900029,JUMANNE,MBONDE,IDENT
20170804170747,SA5,901335,YONA,MAPELELE,IDENT
20170804170759,SA6,900133,GEORGE,GIDION,IDENT
20170804170802,SA6,900114,ABEID,MOHAMED,IDENT
20170804170812,SA6,900399,ATHUMANI,JUMA,IDENT
20170804170818,SA6,900488,THOBIAS,KIWELU,IDENT
20170804170921,SA5,901278,HENRY ,CHELULA,IDENT
20170804170927,SA6,900484,SHANI,MOHAMED,IDENT
20170804170955,SA6,900408,COLLMAN,KISISA,IDENT
20170804171006,SA4,901239,SAKINA,KIZEE,IDENT
20170804171034,SA6,900120,BENEDICTO,MBOKO,IDENT
20170804171040,SA6,900418			,FELIX,WAUSA,IDENT
20170804171050,SA6,900400,BAHATI,LUBUVA,IDENT
20170804171116,SA6,900467,MBARUKU,OSWAD,IDENT
20170804171138,SA6,900108,NORAH,CLEMENCE,IDENT
20170804171147,SA6,900481,RICHARD,KWEYAMBA,IDENT
20170804171204,SA6,900701,MATHEW,NDANSHAU,IDENT
20170804171213,SA6,900682,BENEDICT,ELIAS,IDENT
20170804171215,SA6,900681,ABUBAKARI,MGAZA,IDENT
20170804171243,SA6,900470,MODEST,NJAU,IDENT
20170804171423,SA6,900439,IDDI,MOHAMED,IDENT
20170804171151,SA5,901329,ELIWA ,SHAO,IDENT
20170804171158,SA5,901333,NEEMA,KILUZIA,IDENT
20170804171324,SA1,900502,IMAM,AJABU,IDENT
20170804171333,SA1,900030,JUMANNE,LUMBU,IDENT
20170804171443,SA1,900507,KANTI,KADIRI,IDENT
20170804171507,SA6,900131,FRANK,MAKWABU,IDENT
20170804171536,SA6,900246,ABDULKARIM,ALI,IDENT
20170804171540,SA6,900413,ELIBAHATI,JOSEPH,IDENT
20170804171558,SA6,900107,MSELEM,MSELEM,IDENT
20170804171605,SA6,900629,MICHAEL,ZAMBETAKIS,IDENT
20170804171609,SA6,900109,AMANI,NYAKARASHI,IDENT
20170804171614,SA6,901332,NASRA,MSANYA,IDENT
20170804171645,SA1,900571,FRANK,MALIMA,IDENT
20170804171645,SA6,900416,ERICK,DAUD,IDENT
20170804171650,SA6,900126,DORIKA,MALYANGO,IDENT
20170804171709,SA2,901068,CATHERINE,MATENGO,IDENT
20170804171804,SA1,900707,ATHUMANI,SALEHE,IDENT
20170804171815,SA6,901435,FILES,MBANDO,IDENT
20170804171827,SA6,900574,FURAHA,MSAMBWA,IDENT
20170804171858,SA6,900435,HASSAN,NKHAMBI,IDENT
20170804172006,SA6,900009,ASHA,HAMISI,IDENT
20170804172033,SA6,900447,JOSEPH,LUSANA,IDENT
20170804172135,SA6,900465,MARTIN,KIDUNGU,IDENT
20170804172349,SA6,900389,AHMAD,KINDUMA,IDENT
20170804172123,SA1,900503,JANE,RWEHUMBIZA,IDENT
20170804172137,SA4,900871,MWANAHAMISI,NDOLWA,IDENT
20170804172717,SA2,901444,BAKARI,KITILA,IDENT
20170804172956,SA6,900014,DILIP,JOSHI,IDENT
20170804173000,SA6,E078,SANJAY,GOYAL,IDENT
20170804173002,SA2,901446,DANIEL,MBARUKA,IDENT
20170804173012,SA6,900270,HASSAN,KIGWIO,IDENT
20170804173044,SA6,900460,LAMECK,ASSETO,IDENT
20170804173048,SA6,900432,HAMZA,ABDALLAH,IDENT
20170804173427,SA6,900485,SHUFAA,ABEID,IDENT
20170804173220,SA4,901069,ELIZABETH,MRAMU,IDENT
20170804173338,SA1,900497,EMANUEL,NGIMBUZI,IDENT
20170804173344,SA4,901015,JOYCE,CHACHA,IDENT
20170804173453,SA2,900938,ISMAIL,THOMAS,IDENT
20170804173536,SA1,900224,JABIRI,AMANZI,IDENT
20170804173619,SA6,900388,AGNES,SHAYO,IDENT
20170804173637,SA6,901591,EINHARD,MASSAWE,IDENT
20170804173647,SA6,900156,MWANAISHA,UWESU,IDENT
20170804173654,SA6,900262,FRIDA, MWAMBEGELE,IDENT
20170804173759,SA6,900385,ABDALLAH,MOHAMED,IDENT
20170804173818,SA6,900143,JACKLINE,MAIGA,IDENT
20170804173844,SA2,901450,FARIDA,JUMA,IDENT
20170804173846,SA6,E077,SUMIT,BHATNAGAR,IDENT
20170804173852,SA6,900493,YAKOBO,ALLY,IDENT
20170804174010,SA6,900420,FRANCIS,TESHA,IDENT
20170804174129,SA6,E084,NAVNEET, SINGH,IDENT
20170804174154,SA6,901590,ISSA,JUMA,IDENT
20170804174157,SA6,901434,JOSEPHINA,HAU,IDENT
20170804174221,SA6,900446,JOSEPH,KIBASA,IDENT
20170804174234,SA6,900387,ADAM,KINGU,IDENT
20170804174717,SA6,900007,ANNA,DUA,IDENT
20170804174919,SA6,E068,RANJEET SINGH,SAINI,IDENT
20170804174923,SA6,E060,ANOOP,TIWARI,IDENT
20170804175147,SA6,900268,GWANTWA,MWASYEBULE,IDENT
20170804175203,SA6,E083,GURURAJ,SHENVI,IDENT
20170804175258,SA6,901432,AMINA,SOGOI,IDENT
20170804175342,SA6,900137,HERIETH,MWELI,IDENT
20170804175402,SA6,900478,RAPHAEL,SENKONDO,IDENT
20170804175220,SA5,901303,TAUSI,KATULA,IDENT
20170804175431,SA1,900499,HASSAN,HAULE,IDENT
20170804175453,SA1,900515,SHOMARI,KIMBWEMBWE,IDENT
20170804175648,SA1,900569,JAMES,MWANDU,IDENT
20170804175729,SA6,E008,ATUL,PATHAK,IDENT
20170804175824,SA6,900405,CHARLES,WILLIAM,IDENT
20170804175916,SA1,900463,MARTENUS,MAPESA,IDENT
20170804175934,SA5,901326,ALLY,MBONDE,IDENT
20170804180021,SA6,900591,RASHID ,MUNKENDA,IDENT
20170804180055,SA2,200318,JOSHUA , PAULO,IDENT
20170804180315,SA6,900431,HAMADI,ZUBERI,IDENT
20170804180514,SA6,E085,ASEEM,VERMA,IDENT
20170804180518,SA2,100597,NOVATI,TARIMO,IDENT
20170804180619,SA6,E037,SRINIVAS,DANTU,IDENT
20170804180631,SA2,200351,MICHAEL,MICHAEL,IDENT
20170804180658,SA5,200316,DENIS,JOHNSON,IDENT
20170804180717,SA6,900171,ROBERT,MFUNI,IDENT
20170804180721,SA6,E045,SURESH,PS,IDENT
20170804180742,SA6,901436,HAMISI,ALI,IDENT
20170804180811,SA2,901443,MWAJUMA,SHEMBWANA,IDENT
20170804181237,SA6,900584,LUCY,MACHAI,IDENT
20170804181242,SA6,900142,IRENE,MREMA,IDENT
20170804181255,SA6,900173,SHARIFA,MRISHO,IDENT
20170804181435,SA6,901573,DAUDI,NYASHIMO,IDENT
20170804181450,SA2,901449,BONIFAS,ANGANILE,IDENT
20170804181522,SA2,901451,JUSTINE,MKUDE,IDENT
20170804181625,SA4,901157,DAVID,JUMA,IDENT
20170804181722,SA6,900398,ARSEN, RWEBANGILA	,IDENT
20170804182000,SA1,900236,PENDO,MAGIGE,IDENT
20170804182115,SA1,900239,SOPHIA,MUSHI,IDENT
20170804182120,SA1,900757,JOSEPH,HEMA,IDENT
20170804182544,SA2,901452,STEVEN,CHUWA,IDENT
20170804182709,SA2,901060,MARTHA,GABRIEL,IDENT
20170804182710,SA6,900464,MARTHA,MWIKOLA,IDENT
20170804182723,SA6,E021,RAJA,SWAMINATHAN,IDENT
20170804182738,SA6,900660,IDDI,ALLY,IDENT
20170804182805,SA6,900044,REGINARD,MSHANGA,IDENT
20170804183006,SA1,900429,GOODLUCK,LYAHONA,IDENT
20170804183013,SA1,900457,KHAMISI,MASUMBUKO,IDENT
20170804183043,SA2,901442,JARINA,SHEKOLA,IDENT
20170804183047,SA2,901448,PAULINA,DAVID,IDENT
20170804183111,SA6,900175,TEDDY,SIMON,IDENT
20170804183315,SA6,900165,RAMADHANI,NYENJE,IDENT
20170804183353,SA6,E013,GIRIRAJ,SHARMA,IDENT
20170804183431,SA6,900103,FREDNAND,JACKSON,IDENT
20170804183150,SA2,200314,DEO,SAKAYA,IDENT
20170804183233,SA2,200312,BARAKA,KATEGILE,IDENT
20170804183248,SA2,200311,DAVID,BWILE,IDENT
20170804183251,SA2,901453,JOHNSON,MUNISI,IDENT
20170804183507,SA2,901447,MASHAKA,MATEKELE,IDENT
20170804183510,SA2,200309,RAMADHANI,KIHILE,IDENT
20170804183717,SA6,900144,JANE,MWAKABULUFU,IDENT
20170804183722,SA6,900151,LISSY,KIGONJOLA,IDENT
20170804183737,SA6,900292,ROSE,CHIKAWE,IDENT
20170804183741,SA4,901107,MUHIDINI,HASSAN,IDENT
20170804184112,SA6,900039,MWAJABU,ALLY,IDENT
20170804184126,SA6,900543,JOHN,MAGANYA,IDENT
20170804184149,SA2,900902,SAKINA,MAWEMBA,IDENT
20170804184444,SA6,900044,REGINARD,MSHANGA,IDENT
20170804184556,SA6,901438,MARY,JOSEPH,IDENT
20170804184606,SA6,900017,FIKA,JOMSON,IDENT
20170804184640,SA6,E079,BALASUBRAMANIAM,M,IDENT
20170804184700,SA6,900044,REGINARD,MSHANGA,IDENT
20170804184834,SA4,900859,MAGDI,MASANGURA,IDENT
20170804185452,SA4,900983,RUKIA,KONDO,IDENT
20170804190455,SA1,900825,TITO,MWAMBE,IDENT
20170804191135,SA1,900231,MARKO,SHIMIZI,IDENT
20170804191846,SA4,900944,FROLA,KAMARA,IDENT
20170804191928,SA5,901405,ABDANI,SHILLA,IDENT
20170804192004,SA1,900235,PAULO,MGEMA,IDENT
20170804192041,SA4,900941,KULWA,MSUMA,IDENT
20170804192938,SA1,900715,ELIASI,KIZITO,IDENT
20170804193152,SA1,101134,HASSAN,KAPANYA,IDENT
20170804193453,SA6,900448,JOSEPH,MKELEBE,IDENT
20170804194324,SA1,900621,COSMAS,KARADIS,IDENT
20170804194336,SA1,900517,THERESIA,NJAU,IDENT
20170804194609,SA6,900048,SHELLA,MFAUME,IDENT
20170804194709,SA1,900508,MARIAM ,HAMISI,IDENT
20170804194819,SA1,900506,JOE ,MATANDU,IDENT
20170804195056,SA1,101140,FAUSTINI,MGIMBA,IDENT
20170804195152,SA1,900555,MHEZIWA,MALEWA,IDENT
20170804195215,SA1,101114,ABUBAKARI,KHALIDI,IDENT
20170804195550,SA6,900040,MWAJUMA,KATONA,IDENT
20170804200105,SA1,900756,HUSSEIN,KANDORO,IDENT
20170804200108,SA1,900243,YOHANA,ALLY,IDENT
20170804200119,SA1,200053,MIKIDADI,NGODU,IDENT
20170804200530,SA6,900036,MOHAMED,MAJUJULO,IDENT
20170804200749,SA5,901358,MWANAHAMIS ,MSUYA,IDENT
20170804201142,SA1,900045,SAIDI,MNDOLWA,IDENT
20170804201820,SA1,900505,JESCA,MATECHI,IDENT
20170804201913,SA1,900594,GASPER,MATALO,IDENT
20170804201948,SA1,900219,GEORGE,SAMATA,IDENT
20170804202145,SA1,900504,JEREMIA,TONNO,IDENT
20170804202208,SA1,901598,GERALD,RUHERE,IDENT
20170804202728,SA6,900047,SAMSON,SHILA,IDENT
20170804202733,SA6,900047,SAMSON,SHILA,IDENT
20170804202936,SA1,900812,LEONARD,NYANGO,IDENT
20170804203654,SA1,900466,MATHEW,PHILIP,IDENT
20170804203716,SA6,900050,STANLEY,JEREMIAH,IDENT
20170804204312,SA1,900249,AMIRI,MZEE,IDENT
20170804204936,SA6,900046,SALUM,NDEGE,IDENT
20170804205315,SA6,900627,BAHATI,KAPIGA,IDENT
20170804205859,SA1,900684,ABDUL,IMAMU,IDENT
20170804210114,SA1,900747,ADAM,MASALE,IDENT
20170804210657,SA2,901073,SALMA,MUHARAMU,IDENT
20170804211400,SA1,900441,ISSA,KAISI,IDENT
20170804211443,SA1,900793,ABDUL,MAINGO,IDENT
20170804211655,SA6,900285,NKWABI,MDEHWA,IDENT
20170804211855,SA1,900490,TWAHA,MGUHI,IDENT
20170804211943,SA6,900135,HALIMA,NGAMZI,IDENT
20170804211951,SA6,900162,PILLY,MANENO,IDENT
20170804212201,SA1,900386,ABDALLAH ,RAMADHANI,IDENT
20170804212440,SA6,900169,REHEMA,YUSUFU,IDENT
20170804212513,SA1,900442,ITIKA,DICKSON,IDENT
20170804212517,SA1,900227,JOSEPH,NGANILWA,IDENT
20170804212744,SA5,901592,SIFUEL,MASSAMU,IDENT
20170804212846,SA1,900718,WILSON,ALOIS,IDENT
20170804212852,SA1,900729,MOHAMED,KOMBO,IDENT
20170804213409,SA6,900647,JOHANSEN,MPANJU,IDENT
20170804213420,SA6,900579,GRAYSON,KUNZUGALA,IDENT
20170804213113,SA5,901305,DIANA,KIBASA,IDENT
20170804213118,SA5,901056,ANGELA,MWAKAPALILA,IDENT
20170804213123,SA5,901013,YASINTA,SHELUBANZI,IDENT
20170804213128,SA5,901071,YUNIS,NDAIGA,IDENT
20170804213234,SA5,901004,ZAHARA,YANGE,IDENT
20170804213304,SA4,901179,AMANDA,KWEZI,IDENT
20170804213403,SA5,901364,SALAFINA,KISAPI,IDENT
20170804213406,SA5,901298,SWAUMU,MZIRAI,IDENT
20170804213414,SA5,901291,AISHA,ISSA,IDENT
20170804213421,SA1,900792,IDDI,IDDI,IDENT
20170804213447,SA5,901314,JANE,NYAGAWA,IDENT
20170804213521,SA1,900741,ERICK,LUWUNGO,IDENT
20170804213524,SA6,900480,RASHID,MOHAMED,IDENT
20170804213529,SA5,900864,TECLA,SAMWEL,IDENT
20170804213530,SA1,900732,ELIA,FRANCIS,IDENT
20170804213540,SA4,901165,FATUMA,ABDALLAH,IDENT
20170804213633,SA5,901281,JOSEPH,MUSUGULI,IDENT
20170804213719,SA5,901284,MOHAMED,IDDI,IDENT
20170804213751,SA5,901386,SHAMSI,MUHITI,IDENT
20170804213839,SA4,901247,KULUTHUM,CHILEMILE,IDENT
20170804214059,SA5,901255,ASHA,BILALI,IDENT
20170804214104,SA5,900877,IRENE,GABRIEL,IDENT
20170804214112,SA5,900861,MWAJABU,BAKARI,IDENT
20170804214120,SA5,900887,ELITABETH,GOMELO,IDENT
20170804214130,SA5,900900,HELENA,SENZUGWAKO,IDENT
20170804214131,SA1,900717,GODFREY,LAMBAU,IDENT
20170804214158,SA5,900903,RUKIA,MOHAMED,IDENT
20170804214159,SA4,901136,HONORATA,SHAYO,IDENT
20170804214208,SA4,901117,HIDAYA,MASOUD,IDENT
20170804214214,SA5,901154,SALAMA,ALLY,IDENT
20170804214219,SA4,901169,VERONICA,LECHIPYA,IDENT
20170804214243,SA4,900965,HERMAN,MAKOKO,IDENT
20170804214310,SA1,900797,ASHAM,MUSA,IDENT
20170804214314,SA1,900456,KHALIFA,BASHILI,IDENT
20170804214316,SA1,900826,VITALIS,HOTTI,IDENT
20170804214349,SA5,901343,SEBASTIAN,KIPINGU,IDENT
20170804214355,SA5,901307,MATRIDA,CHUVAKA,IDENT
20170804214401,SA5,901356,ZAMDA,NGWABAYA,IDENT
20170804214405,SA5,900886,ELIZABERTH,KIJA,IDENT
20170804214409,SA5,901417,REHEMA,SINDANO,IDENT
20170804214413,SA5,900907,PAULINA,DEVA,IDENT
20170804214418,SA5,900896,HADIJA , KIHEGO,IDENT
20170804214423,SA5,901055,ZAINABU,OMARY,IDENT
20170804214436,SA5,901330,SAVELINA ,KASHASHA,IDENT
20170804214440,SA1,900735,ZAINABU,MOHAMEDI,IDENT
20170804214448,SA1,900730,UHURU,MARWA,IDENT
20170804214451,SA1,900722,ELIZABETH,MATHIUS,IDENT
20170804214508,SA1,900233,MUSSSA,ABDALLAH,IDENT
20170804214512,SA1,900750,JACOB,KAWALE,IDENT
20170804214516,SA1,900758,MOHAMEDY,ATHUMANI,IDENT
20170804214525,SA1,900244,YOHA,MSANGI,IDENT
20170804214531,SA1,900225,JOHN,FREDRICK,IDENT
20170804214536,SA1,900240,SOSTHENES,MANYAMA,IDENT
20170804214558,SA1,900820,SALUM,KAISI,IDENT
20170804214602,SA1,900220,HAMISI,NJOCHOLA,IDENT
20170804214610,SA1,900800,NAPEGWA,JACOB,IDENT
20170804214614,SA1,900721,GISELA,SHAYO,IDENT
20170804214619,SA1,900767,GLADNESS,KAIRUKI,IDENT
20170804214622,SA1,900788,DEBORA,MWASOMOLA,IDENT
20170804214626,SA6,900428,GLADIS,MAZENGO,IDENT
20170804214648,SA1,900437,HUSSEIN,MBONDE,IDENT
20170804214648,SA5,901387,GODFREY,YALED,IDENT
20170804214716,SA5,901320,REHEMA,ALLY,IDENT
20170804214723,SA1,900738,MOHAMED,NGODA,IDENT
20170804214733,SA1,900733,ALHAJI,IDD,IDENT
20170804214739,SA1,900214,BRUNO,FREDRICK,IDENT
20170804214745,SA6,900423,GARDINO,MHIMBA,IDENT
20170804214823,SA1,900392,ALLY,MBEGU,IDENT
20170804214830,SA4,900984,SALAMA,BIGE,IDENT
20170804214840,SA4,901127,ZAHARA,MBELWA,IDENT
20170804214846,SA4,901050,MARIAM,SAIDI,IDENT
20170804214911,SA1,900799,RAJABU,RUBASHA,IDENT
20170804214915,SA1,900814,MARTIN,MUHANDO,IDENT
20170804214918,SA1,900773,FELIX,CHRISTOPHER,IDENT
20170804214924,SA1,900744,SILVESTER,KAHINDI,IDENT
20170804214930,SA1,900808,HEONANI,BAJANA,IDENT
20170804214934,SA1,900784,WILLIAM,MSOLOKA,IDENT
20170804214945,SA1,900816,MICHAEL,HUSEIN,IDENT
20170804215002,SA5,901210,ROSE,CHUWA,IDENT
20170804215005,SA1,900777,MNADI,MRAJAA,IDENT
20170804215011,SA6,900444,JOHN,MEDA,IDENT
20170804215015,SA1,900728,JAMAL,MRISHO,IDENT
20170804215020,SA1,900795,ALLY,LIKIWA,IDENT
20170804215026,SA1,900754,ROBERT,JORAM,IDENT
20170804215029,SA4,900997,MARY,ONDURU,IDENT
20170804215037,SA5,900975,EDINA,MZUNGU,IDENT
20170804215039,SA4,901021,NEEMA ,MWANGO,IDENT
20170804215044,SA1,900727,GEORGE,GREAD,IDENT
20170804215055,SA1,900743,JUMA,ISEMA,IDENT
20170804215115,SA6,900489,TUMAINI,MNZAVA,IDENT
20170804215313,SA6,900148,JUDITH,MALISA,IDENT
20170804215059,SA4,901170,BAHATI,SHABANI,IDENT
20170804215106,SA5,901331,DIANA,KABYEMELA,IDENT
20170804215116,SA4,901119,LINA,MLAWA,IDENT
20170804215130,SA1,900759,ELIAS,YAKOB,IDENT
20170804215203,SA4,900924,DEBORA,HOSSA,IDENT
20170804215215,SA5,901390,SHABANI,HUSEN,IDENT
20170804215215,SA1,900726,ABDALLAH,CHOBO,IDENT
20170804215231,SA5,901430,JOYCE,SEMWENDA,IDENT
20170804215245,SA5,901402,ALLY,SELEMAN,IDENT
20170804215255,SA1,900755,NICHALAUS,AUGUSTINO,IDENT
20170804215259,SA1,900858,MUHSIN,ATHUMANI,IDENT
20170804215307,SA5,901368,NAOMI,YUSUPH,IDENT
20170804215310,SA1,900217,FRED,JAMES,IDENT
20170804215315,SA5,901418,ISAYA ,SAWASAWA,IDENT
20170804215315,SA1,900716,JUMA,JUMANNE,IDENT
20170804215321,SA1,900403,BEDA,YUDA,IDENT
20170804215329,SA5,901152,STELLA,MWAKATOBE,IDENT
20170804215332,SA2,901044,SUZANA,KIMARO,IDENT
20170804215336,SA2,901270,NAOMI,OBONG,IDENT
20170804215337,SA5,901282,ADAM,MUSSA,IDENT
20170804215346,SA1,900774,MBEWE,ELIUS,IDENT
20170804215348,SA5,901293,JOHARI,MAHARIA,IDENT
20170804215349,SA2,900926,AMINA,KONDO,IDENT
20170804215353,SA1,900762,SAID,MOHAMED,IDENT
20170804215359,SA1,900775,SABATO,JULIUS,IDENT
20170804215404,SA5,901299,SAUDA,MATOWELA,IDENT
20170804215413,SA5,901192,ASMA,KONDO,IDENT
20170804215420,SA5,901409,MAGRETH,NGOSI,IDENT
20170804215423,SA5,901336,ISMAIL,MHINA,IDENT
20170804215429,SA5,900964,RAPHAEL,MBOKO,IDENT
20170804215437,SA5,901296,STELLA,LUGOME,IDENT
20170804215442,SA4,900929,HALIMA,SEIF,IDENT
20170804215443,SA5,900875,ASHA,MALINBWI,IDENT
20170804215449,SA4,901177,ASHA,MAVENGELO,IDENT
20170804215503,SA5,900995,MARY,KIAMA,IDENT
20170804215520,SA5,901297,STELLA,MAKUNDI,IDENT
20170804215540,SA1,900764,OMBENI,MICHAEL,IDENT
20170804215546,SA4,901173,BAHATI,MAKAMBA,IDENT
20170804215554,SA5,901057,ANNA,KITOMARY,IDENT
20170804215555,SA4,901053,DORIS,JOHN,IDENT
20170804215558,SA5,901153,MAGRETH,ZANUARI,IDENT
20170804215614,SA4,901116,GRACE,KAHANGE,IDENT
20170804215621,SA4,901112,BUSHRA,SALUM,IDENT
20170804215627,SA4,901033,TATU,ISSA,IDENT
20170804215630,SA5,900991,CHRISTINA,JAILOS,IDENT
20170804215635,SA4,901171,ESTHER,MUNGUTI,IDENT
20170804215636,SA5,900985,BAHATI,SARAPIONI,IDENT
20170804215639,SA4,901003,SALAMA,KADALA,IDENT
20170804215643,SA5,901421,ALFRED,MUGHWAI,IDENT
20170804215647,SA4,901120,MERCY,MONGI,IDENT
20170804215650,SA1,900031,LUCAS,MABUYE,IDENT
20170804215651,SA5,901311,LOYCE,MASKINI,IDENT
20170804215652,SA4,901104,MWANAHAWA,HASSAN,IDENT
20170804215657,SA4,901001,AMINA,MUYA,IDENT
20170804215659,SA5,901394,TERESIA,MHAMBO,IDENT
20170804215704,SA2,901263,JAMIRA,SAIDI,IDENT
20170804215705,SA1,900290,RASHIDI,GEUZA,IDENT
20170804215705,SA4,901007,MODESTA,JOGOO,IDENT
20170804215708,SA2,901262,HADIJA,SALUM,IDENT
20170804215709,SA5,901341,JESSE,JEREMIA,IDENT
20170804215710,SA1,900817,MOSES,MASENGA,IDENT
20170804215711,SA5,901355,HALIMA,SANANE,IDENT
20170804215714,SA2,901260,AISHA,MNEKA,IDENT
20170804215716,SA5,900849,IRENE,MMARI,IDENT
20170804215719,SA1,900761,CHRISTOPHER,MFUNGO,IDENT
20170804215719,SA2,901118,LILIAN,MREMA,IDENT
20170804215721,SA5,900872,ZALAU,NGWELE,IDENT
20170804215721,SA6,900556,REGINA,NDALUHEKEYE,IDENT
20170804215733,SA4,901140,ASHURA,MGENI,IDENT
20170804215735,SA2,901014,LUCY,THOMAS,IDENT
20170804215744,SA2,901233,SAMI,MTITIMA,IDENT
20170804215750,SA2,901036,AZIZA,MANGETU,IDENT
20170804215757,SA4,901124,TABIA,OMARY,IDENT
20170804215804,SA2,900866,FLORA,DAMAS,IDENT
20170804215805,SA5,901288,EPIPHANIA,LUKWI,IDENT
20170804215805,SA4,901123,REBECA,KALOFU,IDENT
20170804215809,SA2,901274,AMINA,KAHABUKA,IDENT
20170804215809,SA6,900395,AMOS,MIMBI,IDENT
20170804215810,SA4,900889,SALMA,MWAWILA,IDENT
20170804215810,SA5,901347,JAMES,MAJIJI,IDENT
20170804215814,SA2,900966,ZUHURA,KIJIMBO,IDENT
20170804215818,SA2,901041,JACKLINI,MBOYA,IDENT
20170804215820,SA4,901181,ASNA,SPRIAN,IDENT
20170804215823,SA4,900973,SHARIFA,LIYAYA,IDENT
20170804215827,SA2,900948,VERONICA,MFILINGE,IDENT
20170804215829,SA4,901213,HABIBA,NJIKU,IDENT
20170804215833,SA4,900922,BAHATI,SALEHE,IDENT
20170804215833,SA2,901081,PILI,MDEDE,IDENT
20170804215833,SA5,901378,HOYCE,TILLYA,IDENT
20170804215839,SA4,900971,NAOMI,SAMWELI,IDENT
20170804215842,SA5,901361,MARRY,MLIUNJA,IDENT
20170804215844,SA4,900878,AISHA,KIZINGA,IDENT
20170804215849,SA4,900953,JANE,LUSENDELA,IDENT
20170804215849,SA5,901369,RECHO,MSHUMBUSI,IDENT
20170804215854,SA4,900911,NEEMA,URASSA,IDENT
20170804215901,SA2,900920,PILLI,SAIDI,IDENT
20170804215902,SA4,900928,MARIA,MAGWE,IDENT
20170804215908,SA4,901161,NURU,MOHAMED,IDENT
20170804215915,SA2,901251,GATI,NYANTUMAN,IDENT
20170804215916,SA4,901130,NURU,DAUDI,IDENT
20170804215916,SA5,901344,JACKSON,ATANUS,IDENT
20170804215920,SA2,900982,MWANAKOMBO,KHALID,IDENT
20170804215921,SA5,900853,DEVOTHA,ELIAS,IDENT
20170804215922,SA4,901230,KUDRA,BAKARI,IDENT
20170804215926,SA5,901023,AMINA,CHAKWE,IDENT
20170804215929,SA4,901168,REHEMA ,MWASOMOLA,IDENT
20170804215931,SA5,901142,SOPHIA,YUSUPH,IDENT
20170804215935,SA4,901121,MWATANGA,ALLY,IDENT
20170804215937,SA1,900823,TADEO,MAPEMA,IDENT
20170804215944,SA5,901328,MARRY,SHOO,IDENT
20170804215945,SA4,900970,MARIA,ELIESEL,IDENT
20170804215945,SA6,900140,IGNATUS,MLANGWA,IDENT
20170804215946,SA1,900734,REHEMA,NKYA,IDENT
20170804215952,SA4,901221,TEDDY,MAGAMBO,IDENT
20170804215952,SA5,901139,HAPPY ,ZAKAYO,IDENT
20170804215957,SA4,901122,NEEMA,FANUEL,IDENT
20170804215959,SA5,901345,ALHAJI,KIHIYO,IDENT
20170804220002,SA2,901075,AGATHA,JAMALI,IDENT
20170804220003,SA4,900888,AMINA,NGAINA,IDENT
20170804220004,SA5,901367,BEATHA,MLOSO,IDENT
20170804220008,SA5,901205,JAMILA,MASONGI,IDENT
20170804220008,SA4,901052,SUZANA,NAPANGA,IDENT
20170804220012,SA2,901024,ASIA,KARATA,IDENT
20170804220013,SA5,901593,Mpelwa,Ndoshi,IDENT
20170804220013,SA4,900913,ASHURA,NGUMBE,IDENT
20170804220013,SA1,900241,STANLEY,KASIAN,IDENT
20170804220017,SA2,901011,JANE,SIMON,IDENT
20170804220018,SA4,901224,ANNA,NYAKAPALA,IDENT
20170804220018,SA5,900960,AGNESS,NAWAHIGA,IDENT
20170804220022,SA2,901082,EDINA,JOHN,IDENT
20170804220024,SA1,900824,TITO,MGOVANO,IDENT
20170804220025,SA5,901308,MADINA,ATHUMANI,IDENT
20170804220027,SA2,901018,AISHA,KIBINDO,IDENT
20170804220031,SA5,900895,CATHERINE,CHIGOGOLO,IDENT
20170804220032,SA2,901000,AGNES,MTYANGILE,IDENT
20170804220036,SA2,901267,NEEMA ,MWAMANYE,IDENT
20170804220038,SA5,901078,NASMA,LINOGA,IDENT
20170804220041,SA2,901066,ZULEHA,MOHAMED,IDENT
20170804220043,SA4,900890,OLIVER,UDOBA,IDENT
20170804220044,SA5,901222,DEBORA,FILIPATALI,IDENT
20170804220046,SA2,900958,SOPHIA,LIKONGO,IDENT
20170804220048,SA4,901145,ADELINA,MALEMA,IDENT
20170804220051,SA2,901031,AMINA,BAKARI,IDENT
20170804220059,SA2,901029,MARIAM,MWETEMBO,IDENT
20170804220104,SA2,900957,HADIJA,MKOTA,IDENT
20170804220108,SA2,901006,RUKIA,ALLY,IDENT
20170804220114,SA2,901220,AGNESS,MWAMBENGO,IDENT
20170804220118,SA6,900035,MOHAMED,HAUSI,IDENT
20170804220120,SA2,900987,PILLY,MWAWILA,IDENT
20170804220123,SA6,900035,MOHAMED,HAUSI,IDENT
20170804220124,SA2,901009,MOSHI,SAIDI,IDENT
20170804220128,SA2,901043,ANNA,JOHN,IDENT
20170804220133,SA2,901176,FATUMA,MASOUD,IDENT
20170804220148,SA6,900166,RAMADHANI,KIPENGELE,IDENT
20170804220218,SA6,900568,GODWIN,KIRIA,IDENT
20170804220310,SA6,900469,MICHAEL,MDACHI,IDENT
20170804220347,SA6,900409,DANIEL,MROPE,IDENT
20170804220050,SA5,901225,NOELA,YALOT,IDENT
20170804220055,SA4,901228,CESILIA,MBABUYE,IDENT
20170804220056,SA5,901374,NASRA,HAMADI,IDENT
20170804220100,SA5,901338,WAZIRI,WAZIRI,IDENT
20170804220100,SA4,901077,CONSOLATH,MATERU,IDENT
20170804220105,SA5,901413,LEILA,KIMBENGELE,IDENT
20170804220106,SA4,900999,ROSE,MWAMAKOLA,IDENT
20170804220110,SA5,901400,DANIEL,MAKAYA,IDENT
20170804220114,SA4,901172,AGNES,STEVEN,IDENT
20170804220119,SA4,901126,YUNIS,LULANDALA,IDENT
20170804220123,SA5,901384,JOSHUA,KITUNDU,IDENT
20170804220124,SA4,901253,JOYCE,KESI,IDENT
20170804220129,SA4,900847,ZAINABU,SINGANO,IDENT
20170804220136,SA5,900893,JOYCE,MCHOMVU,IDENT
20170804220136,SA4,901214,MARIAM,OMAR,IDENT
20170804220138,SA2,901085,ELIZABETH,NYAMBO,IDENT
20170804220141,SA4,901141,HADIJA,SALUM,IDENT
20170804220142,SA2,901079,AGNESS,HAJI,IDENT
20170804220142,SA5,901289,CONSOLATHA,RAPHAEL,IDENT
20170804220146,SA4,901249,HILDA,MWAZEMBE,IDENT
20170804220147,SA2,901049,REDEMTA,DANIEL,IDENT
20170804220148,SA5,901427,JESCA,NGUMBU,IDENT
20170804220152,SA4,901163,SIJALI,MKELE,IDENT
20170804220154,SA2,901038,AMINA,MDOE,IDENT
20170804220157,SA4,900942,CHRISTINA,MWENDA,IDENT
20170804220158,SA5,901295,ELLASIA,WILLIUM,IDENT
20170804220159,SA2,901054,FATUMA,MUHANDO,IDENT
20170804220203,SA4,901058,HAMIDA,MATIPA,IDENT
20170804220204,SA5,901138,JOYCE,CHEMRA,IDENT
20170804220208,SA4,901102,ORIVER,DAUD,IDENT
20170804220208,SA5,901063,RACHEL,MZOROZORO,IDENT
20170804220213,SA4,900952,SALAMA,MOHAMAD,IDENT
20170804220218,SA4,901131,ESTA,KWEKA,IDENT
20170804220218,SA2,901237,ZUBEDA,KIMARO,IDENT
20170804220221,SA5,900884,HADIJA,GOGO,IDENT
20170804220222,SA1,900776,ZUBERI,MOHAMED,IDENT
20170804220225,SA4,900918,MARIAM,RAMADHANI,IDENT
20170804220231,SA4,901245,EVERINA,MKETO,IDENT
20170804220235,SA4,901135,REHEMA,OMARY,IDENT
20170804220239,SA5,901086,ELIWAZA,MWIGOHA,IDENT
20170804220245,SA5,901309,SALMA,RAFIKI,IDENT
20170804220246,SA4,901106,MARYNIA,KAYOMBO,IDENT
20170804220252,SA4,900937,UPENDO,MLEWA,IDENT
20170804220259,SA4,901207,AISHA,ABEID,IDENT
20170804220304,SA4,901252,JENIPHA,CHIZA,IDENT
20170804220309,SA4,901234,ANITHA,AHALIELI,IDENT
20170804220312,SA5,900951,MWAJUMA,AIDAN,IDENT
20170804220313,SA4,900879,RAHMA,KILO,IDENT
20170804220317,SA4,901093,SHARON,IBRAHIM,IDENT
20170804220323,SA4,901257,FRIDA,MHELELA,IDENT
20170804220326,SA5,901414,EMMANUEL,BANDIKO,IDENT
20170804220332,SA4,901146,MARTHA,MAKOTI,IDENT
20170804220336,SA5,901559,MARIAM,JUMA,IDENT
20170804220338,SA4,901070,FLORA,MSAMLA,IDENT
20170804220344,SA4,901008,GRESS,KOBA,IDENT
20170804220350,SA4,901187,MONICA,SHEMBONI,IDENT
20170804220410,SA5,900873,SELEN,JUMA,IDENT
20170804220416,SA5,901236,FATIMA,ALLY,IDENT
20170804220422,SA5,901204,SOPHIA,LUGOME,IDENT
20170804220423,SA4,901005,HADIJJA,KIJUU,IDENT
20170804220447,SA5,901379,JUMA,MAKALA,IDENT
20170804220451,SA5,901312,VUMILIA,NDEGE,IDENT
20170804220458,SA5,901283,KEDMOND,KAMOGA,IDENT
20170804220506,SA4,901133,HUSNA,SENGAMBA,IDENT
20170804220513,SA5,901323,AMINA,HAMISI,IDENT
20170804220514,SA4,901238,MARIAM,SELEMANI,IDENT
20170804220519,SA4,901103,MWATANGA,DIENI,IDENT
20170804220519,SA5,901340,FELIX,MAKANYA,IDENT
20170804220554,SA1,900242,WILSON,ANYNGISE,IDENT
20170804220632,SA4,901248,MAGRETH,MASAWE,IDENT
20170804220640,SA4,900956,DIANA,LEMA,IDENT
20170804220645,SA4,901215,MWANAIDI,KOLOKO,IDENT
20170804220653,SA6,900168,RAZAKI,MTINDA,IDENT
20170804220654,SA5,901061,MWAJUMA,ABDALLAH,IDENT
20170804220659,SA5,900892,MWANIA,PEMBE,IDENT
20170804220704,SA4,901156,SAID,HAMISI,IDENT
20170804220727,SA5,901406,PASCAL,STANLEY,IDENT
20170804220733,SA4,901101,RAJABU,MOHAMMED,IDENT
20170804220825,SA2,901016,HALIFA,MOHAMED,IDENT
20170804220840,SA4,900994,MWAISHA,MWAMOTO,IDENT
20170804220940,SA6,900391,ALLY,MASHAURI,IDENT
20170804220954,SA6,900128,ENELES,MBWAGA,IDENT
20170804221020,SA1,900207,ADELE,NJOCHOLA,IDENT
20170804221029,SA6,900580,BARAKA,MAGAFU,IDENT
20170804221038,SA5,901306,VAILETH,NGULO,IDENT
20170804221407,SA6,900575,CHRISTINA ,SENYANGWA,IDENT
20170804221237,SA4,901219,MARIAM,MUSSA,IDENT
20170804221242,SA4,901155,GRACE,MUHONO,IDENT
20170804221326,SA4,901125,TAUSI,SHABANI,IDENT
20170804221411,SA5,901381,DOROSTA,CLEMANCE,IDENT
20170804221521,SA6,900567,BAKARI,BELEKETE,IDENT
20170804221656,SA6,900132,FRIDA,KIGWA,IDENT
20170804221728,SA6,900451,KASSIM,MALICK,IDENT
20170804222259,SA4,900910,ZAINABU,SADALLAH,IDENT
20170804223940,SA4,900977,MWANAHAMISI,MUNKUNDA,IDENT
20170804224532,SA6,900130,FATUMA,CHOMBO,IDENT
20170804231608,SA6,900449,JUMA,SANGAYA,IDENT
20170805005057,SA5,901416,YONA,MUSA,IDENT
20170805043146,SA6,900054,THOMAS,MGABO,IDENT
20170805043708,SA1,900031,LUCAS,MABUYE,IDENT
20170805045428,SA1,900684,ABDUL,IMAMU,IDENT
20170805051347,SA4,901015,JOYCE,CHACHA,IDENT
20170805051907,SA6,900627,BAHATI,KAPIGA,IDENT
20170805053144,SA4,900969,JEMA,SALUM,IDENT
20170805053154,SA4,901072,TATU,ATHUMAN,IDENT
20170805053203,SA4,900976,LUCY,STANLEY,IDENT
20170805053222,SA4,900908,SALMA,RWAMBANO,IDENT
20170805053231,SA4,900945,ELIZABETH,MREMA,IDENT
20170805053235,SA4,901180,FURAHA,TEMBA,IDENT
20170805053241,SA4,901246,VERONICA,MTENGWA,IDENT
20170805053244,SA5,901399,DIANA,NDONGO,IDENT
20170805053246,SA4,901181,ASNA,SPRIAN,IDENT
20170805053332,SA4,901034,STAMILI,MUSSA,IDENT
20170805053340,SA4,901112,BUSHRA,SALUM,IDENT
20170805053433,SA4,900913,ASHURA,NGUMBE,IDENT
20170805053446,SA4,901104,MWANAHAWA,HASSAN,IDENT
20170805053451,SA4,901022,SILIVIA,SHAYO,IDENT
20170805053555,SA6,900406,CHAUREMBO,MWINYI,IDENT
20170805053608,SA5,900894,NURU,MAKANDE,IDENT
20170805053613,SA6,900127,DUNCAN,MHANDO,IDENT
20170805053614,SA5,901349,HABIBU,BAKARI,IDENT
20170805053706,SA4,901035,AGNES,NKONJELWA,IDENT
20170805053715,SA4,901206,AISHA,MKUMBA,IDENT
20170805053723,SA4,901186,FROLA,KILIMA,IDENT
20170805053808,SA4,901124,TABIA,OMARY,IDENT
20170805053836,SA4,901105,MTUMWA,ALLY,IDENT
20170805053840,SA5,900883,EDINA,ABED,IDENT
20170805053841,SA4,900899,MAGDALENA,SIMAO,IDENT
20170805053846,SA4,901111,ASIA,MSHAMU,IDENT
20170805053852,SA4,901238,MARIAM,SELEMANI,IDENT
20170805053900,SA4,901234,ANITHA,AHALIELI,IDENT
20170805053907,SA4,901150,CHRISTINA,MBODE,IDENT
20170805053931,SA4,901256,AVERINA,AMANDUS,IDENT
20170805053953,SA4,900959,REHEMA,LYOWA,IDENT
20170805054001,SA4,901113,ELIZABETH,SHIRIMA,IDENT
20170805054002,SA5,901404,AWAZI,SALIM,IDENT
20170805054009,SA4,901032,MARISELINA,NGULI,IDENT
20170805054011,SA5,901360,MARRY,MASULUBE,IDENT
20170805054015,SA4,901108,AISHA,WILLIUM,IDENT
20170805054020,SA4,901216,ASHA,RAMADHANI,IDENT
20170805054038,SA5,901388,OSWALD,SHILLA,IDENT
20170805054049,SA5,901363,ZUCRA,SWEDI,IDENT
20170805054109,SA6,900161,PILLI ,MOHAMED,IDENT
20170805054055,SA5,901198,MANEO,ATHUMANI,IDENT
20170805054057,SA4,900943,MWAMINI,MPANGULE,IDENT
20170805054100,SA5,901285,THABIT,ALLY,IDENT
20170805054102,SA4,900921,MWAJUMA,IDDI,IDENT
20170805054122,SA5,901366,LYDIA,MAKENE,IDENT
20170805054155,SA5,900947,ANNA,GODISON,IDENT
20170805054218,SA4,900997,MARY,ONDURU,IDENT
20170805054224,SA4,901023,AMINA,CHAKWE,IDENT
20170805054232,SA4,900927,SAADA,SALUM,IDENT
20170805054240,SA1,900384,ABDALLA,SAIDI,IDENT
20170805054241,SA4,901230,KUDRA,BAKARI,IDENT
20170805054245,SA1,900243,YOHANA,ALLY,IDENT
20170805054253,SA4,901229,ANNA,NGAPONDA,IDENT
20170805054253,SA5,901019,ASHA,NGAMBA,IDENT
20170805054258,SA1,900739,EMENUEL,KYEJO,IDENT
20170805054300,SA4,900985,BAHATI,SARAPIONI,IDENT
20170805054313,SA4,900856,MWAJAMBU,HAMAD,IDENT
20170805054355,SA1,900441,ISSA,KAISI,IDENT
20170805054416,SA4,901241,FATUMA,JUMA,IDENT
20170805054421,SA4,901185,JOYCE,SAMWEL,IDENT
20170805054431,SA4,901245,EVERINA,MKETO,IDENT
20170805054436,SA5,900868,MAIMUNA,JARUFU,IDENT
20170805054437,SA6,900261,FRANCIS,MAKOTI,IDENT
20170805054440,SA4,901219,MARIAM,MUSSA,IDENT
20170805054442,SA5,901568,YASINTA,MKIWA,IDENT
20170805054449,SA1,900794,ADAM,SALTIELY,IDENT
20170805054505,SA6,900123,CHARLES,LUSWETULA,IDENT
20170805054507,SA5,901094,MARTINA,FISSO,IDENT
20170805054510,SA4,900929,HALIMA,SEIF,IDENT
20170805054515,SA4,900953,JANE,LUSENDELA,IDENT
20170805054522,SA4,901007,MODESTA,JOGOO,IDENT
20170805054612,SA4,901100,REHEMA,SALEHE,IDENT
20170805054621,SA6,900582,ZABRON,TOSSI,IDENT
20170805054627,SA4,900846,SARA,CHIDUNI,IDENT
20170805054629,SA6,900040,MWAJUMA,KATONA,IDENT
20170805054632,SA4,901043,ANNA,JOHN,IDENT
20170805054637,SA4,900994,MWAISHA,MWAMOTO,IDENT
20170805054642,SA5,901300,ANNA,TEMBA,IDENT
20170805054647,SA4,901020,VICTORIA,MWALUANDA,IDENT
20170805054649,SA5,900879,RAHMA,KILO,IDENT
20170805054653,SA4,901244,SWAUMU,HIMBU,IDENT
20170805054657,SA4,901030,VERONICA,WANGWE,IDENT
20170805054701,SA4,900904,ANNA,MAGEMBE,IDENT
20170805054706,SA4,901132,HEAVENLIGHT,NKYA,IDENT
20170805054707,SA5,901425,HIDAYA,KASSIM,IDENT
20170805054740,SA4,900905,AMINA,MUHIDINI,IDENT
20170805054747,SA4,901160,SAUDA,MCHECHE,IDENT
20170805054752,SA4,900906,MARYSTELA,MCHOME,IDENT
20170805054800,SA4,901134,NURU,MULONGANILE,IDENT
20170805054801,SA1,900578,MTARI,MAGINGA,IDENT
20170805054813,SA4,901253,JOYCE,KESI,IDENT
20170805054820,SA5,901319,CHRISTINA,TATI,IDENT
20170805054822,SA4,901083,HADIJA,MPAMBA,IDENT
20170805054826,SA5,900990,JANE,MHONGOLE,IDENT
20170805054828,SA4,901076,AGNESS,NGAPONDA,IDENT
20170805054845,SA4,900933,WINFRIDA,LUSEBA,IDENT
20170805054852,SA4,901168,REHEMA ,MWASOMOLA,IDENT
20170805054911,SA1,900290,RASHIDI,GEUZA,IDENT
20170805054933,SA5,901383,JOAN,OMANDI,IDENT
20170805054943,SA4,901258,ATHUMAN,KILINDU,IDENT
20170805054948,SA5,901004,ZAHARA,YANGE,IDENT
20170805054954,SA4,901182,RENIFRIDA,NGUMBU,IDENT
20170805054957,SA4,901193,VICTORIA,MWAMPEGETE,IDENT
20170805055008,SA4,901037,FADINA,IBRAHIM,IDENT
20170805055019,SA4,900968,TAUSI,SIMBA,IDENT
20170805055043,SA4,901089,HARUNA,ATHUMANI,IDENT
20170805055047,SA4,901140,ASHURA,MGENI,IDENT
20170805055052,SA4,901129,FELISTA,NYAHENGE,IDENT
20170805055054,SA6,900396,ANDREW,MSANGI,IDENT
20170805055202,SA6,900048,SHELLA,MFAUME,IDENT
20170805055224,SA6,900409,DANIEL,MROPE,IDENT
20170805055231,SA6,900476,RAMADHANI,IDD,IDENT
20170805055311,SA6,900487,STEPHEN,KAMBWEMBWE,IDENT
20170805055409,SA6,900543,JOHN,MAGANYA,IDENT
20170805055416,SA6,900474,PHILBERT,MATOGO,IDENT
20170805055107,SA5,901290,AGNES,SALAWA,IDENT
20170805055110,SA4,901114,FARIDA,AMBLOS,IDENT
20170805055113,SA5,901327,EMERY,MSUNGU,IDENT
20170805055123,SA1,900209,ANGELA,MBESIGWE,IDENT
20170805055127,SA4,900878,AISHA,KIZINGA,IDENT
20170805055132,SA4,900890,OLIVER,UDOBA,IDENT
20170805055132,SA5,901371,YASINTA,LEKERI,IDENT
20170805055137,SA4,901029,MARIAM,MWETEMBO,IDENT
20170805055137,SA5,901354,AISHAH,OTHUMANI,IDENT
20170805055142,SA4,901212,JASMINI,MOHAMED,IDENT
20170805055143,SA5,901286,AGNES,LUCAS,IDENT
20170805055147,SA4,901130,NURU,DAUDI,IDENT
20170805055149,SA5,901315,FIDEA,AGUSTINO,IDENT
20170805055154,SA5,900881,ZAINABU,SAIDI,IDENT
20170805055301,SA4,900988,UPENDO,PETER,IDENT
20170805055312,SA4,901223,HAPPY,MKWEPU,IDENT
20170805055317,SA5,901376,ZAINABU ,SALUM,IDENT
20170805055338,SA1,900241,STANLEY,KASIAN,IDENT
20170805055338,SA5,901373,ADELA,MSAGA,IDENT
20170805055341,SA4,901170,BAHATI,SHABANI,IDENT
20170805055345,SA5,900898,RUKIA,MATAUKA,IDENT
20170805055345,SA1,900217,FRED,JAMES,IDENT
20170805055350,SA1,900858,MUHSIN,ATHUMANI,IDENT
20170805055353,SA4,901084,MARIA ,SANGA,IDENT
20170805055354,SA1,900717,GODFREY,LAMBAU,IDENT
20170805055400,SA5,901294,RATIFA,KAPINGA,IDENT
20170805055412,SA1,901557,WALTER,MAYA,IDENT
20170805055417,SA1,900784,WILLIAM,MSOLOKA,IDENT
20170805055421,SA1,900721,GISELA,SHAYO,IDENT
20170805055423,SA5,901380,BISURA,MCHELEO,IDENT
20170805055424,SA1,900775,SABATO,JULIUS,IDENT
20170805055430,SA1,900747,ADAM,MASALE,IDENT
20170805055430,SA4,901261,ZAINA,KILWANDA,IDENT
20170805055435,SA1,900733,ALHAJI,IDD,IDENT
20170805055435,SA4,900885,AMINA,MZARA,IDENT
20170805055448,SA1,900734,REHEMA,NKYA,IDENT
20170805055452,SA4,901247,KULUTHUM,CHILEMILE,IDENT
20170805055452,SA1,900440,IDRISA,KIMARO,IDENT
20170805055517,SA1,900756,HUSSEIN,KANDORO,IDENT
20170805055521,SA4,901042,FARIDA,NDAUKE,IDENT
20170805055525,SA1,900789,KAMPBONA,PASCAL,IDENT
20170805055526,SA4,901135,REHEMA,OMARY,IDENT
20170805055530,SA1,900762,SAID,MOHAMED,IDENT
20170805055534,SA4,901190,NEEMA,MNYALAPE,IDENT
20170805055537,SA1,900207,ADELE,NJOCHOLA,IDENT
20170805055542,SA4,901011,JANE,SIMON,IDENT
20170805055548,SA1,900426,GESAGA,RAMADHANI,IDENT
20170805055602,SA6,900473,NAOMI,GONDA,IDENT
20170805055608,SA1,900825,TITO,MWAMBE,IDENT
20170805055617,SA5,901321,ELIZABET,MHIMBA,IDENT
20170805055617,SA6,900169,REHEMA,YUSUFU,IDENT
20170805055623,SA6,900556,REGINA,NDALUHEKEYE,IDENT
20170805055640,SA4,901143,LINES,PILLI,IDENT
20170805055649,SA4,900936,SOPHIA,MBONDE,IDENT
20170805055653,SA1,900788,DEBORA,MWASOMOLA,IDENT
20170805055656,SA4,901167,KELVIN,NGOZI,IDENT
20170805055701,SA5,901423,CONSOLATHA,JOSEPH,IDENT
20170805055708,SA5,901350,ALFRED,CHARLES,IDENT
20170805055711,SA4,901050,MARIAM,SAIDI,IDENT
20170805055715,SA5,901095,BEATA,KOMBA,IDENT
20170805055719,SA4,900923,HELENA,KHAJI,IDENT
20170805055720,SA5,901281,JOSEPH,MUSUGULI,IDENT
20170805055724,SA4,900993,MARIAM,MSUMALI,IDENT
20170805055727,SA5,900916,SABINA,KINGIMALI,IDENT
20170805055729,SA4,901235,TUMAIN,MUNGURE,IDENT
20170805055732,SA5,901301,TUKAE,MUSA,IDENT
20170805055736,SA4,901091,FARIDA,LYIMO,IDENT
20170805055736,SA1,900767,GLADNESS,KAIRUKI,IDENT
20170805055740,SA5,901317,ASHA,HAMISI,IDENT
20170805055742,SA1,900774,MBEWE,ELIUS,IDENT
20170805055744,SA4,901157,DAVID,JUMA,IDENT
20170805055747,SA5,901052,SUZANA,NAPANGA,IDENT
20170805055751,SA5,901122,NEEMA,FANUEL,IDENT
20170805055806,SA1,900819,PATRICK,MTONDOLA,IDENT
20170805055810,SA4,901165,FATUMA,ABDALLAH,IDENT
20170805055820,SA1,900810,JOSEPH,JULIUS,IDENT
20170805055823,SA1,900801,DAVID ,MWANJA,IDENT
20170805055824,SA4,900962,JOSEPH,ELISAFI,IDENT
20170805055824,SA6,900046,SALUM,NDEGE,IDENT
20170805055829,SA4,901096,SAMWELI,MANGARE,IDENT
20170805055840,SA4,900972,SAFINA,ABEID,IDENT
20170805055843,SA6,900391,ALLY,MASHAURI,IDENT
20170805055855,SA5,901287,REGINA,JEMES,IDENT
20170805055856,SA1,900790,ISIHAKA,IDDI,IDENT
20170805055857,SA6,900112,ABDALLAH,MIKALAMBILO,IDENT
20170805055903,SA1,900768,FILAN,FATAEL,IDENT
20170805055905,SA5,901364,SALAFINA,KISAPI,IDENT
20170805055907,SA1,900745,YUSUPH,NGAPAWA,IDENT
20170805055909,SA6,900480,RASHID,MOHAMED,IDENT
20170805055910,SA5,901298,SWAUMU,MZIRAI,IDENT
20170805055916,SA5,901356,ZAMDA,NGWABAYA,IDENT
20170805055917,SA1,900818,PASCAL,MIKONDO,IDENT
20170805055920,SA5,901368,NAOMI,YUSUPH,IDENT
20170805055936,SA6,900586,MOHAMED,SOLOKA,IDENT
20170805055939,SA5,901343,SEBASTIAN,KIPINGU,IDENT
20170805055943,SA5,901345,ALHAJI,KIHIYO,IDENT
20170805055958,SA1,900781,GERALD,JOHN,IDENT
20170805060009,SA4,901121,MWATANGA,ALLY,IDENT
20170805060019,SA4,901136,HONORATA,SHAYO,IDENT
20170805060024,SA5,900891,HINESS,KAAYA,IDENT
20170805060025,SA4,901107,MUHIDINI,HASSAN,IDENT
20170805060029,SA4,900924,DEBORA,HOSSA,IDENT
20170805060029,SA5,900867,AISHA,KIUMBA,IDENT
20170805060034,SA5,900863,ANNA,MICHAEL,IDENT
20170805060035,SA4,901119,LINA,MLAWA,IDENT
20170805060042,SA4,901117,HIDAYA,MASOUD,IDENT
20170805060046,SA5,901387,GODFREY,YALED,IDENT
20170805060049,SA4,900922,BAHATI,SALEHE,IDENT
20170805060051,SA4,901123,REBECA,KALOFU,IDENT
20170805060056,SA1,900763,SALEHE,NJAGE,IDENT
20170805060149,SA6,900035,MOHAMED,HAUSI,IDENT
20170805060154,SA6,900035,MOHAMED,HAUSI,IDENT
20170805060238,SA6,900135,HALIMA,NGAMZI,IDENT
20170805060243,SA6,900148,JUDITH,MALISA,IDENT
20170805060325,SA6,900568,GODWIN,KIRIA,IDENT
20170805060418,SA6,900170,REHEMA,CHINUNJE,IDENT
20170805060056,SA5,901211,ANNA,KIMARO,IDENT
20170805060056,SA4,901187,MONICA,SHEMBONI,IDENT
20170805060101,SA5,901344,JACKSON,ATANUS,IDENT
20170805060102,SA4,901177,ASHA,MAVENGELO,IDENT
20170805060106,SA5,901430,JOYCE,SEMWENDA,IDENT
20170805060107,SA4,901169,VERONICA,LECHIPYA,IDENT
20170805060110,SA5,901382,KONDO,MOHAMED,IDENT
20170805060112,SA4,900971,NAOMI,SAMWELI,IDENT
20170805060114,SA5,901390,SHABANI,HUSEN,IDENT
20170805060117,SA1,900811,JUMA,HUMBE,IDENT
20170805060120,SA5,901202,VITALIS,KESSI,IDENT
20170805060120,SA4,900865,CHRISTINA,MAGOWELA,IDENT
20170805060125,SA4,901271,RACHEL,MCHOVU,IDENT
20170805060125,SA5,901305,DIANA,KIBASA,IDENT
20170805060129,SA4,901184,GRACE,NGALABA,IDENT
20170805060129,SA5,901395,HASHIM,HAIZA,IDENT
20170805060137,SA1,900822,MENRUFU,PILLY,IDENT
20170805060138,SA4,901221,TEDDY,MAGAMBO,IDENT
20170805060144,SA5,900939,STELLA,MAGOGWA,IDENT
20170805060159,SA5,901385,ABDALLA,MGAYA,IDENT
20170805060210,SA5,901336,ISMAIL,MHINA,IDENT
20170805060220,SA1,900490,TWAHA,MGUHI,IDENT
20170805060223,SA1,900817,MOSES,MASENGA,IDENT
20170805060227,SA1,900403,BEDA,YUDA,IDENT
20170805060231,SA5,901381,DOROSTA,CLEMANCE,IDENT
20170805060236,SA5,901417,REHEMA,SINDANO,IDENT
20170805060236,SA1,900749,EZEKIEL,SOLO,IDENT
20170805060241,SA5,901338,WAZIRI,WAZIRI,IDENT
20170805060247,SA5,901282,ADAM,MUSSA,IDENT
20170805060252,SA5,901320,REHEMA,ALLY,IDENT
20170805060254,SA4,901051,HABIBA,PAZZI,IDENT
20170805060257,SA5,901284,MOHAMED,IDDI,IDENT
20170805060312,SA5,901311,LOYCE,MASKINI,IDENT
20170805060323,SA1,900755,NICHALAUS,AUGUSTINO,IDENT
20170805060328,SA1,900718,WILSON,ALOIS,IDENT
20170805060335,SA2,900930,TABIA,DOGOLI,IDENT
20170805060348,SA1,900813,LEONARD,PETER,IDENT
20170805060351,SA4,900897,SWAUMU,SAIDI,IDENT
20170805060359,SA5,901056,ANGELA,MWAKAPALILA,IDENT
20170805060405,SA5,901154,SALAMA,ALLY,IDENT
20170805060410,SA5,901314,JANE,NYAGAWA,IDENT
20170805060419,SA5,901299,SAUDA,MATOWELA,IDENT
20170805060424,SA5,901097,EMANUEL,MSOKWA,IDENT
20170805060434,SA1,900463,MARTENUS,MAPESA,IDENT
20170805060448,SA5,901071,YUNIS,NDAIGA,IDENT
20170805060454,SA5,901330,SAVELINA ,KASHASHA,IDENT
20170805060528,SA1,900751,TUSKAR,HALFANI,IDENT
20170805060532,SA6,900423,GARDINO,MHIMBA,IDENT
20170805060534,SA1,900792,IDDI,IDDI,IDENT
20170805060537,SA6,900444,JOHN,MEDA,IDENT
20170805060538,SA5,901304,SOPHIA,ALLY,IDENT
20170805060545,SA5,901297,STELLA,MAKUNDI,IDENT
20170805060600,SA5,901179,AMANDA,KWEZI,IDENT
20170805060604,SA5,901255,ASHA,BILALI,IDENT
20170805060616,SA1,900450,JUMA,RAMADHANI,IDENT
20170805060620,SA2,901196,BONIPHACE,NGESI,IDENT
20170805060623,SA1,900800,NAPEGWA,JACOB,IDENT
20170805060630,SA6,900658,MWASITI,LABOA,IDENT
20170805060633,SA5,901307,MATRIDA,CHUVAKA,IDENT
20170805060636,SA1,900386,ABDALLAH ,RAMADHANI,IDENT
20170805060653,SA5,901392,STELLA,MTALLO,IDENT
20170805060703,SA5,900914,HAWA,MWIMBE,IDENT
20170805060707,SA4,900862,EDINA,MWAKYOMA,IDENT
20170805060711,SA5,901025,ASHURA,HAMISI,IDENT
20170805060719,SA5,901013,YASINTA,SHELUBANZI,IDENT
20170805060724,SA5,900919,ANNA,MPUGE,IDENT
20170805060732,SA4,901127,ZAHARA,MBELWA,IDENT
20170805060735,SA6,900116,ASHA,ALLY,IDENT
20170805060740,SA6,900478,RAPHAEL,SENKONDO,IDENT
20170805060754,SA1,900732,ELIA,FRANCIS,IDENT
20170805060759,SA1,900723,SAIDI,JUMANE,IDENT
20170805060806,SA1,900216,ELLY,MKONGWE,IDENT
20170805060811,SA1,900786,FARAJI,KILUWA,IDENT
20170805060815,SA5,901306,VAILETH,NGULO,IDENT
20170805060818,SA1,900757,JOSEPH,HEMA,IDENT
20170805060825,SA1,900442,ITIKA,DICKSON,IDENT
20170805060831,SA1,900769,JAMES,MACKLINE,IDENT
20170805060833,SA6,900428,GLADIS,MAZENGO,IDENT
20170805060841,SA1,900228,KAGERA,MSAMBUSI,IDENT
20170805060847,SA1,900778,MARIAM,MICHAEL,IDENT
20170805060853,SA1,900802,EMANUEL,SILAYO,IDENT
20170805060855,SA6,900436,HONEST,MATEMU,IDENT
20170805060858,SA1,900752,SIMON,MAPUNDA,IDENT
20170805060903,SA1,900455,KHALFAN,OMARI,IDENT
20170805060909,SA1,900746,GEDION,BUTENGE,IDENT
20170805060912,SA1,900571,FRANK,MALIMA,IDENT
20170805060913,SA4,901045,ASHURA,KATULA,IDENT
20170805060917,SA1,900719,STEPHAN,SIMON,IDENT
20170805060923,SA1,900807,GODRICH,MCHOMVU,IDENT
20170805060931,SA5,900931,JOHARI,KIMARO,IDENT
20170805060944,SA6,900448,JOSEPH,MKELEBE,IDENT
20170805061014,SA2,900934,MWAJABU,MARIDADI,IDENT
20170805061022,SA1,900742,PROSPER,POLITHO,IDENT
20170805061028,SA5,901592,SIFUEL,MASSAMU,IDENT
20170805061103,SA6,900036,MOHAMED,MAJUJULO,IDENT
20170805061119,SA4,900992,AGNES,MEJA,IDENT
20170805061125,SA4,901194,ELINA,ABEL,IDENT
20170805061130,SA5,901291,AISHA,ISSA,IDENT
20170805061138,SA5,901397,LINETH,KYARUS,IDENT
20170805061145,SA1,900771,DATIUS,MARTINE,IDENT
20170805061155,SA1,900806,GODFREY,KIHAWA,IDENT
20170805061206,SA1,900824,TITO,MGOVANO,IDENT
20170805061312,SA5,901408,SAIDI,MAKALA,IDENT
20170805061338,SA5,901048,HALIMA,IDDI,IDENT
20170805061402,SA1,900724,HASANI,MRISHO,IDENT
20170805061501,SA1,900741,ERICK,LUWUNGO,IDENT
20170805061541,SA1,900779,MUSTAFA,HAMISI,IDENT
20170805061545,SA1,900569,JAMES,MWANDU,IDENT
20170805061749,SA1,900812,LEONARD,NYANGO,IDENT
20170805061756,SA1,900803,EMMANUEL,YOUZE,IDENT
20170805061842,SA1,900783,DAMIAN,ALONE,IDENT
20170805061847,SA5,900901,NEEMA,NYAKOKI,IDENT
20170805061907,SA6,900285,NKWABI,MDEHWA,IDENT
20170805062309,SA6,900420,FRANCIS,TESHA,IDENT
20170805062158,SA1,900213,BEDASTUS,PIUS,IDENT
20170805062217,SA1,900232,MATIKO ,MICHAEL,IDENT
20170805062405,SA4,901225,NOELA,YALOT,IDENT
20170805062645,SA6,900449,JUMA,SANGAYA,IDENT
20170805062856,SA1,900437,HUSSEIN,MBONDE,IDENT
20170805062926,SA1,900555,MHEZIWA,MALEWA,IDENT
20170805063043,SA6,900047,SAMSON,SHILA,IDENT
20170805063104,SA6,900047,SAMSON,SHILA,IDENT
20170805063412,SA6,900162,PILLY,MANENO,IDENT
20170805063142,SA5,901310,MARIAM,BELEKO,IDENT
20170805063438,SA1,900242,WILSON,ANYNGISE,IDENT
20170805063441,SA1,900227,JOSEPH,NGANILWA,IDENT
20170805063456,SA1,900793,ABDUL,MAINGO,IDENT
20170805063508,SA1,900765,REBECA,GIDEON,IDENT
20170805063540,SA6,900162,PILLY,MANENO,IDENT
20170805063749,SA6,900489,TUMAINI,MNZAVA,IDENT
20170805063928,SA5,900915,DOROTHEA,KILO,IDENT
20170805064105,SA6,900443,JABIRI,RAMADHANI,IDENT
20170805064217,SA6,900133,GEORGE,GIDION,IDENT
20170805064258,SA1,900804,FROLAH,MPONDO,IDENT
20170805064424,SA1,900249,AMIRI,MZEE,IDENT
20170805064449,SA4,900902,SAKINA,MAWEMBA,IDENT
20170805064637,SA1,900740,SPEDICTOR,NGOGO,IDENT
20170805064838,SA1,900392,ALLY,MBEGU,IDENT
20170805064942,SA1,900729,MOHAMED,KOMBO,IDENT
20170805065758,SA1,900764,OMBENI,MICHAEL,IDENT
20170805065938,SA1,900411,DEO,JULIUS,IDENT
20170805070030,SA6,900050,STANLEY,JEREMIAH,IDENT
20170805070311,SA6,900115,AKIDA,DUGANGE,IDENT
20170805070349,SA4,900859,MAGDI,MASANGURA,IDENT
20170805070755,SA6,901438,MARY,JOSEPH,IDENT
20170805070800,SA1,900222,HENRY,NGOWI,IDENT
20170805071046,SA1,900429,GOODLUCK,LYAHONA,IDENT
20170805071800,SA6,900100,AROBOGAST,MOGELLA,IDENT
20170805071956,SA6,901573,DAUDI,NYASHIMO,IDENT
20170805072642,SA1,900466,MATHEW,PHILIP,IDENT
20170805072830,SA6,900041,NELSON,MTEMI,IDENT
20170805073239,SA6,901431,AMBALI,SOUD,IDENT
20170805073247,SA6,900144,JANE,MWAKABULUFU,IDENT
20170805073319,SA6,900175,TEDDY,SIMON,IDENT
20170805073337,SA6,900007,ANNA,DUA,IDENT
20170805073452,SA6,900472,MWALIMU,SELEMANI,IDENT
20170805073633,SA6,900291,RASHIDI,MUSSSA,IDENT
20170805073734,SA6,900029,JUMANNE,MBONDE,IDENT
20170805073809,SA6,900385,ABDALLAH,MOHAMED,IDENT
20170805073846,SA6,901434,JOSEPHINA,HAU,IDENT
20170805073929,SA1,900231,MARKO,SHIMIZI,IDENT
20170805073937,SA6,900099,AMIN,JUMA,IDENT
20170805074154,SA6,101880,RICHARD,MAKASI,IDENT
20170805074348,SA6,900584,LUCY,MACHAI,IDENT
20170805074400,SA6,900432,HAMZA,ABDALLAH,IDENT
20170805074211,SA4,901243,PLAKSEDA,AKIZAMUNGU,IDENT
20170805074607,SA2,100597,NOVATI,TARIMO,IDENT
20170805074656,SA5,901329,ELIWA ,SHAO,IDENT
20170805074720,SA2,900938,ISMAIL,THOMAS,IDENT
20170805074820,SA6,900418			,FELIX,WAUSA,IDENT
20170805074834,SA6,900399,ATHUMANI,JUMA,IDENT
20170805074945,SA5,901333,NEEMA,KILUZIA,IDENT
20170805075009,SA6,900407,CHRISTIAN ,NGONYANI,IDENT
20170805075017,SA6,900446,JOSEPH,KIBASA,IDENT
20170805075040,SA6,900139,IDD,YUSUFU,IDENT
20170805075053,SA2,901060,MARTHA,GABRIEL,IDENT
20170805075100,SA2,901069,ELIZABETH,MRAMU,IDENT
20170805075107,SA6,900111,SALUM,SAIDI,IDENT
20170805075120,SA6,901265,FRANK ,RUZIGA,IDENT
20170805075159,SA6,900416,ERICK,DAUD,IDENT
20170805075239,SA6,E008,ATUL,PATHAK,IDENT
20170805075336,SA6,900454,KHALFAN,AMOUR,IDENT
20170805075350,SA6,900583,REGINALD,MICHAEL,IDENT
20170805075057,SA4,901218,JANE,RYOBA,IDENT
20170805075213,SA4,901092,ASIA,JUMA,IDENT
20170805075217,SA5,901339,JAMES,MKONO,IDENT
20170805075240,SA2,200316,DENIS,JOHNSON,IDENT
20170805075247,SA2,901422,EMMANUEL,KHALIDI,IDENT
20170805075343,SA5,901278,HENRY ,CHELULA,IDENT
20170805075412,SA1,900503,JANE,RWEHUMBIZA,IDENT
20170805075444,SA6,900414,EMMANUEL ,SERAPHINE,IDENT
20170805075509,SA4,900871,MWANAHAMISI,NDOLWA,IDENT
20170805075539,SA6,E078,SANJAY,GOYAL,IDENT
20170805075549,SA5,901326,ALLY,MBONDE,IDENT
20170805075553,SA6,E021,RAJA,SWAMINATHAN,IDENT
20170805075613,SA6,900103,FREDNAND,JACKSON,IDENT
20170805075625,SA6,901591,EINHARD,MASSAWE,IDENT
20170805075635,SA6,900270,HASSAN,KIGWIO,IDENT
20170805075657,SA6,900660,IDDI,ALLY,IDENT
20170805075657,SA1,101530,SIMON,YOHANA,IDENT
20170805075717,SA6,901332,NASRA,MSANYA,IDENT
20170805075732,SA6,900470,MODEST,NJAU,IDENT
20170805075738,SA6,900447,JOSEPH,LUSANA,IDENT
20170805075821,SA6,900247,ALLY,SELEMANI,IDENT
20170805075840,SA4,900954,HABIBA,MDOSE,IDENT
20170805075846,SA4,900986,KAUSE,ABDALLAH,IDENT
20170805075847,SA6,900017,FIKA,JOMSON,IDENT
20170805075859,SA1,900711,ATHUMAN,IDDI,IDENT
20170805075901,SA6,900268,GWANTWA,MWASYEBULE,IDENT
20170805075902,SA1,900710,NICHOLAS,KAPANDE,IDENT
20170805075905,SA1,901700,JOSEPH,KUANDIKA,IDENT
20170805075906,SA6,900142,IRENE,MREMA,IDENT
20170805075907,SA1,900504,JEREMIA,TONNO,IDENT
20170805075910,SA1,900098,TATU,MTUPA,IDENT
20170805075912,SA6,900173,SHARIFA,MRISHO,IDENT
20170805075913,SA1,900502,IMAM,AJABU,IDENT
20170805075918,SA1,101140,FAUSTINI,MGIMBA,IDENT
20170805075918,SA6,900262,FRIDA, MWAMBEGELE,IDENT
20170805075923,SA2,901447,MASHAKA,MATEKELE,IDENT
20170805075925,SA5,901419,JENIPHA,MWILONGO,IDENT
20170805075927,SA6,900137,HERIETH,MWELI,IDENT
20170805075944,SA6,900120,BENEDICTO,MBOKO,IDENT
20170805075955,SA6,900431,HAMADI,ZUBERI,IDENT
20170805080000,SA6,900393,ALLY,MTWALE,IDENT
20170805080004,SA6,900393,ALLY,MTWALE,IDENT
20170805080021,SA2,901448,PAULINA,DAVID,IDENT
20170805080022,SA6,E079,BALASUBRAMANIAM,M,IDENT
20170805080023,SA2,901453,JOHNSON,MUNISI,IDENT
20170805080023,SA1,900714,STIVINI,STIVINI,IDENT
20170805080030,SA1,900707,ATHUMANI,SALEHE,IDENT
20170805080034,SA1,900843,KHALFANI,SHABAN,IDENT
20170805080046,SA6,900465,MARTIN,KIDUNGU,IDENT
20170805080049,SA6,900398,ARSEN, RWEBANGILA	,IDENT
20170805080112,SA6,900467,MBARUKU,OSWAD,IDENT
20170805080123,SA6,900126,DORIKA,MALYANGO,IDENT
20170805080215,SA6,901435,FILES,MBANDO,IDENT
20170805080241,SA6,900156,MWANAISHA,UWESU,IDENT
20170805080252,SA6,901569,FREDRICK,MUSHI,IDENT
20170805080257,SA6,900445,JOHN,MASUNGWA,IDENT
20170805080313,SA6,900114,ABEID,MOHAMED,IDENT
20170805080317,SA6,900389,AHMAD,KINDUMA,IDENT
20170805080423,SA6,900400,BAHATI,LUBUVA,IDENT
20170805080111,SA4,901189,KURUTHUM,KHAMISI,IDENT
20170805080145,SA2,200314,DEO,SAKAYA,IDENT
20170805080211,SA4,900869,FRIDA,MKUMBO,IDENT
20170805080216,SA1,900236,PENDO,MAGIGE,IDENT
20170805080220,SA1,101588,ATHUMAN,SALIM,IDENT
20170805080225,SA1,900506,JOE ,MATANDU,IDENT
20170805080226,SA4,900876,MWASITI,MAULID,IDENT
20170805080233,SA1,101589,AMIRI,YAHAYA,IDENT
20170805080247,SA1,900515,SHOMARI,KIMBWEMBWE,IDENT
20170805080254,SA1,200053,MIKIDADI,NGODU,IDENT
20170805080257,SA4,901021,NEEMA ,MWANGO,IDENT
20170805080258,SA1,901598,GERALD,RUHERE,IDENT
20170805080303,SA1,900224,JABIRI,AMANZI,IDENT
20170805080313,SA1,101128,ISSA,RAMADHANI,IDENT
20170805080320,SA1,101118,MANENO,RAMADHANI,IDENT
20170805080326,SA1,101124,KHALIDI,KASSIMU,IDENT
20170805080329,SA2,901446,DANIEL,MBARUKA,IDENT
20170805080333,SA1,900030,JUMANNE,LUMBU,IDENT
20170805080334,SA2,901444,BAKARI,KITILA,IDENT
20170805080340,SA2,200311,DAVID,BWILE,IDENT
20170805080440,SA6,900591,RASHID ,MUNKENDA,IDENT
20170805080445,SA6,900485,SHUFAA,ABEID,IDENT
20170805080500,SA6,900468,MICHAEL,IBRAHIM,IDENT
20170805080506,SA1,101114,ABUBAKARI,KHALIDI,IDENT
20170805080508,SA4,901239,SAKINA,KIZEE,IDENT
20170805080511,SA1,900512,SAIDI,BARUTI,IDENT
20170805080516,SA1,101115,ATHUUMANI,HEMEDI,IDENT
20170805080521,SA1,900211,BARAKA,MAKI,IDENT
20170805080525,SA1,900219,GEORGE,SAMATA,IDENT
20170805080542,SA5,901335,YONA,MAPELELE,IDENT
20170805080601,SA1,900517,THERESIA,NJAU,IDENT
20170805080613,SA6,900458,KIBWANA,SAIDI,IDENT
20170805080619,SA1,101123,KHAMISI ,PEMBE,IDENT
20170805080626,SA1,101134,HASSAN,KAPANYA,IDENT
20170805080655,SA2,200312,BARAKA,KATEGILE,IDENT
20170805080657,SA6,900408,COLLMAN,KISISA,IDENT
20170805080658,SA2,200351,MICHAEL,MICHAEL,IDENT
20170805080659,SA6,900402,BARAKA,MVUNGI,IDENT
20170805080704,SA6,900131,FRANK,MAKWABU,IDENT
20170805080731,SA6,900151,LISSY,KIGONJOLA,IDENT
20170805080804,SA6,E083,GURURAJ,SHENVI,IDENT
20170805080807,SA1,900715,ELIASI,KIZITO,IDENT
20170805080807,SA6,900464,MARTHA,MWIKOLA,IDENT
20170805080826,SA6,900566,ERICK,NDUNGURU,IDENT
20170805080841,SA1,900516,SOLOMON,MBANGA,IDENT
20170805080852,SA4,900944,FROLA,KAMARA,IDENT
20170805080857,SA6,900439,IDDI,MOHAMED,IDENT
20170805080858,SA2,901450,FARIDA,JUMA,IDENT
20170805080906,SA2,200318,JOSHUA , PAULO,IDENT
20170805080924,SA6,E084,NAVNEET, SINGH,IDENT
20170805080941,SA6,900390,ALBERT,KANENDA,IDENT
20170805080947,SA2,901442,JARINA,SHEKOLA,IDENT
20170805080950,SA5,901325,JOSEPH,KAVISHE,IDENT
20170805080951,SA6,900682,BENEDICT,ELIAS,IDENT
20170805080953,SA2,901452,STEVEN,CHUWA,IDENT
20170805080959,SA2,901068,CATHERINE,MATENGO,IDENT
20170805081013,SA1,900708,OMARY,ABDALLAH,IDENT
20170805081019,SA1,900235,PAULO,MGEMA,IDENT
20170805081031,SA1,901575,LINDA,MLAY,IDENT
20170805081100,SA6,900165,RAMADHANI,NYENJE,IDENT
20170805081134,SA6,900574,FURAHA,MSAMBWA,IDENT
20170805081218,SA6,900184,JASPER,NGURUBE,IDENT
20170805081305,SA6,900413,ELIBAHATI,JOSEPH,IDENT
20170805081322,SA6,901584,PENDO,MNJAGILA,IDENT
20170805081433,SA6,E013,GIRIRAJ,SHARMA,IDENT
20170805081233,SA1,900780,THEO,MAPUNDA,IDENT
20170805081251,SA2,901443,MWAJUMA,SHEMBWANA,IDENT
20170805081327,SA2,901449,BONIFAS,ANGANILE,IDENT
20170805081332,SA1,900507,KANTI,KADIRI,IDENT
20170805081444,SA6,900388,AGNES,SHAYO,IDENT
20170805081448,SA2,901451,JUSTINE,MKUDE,IDENT
20170805081449,SA6,901578,DEOGRATIUS,KABELEGE,IDENT
20170805081626,SA6,900107,MSELEM,MSELEM,IDENT
20170805081715,SA6,900460,LAMECK,ASSETO,IDENT
20170805081721,SA6,900171,ROBERT,MFUNI,IDENT
20170805081736,SA1,900497,EMANUEL,NGIMBUZI,IDENT
20170805081756,SA6,900701,MATHEW,NDANSHAU,IDENT
20170805081836,SA6,900292,ROSE,CHIKAWE,IDENT
20170805081856,SA6,900689,IRENE,MOSHI,IDENT
20170805081907,SA4,901264,HADIJA,RAMADHANI,IDENT
20170805081934,SA6,E037,SRINIVAS,DANTU,IDENT
20170805081938,SA6,901585,SADICK,MAPUNDA,IDENT
20170805081951,SA1,900655,ZAINAB,JERECKO,IDENT
20170805082026,SA6,900481,RICHARD,KWEYAMBA,IDENT
20170805082138,SA6,E068,RANJEET SINGH,SAINI,IDENT
20170805082154,SA6,901590,ISSA,JUMA,IDENT
20170805082159,SA6,900110,RASHID,ISSA,IDENT
20170805082216,SA6,900044,REGINARD,MSHANGA,IDENT
20170805082220,SA6,900484,SHANI,MOHAMED,IDENT
20170805082427,SA6,900649,ZUBEDA,MANDIA,IDENT
20170805082135,SA1,900828,WILLIUM,MPANGALA,IDENT
20170805082823,SA6,901433,ESTER,THEOFIL,IDENT
20170805083044,SA6,900109,AMANI,NYAKARASHI,IDENT
20170805083049,SA6,900560,DEOGRASIAS,STEPHIN,IDENT
20170805083049,SA4,900910,ZAINABU,SADALLAH,IDENT
20170805083051,SA6,900681,ABUBAKARI,MGAZA,IDENT
20170805083428,SA6,900246,ABDULKARIM,ALI,IDENT
20170805083523,SA1,900505,JESCA,MATECHI,IDENT
20170805083829,SA1,900457,KHAMISI,MASUMBUKO,IDENT
20170805084849,SA6,900108,NORAH,CLEMENCE,IDENT
20170805085056,SA6,900009,ASHA,HAMISI,IDENT
20170805085106,SA6,900039,MWAJABU,ALLY,IDENT
20170805085832,SA6,900620,AYOUB,MTAFUNGWA,IDENT
20170805090556,SA6,900629,MICHAEL,ZAMBETAKIS,IDENT
