20161004092239,SA6,900044,REGINARD,MSHANGA,IDENT
20161004094522,SA6,901438,MARY,JOSEPH,IDENT
20161004103011,SA6,900591,RASHID ,MUNKENDA,IDENT
20161004114203,SA6,900257,ENGLIBERTH,DAUDI,IDENT
20161004121503,SA6,900245,ABDALLAH,KIMULIMULI,IDENT
20161004123013,SA2,900949,MUHINA,GOMBE,IDENT
20161004123200,SA6,900019,HAMISI,MADODO,IDENT
20161004123501,SA6,900002,ABDALLAH,MWEYO,IDENT
20161004124629,SA6,E021,RAJA,SWAMINATHAN,IDENT
20161004124635,SA6,900660,IDDI,ALLY,IDENT
20161004125059,SA6,900661,ADILILA,KONGA,IDENT
20161004130143,SA6,900054,THOMAS,MGABO,IDENT
20161004130156,SA6,900025,JOYCE,MAGANGA,IDENT
20161004130214,SA6,900025,JOYCE,MAGANGA,IDENT
20161004130222,SA6,900025,JOYCE,MAGANGA,IDENT
20161004131818,SA6,900685,VICTOR,MBUNDAMILA,IDENT
20161004132241,SA6,900406,CHAUREMBO,MWINYI,IDENT
20161004132537,SA1,900001,ABDALLAH,JUMANNE,IDENT
20161004132612,SA6,900036,MOHAMED,MAJUJULO,IDENT
20161004132821,SA6,900023,JINGSON,SAIMON,IDENT
20161004132907,SA6,900140,IGNATUS,MLANGWA,IDENT
20161004132920,SA6,900556,REGINA,NDALUHEKEYE,IDENT
20161004132920,SA1,900031,LUCAS,MABUYE,IDENT
20161004132940,SA6,900478,RAPHAEL,SENKONDO,IDENT
20161004133101,SA1,900815,METHOD,DEDA,IDENT
20161004133109,SA1,900811,JUMA,HUMBE,IDENT
20161004133218,SA5,901300,ANNA,TEMBA,IDENT
20161004133241,SA4,901209,MIRIAM,MNDEWA,IDENT
20161004133250,SA1,900290,RASHIDI,GEUZA,IDENT
20161004133314,SA1,900220,HAMISI,NJOCHOLA,IDENT
20161004133316,SA4,901158,ALOYCE,IZINA,IDENT
20161004133343,SA5,901287,REGINA,JEMES,IDENT
20161004133410,SA5,901389,OMARY,JUMA,IDENT
20161004133413,SA1,900736,KANUNU,THABIT,IDENT
20161004133415,SA3,901098,GERALD,MBAUKA,IDENT
20161004133415,SA5,901384,JOSHUA,KITUNDU,IDENT
20161004133422,SA5,901302,ASHA,SHOMARI,IDENT
20161004133428,SA5,901298,SWAUMU,MZIRAI,IDENT
20161004133433,SA5,901324,MARIAM,YAHAYA,IDENT
20161004133438,SA4,901104,MWANAHAWA,HASSAN,IDENT
20161004133438,SA5,901255,ASHA,BILALI,IDENT
20161004133444,SA4,900997,MARY,ONDURU,IDENT
20161004133444,SA6,900627,BAHATI,KAPIGA,IDENT
20161004133444,SA5,901388,OSWALD,SHILLA,IDENT
20161004133451,SA5,901162,MWANAHARUSI,MOHAMED,IDENT
20161004133458,SA5,901094,MARTINA,FISSO,IDENT
20161004133514,SA5,901183,YASINTA,MKIWA,IDENT
20161004133519,SA4,900983,RUKIA,KONDO,IDENT
20161004133521,SA3,900908,SALMA,RWAMBANO,IDENT
20161004133525,SA4,900878,AISHA,KIZINGA,IDENT
20161004133526,SA3,901105,MTUMWA,ALLY,IDENT
20161004133530,SA4,901181,ASNA,SPRIAN,IDENT
20161004133530,SA1,900739,EMENUEL,KYEJO,IDENT
20161004133534,SA4,901179,AMANDA,KWEZI,IDENT
20161004133542,SA4,900972,SAFINA,ABEID,IDENT
20161004133542,SA2,901021,NEEMA ,MWANGO,IDENT
20161004133547,SA4,900968,TAUSI,SIMBA,IDENT
20161004133548,SA6,900611,EVARIST,MPINGAURUGU,IDENT
20161004133558,SA6,900611,EVARIST,MPINGAURUGU,IDENT
20161004133611,SA4,900993,MARIAM,MSUMALI,IDENT
20161004133614,SA4,901027,EDDA,MWAKIBINGWA,IDENT
20161004133616,SA5,901369,RECHO,MSHUMBUSI,IDENT
20161004133620,SA4,901245,EVERINA,MKETO,IDENT
20161004133624,SA5,901427,JESCA,NGUMBU,IDENT
20161004133637,SA4,901129,FELISTA,NYAHENGE,IDENT
20161004133655,SA4,901193,VICTORIA,MWAMPEGETE,IDENT
20161004133703,SA6,900433,HARUNI,MKAMA,IDENT
20161004133711,SA4,901168,REHEMA ,MWASOMOLA,IDENT
20161004133736,SA4,901133,HUSNA,SENGAMBA,IDENT
20161004133912,SA3,901035,AGNES,NKONJELWA,IDENT
20161004133920,SA3,900905,AMINA,MUHIDINI,IDENT
20161004133924,SA2,900897,SWAUMU,SAIDI,IDENT
20161004133943,SA2,900964,RAPHAEL,MBOKO,IDENT
20161004133745,SA4,901229,ANNA,NGAPONDA,IDENT
20161004133751,SA4,900899,MAGDALENA,SIMAO,IDENT
20161004133758,SA4,901143,LINES,PILLI,IDENT
20161004133806,SA4,901247,KULUTHUM,CHILEMILE,IDENT
20161004133811,SA4,901160,SAUDA,MCHECHE,IDENT
20161004133816,SA4,901052,SUZANA,NAPANGA,IDENT
20161004133821,SA4,901135,REHEMA,OMARY,IDENT
20161004133828,SA4,900913,ASHURA,NGUMBE,IDENT
20161004133833,SA4,900988,UPENDO,PETER,IDENT
20161004133838,SA4,901186,FROLA,KILIMA,IDENT
20161004133846,SA5,901364,SALAFINA,KISAPI,IDENT
20161004133847,SA4,901241,FATUMA,JUMA,IDENT
20161004133854,SA4,901089,HARUNA,ATHUMANI,IDENT
20161004133855,SA6,900048,SHELLA,MFAUME,IDENT
20161004133859,SA4,901112,BUSHRA,SALUM,IDENT
20161004133905,SA4,901235,TUMAIN,MUNGURE,IDENT
20161004133911,SA4,901113,ELIZABETH,SHIRIMA,IDENT
20161004133915,SA4,901219,MARIAM,MUSSA,IDENT
20161004133923,SA4,901007,MODESTA,JOGOO,IDENT
20161004133928,SA4,901124,TABIA,OMARY,IDENT
20161004133934,SA4,901130,NURU,DAUDI,IDENT
20161004133940,SA4,901132,HEAVENLIGHT,NKYA,IDENT
20161004133947,SA4,901190,NEEMA,MNYALAPE,IDENT
20161004133955,SA5,901286,AGNES,LUCAS,IDENT
20161004133956,SA4,901174,BETH,NGADADA,IDENT
20161004134001,SA4,901274,AMINA,KAHABUKA,IDENT
20161004134003,SA5,901304,SOPHIA,ALLY,IDENT
20161004134006,SA4,901034,STAMILI,MUSSA,IDENT
20161004134009,SA4,901026,FATUMA,KONYO,IDENT
20161004134012,SA4,900985,BAHATI,SARAPIONI,IDENT
20161004134019,SA4,901194,ELINA,ABEL,IDENT
20161004134022,SA4,901243,PLAKSEDA,AKIZAMUNGU,IDENT
20161004134026,SA4,901256,AVERINA,AMANDUS,IDENT
20161004134040,SA1,900794,ADAM,SALTIELY,IDENT
20161004134044,SA5,901418,ISAYA ,SAWASAWA,IDENT
20161004134051,SA5,901385,ABDALLA,MGAYA,IDENT
20161004134054,SA4,901218,JANE,RYOBA,IDENT
20161004134103,SA4,901173,BAHATI,MAKAMBA,IDENT
20161004134109,SA4,901114,FARIDA,AMBLOS,IDENT
20161004134113,SA4,901182,RENIFRIDA,NGUMBU,IDENT
20161004134128,SA3,900927,SAADA,SALUM,IDENT
20161004134131,SA4,901212,JASMINI,MOHAMED,IDENT
20161004134132,SA5,901317,ASHA,HAMISI,IDENT
20161004134136,SA3,901115,FROLA,SIKWEMBE,IDENT
20161004134139,SA4,901025,ASHURA,HAMISI,IDENT
20161004134142,SA4,900992,AGNES,MEJA,IDENT
20161004134148,SA4,900883,EDINA,ABED,IDENT
20161004134154,SA4,900862,EDINA,MWAKYOMA,IDENT
20161004134211,SA4,901108,AISHA,WILLIUM,IDENT
20161004134215,SA4,900974,ZAWADI,SADIKI,IDENT
20161004134219,SA4,901187,MONICA,SHEMBONI,IDENT
20161004134225,SA4,900943,MWAMINI,MPANGULE,IDENT
20161004134226,SA6,900139,IDD,YUSUFU,IDENT
20161004134228,SA4,900881,ZAINABU,SAIDI,IDENT
20161004134229,SA6,900112,ABDALLAH,MIKALAMBILO,IDENT
20161004134231,SA2,900925,REGINA,THOMAS,IDENT
20161004134237,SA4,901234,ANITHA,AHALIELI,IDENT
20161004134239,SA2,900879,RAHMA,KILO,IDENT
20161004134239,SA5,901349,HABIBU,BAKARI,IDENT
20161004134241,SA4,901272,NDEKESIO,SIKAWA,IDENT
20161004134242,SA2,900961,ELIZABETH,FRANCISCO,IDENT
20161004134244,SA5,901350,ALFRED,CHARLES,IDENT
20161004134247,SA4,900904,ANNA,MAGEMBE,IDENT
20161004134249,SA5,901408,SAIDI,MAKALA,IDENT
20161004134254,SA5,901404,AWAZI,SALIM,IDENT
20161004134256,SA4,901030,VERONICA,WANGWE,IDENT
20161004134258,SA1,900745,YUSUPH,NGAPAWA,IDENT
20161004134301,SA5,901341,JESSE,JEREMIA,IDENT
20161004134303,SA3,900919,ANNA,MPUGE,IDENT
20161004134306,SA4,901185,JOYCE,SAMWEL,IDENT
20161004134316,SA4,901184,GRACE,NGALABA,IDENT
20161004134316,SA2,901167,KELVIN,NGOZI,IDENT
20161004134322,SA2,901065,ZAINABU,KARUMUNA,IDENT
20161004134327,SA4,901136,HONORATA,SHAYO,IDENT
20161004134328,SA2,901039,JULIANA,SUKU,IDENT
20161004134332,SA4,901117,HIDAYA,MASOUD,IDENT
20161004134340,SA4,900867,AISHA,KIUMBA,IDENT
20161004134341,SA1,900232,MATIKO ,MICHAEL,IDENT
20161004134344,SA3,901032,MARISELINA,NGULI,IDENT
20161004134346,SA4,901123,REBECA,KALOFU,IDENT
20161004134349,SA6,900048,SHELLA,MFAUME,IDENT
20161004134354,SA4,901029,MARIAM,MWETEMBO,IDENT
20161004134359,SA4,901107,MUHIDINI,HASSAN,IDENT
20161004134400,SA1,900749,EZEKIEL,SOLO,IDENT
20161004134402,SA2,901049,REDEMTA,DANIEL,IDENT
20161004134402,SA5,901305,DIANA,KIBASA,IDENT
20161004134402,SA4,900953,JANE,LUSENDELA,IDENT
20161004134403,SA1,900786,FARAJI,KILUWA,IDENT
20161004134407,SA5,901367,BEATHA,MLOSO,IDENT
20161004134409,SA1,900817,MOSES,MASENGA,IDENT
20161004134411,SA4,901059,JAZIRA,RAMADHANI,IDENT
20161004134412,SA5,901356,ZAMDA,NGWABAYA,IDENT
20161004134414,SA4,901045,ASHURA,KATULA,IDENT
20161004134419,SA4,900959,REHEMA,LYOWA,IDENT
20161004134423,SA2,901085,ELIZABETH,NYAMBO,IDENT
20161004134426,SA4,901023,AMINA,CHAKWE,IDENT
20161004134429,SA4,900906,MARYSTELA,MCHOME,IDENT
20161004134434,SA4,900996,LILIAN,RASHIDI,IDENT
20161004134439,SA4,900939,STELLA,MAGOGWA,IDENT
20161004134443,SA4,901140,ASHURA,MGENI,IDENT
20161004134448,SA4,901022,SILIVIA,SHAYO,IDENT
20161004134451,SA4,901122,NEEMA,FANUEL,IDENT
20161004134455,SA1,900392,ALLY,MBEGU,IDENT
20161004134500,SA1,900490,TWAHA,MGUHI,IDENT
20161004134500,SA4,901046,GRADIS,MAGANA,IDENT
20161004134501,SA2,901198,MANEO,ATHUMANI,IDENT
20161004134505,SA4,901238,MARIAM,SELEMANI,IDENT
20161004134507,SA6,900396,ANDREW,MSANGI,IDENT
20161004134512,SA5,901309,SALMA,RAFIKI,IDENT
20161004134520,SA5,900849,IRENE,MMARI,IDENT
20161004134520,SA4,900917,SALMA,DIWILE,IDENT
20161004134521,SA2,900865,CHRISTINA,MAGOWELA,IDENT
20161004134526,SA5,901430,JOYCE,SEMWENDA,IDENT
20161004134530,SA4,900863,ANNA,MICHAEL,IDENT
20161004134538,SA5,901405,ABDANI,SHILLA,IDENT
20161004134540,SA4,900856,MWAJAMBU,HAMAD,IDENT
20161004134542,SA1,900821,SAWA,SWAHA,IDENT
20161004134605,SA5,901331,DIANA,KABYEMELA,IDENT
20161004134616,SA4,901152,STELLA,MWAKATOBE,IDENT
20161004134623,SA4,901042,FARIDA,NDAUKE,IDENT
20161004134633,SA4,900963,MWAZANI,SAIDI,IDENT
20161004134636,SA2,900860,AGNESS,LUHUNGO,IDENT
20161004134641,SA2,900891,HINESS,KAAYA,IDENT
20161004134644,SA1,900742,PROSPER,POLITHO,IDENT
20161004134648,SA1,900809,JAMES,MWENDA,IDENT
20161004134654,SA1,900763,SALEHE,NJAGE,IDENT
20161004134659,SA4,900951,MWAJUMA,AIDAN,IDENT
20161004134700,SA5,901295,ELLASIA,WILLIUM,IDENT
20161004134705,SA4,901246,VERONICA,MTENGWA,IDENT
20161004134709,SA4,900994,MWAISHA,MWAMOTO,IDENT
20161004134712,SA5,901312,VUMILIA,NDEGE,IDENT
20161004134714,SA4,901195,RAYMOND,BUKOJI,IDENT
20161004134717,SA5,901280,WHITNESS,MSAGATI,IDENT
20161004134722,SA4,901230,KUDRA,BAKARI,IDENT
20161004134727,SA4,901111,ASIA,MSHAMU,IDENT
20161004134807,SA2,901092,ASIA,JUMA,IDENT
20161004134813,SA2,900921,MWAJUMA,IDDI,IDENT
20161004134923,SA2,900914,HAWA,MWIMBE,IDENT
20161004134942,SA2,900945,ELIZABETH,MREMA,IDENT
20161004134746,SA5,901279,NEEMA, GODFREY,IDENT
20161004134749,SA4,900967,FATUMA,MTAMBUA,IDENT
20161004134753,SA1,900746,GEDION,BUTENGE,IDENT
20161004134754,SA4,901127,ZAHARA,MBELWA,IDENT
20161004134758,SA5,901406,PASCAL,STANLEY,IDENT
20161004134758,SA4,901231,ASHA,DUTCH,IDENT
20161004134804,SA5,901368,NAOMI,YUSUPH,IDENT
20161004134810,SA5,901316,ZUHURA,HAMIS,IDENT
20161004134822,SA4,901251,GATI,NYANTUMAN,IDENT
20161004134827,SA4,901244,SWAUMU,HIMBU,IDENT
20161004134839,SA4,900933,WINFRIDA,LUSEBA,IDENT
20161004134843,SA5,901395,HASHIM,HAIZA,IDENT
20161004134844,SA1,900818,PASCAL,MIKONDO,IDENT
20161004134918,SA1,900231,MARKO,SHIMIZI,IDENT
20161004134923,SA5,901399,DIANA,NDONGO,IDENT
20161004134938,SA6,900487,STEPHEN,KAMBWEMBWE,IDENT
20161004134948,SA1,900542,POUL,KIBELA,IDENT
20161004134949,SA5,901571,ENOCK,ELIA,IDENT
20161004135002,SA2,901200,INOCENT , KIFUMU,IDENT
20161004135042,SA3,901196,BONIPHACE,NGESI,IDENT
20161004135049,SA4,901253,JOYCE,KESI,IDENT
20161004135106,SA6,900056,YESAYA,NTUNDUU,IDENT
20161004135116,SA5,901327,EMERY,MSUNGU,IDENT
20161004135119,SA5,901376,ZAINABU ,SALUM,IDENT
20161004135119,SA1,900384,ABDALLA,SAIDI,IDENT
20161004135121,SA2,901150,CHRISTINA,MBODE,IDENT
20161004135135,SA1,900769,JAMES,MACKLINE,IDENT
20161004135137,SA1,900760,OMARY,MHAGAMA,IDENT
20161004135138,SA4,901261,ZAINA,KILWANDA,IDENT
20161004135143,SA4,901266,AZIZA,KAKOMBE,IDENT
20161004135145,SA6,900099,AMIN,JUMA,IDENT
20161004135149,SA4,901155,GRACE,MUHONO,IDENT
20161004135200,SA2,900915,DOROTHEA,KILO,IDENT
20161004135203,SA6,900040,MWAJUMA,KATONA,IDENT
20161004135205,SA4,901088,JANETH,MUONDO,IDENT
20161004135219,SA1,900819,PATRICK,MTONDOLA,IDENT
20161004135222,SA4,900890,OLIVER,UDOBA,IDENT
20161004135222,SA1,900822,MENRUFU,PILLY,IDENT
20161004135245,SA1,900437,HUSSEIN,MBONDE,IDENT
20161004135254,SA4,901076,AGNESS,NGAPONDA,IDENT
20161004135300,SA1,900723,SAIDI,JUMANE,IDENT
20161004135310,SA1,900781,GERALD,JOHN,IDENT
20161004135329,SA2,900885,AMINA,MZARA,IDENT
20161004135334,SA1,900735,ZAINABU,MOHAMEDI,IDENT
20161004135335,SA4,901047,MWAJUMA,HAMIS,IDENT
20161004135356,SA4,900901,NEEMA,NYAKOKI,IDENT
20161004135403,SA1,900793,ABDUL,MAINGO,IDENT
20161004135413,SA6,900473,NAOMI,GONDA,IDENT
20161004135427,SA5,901277,NEEMA,UISO,IDENT
20161004135438,SA6,900134,GRACE,KIM,IDENT
20161004135456,SA1,900795,ALLY,LIKIWA,IDENT
20161004135505,SA1,900243,YOHANA,ALLY,IDENT
20161004135508,SA4,901215,MWANAIDI,KOLOKO,IDENT
20161004135508,SA6,900138,HUSSEIN,SHABANI,IDENT
20161004135511,SA1,900227,JOSEPH,NGANILWA,IDENT
20161004135521,SA4,901271,RACHEL,MCHOVU,IDENT
20161004135523,SA6,900423,GARDINO,MHIMBA,IDENT
20161004135536,SA4,901270,NAOMI,OBONG,IDENT
20161004135541,SA4,901170,BAHATI,SHABANI,IDENT
20161004135543,SA2,901037,FADINA,IBRAHIM,IDENT
20161004135545,SA1,900154,MWAJUMA,MSAKUZI,IDENT
20161004135551,SA1,900757,JOSEPH,HEMA,IDENT
20161004135554,SA1,900783,DAMIAN,ALONE,IDENT
20161004135603,SA4,901237,ZUBEDA,KIMARO,IDENT
20161004135608,SA1,900740,SPEDICTOR,NGOGO,IDENT
20161004135610,SA4,901189,KURUTHUM,KHAMISI,IDENT
20161004135611,SA2,901096,SAMWELI,MANGARE,IDENT
20161004135625,SA4,900970,MARIA,ELIESEL,IDENT
20161004135625,SA1,900790,ISIHAKA,IDDI,IDENT
20161004135628,SA6,900417,FABIAN,FABIAN,IDENT
20161004135629,SA1,900752,SIMON,MAPUNDA,IDENT
20161004135633,SA4,901048,HALIMA,IDDI,IDENT
20161004135634,SA1,900771,DATIUS,MARTINE,IDENT
20161004135648,SA4,900981,FIDES,MONGI,IDENT
20161004135719,SA1,900216,ELLY,MKONGWE,IDENT
20161004135732,SA4,900846,SARA,CHIDUNI,IDENT
20161004135736,SA1,900228,KAGERA,MSAMBUSI,IDENT
20161004135823,SA1,900756,HUSSEIN,KANDORO,IDENT
20161004135855,SA6,900171,ROBERT,MFUNI,IDENT
20161004135953,SA1,900768,FILAN,FATAEL,IDENT
20161004140004,SA1,900386,ABDALLAH ,RAMADHANI,IDENT
20161004140005,SA4,901138,JOYCE,CHEMRA,IDENT
20161004140011,SA4,901033,TATU,ISSA,IDENT
20161004140016,SA4,901161,NURU,MOHAMED,IDENT
20161004140023,SA4,901001,AMINA,MUYA,IDENT
20161004140026,SA2,900931,JOHARI,KIMARO,IDENT
20161004140027,SA4,900935,ZAINABU,SINGANO,IDENT
20161004140028,SA6,900579,GRAYSON,KUNZUGALA,IDENT
20161004140032,SA4,900926,AMINA,KONDO,IDENT
20161004140032,SA6,900580,BARAKA,MAGAFU,IDENT
20161004140035,SA4,901028,REHEMA,KWENGWEGU,IDENT
20161004140040,SA5,900855,SINAHIA,OMARI,IDENT
20161004140040,SA4,901018,AISHA,KIBINDO,IDENT
20161004140045,SA4,901003,SALAMA,KADALA,IDENT
20161004140046,SA5,901294,RATIFA,KAPINGA,IDENT
20161004140051,SA4,901036,AZIZA,MANGETU,IDENT
20161004140054,SA5,901013,YASINTA,SHELUBANZI,IDENT
20161004140058,SA3,900989,AMINA,CHITWANGWA,IDENT
20161004140100,SA4,901005,HADIJJA,KIJUU,IDENT
20161004140106,SA3,901227,MWAMVITA,MWAIPOPO,IDENT
20161004140107,SA4,900937,UPENDO,MLEWA,IDENT
20161004140112,SA4,901066,ZULEHA,MOHAMED,IDENT
20161004140113,SA6,900046,SALUM,NDEGE,IDENT
20161004140116,SA3,901006,RUKIA,ALLY,IDENT
20161004140117,SA4,901216,ASHA,RAMADHANI,IDENT
20161004140124,SA4,900966,ZUHURA,KIJIMBO,IDENT
20161004140127,SA3,900880,MWANAHAMISI,MAREKANO,IDENT
20161004140131,SA4,901250,JENIPHA,DAMIAN,IDENT
20161004140133,SA3,900900,HELENA,SENZUGWAKO,IDENT
20161004140139,SA4,900895,CATHERINE,CHIGOGOLO,IDENT
20161004140140,SA3,901086,ELIWAZA,MWIGOHA,IDENT
20161004140147,SA5,901281,JOSEPH,MUSUGULI,IDENT
20161004140200,SA3,901099,TAUS,MUSTAPHA,IDENT
20161004140209,SA5,901323,AMINA,HAMISI,IDENT
20161004140229,SA5,901386,SHAMSI,MUHITI,IDENT
20161004140232,SA4,900984,SALAMA,BIGE,IDENT
20161004140232,SA6,900489,TUMAINI,MNZAVA,IDENT
20161004140241,SA1,900211,BARAKA,MAKI,IDENT
20161004140242,SA4,901058,HAMIDA,MATIPA,IDENT
20161004140247,SA4,901102,ORIVER,DAUD,IDENT
20161004140253,SA5,901402,ALLY,SELEMAN,IDENT
20161004140257,SA4,901002,MARIAM,SABURI,IDENT
20161004140301,SA3,901061,MWAJUMA,ABDALLAH,IDENT
20161004140302,SA4,901225,NOELA,YALOT,IDENT
20161004140305,SA3,900886,ELIZABERTH,KIJA,IDENT
20161004140305,SA5,901285,THABIT,ALLY,IDENT
20161004140309,SA4,900975,EDINA,MZUNGU,IDENT
20161004140313,SA5,901428,YOHANA,LEONARD,IDENT
20161004140315,SA3,900870,GOMERY,DAUDI,IDENT
20161004140315,SA4,900888,AMINA,NGAINA,IDENT
20161004140321,SA4,901008,GRESS,KOBA,IDENT
20161004140322,SA3,90086,FRIDA,MKUMBO,IDENT
20161004140327,SA2,900920,PILLI,SAIDI,IDENT
20161004140329,SA4,901145,ADELINA,MALEMA,IDENT
20161004140331,SA3,900847,ZAINABU,SINGANO,IDENT
20161004140335,SA4,900973,SHARIFA,LIYAYA,IDENT
20161004140336,SA5,901315,FIDEA,AGUSTINO,IDENT
20161004140341,SA4,901142,SOPHIA,YUSUPH,IDENT
20161004140341,SA5,901314,JANE,NYAGAWA,IDENT
20161004140342,SA3,900866,FLORA,DAMAS,IDENT
20161004140346,SA3,901016,HALIFA,MOHAMED,IDENT
20161004140346,SA4,901228,CESILIA,MBABUYE,IDENT
20161004140350,SA1,900440,IDRISA,KIMARO,IDENT
20161004140350,SA5,901355,HALIMA,SANANE,IDENT
20161004140353,SA3,900861,MWAJABU,BAKARI,IDENT
20161004140401,SA6,900110,RASHID,ISSA,IDENT
20161004140404,SA4,900893,JOYCE,MCHOMVU,IDENT
20161004140404,SA3,900872,ZALAU,NGWELE,IDENT
20161004140412,SA4,900942,CHRISTINA,MWENDA,IDENT
20161004140419,SA3,900877,IRENE,GABRIEL,IDENT
20161004140420,SA5,900850,ROSE,KITALI,IDENT
20161004140425,SA5,901422,EMMANUEL,KHALIDI,IDENT
20161004140425,SA1,900442,ITIKA,DICKSON,IDENT
20161004140427,SA2,900955,MWANAHAMISI,MAKUNGANYA,IDENT
20161004140447,SA5,901375,PILLI,CHOLOGONDO,IDENT
20161004140447,SA4,900942,CHRISTINA,MWENDA,IDENT
20161004140448,SA3,900960,AGNESS,NAWAHIGA,IDENT
20161004140451,SA5,901373,ADELA,MSAGA,IDENT
20161004140454,SA3,901210,ROSE,CHUWA,IDENT
20161004140455,SA5,901338,WAZIRI,WAZIRI,IDENT
20161004140455,SA4,901207,AISHA,ABEID,IDENT
20161004140458,SA5,901387,GODFREY,YALED,IDENT
20161004140506,SA1,900734,REHEMA,NKYA,IDENT
20161004140507,SA4,901214,MARIAM,OMAR,IDENT
20161004140519,SA4,900956,DIANA,LEMA,IDENT
20161004140524,SA4,901100,REHEMA,SALEHE,IDENT
20161004140532,SA4,901074,VERONICA,KIMWAGA,IDENT
20161004140537,SA4,901139,HAPPY ,ZAKAYO,IDENT
20161004140544,SA1,900725,SAMSONI,KINGU,IDENT
20161004140546,SA4,901172,AGNES,STEVEN,IDENT
20161004140554,SA4,901126,YUNIS,LULANDALA,IDENT
20161004140557,SA3,900896,HADIJA , KIHEGO,IDENT
20161004140601,SA4,901131,ESTA,KWEKA,IDENT
20161004140617,SA4,901128,ZAITUNI,SOGOI,IDENT
20161004140620,SA5,901351,BARNABA,EDWARD,IDENT
20161004140623,SA4,900928,MARIA,MAGWE,IDENT
20161004140628,SA4,901249,HILDA,MWAZEMBE,IDENT
20161004140636,SA4,901116,GRACE,KAHANGE,IDENT
20161004140637,SA1,900719,STEPHAN,SIMON,IDENT
20161004140641,SA3,900876,MWASITI,MAULID,IDENT
20161004140644,SA4,900952,SALAMA,MOHAMAD,IDENT
20161004140645,SA3,901205,JAMILA,MASONGI,IDENT
20161004140656,SA4,901224,ANNA,NYAKAPALA,IDENT
20161004140702,SA3,900875,ASHA,MALINBWI,IDENT
20161004140702,SA5,900918,MARIAM,RAMADHANI,IDENT
20161004140703,SA4,901156,SAID,HAMISI,IDENT
20161004140709,SA3,900907,PAULINA,DEVA,IDENT
20161004140713,SA3,901110,ASHA,MPELA,IDENT
20161004140716,SA5,901311,LOYCE,MASKINI,IDENT
20161004140723,SA5,900471,MOHAMED,MIRUNDI,IDENT
20161004140724,SA3,900873,SELEN,JUMA,IDENT
20161004140730,SA3,900903,RUKIA,MOHAMED,IDENT
20161004140742,SA3,900864,TECLA,SAMWEL,IDENT
20161004140747,SA3,901233,SAMI,MTITIMA,IDENT
20161004140803,SA3,900892,MWANIA,PEMBE,IDENT
20161004140838,SA2,901203,STANLEY,KIGUNGA,IDENT
20161004140858,SA3,901062,RASHID,MDOE,IDENT
20161004140914,SA3,901151,SIJARI,MAGOMBE,IDENT
20161004140953,SA2,901148,IBRAHIM,MZENTO,IDENT
20161004140750,SA6,900443,JABIRI,RAMADHANI,IDENT
20161004140812,SA5,901289,CONSOLATHA,RAPHAEL,IDENT
20161004140814,SA4,901171,ESTHER,MUNGUTI,IDENT
20161004140816,SA5,901310,MARIAM,BELEKO,IDENT
20161004140826,SA4,901204,SOPHIA,LUGOME,IDENT
20161004140832,SA4,901014,LUCY,THOMAS,IDENT
20161004140858,SA1,900751,TUSKAR,HALFANI,IDENT
20161004140911,SA4,901141,HADIJA,SALUM,IDENT
20161004140915,SA5,901419,JENIPHA,MWILONGO,IDENT
20161004140916,SA4,901146,MARTHA,MAKOTI,IDENT
20161004140923,SA5,901360,MARRY,MASULUBE,IDENT
20161004140930,SA1,900858,MUHSIN,ATHUMANI,IDENT
20161004140934,SA5,901328,MARRY,SHOO,IDENT
20161004140939,SA4,901093,SHARON,IBRAHIM,IDENT
20161004140951,SA4,901213,HABIBA,NJIKU,IDENT
20161004141003,SA5,901344,JACKSON,ATANUS,IDENT
20161004141012,SA5,901293,JOHARI,MAHARIA,IDENT
20161004141021,SA5,901296,STELLA,LUGOME,IDENT
20161004141034,SA4,901197,RASHID,NJERAN,IDENT
20161004141059,SA4,901163,SIJALI,MKELE,IDENT
20161004141100,SA5,901291,AISHA,ISSA,IDENT
20161004141104,SA5,901346,FRANK,MANDI,IDENT
20161004141116,SA4,901153,MAGRETH,ZANUARI,IDENT
20161004141119,SA6,900162,PILLY,MANENO,IDENT
20161004141122,SA5,901290,AGNES,SALAWA,IDENT
20161004141127,SA5,901077,CONSOLATH,MATERU,IDENT
20161004141129,SA4,901211,ANNA,KIMARO,IDENT
20161004141129,SA6,900124,DAUDI,ELIFALETH,IDENT
20161004141136,SA5,901306,VAILETH,NGULO,IDENT
20161004141140,SA3,901055,ZAINABU,OMARY,IDENT
20161004141145,SA5,901417,REHEMA,SINDANO,IDENT
20161004141149,SA6,900647,JOHANSEN,MPANJU,IDENT
20161004141207,SA4,901091,FARIDA,LYIMO,IDENT
20161004141210,SA5,901358,MWANAHAMIS ,MSUYA,IDENT
20161004141215,SA5,901370,MARIAM,MJELELE,IDENT
20161004141222,SA6,900586,MOHAMED,SOLOKA,IDENT
20161004141233,SA4,901120,MERCY,MONGI,IDENT
20161004141243,SA5,901307,MATRIDA,CHUVAKA,IDENT
20161004141243,SA3,901064,SAID,RAMADHANI,IDENT
20161004141244,SA4,901053,DORIS,JOHN,IDENT
20161004141303,SA4,901057,ANNA,KITOMARY,IDENT
20161004141307,SA2,901236,FATIMA,ALLY,IDENT
20161004141311,SA5,901343,SEBASTIAN,KIPINGU,IDENT
20161004141320,SA4,900911,NEEMA,URASSA,IDENT
20161004141328,SA4,901119,LINA,MLAWA,IDENT
20161004141338,SA4,901019,ASHA,NGAMBA,IDENT
20161004141349,SA1,900415,EMMANUEL,JONAS,IDENT
20161004141351,SA2,901268,ANITHA,KWIMBA,IDENT
20161004141353,SA1,900717,GODFREY,LAMBAU,IDENT
20161004141355,SA4,901106,MARYNIA,KAYOMBO,IDENT
20161004141405,SA4,100956,HADIJA,SALUM,IDENT
20161004141414,SA4,901222,DEBORA,FILIPATALI,IDENT
20161004141414,SA1,901557,WALTER,MAYA,IDENT
20161004141417,SA2,901166,SAUDA,MAULID,IDENT
20161004141423,SA6,900115,AKIDA,DUGANGE,IDENT
20161004141424,SA1,900772,ERICK,KAZIMOTO,IDENT
20161004141443,SA2,901134,NURU,MULONGANILE,IDENT
20161004141450,SA5,901378,HOYCE,TILLYA,IDENT
20161004141500,SA5,901380,BISURA,MCHELEO,IDENT
20161004141519,SA4,900995,MARY,KIAMA,IDENT
20161004141522,SA3,900982,MWANAKOMBO,KHALID,IDENT
20161004141525,SA4,901153,MAGRETH,ZANUARI,IDENT
20161004141532,SA4,900999,ROSE,MWAMAKOLA,IDENT
20161004141533,SA2,901125,TAUSI,SHABANI,IDENT
20161004141533,SA5,901342,ANDREW,KILUGWA,IDENT
20161004141542,SA2,901258,ATHUMAN,KILINDU,IDENT
20161004141551,SA4,901118,LILIAN,MREMA,IDENT
20161004141555,SA3,901220,AGNESS,MWAMBENGO,IDENT
20161004141603,SA4,900946,RAHMA,MWIMBA,IDENT
20161004141610,SA5,901361,MARRY,MLIUNJA,IDENT
20161004141615,SA4,901252,JENIPHA,CHIZA,IDENT
20161004141620,SA2,900965,HERMAN,MAKOKO,IDENT
20161004141623,SA5,901320,REHEMA,ALLY,IDENT
20161004141633,SA2,900889,SALMA,MWAWILA,IDENT
20161004141641,SA2,901031,AMINA,BAKARI,IDENT
20161004141648,SA4,900958,SOPHIA,LIKONGO,IDENT
20161004141703,SA4,900929,HALIMA,SEIF,IDENT
20161004141726,SA4,901073,SALMA,MUHARAMU,IDENT
20161004141735,SA2,901559,MARIAM,JUMA,IDENT
20161004141802,SA2,901260,AISHA,MNEKA,IDENT
20161004141808,SA2,901269,AISHA,HALFAN,IDENT
20161004141837,SA3,900887,ELITABETH,GOMELO,IDENT
20161004141811,SA6,900474,PHILBERT,MATOGO,IDENT
20161004141829,SA5,901353,DOREEN,MDOE,IDENT
20161004141833,SA4,901144,ESTHER,NAPENGWA,IDENT
20161004141839,SA4,900882,WINIFRIDA,MALISELINO,IDENT
20161004141846,SA4,900924,DEBORA,HOSSA,IDENT
20161004141941,SA4,901169,VERONICA,LECHIPYA,IDENT
20161004141955,SA1,900774,MBEWE,ELIUS,IDENT
20161004142000,SA4,901177,ASHA,MAVENGELO,IDENT
20161004142003,SA1,900722,ELIZABETH,MATHIUS,IDENT
20161004142012,SA1,900788,DEBORA,MWASOMOLA,IDENT
20161004142017,SA1,900747,ADAM,MASALE,IDENT
20161004142020,SA1,900770,ANDERSON,KIKOTI,IDENT
20161004142029,SA4,900922,BAHATI,SALEHE,IDENT
20161004142126,SA4,900971,NAOMI,SAMWELI,IDENT
20161004142149,SA4,901180,FURAHA,TEMBA,IDENT
20161004142156,SA1,900764,OMBENI,MICHAEL,IDENT
20161004142200,SA4,901257,FRIDA,MHELELA,IDENT
20161004142208,SA4,901221,TEDDY,MAGAMBO,IDENT
20161004142308,SA1,900726,ABDALLAH,CHOBO,IDENT
20161004142309,SA4,901121,MWATANGA,ALLY,IDENT
20161004142313,SA1,900784,WILLIAM,MSOLOKA,IDENT
20161004142318,SA1,900718,WILSON,ALOIS,IDENT
20161004142321,SA2,901081,PILI,MDEDE,IDENT
20161004142323,SA1,900792,IDDI,IDDI,IDENT
20161004142332,SA1,900789,KAMPBONA,PASCAL,IDENT
20161004142420,SA1,900755,NICHALAUS,AUGUSTINO,IDENT
20161004142426,SA1,900741,ERICK,LUWUNGO,IDENT
20161004142504,SA4,901015,JOYCE,CHACHA,IDENT
20161004142518,SA3,901248,MAGRETH,MASAWE,IDENT
20161004142532,SA6,901149,EPIFANI, MBOKO,IDENT
20161004142534,SA1,900814,MARTIN,MUHANDO,IDENT
20161004142540,SA3,900936,SOPHIA,MBONDE,IDENT
20161004142544,SA3,901056,ANGELA,MWAKAPALILA,IDENT
20161004142547,SA1,900732,ELIA,FRANCIS,IDENT
20161004142656,SA4,901263,JAMIRA,SAIDI,IDENT
20161004142700,SA1,900782,JANETH,DADAA,IDENT
20161004142722,SA4,901165,FATUMA,ABDALLAH,IDENT
20161004142817,SA1,900242,WILSON,ANYNGISE,IDENT
20161004143023,SA1,900767,GLADNESS,KAIRUKI,IDENT
20161004143028,SA1,900762,SAID,MOHAMED,IDENT
20161004143037,SA2,901072,TATU,ATHUMAN,IDENT
20161004143043,SA1,900218,GEDDY,SONENGA,IDENT
20161004143200,SA2,900986,KAUSE,ABDALLAH,IDENT
20161004143244,SA1,900215,EDWARD,RUFUNGA,IDENT
20161004143323,SA1,900212,BATHOLOMEO,MUSA,IDENT
20161004143338,SA1,900754,ROBERT,JORAM,IDENT
20161004143402,SA6,900037,MOHAMED,MKALA,IDENT
20161004143426,SA1,900209,ANGELA,MBESIGWE,IDENT
20161004143654,SA3,901176,FATUMA,MASOUD,IDENT
20161004143710,SA3,901223,HAPPY,MKWEPU,IDENT
20161004143809,SA3,901070,FLORA,MSAMLA,IDENT
20161004143814,SA3,901254,NURAT,JAFARI,IDENT
20161004143820,SA3,901191,ROSE,BENARD,IDENT
20161004143826,SA3,901071,YUNIS,NDAIGA,IDENT
20161004144019,SA4,900910,ZAINABU,SADALLAH,IDENT
20161004144027,SA1,900810,JOSEPH,JULIUS,IDENT
20161004144029,SA1,900455,KHALFAN,OMARI,IDENT
20161004144032,SA1,900578,MTARI,MAGINGA,IDENT
20161004144035,SA1,900450,JUMA,RAMADHANI,IDENT
20161004144140,SA6,900159,PAMELA,KUSALIKA,IDENT
20161004144223,SA1,900802,EMANUEL,SILAYO,IDENT
20161004144346,SA4,901000,AGNES,MTYANGILE,IDENT
20161004144515,SA1,900826,VITALIS,HOTTI,IDENT
20161004144943,SA2,901264,HADIJA,RAMADHANI,IDENT
20161004145016,SA1,900803,EMMANUEL,YOUZE,IDENT
20161004145121,SA6,900169,REHEMA,YUSUFU,IDENT
20161004145640,SA1,900798,ATHUMAN,SEIF,IDENT
20161004145640,SA6,900170,REHEMA,CHINUNJE,IDENT
20161004145646,SA1,900800,NAPEGWA,JACOB,IDENT
20161004145820,SA5,900853,DEVOTHA,ELIAS,IDENT
20161004145830,SA1,900827,YASIN,MUSSA,IDENT
20161004145835,SA1,900812,LEONARD,NYANGO,IDENT
20161004150047,SA6,900135,HALIMA,NGAMZI,IDENT
20161004150051,SA6,900428,GLADIS,MAZENGO,IDENT
20161004151106,SA5,901359,VILET,MHELUKA,IDENT
20161004152920,SA2,901443,MWAJUMA,SHEMBWANA,IDENT
20161004152951,SA6,900257,ENGLIBERTH,DAUDI,IDENT
20161004153021,SA2,901442,JARINA,SHEKOLA,IDENT
20161004153025,SA2,901442,JARINA,SHEKOLA,IDENT
20161004153634,SA6,900409,DANIEL,MROPE,IDENT
20161004153742,SA6,900166,RAMADHANI,KIPENGELE,IDENT
20161004155620,SA1,900238,SAIMON,TARIMO,IDENT
20161004160138,SA1,900804,FROLAH,MPONDO,IDENT
20161004161038,SA5,901330,SAVELINA ,KASHASHA,IDENT
20161004161124,SA1,900207,ADELE,NJOCHOLA,IDENT
20161004161515,SA6,900164,RAMADHANI ,BAKARI,IDENT
20161004162626,SA2,900969,JEMA,SALUM,IDENT
20161004162741,SA6,900130,FATUMA,CHOMBO,IDENT
20161004165348,SA1,900710,NICHOLAS,KAPANDE,IDENT
20161004165404,SA1,900515,SHOMARI,KIMBWEMBWE,IDENT
20161004165440,SA1,900711,ATHUMAN,IDDI,IDENT
20161004165454,SA1,900707,ATHUMANI,SALEHE,IDENT
20161004165742,SA1,900507,KANTI,KADIRI,IDENT
20161004165826,SA1,900655,ZAINAB,JERECKO,IDENT
20161004165950,SA6,900397,ANNA,MOSHI,IDENT
20161004170006,SA2,900938,ISMAIL,THOMAS,IDENT
20161004170012,SA2,900991,CHRISTINA,JAILOS,IDENT
20161004170022,SA2,900934,MWAJABU,MARIDADI,IDENT
20161004170030,SA2,901175,SALMA,RAMADHAN,IDENT
20161004170035,SA2,901067,HELENA,SAMWELI,IDENT
20161004170035,SA1,900843,KHALFANI,SHABAN,IDENT
20161004170038,SA2,900930,TABIA,DOGOLI,IDENT
20161004170043,SA2,900948,VERONICA,MFILINGE,IDENT
20161004170045,SA6,900029,JUMANNE,MBONDE,IDENT
20161004170049,SA2,901164,SWAUMU,KAYANDA,IDENT
20161004170056,SA2,901154,SALAMA,ALLY,IDENT
20161004170103,SA4,901024,ASIA,KARATA,IDENT
20161004170103,SA2,900987,PILLY,MWAWILA,IDENT
20161004170116,SA4,900844,AISHA,MSOMI,IDENT
20161004170132,SA4,900990,JANE,MHONGOLE,IDENT
20161004170135,SA2,900923,HELENA,KHAJI,IDENT
20161004170154,SA6,900008,ANNE,MCHUMA,IDENT
20161004170156,SA6,900682,BENEDICT,ELIAS,IDENT
20161004170200,SA6,900132,FRIDA,KIGWA,IDENT
20161004170208,SA6,900649,ZUBEDA,MANDIA,IDENT
20161004170217,SA6,900043,RANI,MOHAR,IDENT
20161004170230,SA1,900503,JANE,RWEHUMBIZA,IDENT
20161004170237,SA6,900041,NELSON,MTEMI,IDENT
20161004170250,SA1,900499,HASSAN,HAULE,IDENT
20161004170302,SA6,900271,HUSNA,SAID,IDENT
20161004170306,SA6,900114,ABEID,MOHAMED,IDENT
20161004170313,SA5,901326,ALLY,MBONDE,IDENT
20161004170325,SA6,900111,SALUM,SAIDI,IDENT
20161004170341,SA6,901431,AMBALI,SOUD,IDENT
20161004170354,SA6,900099,AMIN,JUMA,IDENT
20161004170400,SA6,900583,REGINALD,MICHAEL,IDENT
20161004170402,SA4,901273,HELLEN,KIZWALO,IDENT
20161004170406,SA6,900055,VERONICA,MBAZIGWA,IDENT
20161004170418,SA1,900712,JUMA,JUMBE,IDENT
20161004170420,SA6,101880,RICHARD,MAKASI,IDENT
20161004170432,SA1,900030,JUMANNE,LUMBU,IDENT
20161004170513,SA6,901265,FRANK ,RUZIGA,IDENT
20161004170527,SA6,900566,ERICK,NDUNGURU,IDENT
20161004170534,SA6,900027,JUMA,NAHAL,IDENT
20161004170544,SA6,900408,COLLMAN,KISISA,IDENT
20161004170557,SA4,900962,JOSEPH,ELISAFI,IDENT
20161004170558,SA6,900184,JASPER,NGURUBE,IDENT
20161004170603,SA6,900120,BENEDICTO,MBOKO,IDENT
20161004170605,SA5,901332,NASRA,MSANYA,IDENT
20161004170606,SA6,900431,HAMADI,ZUBERI,IDENT
20161004170619,SA6,900247,ALLY,SELEMANI,IDENT
20161004170645,SA1,900236,PENDO,MAGIGE,IDENT
20161004170656,SA6,900257,ENGLIBERTH,DAUDI,IDENT
20161004170702,SA6,900681,ABUBAKARI,MGAZA,IDENT
20161004170736,SA6,900414,EMMANUEL ,SERAPHINE,IDENT
20161004170739,SA6,901569,FREDRICK,MUSHI,IDENT
20161004170852,SA6,900009,ASHA,HAMISI,IDENT
20161004171012,SA6,101110,ESTER,THEOFIL,IDENT
20161004171015,SA5,901339,JAMES,MKONO,IDENT
20161004171028,SA6,901435,FILES,MBANDO,IDENT
20161004171035,SA6,900016,FATUMA,HAMISI,IDENT
20161004171055,SA3,900871,MWANAHAMISI,NDOLWA,IDENT
20161004171113,SA6,900400,BAHATI,LUBUVA,IDENT
20161004171126,SA6,900454,KHALFAN,AMOUR,IDENT
20161004171134,SA6,900494,YOHANA,LUSANA,IDENT
20161004171138,SA5,901382,KONDO,MOHAMED,IDENT
20161004171139,SA6,900107,MSELEM,MSELEM,IDENT
20161004171142,SA2,901075,AGATHA,JAMALI,IDENT
20161004171143,SA6,900481,RICHARD,KWEYAMBA,IDENT
20161004171147,SA2,901079,AGNESS,HAJI,IDENT
20161004171153,SA6,901440,UMMY,KWANGALA,IDENT
20161004171218,SA6,900430,GWAKISA,MWAKASAGURE,IDENT
20161004171231,SA1,900224,JABIRI,AMANZI,IDENT
20161004171236,SA6,900701,MATHEW,NDANSHAU,IDENT
20161004171249,SA6,900390,ALBERT,KANENDA,IDENT
20161004171312,SA5,901365,JOYCE,SWILLAH,IDENT
20161004171330,SA5,901335,YONA,MAPELELE,IDENT
20161004171345,SA6,900468,MICHAEL,IBRAHIM,IDENT
20161004171351,SA6,900418			,FELIX,WAUSA,IDENT
20161004171354,SA1,900517,THERESIA,NJAU,IDENT
20161004171601,SA2,900976,LUCY,STANLEY,IDENT
20161004171615,SA6,900291,RASHIDI,MUSSSA,IDENT
20161004171621,SA2,901083,EDINA,JOHN,IDENT
20161004171627,SA2,901084,MARIA ,SANGA,IDENT
20161004171646,SA6,900405,CHARLES,WILLIAM,IDENT
20161004171656,SA6,900435,HASSAN,NKHAMBI,IDENT
20161004171657,SA2,901009,MOSHI,SAIDI,IDENT
20161004171718,SA6,900439,IDDI,MOHAMED,IDENT
20161004171819,SA6,900108,NORAH,CLEMENCE,IDENT
20161004171829,SA4,900944,FROLA,KAMARA,IDENT
20161004171835,SA5,901333,NEEMA,KILUZIA,IDENT
20161004171846,SA1,900237,SHOMARI,SELEMANI,IDENT
20161004171851,SA1,900237,SHOMARI,SELEMANI,IDENT
20161004171859,SA1,900157,MZEE,KONDOWE,IDENT
20161004171924,SA4,901020,VICTORIA,MWALUANDA,IDENT
20161004171933,SA1,900098,TATU,MTUPA,IDENT
20161004171958,SA6,900144,JANE,MWAKABULUFU,IDENT
20161004172009,SA6,900011,BLANTINA,MLOWE,IDENT
20161004172015,SA6,900407,CHRISTIAN ,NGONYANI,IDENT
20161004172032,SA6,900484,SHANI,MOHAMED,IDENT
20161004172056,SA2,901448,PAULINA,DAVID,IDENT
20161004172103,SA6,900126,DORIKA,MALYANGO,IDENT
20161004172109,SA6,900432,HAMZA,ABDALLAH,IDENT
20161004172129,SA6,900416,ERICK,DAUD,IDENT
20161004172155,SA6,900155,MWANAFATIMA,MATIPA,IDENT
20161004172239,SA2,901055,FATUMA,MUHANDO,IDENT
20161004172300,SA6,900465,MARTIN,KIDUNGU,IDENT
20161004172307,SA6,900402,BARAKA,MVUNGI,IDENT
20161004172317,SA2,901060,MARTHA,GABRIEL,IDENT
20161004172352,SA6,900470,MODEST,NJAU,IDENT
20161004172404,SA2,901041,JACKLINI,MBOYA,IDENT
20161004172422,SA2,901069,ELIZABETH,MRAMU,IDENT
20161004172441,SA2,901040,LUCY,AGASTINO,IDENT
20161004172452,SA6,900168,RAZAKI,MTINDA,IDENT
20161004172500,SA2,900957,HADIJA,MKOTA,IDENT
20161004172509,SA2,900978,ELIZABETH,ZAE,IDENT
20161004172519,SA6,900143,JACKLINE,MAIGA,IDENT
20161004172523,SA2,901011,JANE,SIMON,IDENT
20161004172647,SA5,901396,EDWIN,KIPUYO,IDENT
20161004172704,SA6,900387,ADAM,KINGU,IDENT
20161004172716,SA2,901449,BONIFAS,ANGANILE,IDENT
20161004172834,SA6,900458,KIBWANA,SAIDI,IDENT
20161004172913,SA6,900472,MWALIMU,SELEMANI,IDENT
20161004172922,SA6,E077,SUMIT,BHATNAGAR,IDENT
20161004173013,SA6,900560,DEOGRASIAS,STEPHIN,IDENT
20161004173222,SA6,E073,DEVANSHU,SETH,IDENT
20161004173253,SA6,E060,ANOOP,TIWARI,IDENT
20161004173259,SA6,E068,RANJEET SINGH,SAINI,IDENT
20161004173331,SA6,900591,RASHID ,MUNKENDA,IDENT
20161004173337,SA2,101513,HADIJA,MPAMBA,IDENT
20161004173354,SA2,901087,REHEMA,CHETE,IDENT
20161004173419,SA6,900270,HASSAN,KIGWIO,IDENT
20161004173440,SA4,900941,KULWA,MSUMA,IDENT
20161004173513,SA6,900485,SHUFAA,ABEID,IDENT
20161004173706,SA2,901452,STEVEN,CHUWA,IDENT
20161004173817,SA6,900452,KENNEDY,KIMARO,IDENT
20161004173843,SA6,E078,SANJAY,GOYAL,IDENT
20161004173929,SA1,900466,MATHEW,PHILIP,IDENT
20161004174055,SA6,900420,FRANCIS,TESHA,IDENT
20161004174229,SA6,900584,LUCY,MACHAI,IDENT
20161004174424,SA6,900448,JOSEPH,MKELEBE,IDENT
20161004174440,SA6,900004,AGATHA,KAYOMBO,IDENT
20161004174517,SA6,900017,FIKA,JOMSON,IDENT
20161004174652,SA6,901573,DAUDI,NYASHIMO,IDENT
20161004174701,SA1,900421,FRANK ,MUSHI,IDENT
20161004174706,SA1,901700,JOSEPH,KUANDIKA,IDENT
20161004174925,SA2,901444,BAKARI,KITILA,IDENT
20161004174841,SA6,900268,GWANTWA,MWASYEBULE,IDENT
20161004174858,SA4,900902,SAKINA,MAWEMBA,IDENT
20161004174908,SA1,900513,SALEHE,BAKARI,IDENT
20161004174935,SA6,900389,AHMAD,KINDUMA,IDENT
20161004174953,SA6,900137,HERIETH,MWELI,IDENT
20161004175000,SA6,900116,ASHA,ALLY,IDENT
20161004175114,SA1,900502,IMAM,AJABU,IDENT
20161004175202,SA1,900824,TITO,MGOVANO,IDENT
20161004175233,SA6,E069,SHANTANU,KULKARNI,IDENT
20161004175307,SA1,900571,FRANK,MALIMA,IDENT
20161004175407,SA6,E037,SRINIVAS,DANTU,IDENT
20161004175508,SA6,900044,REGINARD,MSHANGA,IDENT
20161004175821,SA3,900940,JUMANNE,ZONGO,IDENT
20161004175915,SA1,900709,MRISHO,ATHUMANI,IDENT
20161004180030,SA6,901436,HAMISI,KAVINGA,IDENT
20161004180104,SA6,900123,CHARLES,LUSWETULA,IDENT
20161004180106,SA1,900426,GESAGA,RAMADHANI,IDENT
20161004180150,SA6,900174,SOSTHENES,MUKAMA,IDENT
20161004180158,SA2,901450,FARIDA,JUMA,IDENT
20161004180219,SA6,900388,AGNES,SHAYO,IDENT
20161004180230,SA1,900429,GOODLUCK,LYAHONA,IDENT
20161004180317,SA6,900385,ABDALLAH,MOHAMED,IDENT
20161004180400,SA1,101588,ATHUMAN,SALIM,IDENT
20161004180431,SA6,900413,ELIBAHATI,JOSEPH,IDENT
20161004180444,SA6,900173,SHARIFA,MRISHO,IDENT
20161004180453,SA6,900142,IRENE,MREMA,IDENT
20161004180502,SA6,900156,MWANAISHA,UWESU,IDENT
20161004180529,SA6,900262,FRIDA, MWAMBEGELE,IDENT
20161004180533,SA6,900488,THOBIAS,KIWELU,IDENT
20161004180552,SA6,E045,SURESH,PS,IDENT
20161004180651,SA6,900446,JOSEPH,KIBASA,IDENT
20161004180714,SA5,901325,JOSEPH,KAVISHE,IDENT
20161004180731,SA1,900425,GEORGE,JOSEPH,IDENT
20161004180735,SA1,900463,MARTENUS,MAPESA,IDENT
20161004180938,SA1,900569,JAMES,MWANDU,IDENT
20161004181030,SA6,900393,ALLY,MTWALE,IDENT
20161004181054,SA6,900246,ABDULKARIM,ALI,IDENT
20161004181148,SA6,900131,FRANK,MAKWABU,IDENT
20161004181207,SA3,901068,CATHERINE,MATENGO,IDENT
20161004181314,SA6,E032,SANKARAN,JAYARAM,IDENT
20161004181508,SA1,101140,FAUSTINI,MGIMBA,IDENT
20161004181643,SA6,E083,GURURAJ,SHENVI,IDENT
20161004181653,SA6,E084,NAVNEET, SINGH,IDENT
20161004181805,SA1,101530,SIMON,YOHANA,IDENT
20161004181827,SA1,900733,ALHAJI,IDD,IDENT
20161004181846,SA1,101124,KHALIDI,KASSIMU,IDENT
20161004181927,SA1,101118,MANENO,RAMADHANI,IDENT
20161004181951,SA1,101123,KHAMISI ,PEMBE,IDENT
20161004182322,SA6,900398,ARSEN, RWEBANGILA	,IDENT
20161004182410,SA6,900660,IDDI,ALLY,IDENT
20161004182614,SA1,101114,ABUBAKARI,KHALIDI,IDENT
20161004182621,SA6,901432,AMINA,SOGOI,IDENT
20161004182623,SA6,901434,JOSEPHINA,HAU,IDENT
20161004182629,SA6,900039,MWAJABU,ALLY,IDENT
20161004182646,SA1,900687,PROTUS,RUWANDA,IDENT
20161004182652,SA1,900235,PAULO,MGEMA,IDENT
20161004182658,SA1,900715,ELIASI,KIZITO,IDENT
20161004182742,SA1,900708,OMARY,ABDALLAH,IDENT
20161004183148,SA1,901575,LINDA,MLAY,IDENT
20161004183152,SA1,900506,JOE ,MATANDU,IDENT
20161004183157,SA1,900706,MECKLEEN,NANGEDA,IDENT
20161004183230,SA6,E079,BALASUBRAMANIAM,M,IDENT
20161004183404,SA1,101115,ATHUUMANI,HEMEDI,IDENT
20161004183423,SA1,101141,FRANK,RAPAHAEL,IDENT
20161004183439,SA1,900769,JAMES,MACKLINE,IDENT
20161004183522,SA6,900109,AMANI,NYAKARASHI,IDENT
20161004183658,SA1,900497,EMANUEL,NGIMBUZI,IDENT
20161004183847,SA1,900505,JESCA,MATECHI,IDENT
20161004184632,SA6,900436,HONEST,MATEMU,IDENT
20161004185356,SA3,901445,KARIM,MJAKA,IDENT
20161004185523,SA6,900151,LISSY,KIGONJOLA,IDENT
20161004185717,SA3,901451,JUSTINE,MKUDE,IDENT
20161004185720,SA3,901447,MASHAKA,MATEKELE,IDENT
20161004185929,SA6,901438,MARY,JOSEPH,IDENT
20161004190214,SA4,901446,DANIEL,MBARUKA,IDENT
20161004190750,SA3,200312,BARAKA,KATEGILE,IDENT
20161004190934,SA3,901441,CHRISTOPHER ,MUSHI,IDENT
20161004190923,SA1,900457,KHAMISI,MASUMBUKO,IDENT
20161004191047,SA6,900122,CATHERINE,KUMBATA,IDENT
20161004191106,SA6,900292,ROSE,CHIKAWE,IDENT
20161004191228,SA3,901453,JOHNSON,MUNISI,IDENT
20161004191254,SA6,E013,GIRIRAJ,SHARMA,IDENT
20161004191421,SA4,200311,DAVID,BWILE,IDENT
20161004191506,SA6,900661,ADILILA,KONGA,IDENT
20161004191652,SA5,200349,FRANK,MOSHI,IDENT
20161004192055,SA3,900859,MASANGULA,MASANGURA,IDENT
20161004192133,SA4,100597,NOVATI,TARIMO,IDENT
20161004192237,SA6,900103,FREDNAND,JACKSON,IDENT
20161004192315,SA3,200351,MICHAEL,MICHAEL,IDENT
20161004192513,SA4,100603,EDWIN,OWINO,IDENT
20161004192523,SA4,200314,DEO,SAKAYA,IDENT
20161004192655,SA6,900165,RAMADHANI,NYENJE,IDENT
20161004193613,SA3,200309,RAMADHANI,KIHILE,IDENT
20161004193616,SA3,200318,JOSHUA , PAULO,IDENT
20161004193621,SA3,200316,DENIS,JOHNSON,IDENT
20161004194648,SA6,900049,SIHABA,NAKIPENGELE,IDENT
20161004195555,SA6,900464,MARTHA,MWIKOLA,IDENT
20161004195611,SA1,900281,NAYOPA,MTENDECHI,IDENT
20161004195823,SA1,900296,SAVERY,KAJELA,IDENT
20161004200204,SA6,900025,JOYCE,MAGANGA,IDENT
20161004200210,SA6,900025,JOYCE,MAGANGA,IDENT
20161004200620,SA6,900564,RAMADHANI,SAIDI,IDENT
20161004201154,SA1,900045,SAIDI,MNDOLWA,IDENT
20161004201206,SA1,900684,ABDUL,IMAMU,IDENT
20161004201246,SA1,200053,MIKIDADI,NGODU,IDENT
20161004202351,SA6,900047,SAMSON,SHILA,IDENT
20161004202358,SA6,900047,SAMSON,SHILA,IDENT
20161004202650,SA6,900050,STANLEY,JEREMIAH,IDENT
20161004203638,SA6,900015,EMMANUEL ,CLEMENT,IDENT
20161004204904,SA1,900214,BRUNO,FREDRICK,IDENT
20161004205214,SA6,900019,HAMISI,MADODO,IDENT
20161004205549,SA6,900002,ABDALLAH,MWEYO,IDENT
20161004210046,SA1,900249,AMIRI,MZEE,IDENT
20161004210052,SA1,900759,ELIAS,YAKOB,IDENT
20161004210159,SA1,900744,SILVESTER,KAHINDI,IDENT
20161004210751,SA1,900415,EMMANUEL,JONAS,IDENT
20161004210754,SA1,900819,PATRICK,MTONDOLA,IDENT
20161004210757,SA1,900821,SAWA,SWAHA,IDENT
20161004210816,SA1,900817,MOSES,MASENGA,IDENT
20161004210941,SA6,900054,THOMAS,MGABO,IDENT
20161004210945,SA6,900054,THOMAS,MGABO,IDENT
20161004211212,SA1,900809,JAMES,MWENDA,IDENT
20161004211222,SA1,900815,METHOD,DEDA,IDENT
20161004211247,SA1,900716,JUMA,JUMANNE,IDENT
20161004211251,SA1,900743,JUMA,ISEMA,IDENT
20161004211255,SA1,900761,CHRISTOPHER,MFUNGO,IDENT
20161004211331,SA1,900793,ABDUL,MAINGO,IDENT
20161004211435,SA6,900611,EVARIST,MPINGAURUGU,IDENT
20161004211509,SA6,900245,ABDALLAH,KIMULIMULI,IDENT
20161004211517,SA1,900808,HEONANI,BAJANA,IDENT
20161004211520,SA6,900245,ABDALLAH,KIMULIMULI,IDENT
20161004212050,SA1,900233,MUSSSA,ABDALLAH,IDENT
20161004212148,SA1,900818,PASCAL,MIKONDO,IDENT
20161004212241,SA1,900795,ALLY,LIKIWA,IDENT
20161004212246,SA1,900822,MENRUFU,PILLY,IDENT
20161004212255,SA1,900154,MWAJUMA,MSAKUZI,IDENT
20161004212802,SA1,900437,HUSSEIN,MBONDE,IDENT
20161004212837,SA6,900035,MOHAMED,HAUSI,IDENT
20161004212908,SA1,900813,LEONARD,PETER,IDENT
20161004213034,SA1,900724,HASANI,MRISHO,IDENT
20161004213117,SA5,901412,ELIA,NGWALI,IDENT
20161004213200,SA5,901078,NASMA,LINOGA,IDENT
20161004213211,SA5,901366,LYDIA,MAKENE,IDENT
20161004213216,SA5,901397,LINETH,KYARUS,IDENT
20161004213226,SA5,901383,JOAN,OMANDI,IDENT
20161004213230,SA5,901383,JOAN,OMANDI,IDENT
20161004213233,SA1,900490,TWAHA,MGUHI,IDENT
20161004213248,SA6,900148,JUDITH,MALISA,IDENT
20161004213252,SA1,900723,SAIDI,JUMANE,IDENT
20161004213255,SA1,900739,EMENUEL,KYEJO,IDENT
20161004213303,SA5,901283,KEDMOND,KAMOGA,IDENT
20161004213347,SA1,900031,LUCAS,MABUYE,IDENT
20161004213432,SA5,901354,AISHAH,OTHUMANI,IDENT
20161004213510,SA5,901322,SARAH,ALLY,IDENT
20161004213545,SA5,901371,YASINTA,LEKERI,IDENT
20161004213549,SA1,900244,YOHA,MSANGI,IDENT
20161004213636,SA5,901284,MOHAMED,IDDI,IDENT
20161004213654,SA5,901414,EMMANUEL,BANDIKO,IDENT
20161004213703,SA5,901409,MAGRETH,NGOSI,IDENT
20161004213707,SA5,901321,ELIZABET,MHIMBA,IDENT
20161004213906,SA5,901301,TUKAE,MUSA,IDENT
20161004213913,SA5,901319,CHRISTINA,TATI,IDENT
20161004213919,SA5,901363,ZUCRA,SWEDI,IDENT
20161004213926,SA5,901423,CONSOLATHA,JOSEPH,IDENT
20161004214000,SA5,901390,SHABANI,HUSEN,IDENT
20161004214001,SA1,900783,DAMIAN,ALONE,IDENT
20161004214135,SA5,901303,TAUSI,KATULA,IDENT
20161004214150,SA5,901192,ASMA,KONDO,IDENT
20161004214205,SA5,901352,ABDALAH,SUDY,IDENT
20161004214250,SA3,900894,NURU,MAKANDE,IDENT
20161004214257,SA3,901017,CATHERINE,NYEMA,IDENT
20161004214303,SA3,900868,MAIMUNA,JARUFU,IDENT
20161004214310,SA5,901362,JULIETH,GODFREY,IDENT
20161004214317,SA5,901400,DANIEL,MAKAYA,IDENT
20161004214405,SA3,900947,ANNA,GODISON,IDENT
20161004214421,SA6,900703,MUSSA,MTALI,IDENT
20161004214446,SA6,900575,CHRISTINA ,SENYANGWA,IDENT
20161004214520,SA5,901381,DOROSTA,CLEMANCE,IDENT
20161004214544,SA6,900404,BRYANT,NYENYEMBE,IDENT
20161004214643,SA5,901374,NASRA,HAMADI,IDENT
20161004214706,SA5,901308,MADINA,ATHUMANI,IDENT
20161004214722,SA3,900977,MWANAHAMISI,MUNKUNDA,IDENT
20161004214725,SA1,900216,ELLY,MKONGWE,IDENT
20161004214730,SA1,900232,MATIKO ,MICHAEL,IDENT
20161004214739,SA3,901051,HABIBA,PAZZI,IDENT
20161004214826,SA3,900950,ASHURA,ATHUMAN,IDENT
20161004214811,SA1,900758,MOHAMEDY,ATHUMANI,IDENT
20161004214815,SA1,900721,GISELA,SHAYO,IDENT
20161004214820,SA1,900766,JUDITH,GEOFREY,IDENT
20161004214825,SA1,900801,DAVID ,MWANJA,IDENT
20161004214830,SA1,900213,BEDASTUS,PIUS,IDENT
20161004214834,SA1,900748,EDWARD,DAWSON,IDENT
20161004214837,SA1,900740,SPEDICTOR,NGOGO,IDENT
20161004214839,SA5,901421,ALFRED,MUGHWAI,IDENT
20161004214844,SA5,901416,YONA,MUSA,IDENT
20161004214847,SA1,900737,EXPEDTO,MKONGWE,IDENT
20161004214854,SA1,900823,TADEO,MAPEMA,IDENT
20161004214906,SA1,900781,GERALD,JOHN,IDENT
20161004214912,SA5,901313,FATUMA,KAUNDA,IDENT
20161004214917,SA5,901282,ADAM,MUSSA,IDENT
20161004215005,SA4,901267,NEEMA ,MWAMANYE,IDENT
20161004215025,SA3,901201,DEOGRATIUS,KESSY,IDENT
20161004215027,SA1,900750,JACOB,KAWALE,IDENT
20161004215032,SA1,900729,MOHAMED,KOMBO,IDENT
20161004215043,SA5,901288,EPIPHANIA,LUKWI,IDENT
20161004215044,SA1,900731,HUSSAIN,HAMADI,IDENT
20161004215047,SA1,900773,FELIX,CHRISTOPHER,IDENT
20161004215050,SA1,900777,MNADI,MRAJAA,IDENT
20161004215056,SA1,900727,GEORGE,GREAD,IDENT
20161004215103,SA1,900217,FRED,JAMES,IDENT
20161004215103,SA5,901572,WAISAHA,PATRICK,IDENT
20161004215109,SA3,900898,RUKIA,MATAUKA,IDENT
20161004215117,SA5,901292,SARA,YOEL,IDENT
20161004215118,SA1,900730,UHURU,MARWA,IDENT
20161004215120,SA1,900806,GODFREY,KIHAWA,IDENT
20161004215129,SA3,900916,SABINA,KINGIMALI,IDENT
20161004215135,SA5,901429,REHEMA,MAZEKU,IDENT
20161004215143,SA5,901392,STELLA,MTALLO,IDENT
20161004215225,SA1,900820,SALUM,KAISI,IDENT
20161004215238,SA1,900728,JAMAL,MRISHO,IDENT
20161004215258,SA1,900222,HENRY,NGOWI,IDENT
20161004215300,SA5,901336,ISMAIL,MHINA,IDENT
20161004215304,SA5,901345,ALHAJI,KIHIYO,IDENT
20161004215313,SA5,901340,FELIX,MAKANYA,IDENT
20161004215316,SA1,900776,ZUBERI,MOHAMED,IDENT
20161004215333,SA1,900825,TITO,MWAMBE,IDENT
20161004215343,SA1,900752,SIMON,MAPUNDA,IDENT
20161004215354,SA6,900395,AMOS,MIMBI,IDENT
20161004215356,SA5,901347,JAMES,MAJIJI,IDENT
20161004215439,SA1,900738,MOHAMED,NGODA,IDENT
20161004215508,SA1,900228,KAGERA,MSAMBUSI,IDENT
20161004215515,SA1,900742,PROSPER,POLITHO,IDENT
20161004215528,SA1,900749,EZEKIEL,SOLO,IDENT
20161004215536,SA1,900746,GEDION,BUTENGE,IDENT
20161004215541,SA1,101945,JAMES,VALENTINE,IDENT
20161004215635,SA1,900477,RAMADHANI,LUBASHA,IDENT
20161004215640,SA1,900799,RAJABU,RUBASHA,IDENT
20161004215646,SA1,900734,REHEMA,NKYA,IDENT
20161004215653,SA1,900768,FILAN,FATAEL,IDENT
20161004215733,SA1,900735,ZAINABU,MOHAMEDI,IDENT
20161004215848,SA3,900863,ANNA,MICHAEL,IDENT
20161004215853,SA3,900964,RAPHAEL,MBOKO,IDENT
20161004215857,SA3,901098,GERALD,MBAUKA,IDENT
20161004215758,SA1,900756,HUSSEIN,KANDORO,IDENT
20161004215758,SA6,900023,JINGSON,SAIMON,IDENT
20161004215818,SA1,900760,OMARY,MHAGAMA,IDENT
20161004215824,SA6,900391,ALLY,MASHAURI,IDENT
20161004215824,SA1,900786,FARAJI,KILUWA,IDENT
20161004215831,SA1,900763,SALEHE,NJAGE,IDENT
20161004215837,SA1,900403,BEDA,YUDA,IDENT
20161004215843,SA1,900797,ASHAM,MUSA,IDENT
20161004215915,SA1,900220,HAMISI,NJOCHOLA,IDENT
20161004215924,SA5,901272,NDEKESIO,SIKAWA,IDENT
20161004215926,SA1,900745,YUSUPH,NGAPAWA,IDENT
20161004215959,SA5,900884,HADIJA,GOGO,IDENT
20161004220004,SA3,900883,EDINA,ABED,IDENT
20161004220008,SA3,900867,AISHA,KIUMBA,IDENT
20161004220009,SA4,901089,HARUNA,ATHUMANI,IDENT
20161004220012,SA5,901255,ASHA,BILALI,IDENT
20161004220013,SA1,900290,RASHIDI,GEUZA,IDENT
20161004220013,SA3,900961,ELIZABETH,FRANCISCO,IDENT
20161004220015,SA4,901124,TABIA,OMARY,IDENT
20161004220018,SA5,901317,ASHA,HAMISI,IDENT
20161004220018,SA6,900006,ANDREW,JOSEPH,IDENT
20161004220020,SA3,901096,SAMWELI,MANGARE,IDENT
20161004220024,SA1,900811,JUMA,HUMBE,IDENT
20161004220024,SA4,901023,AMINA,CHAKWE,IDENT
20161004220025,SA3,900951,MWAJUMA,AIDAN,IDENT
20161004220026,SA6,900473,NAOMI,GONDA,IDENT
20161004220027,SA5,901312,VUMILIA,NDEGE,IDENT
20161004220030,SA3,901046,GRADIS,MAGANA,IDENT
20161004220034,SA4,901007,MODESTA,JOGOO,IDENT
20161004220035,SA5,901183,YASINTA,MKIWA,IDENT
20161004220039,SA4,901160,SAUDA,MCHECHE,IDENT
20161004220041,SA5,901280,WHITNESS,MSAGATI,IDENT
20161004220045,SA3,901200,INOCENT , KIFUMU,IDENT
20161004220046,SA4,901231,ASHA,DUTCH,IDENT
20161004220048,SA6,900406,CHAUREMBO,MWINYI,IDENT
20161004220050,SA3,900901,NEEMA,NYAKOKI,IDENT
20161004220051,SA5,901162,MWANAHARUSI,MOHAMED,IDENT
20161004220053,SA4,900985,BAHATI,SARAPIONI,IDENT
20161004220056,SA3,901229,ANNA,NGAPONDA,IDENT
20161004220058,SA5,901209,MIRIAM,MNDEWA,IDENT
20161004220101,SA4,901047,MWAJUMA,HAMIS,IDENT
20161004220102,SA3,901048,HALIMA,IDDI,IDENT
20161004220104,SA5,901129,FELISTA,NYAHENGE,IDENT
20161004220108,SA4,901170,BAHATI,SHABANI,IDENT
20161004220110,SA5,901279,NEEMA, GODFREY,IDENT
20161004220113,SA4,900993,MARIAM,MSUMALI,IDENT
20161004220114,SA3,900915,DOROTHEA,KILO,IDENT
20161004220116,SA6,900556,REGINA,NDALUHEKEYE,IDENT
20161004220118,SA4,901247,KULUTHUM,CHILEMILE,IDENT
20161004220118,SA5,901316,ZUHURA,HAMIS,IDENT
20161004220121,SA3,901025,ASHURA,HAMISI,IDENT
20161004220121,SA4,901108,AISHA,WILLIUM,IDENT
20161004220124,SA5,901094,MARTINA,FISSO,IDENT
20161004220126,SA4,900972,SAFINA,ABEID,IDENT
20161004220127,SA3,901173,BAHATI,MAKAMBA,IDENT
20161004220129,SA5,901261,ZAINA,KILWANDA,IDENT
20161004220131,SA4,901212,JASMINI,MOHAMED,IDENT
20161004220134,SA3,901039,JULIANA,SUKU,IDENT
20161004220135,SA5,901305,DIANA,KIBASA,IDENT
20161004220137,SA4,900890,OLIVER,UDOBA,IDENT
20161004220139,SA5,901331,DIANA,KABYEMELA,IDENT
20161004220140,SA3,900865,CHRISTINA,MAGOWELA,IDENT
20161004220142,SA4,901042,FARIDA,NDAUKE,IDENT
20161004220142,SA3,901158,ALOYCE,IZINA,IDENT
20161004220147,SA3,900897,SWAUMU,SAIDI,IDENT
20161004220152,SA4,900997,MARY,ONDURU,IDENT
20161004220152,SA3,900879,RAHMA,KILO,IDENT
20161004220153,SA5,901298,SWAUMU,MZIRAI,IDENT
20161004220157,SA4,901076,AGNESS,NGAPONDA,IDENT
20161004220159,SA5,901309,SALMA,RAFIKI,IDENT
20161004220201,SA3,900939,STELLA,MAGOGWA,IDENT
20161004220201,SA4,901027,EDDA,MWAKIBINGWA,IDENT
20161004220205,SA5,901304,SOPHIA,ALLY,IDENT
20161004220206,SA4,901230,KUDRA,BAKARI,IDENT
20161004220206,SA3,900891,HINESS,KAAYA,IDENT
20161004220211,SA4,900981,FIDES,MONGI,IDENT
20161004220211,SA3,901167,KELVIN,NGOZI,IDENT
20161004220212,SA5,901277,NEEMA,UISO,IDENT
20161004220216,SA4,900996,LILIAN,RASHIDI,IDENT
20161004220218,SA5,901399,DIANA,NDONGO,IDENT
20161004220219,SA6,900433,HARUNI,MKAMA,IDENT
20161004220221,SA4,901113,ELIZABETH,SHIRIMA,IDENT
20161004220225,SA5,901266,AZIZA,KAKOMBE,IDENT
20161004220227,SA4,901215,MWANAIDI,KOLOKO,IDENT
20161004220229,SA3,900925,REGINA,THOMAS,IDENT
20161004220230,SA5,901287,REGINA,JEMES,IDENT
20161004220231,SA4,901022,SILIVIA,SHAYO,IDENT
20161004220235,SA5,901270,NAOMI,OBONG,IDENT
20161004220236,SA4,900968,TAUSI,SIMBA,IDENT
20161004220236,SA3,900925,REGINA,THOMAS,IDENT
20161004220239,SA4,900878,AISHA,KIZINGA,IDENT
20161004220240,SA5,901030,VERONICA,WANGWE,IDENT
20161004220245,SA3,900933,WINFRIDA,LUSEBA,IDENT
20161004220249,SA4,900917,SALMA,DIWILE,IDENT
20161004220250,SA6,900451,KASSIM,MALICK,IDENT
20161004220252,SA3,901035,AGNES,NKONJELWA,IDENT
20161004220253,SA4,901026,FATUMA,KONYO,IDENT
20161004220254,SA5,901302,ASHA,SHOMARI,IDENT
20161004220257,SA4,901184,GRACE,NGALABA,IDENT
20161004220302,SA4,901168,REHEMA ,MWASOMOLA,IDENT
20161004220302,SA5,901324,MARIAM,YAHAYA,IDENT
20161004220308,SA5,901364,SALAFINA,KISAPI,IDENT
20161004220308,SA4,901135,REHEMA,OMARY,IDENT
20161004220309,SA1,900227,JOSEPH,NGANILWA,IDENT
20161004220312,SA5,901405,ABDANI,SHILLA,IDENT
20161004220316,SA4,901112,BUSHRA,SALUM,IDENT
20161004220318,SA5,901367,BEATHA,MLOSO,IDENT
20161004220321,SA4,901029,MARIAM,MWETEMBO,IDENT
20161004220321,SA5,901295,ELLASIA,WILLIUM,IDENT
20161004220326,SA4,901195,RAYMOND,BUKOJI,IDENT
20161004220327,SA1,900456,KHALIFA,BASHILI,IDENT
20161004220328,SA5,901389,OMARY,JUMA,IDENT
20161004220329,SA4,901107,MUHIDINI,HASSAN,IDENT
20161004220334,SA4,901219,MARIAM,MUSSA,IDENT
20161004220334,SA5,901404,AWAZI,SALIM,IDENT
20161004220339,SA5,901045,ASHURA,KATULA,IDENT
20161004220339,SA4,901155,GRACE,MUHONO,IDENT
20161004220343,SA4,901179,AMANDA,KWEZI,IDENT
20161004220350,SA4,900904,ANNA,MAGEMBE,IDENT
20161004220351,SA5,901300,ANNA,TEMBA,IDENT
20161004220356,SA3,900914,HAWA,MWIMBE,IDENT
20161004220357,SA4,901244,SWAUMU,HIMBU,IDENT
20161004220358,SA5,901388,OSWALD,SHILLA,IDENT
20161004220401,SA3,901052,SUZANA,NAPANGA,IDENT
20161004220402,SA4,901140,ASHURA,MGENI,IDENT
20161004220406,SA3,901122,NEEMA,FANUEL,IDENT
20161004220411,SA4,901123,REBECA,KALOFU,IDENT
20161004220415,SA4,901174,BETH,NGADADA,IDENT
20161004220416,SA5,901034,STAMILI,MUSSA,IDENT
20161004220418,SA3,901092,ASIA,JUMA,IDENT
20161004220421,SA4,901190,NEEMA,MNYALAPE,IDENT
20161004220423,SA5,901286,AGNES,LUCAS,IDENT
20161004220424,SA3,901246,VERONICA,MTENGWA,IDENT
20161004220428,SA4,901238,MARIAM,SELEMANI,IDENT
20161004220430,SA5,900992,AGNES,MEJA,IDENT
20161004220433,SA6,900580,BARAKA,MAGAFU,IDENT
20161004220435,SA5,901385,ABDALLA,MGAYA,IDENT
20161004220436,SA6,900580,BARAKA,MAGAFU,IDENT
20161004220437,SA4,901130,NURU,DAUDI,IDENT
20161004220441,SA6,900112,ABDALLAH,MIKALAMBILO,IDENT
20161004220442,SA4,901218,JANE,RYOBA,IDENT
20161004220442,SA5,901384,JOSHUA,KITUNDU,IDENT
20161004220447,SA4,901234,ANITHA,AHALIELI,IDENT
20161004220448,SA5,901274,AMINA,KAHABUKA,IDENT
20161004220454,SA6,900487,STEPHEN,KAMBWEMBWE,IDENT
20161004220455,SA5,901217,VIVIAN,MWANGATA,IDENT
20161004220456,SA4,901256,AVERINA,AMANDUS,IDENT
20161004220459,SA4,901182,RENIFRIDA,NGUMBU,IDENT
20161004220500,SA5,901395,HASHIM,HAIZA,IDENT
20161004220504,SA4,900953,JANE,LUSENDELA,IDENT
20161004220504,SA5,901408,SAIDI,MAKALA,IDENT
20161004220508,SA4,900881,ZAINABU,SAIDI,IDENT
20161004220511,SA5,901430,JOYCE,SEMWENDA,IDENT
20161004220513,SA4,900913,ASHURA,NGUMBE,IDENT
20161004220521,SA4,901193,VICTORIA,MWAMPEGETE,IDENT
20161004220523,SA5,901327,EMERY,MSUNGU,IDENT
20161004220527,SA4,901133,HUSNA,SENGAMBA,IDENT
20161004220527,SA5,901418,ISAYA ,SAWASAWA,IDENT
20161004220527,SA1,900794,ADAM,SALTIELY,IDENT
20161004220536,SA5,901376,ZAINABU ,SALUM,IDENT
20161004220537,SA4,900988,UPENDO,PETER,IDENT
20161004220541,SA5,901427,JESCA,NGUMBU,IDENT
20161004220544,SA4,900910,ZAINABU,SADALLAH,IDENT
20161004220545,SA5,901198,MANEO,ATHUMANI,IDENT
20161004220551,SA4,900994,MWAISHA,MWAMOTO,IDENT
20161004220554,SA4,901194,ELINA,ABEL,IDENT
20161004220558,SA5,900970,MARIA,ELIESEL,IDENT
20161004220601,SA1,900757,JOSEPH,HEMA,IDENT
20161004220601,SA4,901114,FARIDA,AMBLOS,IDENT
20161004220606,SA4,900862,EDINA,MWAKYOMA,IDENT
20161004220612,SA4,901104,MWANAHAWA,HASSAN,IDENT
20161004220617,SA6,900423,GARDINO,MHIMBA,IDENT
20161004220617,SA4,901245,EVERINA,MKETO,IDENT
20161004220623,SA4,901241,FATUMA,JUMA,IDENT
20161004220626,SA1,900240,SOSTHENES,MANYAMA,IDENT
20161004220628,SA4,901143,LINES,PILLI,IDENT
20161004220634,SA5,900860,AGNESS,LUHUNGO,IDENT
20161004220635,SA6,900417,FABIAN,FABIAN,IDENT
20161004220636,SA4,901132,HEAVENLIGHT,NKYA,IDENT
20161004220640,SA4,901243,PLAKSEDA,AKIZAMUNGU,IDENT
20161004220643,SA4,901117,HIDAYA,MASOUD,IDENT
20161004220649,SA4,901136,HONORATA,SHAYO,IDENT
20161004220653,SA3,901203,STANLEY,KIGUNGA,IDENT
20161004220656,SA4,901271,RACHEL,MCHOVU,IDENT
20161004220700,SA5,901356,ZAMDA,NGWABAYA,IDENT
20161004220702,SA4,901251,GATI,NYANTUMAN,IDENT
20161004220705,SA4,901181,ASNA,SPRIAN,IDENT
20161004220710,SA4,901152,STELLA,MWAKATOBE,IDENT
20161004220711,SA5,900849,IRENE,MMARI,IDENT
20161004220716,SA4,900899,MAGDALENA,SIMAO,IDENT
20161004220719,SA5,901369,RECHO,MSHUMBUSI,IDENT
20161004220721,SA1,900392,ALLY,MBEGU,IDENT
20161004220721,SA4,900967,FATUMA,MTAMBUA,IDENT
20161004220725,SA3,900919,ANNA,MPUGE,IDENT
20161004220727,SA4,901111,ASIA,MSHAMU,IDENT
20161004220728,SA1,900736,KANUNU,THABIT,IDENT
20161004220732,SA4,901237,ZUBEDA,KIMARO,IDENT
20161004220839,SA3,900921,MWAJUMA,IDDI,IDENT
20161004220846,SA3,900885,AMINA,MZARA,IDENT
20161004220851,SA3,900908,SALMA,RWAMBANO,IDENT
20161004220856,SA3,900959,REHEMA,LYOWA,IDENT
20161004220902,SA3,900905,AMINA,MUHIDINI,IDENT
20161004220906,SA3,900906,MARYSTELA,MCHOME,IDENT
20161004220914,SA3,901032,MARISELINA,NGULI,IDENT
20161004220920,SA3,901038,AMINA,MDOE,IDENT
20161004220747,SA4,901127,ZAHARA,MBELWA,IDENT
20161004220748,SA5,901406,PASCAL,STANLEY,IDENT
20161004220823,SA5,901349,HABIBU,BAKARI,IDENT
20161004220938,SA6,900579,GRAYSON,KUNZUGALA,IDENT
20161004220939,SA4,901235,TUMAIN,MUNGURE,IDENT
20161004221027,SA5,901341,JESSE,JEREMIA,IDENT
20161004221107,SA5,901571,ENOCK,ELIA,IDENT
20161004221113,SA5,901185,JOYCE,SAMWEL,IDENT
20161004221119,SA5,900846,SARA,CHIDUNI,IDENT
20161004221145,SA5,901350,ALFRED,CHARLES,IDENT
20161004221159,SA6,900396,ANDREW,MSANGI,IDENT
20161004221310,SA5,901368,NAOMI,YUSUPH,IDENT
20161004221348,SA1,900243,YOHANA,ALLY,IDENT
20161004221418,SA1,900211,BARAKA,MAKI,IDENT
20161004221449,SA3,900931,JOHARI,KIMARO,IDENT
20161004221708,SA3,901115,FROLA,SIKWEMBE,IDENT
20161004221719,SA3,900974,ZAWADI,SADIKI,IDENT
20161004221954,SA3,900963,MWAZANI,SAIDI,IDENT
20161004222010,SA3,901105,MTUMWA,ALLY,IDENT
20161004222029,SA1,900231,MARKO,SHIMIZI,IDENT
20161004222114,SA3,901037,FADINA,IBRAHIM,IDENT
20161004222125,SA3,900856,MWAJAMBU,HAMAD,IDENT
20161004222212,SA1,900807,GODRICH,MCHOMVU,IDENT
20161004222237,SA3,901150,CHRISTINA,MBODE,IDENT
20161004222505,SA3,900945,ELIZABETH,MREMA,IDENT
20161004222623,SA5,901187,MONICA,SHEMBONI,IDENT
20161004222748,SA3,901059,JAZIRA,RAMADHANI,IDENT
20161004222753,SA3,901186,FROLA,KILIMA,IDENT
20161004222756,SA3,901189,KURUTHUM,KHAMISI,IDENT
20161004222801,SA3,901085,ELIZABETH,NYAMBO,IDENT
20161004222805,SA3,901049,REDEMTA,DANIEL,IDENT
20161004222810,SA3,901065,ZAINABU,KARUMUNA,IDENT
20161004222813,SA3,901088,JANETH,MUONDO,IDENT
20161004222916,SA3,900943,MWAMINI,MPANGULE,IDENT
20161004222924,SA3,900927,SAADA,SALUM,IDENT
20161004223322,SA3,901021,NEEMA ,MWANGO,IDENT
20161004223405,SA6,900478,RAPHAEL,SENKONDO,IDENT
20161004223608,SA3,901097,EMANUEL,MSOKWA,IDENT
20161004224547,SA3,901196,BONIPHACE,NGESI,IDENT
20161004224902,SA6,900139,IDD,YUSUFU,IDENT
20161004225341,SA6,900134,GRACE,KIM,IDENT
20161005015403,SA6,900021,JAFARI,BAINA,IDENT
20161005045720,SA6,900002,ABDALLAH,MWEYO,IDENT
20161005045722,SA1,900031,LUCAS,MABUYE,IDENT
20161005045819,SA1,900001,ABDALLAH,JUMANNE,IDENT
20161005051335,SA6,900661,ADILILA,KONGA,IDENT
20161005051539,SA6,900135,HALIMA,NGAMZI,IDENT
20161005051721,SA6,900049,SIHABA,NAKIPENGELE,IDENT
20161005051933,SA6,900169,REHEMA,YUSUFU,IDENT
20161005052212,SA1,900045,SAIDI,MNDOLWA,IDENT
20161005052851,SA6,900054,THOMAS,MGABO,IDENT
20161005053056,SA6,900159,PAMELA,KUSALIKA,IDENT
20161005053127,SA3,900969,JEMA,SALUM,IDENT
20161005053351,SA4,901131,ESTA,KWEKA,IDENT
20161005053443,SA5,901281,JOSEPH,MUSUGULI,IDENT
20161005053448,SA5,901402,ALLY,SELEMAN,IDENT
20161005053453,SA5,901353,DOREEN,MDOE,IDENT
20161005053459,SA4,901058,HAMIDA,MATIPA,IDENT
20161005053511,SA4,901036,AZIZA,MANGETU,IDENT
20161005053516,SA4,901103,MWATANGA,DIENI,IDENT
20161005053528,SA6,900021,JAFARI,BAINA,IDENT
20161005053530,SA5,901309,SALMA,RAFIKI,IDENT
20161005053546,SA4,901005,HADIJJA,KIJUU,IDENT
20161005053621,SA4,901100,REHEMA,SALEHE,IDENT
20161005053632,SA4,901028,REHEMA,KWENGWEGU,IDENT
20161005053643,SA4,901081,PILI,MDEDE,IDENT
20161005053648,SA4,900896,HADIJA , KIHEGO,IDENT
20161005053702,SA4,901250,JENIPHA,DAMIAN,IDENT
20161005053714,SA4,901072,TATU,ATHUMAN,IDENT
20161005053722,SA4,900966,ZUHURA,KIJIMBO,IDENT
20161005053731,SA4,901066,ZULEHA,MOHAMED,IDENT
20161005053737,SA5,901375,PILLI,CHOLOGONDO,IDENT
20161005053738,SA4,901053,DORIS,JOHN,IDENT
20161005053752,SA4,901169,VERONICA,LECHIPYA,IDENT
20161005053809,SA5,901285,THABIT,ALLY,IDENT
20161005053814,SA4,900973,SHARIFA,LIYAYA,IDENT
20161005053825,SA4,901204,SOPHIA,LUGOME,IDENT
20161005053835,SA5,901360,MARRY,MASULUBE,IDENT
20161005053837,SA4,901014,LUCY,THOMAS,IDENT
20161005053843,SA4,901106,MARYNIA,KAYOMBO,IDENT
20161005053849,SA4,901001,AMINA,MUYA,IDENT
20161005053850,SA5,900866,FLORA,DAMAS,IDENT
20161005053851,SA1,900384,ABDALLA,SAIDI,IDENT
20161005053855,SA1,900442,ITIKA,DICKSON,IDENT
20161005053858,SA4,901146,MARTHA,MAKOTI,IDENT
20161005053911,SA4,901191,ROSE,BENARD,IDENT
20161005053916,SA1,901557,WALTER,MAYA,IDENT
20161005053918,SA4,901225,NOELA,YALOT,IDENT
20161005053957,SA5,901314,JANE,NYAGAWA,IDENT
20161005053958,SA4,901213,HABIBA,NJIKU,IDENT
20161005054004,SA4,900989,AMINA,CHITWANGWA,IDENT
20161005054012,SA4,901056,ANGELA,MWAKAPALILA,IDENT
20161005054019,SA4,901141,HADIJA,SALUM,IDENT
20161005054024,SA6,900611,EVARIST,MPINGAURUGU,IDENT
20161005054036,SA4,901148,IBRAHIM,MZENTO,IDENT
20161005054036,SA1,900719,STEPHAN,SIMON,IDENT
20161005054048,SA4,900995,MARY,KIAMA,IDENT
20161005054057,SA4,901252,JENIPHA,CHIZA,IDENT
20161005054102,SA4,901221,TEDDY,MAGAMBO,IDENT
20161005054115,SA4,901120,MERCY,MONGI,IDENT
20161005054122,SA4,901015,JOYCE,CHACHA,IDENT
20161005054126,SA3,900864,TECLA,SAMWEL,IDENT
20161005054142,SA4,901118,LILIAN,MREMA,IDENT
20161005054145,SA1,900754,ROBERT,JORAM,IDENT
20161005054152,SA3,901210,ROSE,CHUWA,IDENT
20161005054204,SA4,900965,HERMAN,MAKOKO,IDENT
20161005054205,SA5,901294,RATIFA,KAPINGA,IDENT
20161005054212,SA4,901145,ADELINA,MALEMA,IDENT
20161005054212,SA5,900918,MARIAM,RAMADHANI,IDENT
20161005054215,SA2,901073,SALMA,MUHARAMU,IDENT
20161005054217,SA6,900162,PILLY,MANENO,IDENT
20161005054246,SA4,901171,ESTHER,MUNGUTI,IDENT
20161005054254,SA4,901161,NURU,MOHAMED,IDENT
20161005054303,SA4,901220,AGNESS,MWAMBENGO,IDENT
20161005054308,SA4,900975,EDINA,MZUNGU,IDENT
20161005054313,SA2,901101,RAJABU,MOHAMMED,IDENT
20161005054314,SA1,900718,WILSON,ALOIS,IDENT
20161005054317,SA4,900886,ELIZABERTH,KIJA,IDENT
20161005054323,SA4,901008,GRESS,KOBA,IDENT
20161005054324,SA5,901377,HUSSEIN,MANYEMBA,IDENT
20161005054328,SA6,900023,JINGSON,SAIMON,IDENT
20161005054346,SA4,900870,GOMERY,DAUDI,IDENT
20161005054349,SA6,900474,PHILBERT,MATOGO,IDENT
20161005054350,SA2,900907,PAULINA,DEVA,IDENT
20161005054355,SA5,900873,SELEN,JUMA,IDENT
20161005054356,SA4,901070,FLORA,MSAMLA,IDENT
20161005054357,SA6,900489,TUMAINI,MNZAVA,IDENT
20161005054403,SA4,901138,JOYCE,CHEMRA,IDENT
20161005054409,SA4,900882,WINIFRIDA,MALISELINO,IDENT
20161005054410,SA5,901091,FARIDA,LYIMO,IDENT
20161005054416,SA1,900771,DATIUS,MARTINE,IDENT
20161005054416,SA5,901216,ASHA,RAMADHANI,IDENT
20161005054419,SA4,901139,HAPPY ,ZAKAYO,IDENT
20161005054421,SA5,901000,AGNES,MTYANGILE,IDENT
20161005054422,SA1,900789,KAMPBONA,PASCAL,IDENT
20161005054427,SA4,900928,MARIA,MAGWE,IDENT
20161005054428,SA5,901031,AMINA,BAKARI,IDENT
20161005054434,SA5,901236,FATIMA,ALLY,IDENT
20161005054435,SA6,900166,RAMADHANI,KIPENGELE,IDENT
20161005054435,SA4,901214,MARIAM,OMAR,IDENT
20161005054442,SA5,901361,MARRY,MLIUNJA,IDENT
20161005054445,SA5,901355,HALIMA,SANANE,IDENT
20161005054448,SA4,900952,SALAMA,MOHAMAD,IDENT
20161005054451,SA5,900911,NEEMA,URASSA,IDENT
20161005054453,SA4,901163,SIJALI,MKELE,IDENT
20161005054456,SA1,900858,MUHSIN,ATHUMANI,IDENT
20161005054457,SA5,901102,ORIVER,DAUD,IDENT
20161005054504,SA4,901093,SHARON,IBRAHIM,IDENT
20161005054506,SA5,901013,YASINTA,SHELUBANZI,IDENT
20161005054509,SA4,901165,FATUMA,ABDALLAH,IDENT
20161005054513,SA5,901003,SALAMA,KADALA,IDENT
20161005054516,SA4,900971,NAOMI,SAMWELI,IDENT
20161005054518,SA5,901057,ANNA,KITOMARY,IDENT
20161005054521,SA4,901074,VERONICA,KIMWAGA,IDENT
20161005054522,SA5,900900,HELENA,SENZUGWAKO,IDENT
20161005054526,SA4,901116,GRACE,KAHANGE,IDENT
20161005054528,SA5,900958,SOPHIA,LIKONGO,IDENT
20161005054532,SA4,901223,HAPPY,MKWEPU,IDENT
20161005054533,SA5,901119,LINA,MLAWA,IDENT
20161005054536,SA4,901222,DEBORA,FILIPATALI,IDENT
20161005054541,SA5,901207,AISHA,ABEID,IDENT
20161005054542,SA4,900895,CATHERINE,CHIGOGOLO,IDENT
20161005054546,SA5,901128,ZAITUNI,SOGOI,IDENT
20161005054547,SA4,900960,AGNESS,NAWAHIGA,IDENT
20161005054553,SA5,900855,SINAHIA,OMARI,IDENT
20161005054554,SA4,901176,FATUMA,MASOUD,IDENT
20161005054601,SA5,901387,GODFREY,YALED,IDENT
20161005054603,SA4,901248,MAGRETH,MASAWE,IDENT
20161005054608,SA5,901311,LOYCE,MASKINI,IDENT
20161005054612,SA4,900999,ROSE,MWAMAKOLA,IDENT
20161005054616,SA5,901386,SHAMSI,MUHITI,IDENT
20161005054627,SA5,901280,WHITNESS,MSAGATI,IDENT
20161005054631,SA1,900732,ELIA,FRANCIS,IDENT
20161005054634,SA4,900887,ELITABETH,GOMELO,IDENT
20161005054640,SA4,901249,HILDA,MWAZEMBE,IDENT
20161005054642,SA1,900747,ADAM,MASALE,IDENT
20161005054645,SA4,901018,AISHA,KIBINDO,IDENT
20161005054645,SA5,901328,MARRY,SHOO,IDENT
20161005054646,SA1,900790,ISIHAKA,IDDI,IDENT
20161005054651,SA6,900124,DAUDI,ELIFALETH,IDENT
20161005054651,SA5,901126,YUNIS,LULANDALA,IDENT
20161005054654,SA4,901197,RASHID,NJERAN,IDENT
20161005054656,SA1,900249,AMIRI,MZEE,IDENT
20161005054659,SA4,900937,UPENDO,MLEWA,IDENT
20161005054712,SA4,901559,MARIAM,JUMA,IDENT
20161005054720,SA1,900755,NICHALAUS,AUGUSTINO,IDENT
20161005054721,SA4,901172,AGNES,STEVEN,IDENT
20161005054722,SA5,901289,CONSOLATHA,RAPHAEL,IDENT
20161005054727,SA4,900888,AMINA,NGAINA,IDENT
20161005054731,SA5,901291,AISHA,ISSA,IDENT
20161005054737,SA4,900889,SALMA,MWAWILA,IDENT
20161005054738,SA5,901290,AGNES,SALAWA,IDENT
20161005054827,SA2,901071,YUNIS,NDAIGA,IDENT
20161005054909,SA2,901233,SAMI,MTITIMA,IDENT
20161005054751,SA5,900872,ZALAU,NGWELE,IDENT
20161005054754,SA5,901338,WAZIRI,WAZIRI,IDENT
20161005054803,SA4,901086,ELIWAZA,MWIGOHA,IDENT
20161005054812,SA4,901033,TATU,ISSA,IDENT
20161005054820,SA1,900784,WILLIAM,MSOLOKA,IDENT
20161005054824,SA1,900750,JACOB,KAWALE,IDENT
20161005054843,SA4,900942,CHRISTINA,MWENDA,IDENT
20161005054850,SA4,901069,ELIZABETH,MRAMU,IDENT
20161005054853,SA5,900853,DEVOTHA,ELIAS,IDENT
20161005054857,SA4,901019,ASHA,NGAMBA,IDENT
20161005054902,SA5,901315,FIDEA,AGUSTINO,IDENT
20161005054908,SA1,900290,RASHIDI,GEUZA,IDENT
20161005054915,SA4,900893,JOYCE,MCHOMVU,IDENT
20161005054921,SA4,900929,HALIMA,SEIF,IDENT
20161005054922,SA5,900850,ROSE,KITALI,IDENT
20161005054926,SA5,901378,HOYCE,TILLYA,IDENT
20161005054930,SA5,901320,REHEMA,ALLY,IDENT
20161005054932,SA4,900982,MWANAKOMBO,KHALID,IDENT
20161005054940,SA5,901346,FRANK,MANDI,IDENT
20161005054942,SA4,901077,CONSOLATH,MATERU,IDENT
20161005054945,SA5,901373,ADELA,MSAGA,IDENT
20161005054948,SA4,900892,MWANIA,PEMBE,IDENT
20161005054950,SA5,901297,STELLA,MAKUNDI,IDENT
20161005054953,SA4,900880,MWANAHAMISI,MAREKANO,IDENT
20161005055005,SA4,900861,MWAJABU,BAKARI,IDENT
20161005055011,SA6,900564,RAMADHANI,SAIDI,IDENT
20161005055014,SA4,901061,MWAJUMA,ABDALLAH,IDENT
20161005055015,SA2,901099,TAUS,MUSTAPHA,IDENT
20161005055015,SA6,900049,SIHABA,NAKIPENGELE,IDENT
20161005055031,SA4,90086,FRIDA,MKUMBO,IDENT
20161005055032,SA6,900428,GLADIS,MAZENGO,IDENT
20161005055039,SA4,900926,AMINA,KONDO,IDENT
20161005055042,SA5,901428,YOHANA,LEONARD,IDENT
20161005055046,SA5,901307,MATRIDA,CHUVAKA,IDENT
20161005055050,SA4,901151,SIJARI,MAGOMBE,IDENT
20161005055053,SA4,901121,MWATANGA,ALLY,IDENT
20161005055059,SA4,900935,ZAINABU,SINGANO,IDENT
20161005055106,SA4,900922,BAHATI,SALEHE,IDENT
20161005055113,SA4,901177,ASHA,MAVENGELO,IDENT
20161005055114,SA5,901358,MWANAHAMIS ,MSUYA,IDENT
20161005055117,SA4,900956,DIANA,LEMA,IDENT
20161005055121,SA1,900770,ANDERSON,KIKOTI,IDENT
20161005055125,SA4,901257,FRIDA,MHELELA,IDENT
20161005055129,SA5,901296,STELLA,LUGOME,IDENT
20161005055145,SA5,901342,ANDREW,KILUGWA,IDENT
20161005055146,SA1,900684,ABDUL,IMAMU,IDENT
20161005055146,SA4,900875,ASHA,MALINBWI,IDENT
20161005055147,SA2,900920,PILLI,SAIDI,IDENT
20161005055152,SA4,901134,NURU,MULONGANILE,IDENT
20161005055157,SA2,901006,RUKIA,ALLY,IDENT
20161005055157,SA5,901370,MARIAM,MJELELE,IDENT
20161005055158,SA4,901125,TAUSI,SHABANI,IDENT
20161005055204,SA4,900955,MWANAHAMISI,MAKUNGANYA,IDENT
20161005055205,SA5,901419,JENIPHA,MWILONGO,IDENT
20161005055206,SA6,900171,ROBERT,MFUNI,IDENT
20161005055208,SA1,900792,IDDI,IDDI,IDENT
20161005055209,SA4,901002,MARIAM,SABURI,IDENT
20161005055213,SA5,901417,REHEMA,SINDANO,IDENT
20161005055214,SA4,901110,ASHA,MPELA,IDENT
20161005055226,SA5,901344,JACKSON,ATANUS,IDENT
20161005055229,SA1,900721,GISELA,SHAYO,IDENT
20161005055232,SA3,901062,RASHID,MDOE,IDENT
20161005055234,SA1,900766,JUDITH,GEOFREY,IDENT
20161005055237,SA4,901205,JAMILA,MASONGI,IDENT
20161005055240,SA1,900825,TITO,MWAMBE,IDENT
20161005055243,SA2,901254,NURAT,JAFARI,IDENT
20161005055247,SA6,900647,JOHANSEN,MPANJU,IDENT
20161005055248,SA4,901227,MWAMVITA,MWAIPOPO,IDENT
20161005055253,SA4,901166,SAUDA,MAULID,IDENT
20161005055304,SA2,901200,INOCENT , KIFUMU,IDENT
20161005055309,SA4,901268,ANITHA,KWIMBA,IDENT
20161005055313,SA6,901149,EPIFANI, MBOKO,IDENT
20161005055318,SA4,901269,AISHA,HALFAN,IDENT
20161005055333,SA4,901142,SOPHIA,YUSUPH,IDENT
20161005055359,SA3,900986,KAUSE,ABDALLAH,IDENT
20161005055401,SA1,900800,NAPEGWA,JACOB,IDENT
20161005055407,SA1,900803,EMMANUEL,YOUZE,IDENT
20161005055410,SA1,900725,SAMSONI,KINGU,IDENT
20161005055414,SA1,900736,KANUNU,THABIT,IDENT
20161005055419,SA1,900463,MARTENUS,MAPESA,IDENT
20161005055426,SA1,900386,ABDALLAH ,RAMADHANI,IDENT
20161005055427,SA4,900924,DEBORA,HOSSA,IDENT
20161005055431,SA1,900281,NAYOPA,MTENDECHI,IDENT
20161005055433,SA4,901157,DAVID,JUMA,IDENT
20161005055447,SA1,900741,ERICK,LUWUNGO,IDENT
20161005055451,SA4,901211,ANNA,KIMARO,IDENT
20161005055458,SA2,900954,HABIBA,MDOSE,IDENT
20161005055459,SA1,900798,ATHUMAN,SEIF,IDENT
20161005055506,SA4,900946,RAHMA,MWIMBA,IDENT
20161005055513,SA1,900717,GODFREY,LAMBAU,IDENT
20161005055513,SA5,901380,BISURA,MCHELEO,IDENT
20161005055518,SA5,901343,SEBASTIAN,KIPINGU,IDENT
20161005055530,SA4,901224,ANNA,NYAKAPALA,IDENT
20161005055532,SA2,900903,RUKIA,MOHAMED,IDENT
20161005055537,SA4,901263,JAMIRA,SAIDI,IDENT
20161005055542,SA2,901064,SAID,RAMADHANI,IDENT
20161005055559,SA5,901306,VAILETH,NGULO,IDENT
20161005055602,SA1,900810,JOSEPH,JULIUS,IDENT
20161005055603,SA5,901323,AMINA,HAMISI,IDENT
20161005055607,SA6,900148,JUDITH,MALISA,IDENT
20161005055624,SA1,900218,GEDDY,SONENGA,IDENT
20161005055638,SA2,900876,MWASITI,MAULID,IDENT
20161005055647,SA1,900759,ELIAS,YAKOB,IDENT
20161005055658,SA1,900744,SILVESTER,KAHINDI,IDENT
20161005055710,SA2,900877,IRENE,GABRIEL,IDENT
20161005055718,SA1,900826,VITALIS,HOTTI,IDENT
20161005055741,SA6,900015,EMMANUEL ,CLEMENT,IDENT
20161005055804,SA2,900936,SOPHIA,MBONDE,IDENT
20161005055824,SA2,901016,HALIFA,MOHAMED,IDENT
20161005055805,SA6,E032,SANKARAN,JAYARAM,IDENT
20161005055813,SA6,900586,MOHAMED,SOLOKA,IDENT
20161005055814,SA1,900797,ASHAM,MUSA,IDENT
20161005055815,SA4,901260,AISHA,MNEKA,IDENT
20161005055819,SA1,900807,GODRICH,MCHOMVU,IDENT
20161005055822,SA1,900403,BEDA,YUDA,IDENT
20161005055830,SA4,900847,ZAINABU,SINGANO,IDENT
20161005055831,SA1,900799,RAJABU,RUBASHA,IDENT
20161005055838,SA1,900801,DAVID ,MWANJA,IDENT
20161005055849,SA6,900409,DANIEL,MROPE,IDENT
20161005055906,SA4,901156,SAID,HAMISI,IDENT
20161005055940,SA1,900217,FRED,JAMES,IDENT
20161005055945,SA1,900244,YOHA,MSANGI,IDENT
20161005055951,SA6,900130,FATUMA,CHOMBO,IDENT
20161005055952,SA1,900722,ELIZABETH,MATHIUS,IDENT
20161005060002,SA1,900808,HEONANI,BAJANA,IDENT
20161005060006,SA1,900720,FRANCIS,RAFAEL,IDENT
20161005060011,SA5,901192,ASMA,KONDO,IDENT
20161005060011,SA1,900767,GLADNESS,KAIRUKI,IDENT
20161005060014,SA1,900806,GODFREY,KIHAWA,IDENT
20161005060018,SA5,901217,VIVIAN,MWANGATA,IDENT
20161005060018,SA1,900440,IDRISA,KIMARO,IDENT
20161005060022,SA1,900762,SAID,MOHAMED,IDENT
20161005060025,SA5,900884,HADIJA,GOGO,IDENT
20161005060025,SA2,900950,ASHURA,ATHUMAN,IDENT
20161005060029,SA1,900730,UHURU,MARWA,IDENT
20161005060032,SA1,900411,DEO,JULIUS,IDENT
20161005060040,SA1,900571,FRANK,MALIMA,IDENT
20161005060041,SA2,900868,MAIMUNA,JARUFU,IDENT
20161005060044,SA1,900824,TITO,MGOVANO,IDENT
20161005060046,SA1,900578,MTARI,MAGINGA,IDENT
20161005060048,SA6,900164,RAMADHANI ,BAKARI,IDENT
20161005060056,SA5,901409,MAGRETH,NGOSI,IDENT
20161005060058,SA2,900894,NURU,MAKANDE,IDENT
20161005060102,SA1,900748,EDWARD,DAWSON,IDENT
20161005060102,SA5,901423,CONSOLATHA,JOSEPH,IDENT
20161005060106,SA6,900703,MUSSA,MTALI,IDENT
20161005060109,SA5,901322,SARAH,ALLY,IDENT
20161005060109,SA2,900947,ANNA,GODISON,IDENT
20161005060117,SA5,901412,ELIA,NGWALI,IDENT
20161005060119,SA2,901017,CATHERINE,NYEMA,IDENT
20161005060123,SA3,900977,MWANAHAMISI,MUNKUNDA,IDENT
20161005060127,SA1,900777,MNADI,MRAJAA,IDENT
20161005060129,SA3,900916,SABINA,KINGIMALI,IDENT
20161005060130,SA2,901097,EMANUEL,MSOKWA,IDENT
20161005060131,SA5,901345,ALHAJI,KIHIYO,IDENT
20161005060132,SA1,900764,OMBENI,MICHAEL,IDENT
20161005060133,SA3,901051,HABIBA,PAZZI,IDENT
20161005060135,SA5,901347,JAMES,MAJIJI,IDENT
20161005060139,SA1,900758,MOHAMEDY,ATHUMANI,IDENT
20161005060140,SA5,901340,FELIX,MAKANYA,IDENT
20161005060202,SA1,900773,FELIX,CHRISTOPHER,IDENT
20161005060206,SA2,901201,DEOGRATIUS,KESSY,IDENT
20161005060208,SA5,901303,TAUSI,KATULA,IDENT
20161005060214,SA5,901363,ZUCRA,SWEDI,IDENT
20161005060222,SA5,901421,ALFRED,MUGHWAI,IDENT
20161005060227,SA5,901283,KEDMOND,KAMOGA,IDENT
20161005060232,SA5,901374,NASRA,HAMADI,IDENT
20161005060237,SA4,900898,RUKIA,MATAUKA,IDENT
20161005060239,SA5,901078,NASMA,LINOGA,IDENT
20161005060241,SA6,900115,AKIDA,DUGANGE,IDENT
20161005060249,SA5,901371,YASINTA,LEKERI,IDENT
20161005060253,SA5,901366,LYDIA,MAKENE,IDENT
20161005060258,SA5,901308,MADINA,ATHUMANI,IDENT
20161005060303,SA5,901354,AISHAH,OTHUMANI,IDENT
20161005060308,SA5,901144,ESTHER,NAPENGWA,IDENT
20161005060316,SA5,901362,JULIETH,GODFREY,IDENT
20161005060322,SA5,900984,SALAMA,BIGE,IDENT
20161005060328,SA5,901319,CHRISTINA,TATI,IDENT
20161005060334,SA5,901429,REHEMA,MAZEKU,IDENT
20161005060335,SA1,900788,DEBORA,MWASOMOLA,IDENT
20161005060339,SA1,900814,MARTIN,MUHANDO,IDENT
20161005060340,SA5,901413,LEILA,KIMBENGELE,IDENT
20161005060347,SA5,901313,FATUMA,KAUNDA,IDENT
20161005060358,SA5,901390,SHABANI,HUSEN,IDENT
20161005060402,SA5,901284,MOHAMED,IDDI,IDENT
20161005060405,SA6,900019,HAMISI,MADODO,IDENT
20161005060410,SA5,901301,TUKAE,MUSA,IDENT
20161005060411,SA6,900035,MOHAMED,HAUSI,IDENT
20161005060413,SA5,901292,SARA,YOEL,IDENT
20161005060429,SA5,901381,DOROSTA,CLEMANCE,IDENT
20161005060438,SA6,900404,BRYANT,NYENYEMBE,IDENT
20161005060444,SA1,900774,MBEWE,ELIUS,IDENT
20161005060544,SA1,900477,RAMADHANI,LUBASHA,IDENT
20161005060549,SA1,900823,TADEO,MAPEMA,IDENT
20161005060616,SA5,901282,ADAM,MUSSA,IDENT
20161005060625,SA4,901267,NEEMA ,MWAMANYE,IDENT
20161005060643,SA6,900170,REHEMA,CHINUNJE,IDENT
20161005060643,SA1,900820,SALUM,KAISI,IDENT
20161005060649,SA1,900459,KULWA,MLYASANZA,IDENT
20161005060706,SA5,901352,ABDALAH,SUDY,IDENT
20161005060720,SA6,900395,AMOS,MIMBI,IDENT
20161005060728,SA1,900802,EMANUEL,SILAYO,IDENT
20161005060739,SA1,900450,JUMA,RAMADHANI,IDENT
20161005060754,SA5,901414,EMMANUEL,BANDIKO,IDENT
20161005060821,SA5,901400,DANIEL,MAKAYA,IDENT
20161005060823,SA1,900214,BRUNO,FREDRICK,IDENT
20161005060840,SA1,900772,ERICK,KAZIMOTO,IDENT
20161005060924,SA6,900420,FRANCIS,TESHA,IDENT
20161005060930,SA5,901336,ISMAIL,MHINA,IDENT
20161005060932,SA6,900443,JABIRI,RAMADHANI,IDENT
20161005061010,SA1,900455,KHALFAN,OMARI,IDENT
20161005061107,SA6,900575,CHRISTINA ,SENYANGWA,IDENT
20161005061113,SA1,900733,ALHAJI,IDD,IDENT
20161005061118,SA4,901264,HADIJA,RAMADHANI,IDENT
20161005061128,SA5,901288,EPIPHANIA,LUKWI,IDENT
20161005061134,SA4,100956,HADIJA,SALUM,IDENT
20161005061136,SA1,900242,WILSON,ANYNGISE,IDENT
20161005061140,SA1,900220,HAMISI,NJOCHOLA,IDENT
20161005061148,SA1,900421,FRANK ,MUSHI,IDENT
20161005061156,SA6,900391,ALLY,MASHAURI,IDENT
20161005061309,SA1,900426,GESAGA,RAMADHANI,IDENT
20161005061328,SA1,900731,HUSSAIN,HAMADI,IDENT
20161005061331,SA1,900716,JUMA,JUMANNE,IDENT
20161005061336,SA1,900743,JUMA,ISEMA,IDENT
20161005061342,SA1,900738,MOHAMED,NGODA,IDENT
20161005061351,SA1,900776,ZUBERI,MOHAMED,IDENT
20161005061356,SA1,900207,ADELE,NJOCHOLA,IDENT
20161005061400,SA1,900729,MOHAMED,KOMBO,IDENT
20161005061405,SA1,900727,GEORGE,GREAD,IDENT
20161005061407,SA1,900212,BATHOLOMEO,MUSA,IDENT
20161005061415,SA6,900245,ABDALLAH,KIMULIMULI,IDENT
20161005061422,SA6,900245,ABDALLAH,KIMULIMULI,IDENT
20161005061429,SA1,900240,SOSTHENES,MANYAMA,IDENT
20161005061433,SA1,900569,JAMES,MWANDU,IDENT
20161005061511,SA1,900812,LEONARD,NYANGO,IDENT
20161005061533,SA5,901572,WAISAHA,PATRICK,IDENT
20161005061550,SA5,901416,YONA,MUSA,IDENT
20161005061624,SA1,900761,CHRISTOPHER,MFUNGO,IDENT
20161005061717,SA5,901397,LINETH,KYARUS,IDENT
20161005061729,SA5,901392,STELLA,MTALLO,IDENT
20161005061800,SA6,900451,KASSIM,MALICK,IDENT
20161005061840,SA1,900213,BEDASTUS,PIUS,IDENT
20161005062024,SA1,900215,EDWARD,RUFUNGA,IDENT
20161005062308,SA1,900456,KHALIFA,BASHILI,IDENT
20161005062741,SA5,901321,ELIZABET,MHIMBA,IDENT
20161005063006,SA1,900724,HASANI,MRISHO,IDENT
20161005063038,SA1,900737,EXPEDTO,MKONGWE,IDENT
20161005063517,SA1,101945,JAMES,VALENTINE,IDENT
20161005063539,SA1,900238,SAIMON,TARIMO,IDENT
20161005063723,SA6,900050,STANLEY,JEREMIAH,IDENT
20161005063955,SA6,900449,JUMA,SANGAYA,IDENT
20161005064338,SA1,900233,MUSSSA,ABDALLAH,IDENT
20161005064347,SA1,900466,MATHEW,PHILIP,IDENT
20161005064355,SA1,900804,FROLAH,MPONDO,IDENT
20161005064511,SA6,101110,ESTER,THEOFIL,IDENT
20161005064829,SA6,900006,ANDREW,JOSEPH,IDENT
20161005064838,SA6,900047,SAMSON,SHILA,IDENT
20161005065432,SA5,901330,SAVELINA ,KASHASHA,IDENT
20161005070014,SA1,900728,JAMAL,MRISHO,IDENT
20161005070353,SA6,901434,JOSEPHINA,HAU,IDENT
20161005070557,SA1,900222,HENRY,NGOWI,IDENT
20161005070633,SA6,901573,DAUDI,NYASHIMO,IDENT
20161005070904,SA1,900209,ANGELA,MBESIGWE,IDENT
20161005070903,SA6,900584,LUCY,MACHAI,IDENT
20161005071150,SA6,900131,FRANK,MAKWABU,IDENT
20161005071649,SA6,900566,ERICK,NDUNGURU,IDENT
20161005072057,SA1,900429,GOODLUCK,LYAHONA,IDENT
20161005072144,SA6,900168,RAZAKI,MTINDA,IDENT
20161005072235,SA6,901431,AMBALI,SOUD,IDENT
20161005072256,SA6,900397,ANNA,MOSHI,IDENT
20161005072419,SA6,900039,MWAJABU,ALLY,IDENT
20161005072622,SA6,900041,NELSON,MTEMI,IDENT
20161005072627,SA6,900649,ZUBEDA,MANDIA,IDENT
20161005072635,SA6,900494,YOHANA,LUSANA,IDENT
20161005072750,SA1,900441,ISSA,KAISI,IDENT
20161005072811,SA4,900941,KULWA,MSUMA,IDENT
20161005072821,SA6,900184,JASPER,NGURUBE,IDENT
20161005072857,SA6,900100,AROBOGAST,MOGELLA,IDENT
20161005072931,SA6,901265,FRANK ,RUZIGA,IDENT
20161005072949,SA6,900144,JANE,MWAKABULUFU,IDENT
20161005072958,SA6,900029,JUMANNE,MBONDE,IDENT
20161005073051,SA6,900027,JUMA,NAHAL,IDENT
20161005073100,SA6,900478,RAPHAEL,SENKONDO,IDENT
20161005073145,SA5,901339,JAMES,MKONO,IDENT
20161005073153,SA5,901351,BARNABA,EDWARD,IDENT
20161005073330,SA6,900123,CHARLES,LUSWETULA,IDENT
20161005073426,SA6,900268,GWANTWA,MWASYEBULE,IDENT
20161005073510,SA6,900116,ASHA,ALLY,IDENT
20161005073608,SA6,E008,ATUL,PATHAK,IDENT
20161005073741,SA2,901444,BAKARI,KITILA,IDENT
20161005073848,SA6,900430,GWAKISA,MWAKASAGURE,IDENT
20161005073915,SA4,900902,SAKINA,MAWEMBA,IDENT
20161005074005,SA6,900173,SHARIFA,MRISHO,IDENT
20161005074012,SA6,900701,MATHEW,NDANSHAU,IDENT
20161005074034,SA6,900016,FATUMA,HAMISI,IDENT
20161005074048,SA2,901175,SALMA,RAMADHAN,IDENT
20161005074055,SA4,901020,VICTORIA,MWALUANDA,IDENT
20161005074107,SA4,901041,JACKLINI,MBOYA,IDENT
20161005074112,SA2,901067,HELENA,SAMWELI,IDENT
20161005074130,SA2,900923,HELENA,KHAJI,IDENT
20161005074143,SA2,901040,LUCY,AGASTINO,IDENT
20161005074152,SA2,901083,EDINA,JOHN,IDENT
20161005074201,SA2,900991,CHRISTINA,JAILOS,IDENT
20161005074204,SA6,900271,HUSNA,SAID,IDENT
20161005074209,SA6,900142,IRENE,MREMA,IDENT
20161005074212,SA2,900957,HADIJA,MKOTA,IDENT
20161005074215,SA6,901435,FILES,MBANDO,IDENT
20161005074220,SA2,901164,SWAUMU,KAYANDA,IDENT
20161005074232,SA2,900976,LUCY,STANLEY,IDENT
20161005074256,SA2,901084,MARIA ,SANGA,IDENT
20161005074307,SA2,901009,MOSHI,SAIDI,IDENT
20161005074320,SA1,900714,STIVINI,STIVINI,IDENT
20161005074321,SA3,901258,ATHUMAN,KILINDU,IDENT
20161005074321,SA2,900978,ELIZABETH,ZAE,IDENT
20161005074326,SA5,901327,EMERY,MSUNGU,IDENT
20161005074337,SA1,900709,MRISHO,ATHUMANI,IDENT
20161005074345,SA1,101118,MANENO,RAMADHANI,IDENT
20161005074352,SA1,101128,ISSA,RAMADHANI,IDENT
20161005074355,SA5,901333,NEEMA,KILUZIA,IDENT
20161005074401,SA1,200053,MIKIDADI,NGODU,IDENT
20161005074415,SA6,900407,CHRISTIAN ,NGONYANI,IDENT
20161005074418,SA1,101115,ATHUUMANI,HEMEDI,IDENT
20161005074431,SA2,901060,MARTHA,GABRIEL,IDENT
20161005074433,SA6,900004,AGATHA,KAYOMBO,IDENT
20161005074504,SA2,901154,SALAMA,ALLY,IDENT
20161005074523,SA2,100597,NOVATI,TARIMO,IDENT
20161005074533,SA1,900098,TATU,MTUPA,IDENT
20161005074534,SA2,900990,JANE,MHONGOLE,IDENT
20161005074536,SA5,901332,NASRA,MSANYA,IDENT
20161005074541,SA6,900464,MARTHA,MWIKOLA,IDENT
20161005074542,SA2,200351,MICHAEL,MICHAEL,IDENT
20161005074548,SA2,200312,BARAKA,KATEGILE,IDENT
20161005074554,SA2,100603,EDWIN,OWINO,IDENT
20161005074600,SA2,200349,FRANK,MOSHI,IDENT
20161005074615,SA1,101141,FRANK,RAPAHAEL,IDENT
20161005074619,SA6,900682,BENEDICT,ELIAS,IDENT
20161005074619,SA3,900859,MASANGULA,MASANGURA,IDENT
20161005074636,SA6,900432,HAMZA,ABDALLAH,IDENT
20161005074639,SA6,900416,ERICK,DAUD,IDENT
20161005074649,SA4,900962,JOSEPH,ELISAFI,IDENT
20161005074651,SA6,900446,JOSEPH,KIBASA,IDENT
20161005074717,SA1,900706,MECKLEEN,NANGEDA,IDENT
20161005074723,SA1,101589,AMIRI,YAHAYA,IDENT
20161005074733,SA2,901087,REHEMA,CHETE,IDENT
20161005074745,SA2,101513,HADIJA,MPAMBA,IDENT
20161005074835,SA3,901068,CATHERINE,MATENGO,IDENT
20161005074838,SA2,200316,DENIS,JOHNSON,IDENT
20161005074846,SA2,200309,RAMADHANI,KIHILE,IDENT
20161005074916,SA1,900715,ELIASI,KIZITO,IDENT
20161005075001,SA1,900513,SALEHE,BAKARI,IDENT
20161005075013,SA1,900500,HEMEDI,KANIKI,IDENT
20161005075023,SA1,900499,HASSAN,HAULE,IDENT
20161005075045,SA1,900502,IMAM,AJABU,IDENT
20161005075048,SA1,900710,NICHOLAS,KAPANDE,IDENT
20161005075052,SA1,900843,KHALFANI,SHABAN,IDENT
20161005075057,SA1,900712,JUMA,JUMBE,IDENT
20161005075105,SA1,900707,ATHUMANI,SALEHE,IDENT
20161005075110,SA1,901700,JOSEPH,KUANDIKA,IDENT
20161005075137,SA1,101124,KHALIDI,KASSIMU,IDENT
20161005075144,SA1,101140,FAUSTINI,MGIMBA,IDENT
20161005075158,SA1,901575,LINDA,MLAY,IDENT
20161005075206,SA1,900030,JUMANNE,LUMBU,IDENT
20161005075213,SA1,900547,COLMAN,KIWALE,IDENT
20161005075215,SA1,900547,COLMAN,KIWALE,IDENT
20161005074747,SA5,901359,VILET,MHELUKA,IDENT
20161005074810,SA6,900143,JACKLINE,MAIGA,IDENT
20161005074826,SA6,900468,MICHAEL,IBRAHIM,IDENT
20161005074840,SA6,900257,ENGLIBERTH,DAUDI,IDENT
20161005074846,SA6,101880,RICHARD,MAKASI,IDENT
20161005074916,SA4,900944,FROLA,KAMARA,IDENT
20161005074921,SA6,900439,IDDI,MOHAMED,IDENT
20161005074926,SA6,900568,GODWIN,KIRIA,IDENT
20161005074953,SA6,900262,FRIDA, MWAMBEGELE,IDENT
20161005074958,SA6,900165,RAMADHANI,NYENJE,IDENT
20161005075001,SA6,900111,SALUM,SAIDI,IDENT
20161005075002,SA4,900844,AISHA,MSOMI,IDENT
20161005075006,SA6,900126,DORIKA,MALYANGO,IDENT
20161005075021,SA2,900940,JUMANNE,ZONGO,IDENT
20161005075036,SA5,901326,ALLY,MBONDE,IDENT
20161005075036,SA2,200311,DAVID,BWILE,IDENT
20161005075043,SA2,901447,MASHAKA,MATEKELE,IDENT
20161005075046,SA4,900910,ZAINABU,SADALLAH,IDENT
20161005075128,SA6,900431,HAMADI,ZUBERI,IDENT
20161005075138,SA6,900008,ANNE,MCHUMA,IDENT
20161005075143,SA6,900413,ELIBAHATI,JOSEPH,IDENT
20161005075147,SA6,900402,BARAKA,MVUNGI,IDENT
20161005075153,SA5,901334,SHAIBU,KASANGA,IDENT
20161005075155,SA6,900481,RICHARD,KWEYAMBA,IDENT
20161005075158,SA5,901335,YONA,MAPELELE,IDENT
20161005075200,SA6,900472,MWALIMU,SELEMANI,IDENT
20161005075203,SA6,900114,ABEID,MOHAMED,IDENT
20161005075208,SA6,900122,CATHERINE,KUMBATA,IDENT
20161005075213,SA6,900398,ARSEN, RWEBANGILA	,IDENT
20161005075214,SA2,901450,FARIDA,JUMA,IDENT
20161005075218,SA6,900418			,FELIX,WAUSA,IDENT
20161005075223,SA2,200318,JOSHUA , PAULO,IDENT
20161005075231,SA2,900987,PILLY,MWAWILA,IDENT
20161005075249,SA6,900107,MSELEM,MSELEM,IDENT
20161005075251,SA1,900687,PROTUS,RUWANDA,IDENT
20161005075253,SA6,900155,MWANAFATIMA,MATIPA,IDENT
20161005075257,SA6,900385,ABDALLAH,MOHAMED,IDENT
20161005075302,SA6,900174,SOSTHENES,MUKAMA,IDENT
20161005075306,SA6,900390,ALBERT,KANENDA,IDENT
20161005075311,SA6,900583,REGINALD,MICHAEL,IDENT
20161005075315,SA6,901438,MARY,JOSEPH,IDENT
20161005075317,SA6,900435,HASSAN,NKHAMBI,IDENT
20161005075339,SA6,900389,AHMAD,KINDUMA,IDENT
20161005075340,SA1,900515,SHOMARI,KIMBWEMBWE,IDENT
20161005075344,SA2,901442,JARINA,SHEKOLA,IDENT
20161005075358,SA6,900108,NORAH,CLEMENCE,IDENT
20161005075359,SA2,901075,AGATHA,JAMALI,IDENT
20161005075408,SA2,900930,TABIA,DOGOLI,IDENT
20161005075409,SA6,901569,FREDRICK,MUSHI,IDENT
20161005075415,SA6,901432,AMINA,SOGOI,IDENT
20161005075418,SA2,901055,FATUMA,MUHANDO,IDENT
20161005075421,SA6,900448,JOSEPH,MKELEBE,IDENT
20161005075427,SA1,900711,ATHUMAN,IDDI,IDENT
20161005075428,SA2,901079,AGNESS,HAJI,IDENT
20161005075429,SA6,900387,ADAM,KINGU,IDENT
20161005075438,SA2,901011,JANE,SIMON,IDENT
20161005075442,SA3,900938,ISMAIL,THOMAS,IDENT
20161005075447,SA2,200314,DEO,SAKAYA,IDENT
20161005075452,SA6,900009,ASHA,HAMISI,IDENT
20161005075504,SA4,901180,FURAHA,TEMBA,IDENT
20161005075512,SA6,900470,MODEST,NJAU,IDENT
20161005075527,SA2,901453,JOHNSON,MUNISI,IDENT
20161005075529,SA5,901422,EMMANUEL,KHALIDI,IDENT
20161005075532,SA1,101529,SELEMAN,RAMADHANI,IDENT
20161005075536,SA2,901449,BONIFAS,ANGANILE,IDENT
20161005075552,SA6,E037,SRINIVAS,DANTU,IDENT
20161005075603,SA6,E069,SHANTANU,KULKARNI,IDENT
20161005075610,SA6,E084,NAVNEET, SINGH,IDENT
20161005075610,SA2,901044,SUZANA,KIMARO,IDENT
20161005075634,SA2,901451,JUSTINE,MKUDE,IDENT
20161005075646,SA6,900488,THOBIAS,KIWELU,IDENT
20161005075653,SA2,901024,ASIA,KARATA,IDENT
20161005075654,SA6,900414,EMMANUEL ,SERAPHINE,IDENT
20161005075657,SA2,901024,ASIA,KARATA,IDENT
20161005075701,SA5,901325,JOSEPH,KAVISHE,IDENT
20161005075704,SA4,900871,MWANAHAMISI,NDOLWA,IDENT
20161005075709,SA6,900591,RASHID ,MUNKENDA,IDENT
20161005075716,SA6,900458,KIBWANA,SAIDI,IDENT
20161005075721,SA2,901273,HELLEN,KIZWALO,IDENT
20161005075725,SA1,900503,JANE,RWEHUMBIZA,IDENT
20161005075732,SA2,900934,MWAJABU,MARIDADI,IDENT
20161005075737,SA1,101114,ABUBAKARI,KHALIDI,IDENT
20161005075852,SA1,101531,RASHIDI,BAKARI,IDENT
20161005075856,SA2,901443,MWAJUMA,SHEMBWANA,IDENT
20161005075858,SA1,101530,SIMON,YOHANA,IDENT
20161005075904,SA1,900517,THERESIA,NJAU,IDENT
20161005075905,SA2,901448,PAULINA,DAVID,IDENT
20161005075921,SA1,101123,KHAMISI ,PEMBE,IDENT
20161005075931,SA1,101134,HASSAN,KAPANYA,IDENT
20161005080011,SA1,900239,SOPHIA,MUSHI,IDENT
20161005080222,SA1,900507,KANTI,KADIRI,IDENT
20161005075800,SA6,900400,BAHATI,LUBUVA,IDENT
20161005075804,SA6,900436,HONEST,MATEMU,IDENT
20161005075805,SA5,901278,HENRY ,CHELULA,IDENT
20161005075810,SA6,900247,ALLY,SELEMANI,IDENT
20161005075833,SA6,900465,MARTIN,KIDUNGU,IDENT
20161005075905,SA6,900027,JUMA,NAHAL,IDENT
20161005075927,SA6,E083,GURURAJ,SHENVI,IDENT
20161005075945,SA5,901382,KONDO,MOHAMED,IDENT
20161005080018,SA2,901445,KARIM,MJAKA,IDENT
20161005080041,SA6,900137,HERIETH,MWELI,IDENT
20161005080057,SA6,E013,GIRIRAJ,SHARMA,IDENT
20161005080130,SA6,E079,BALASUBRAMANIAM,M,IDENT
20161005080136,SA6,900103,FREDNAND,JACKSON,IDENT
20161005080136,SA5,901365,JOYCE,SWILLAH,IDENT
20161005080138,SA6,900156,MWANAISHA,UWESU,IDENT
20161005080142,SA6,E021,RAJA,SWAMINATHAN,IDENT
20161005080158,SA6,900484,SHANI,MOHAMED,IDENT
20161005080236,SA6,900151,LISSY,KIGONJOLA,IDENT
20161005080310,SA6,900660,IDDI,ALLY,IDENT
20161005080337,SA1,900457,KHAMISI,MASUMBUKO,IDENT
20161005080347,SA1,900780,THEO,MAPUNDA,IDENT
20161005080415,SA6,900388,AGNES,SHAYO,IDENT
20161005080428,SA6,900454,KHALFAN,AMOUR,IDENT
20161005080435,SA6,900011,BLANTINA,MLOWE,IDENT
20161005080444,SA6,900393,ALLY,MTWALE,IDENT
20161005080447,SA1,900157,MZEE,KONDOWE,IDENT
20161005080452,SA1,900425,GEORGE,JOSEPH,IDENT
20161005080458,SA1,900224,JABIRI,AMANZI,IDENT
20161005080524,SA1,900506,JOE ,MATANDU,IDENT
20161005080836,SA1,900219,GEORGE,SAMATA,IDENT
20161005080843,SA1,900241,STANLEY,KASIAN,IDENT
20161005080850,SA1,900237,SHOMARI,SELEMANI,IDENT
20161005080939,SA1,900236,PENDO,MAGIGE,IDENT
20161005081000,SA1,900504,JEREMIA,TONNO,IDENT
20161005081114,SA1,900713,ANICET,ABEL,IDENT
20161005081117,SA1,900235,PAULO,MGEMA,IDENT
20161005081153,SA1,900497,EMANUEL,NGIMBUZI,IDENT
20161005081158,SA1,900708,OMARY,ABDALLAH,IDENT
20161005080812,SA6,900055,VERONICA,MBAZIGWA,IDENT
20161005080830,SA6,900110,RASHID,ISSA,IDENT
20161005080914,SA6,900452,KENNEDY,KIMARO,IDENT
20161005080954,SA6,E041,JAGAN MOHAN,YERUVA,IDENT
20161005081009,SA6,900109,AMANI,NYAKARASHI,IDENT
20161005081216,SA6,900408,COLLMAN,KISISA,IDENT
20161005081437,SA6,900043,RANI,MOHAR,IDENT
20161005082030,SA6,E068,RANJEET SINGH,SAINI,IDENT
20161005082034,SA6,E060,ANOOP,TIWARI,IDENT
20161005082038,SA1,900655,ZAINAB,JERECKO,IDENT
20161005082504,SA6,E078,SANJAY,GOYAL,IDENT
20161005082513,SA6,E045,SURESH,PS,IDENT
20161005082550,SA2,901441,CHRISTOPHER ,MUSHI,IDENT
20161005082552,SA6,900246,ABDULKARIM,ALI,IDENT
20161005082829,SA6,E077,SUMIT,BHATNAGAR,IDENT
20161005082924,SA6,901436,HAMISI,KAVINGA,IDENT
20161005083018,SA6,E033,SATISH,KRISHNASWAMY,IDENT
20161005083024,SA6,900292,ROSE,CHIKAWE,IDENT
20161005083045,SA6,900405,CHARLES,WILLIAM,IDENT
20161005083201,SA6,E073,DEVANSHU,SETH,IDENT
20161005083409,SA6,900620,AYOUB,MTAFUNGWA,IDENT
20161005083911,SA6,900044,REGINARD,MSHANGA,IDENT
20161005084658,SA6,900270,HASSAN,KIGWIO,IDENT
20161005090749,SA6,900017,FIKA,JOMSON,IDENT
