20161204092741,SA3,901452,STEVEN,CHUWA,IDENT
20161204093302,SA6,901432,AMINA,SOGOI,IDENT
20161204093646,SA1,900429,GOODLUCK,LYAHONA,IDENT
20161204100621,SA6,900044,REGINARD,MSHANGA,IDENT
20161204110018,SA6,E079,BALASUBRAMANIAM,M,IDENT
20161204110025,SA6,900044,REGINARD,MSHANGA,IDENT
20161204120251,SA6,E069,SHANTANU,KULKARNI,IDENT
20161204122921,SA1,900542,POUL,KIBELA,IDENT
20161204123201,SA6,900416,ERICK,DAUD,IDENT
20161204123423,SA6,900474,PHILBERT,MATOGO,IDENT
20161204123646,SA1,900218,GEDDY,SONENGA,IDENT
20161204123846,SA1,900798,ATHUMAN,SEIF,IDENT
20161204124241,SA6,900470,MODEST,NJAU,IDENT
20161204125003,SA1,900810,JOSEPH,JULIUS,IDENT
20161204124743,SA6,900144,JANE,MWAKABULUFU,IDENT
20161204125018,SA6,900151,LISSY,KIGONJOLA,IDENT
20161204125141,SA6,E032,SANKARAN,JAYARAM,IDENT
20161204125740,SA1,900684,ABDUL,IMAMU,IDENT
20161204131237,SA1,900411,DEO,JULIUS,IDENT
20161204131720,SA1,900744,SILVESTER,KAHINDI,IDENT
20161204131725,SA1,900764,OMBENI,MICHAEL,IDENT
20161204131730,SA1,900758,MOHAMEDY,ATHUMANI,IDENT
20161204131733,SA1,900761,CHRISTOPHER,MFUNGO,IDENT
20161204131737,SA1,900743,JUMA,ISEMA,IDENT
20161204131742,SA1,900755,NICHALAUS,AUGUSTINO,IDENT
20161204132057,SA3,901444,BAKARI,KITILA,IDENT
20161204132049,SA6,900444,JOHN,MEDA,IDENT
20161204132054,SA1,900725,SAMSONI,KINGU,IDENT
20161204132154,SA6,900261,FRANCIS,MAKOTI,IDENT
20161204132357,SA1,900763,SALEHE,NJAGE,IDENT
20161204132529,SA5,901405,ABDANI,SHILLA,IDENT
20161204132731,SA6,900048,SHELLA,MFAUME,IDENT
20161204132813,SA3,901446,DANIEL,MBARUKA,IDENT
20161204132923,SA1,900827,YASIN,MUSSA,IDENT
20161204132947,SA1,900819,PATRICK,MTONDOLA,IDENT
20161204132951,SA1,900808,HEONANI,BAJANA,IDENT
20161204132956,SA1,900466,MATHEW,PHILIP,IDENT
20161204133032,SA1,900824,TITO,MGOVANO,IDENT
20161204133038,SA1,900209,ANGELA,MBESIGWE,IDENT
20161204133111,SA1,900799,RAJABU,RUBASHA,IDENT
20161204133116,SA1,900730,UHURU,MARWA,IDENT
20161204133124,SA1,900217,FRED,JAMES,IDENT
20161204133206,SA1,900249,AMIRI,MZEE,IDENT
20161204133220,SA6,900048,SHELLA,MFAUME,IDENT
20161204133222,SA6,900048,SHELLA,MFAUME,IDENT
20161204133249,SA6,E069,SHANTANU,KULKARNI,IDENT
20161204133410,SA6,900142,IRENE,MREMA,IDENT
20161204133412,SA3,901453,JOHNSON,MUNISI,IDENT
20161204133415,SA3,200349,FRANK,MOSHI,IDENT
20161204133421,SA3,200351,MICHAEL,MICHAEL,IDENT
20161204133425,SA3,200312,BARAKA,KATEGILE,IDENT
20161204133501,SA3,901447,MASHAKA,MATEKELE,IDENT
20161204133505,SA3,200311,DAVID,BWILE,IDENT
20161204133527,SA1,900777,MNADI,MRAJAA,IDENT
20161204133602,SA6,900173,SHARIFA,MRISHO,IDENT
20161204133833,SA3,901441,CHRISTOPHER ,MUSHI,IDENT
20161204133922,SA1,900477,RAMADHANI,LUBASHA,IDENT
20161204133928,SA1,900812,LEONARD,NYANGO,IDENT
20161204133959,SA3,200314,DEO,SAKAYA,IDENT
20161204134158,SA6,900156,MWANAISHA,UWESU,IDENT
20161204134205,SA6,900122,CATHERINE,KUMBATA,IDENT
20161204134219,SA1,900463,MARTENUS,MAPESA,IDENT
20161204134401,SA6,900130,FATUMA,CHOMBO,IDENT
20161204134550,SA5,901333,NEEMA,KILUZIA,IDENT
20161204134639,SA6,900015,EMMANUEL ,CLEMENT,IDENT
20161204134948,SA1,900825,TITO,MWAMBE,IDENT
20161204134810,SA6,900627,BAHATI,KAPIGA,IDENT
20161204134924,SA6,900268,GWANTWA,MWASYEBULE,IDENT
20161204135146,SA1,900384,ABDALLA,SAIDI,IDENT
20161204135155,SA1,900386,ABDALLAH ,RAMADHANI,IDENT
20161204135408,SA6,900050,STANLEY,JEREMIAH,IDENT
20161204135520,SA6,900051,SUDI,KHALFANI,IDENT
20161204135736,SA1,900826,VITALIS,HOTTI,IDENT
20161204135939,SA1,900421,FRANK ,MUSHI,IDENT
20161204135955,SA6,900409,DANIEL,MROPE,IDENT
20161204140110,SA6,900143,JACKLINE,MAIGA,IDENT
20161204140135,SA1,900216,ELLY,MKONGWE,IDENT
20161204140159,SA1,900795,ALLY,LIKIWA,IDENT
20161204140320,SA5,200309,RAMADHANI,KIHILE,IDENT
20161204140331,SA5,200316,DENIS,JOHNSON,IDENT
20161204140336,SA5,200318,JOSHUA , PAULO,IDENT
20161204140602,SA1,900800,NAPEGWA,JACOB,IDENT
20161204140622,SA6,900481,RICHARD,KWEYAMBA,IDENT
20161204140645,SA5,901278,HENRY ,CHELULA,IDENT
20161204140850,SA6,900405,CHARLES,WILLIAM,IDENT
20161204141107,SA6,E084,NAVNEET, SINGH,IDENT
20161204141205,SA6,900472,MWALIMU,SELEMANI,IDENT
20161204141319,SA6,900436,HONEST,MATEMU,IDENT
20161204141444,SA6,900464,MARTHA,MWIKOLA,IDENT
20161204141546,SA6,900017,FIKA,JOMSON,IDENT
20161204141552,SA6,901435,FILES,MBANDO,IDENT
20161204141637,SA1,900426,GESAGA,RAMADHANI,IDENT
20161204141648,SA1,900441,ISSA,KAISI,IDENT
20161204141713,SA1,900231,MARKO,SHIMIZI,IDENT
20161204141937,SA1,900429,GOODLUCK,LYAHONA,IDENT
20161204141856,SA6,900611,EVARIST,MPINGAURUGU,IDENT
20161204141905,SA6,900165,RAMADHANI,NYENJE,IDENT
20161204141909,SA6,900393,ALLY,MTWALE,IDENT
20161204143236,SA6,900023,JINGSON,SAIMON,IDENT
20161204144735,SA6,900023,JINGSON,SAIMON,IDENT
20161204145905,SA6,900004,AGATHA,KAYOMBO,IDENT
20161204145927,SA6,901432,AMINA,SOGOI,IDENT
20161204171938,SA6,900388,AGNES,SHAYO,IDENT
20161204173539,SA6,900174,SOSTHENES,MUKAMA,IDENT
20161204181235,SA5,901452,STEVEN,CHUWA,IDENT
20161204181515,SA5,901449,BONIFAS,ANGANILE,IDENT
20161204182238,SA6,900385,ABDALLAH,MOHAMED,IDENT
20161204183541,SA6,900413,ELIBAHATI,JOSEPH,IDENT
20161204191533,SA6,900448,JOSEPH,MKELEBE,IDENT
20161204191537,SA6,900398,ARSEN, RWEBANGILA	,IDENT
20161204191642,SA6,900025,JOYCE,MAGANGA,IDENT
20161204191647,SA6,900025,JOYCE,MAGANGA,IDENT
20161204193638,SA6,900661,ADILILA,KONGA,IDENT
20161204193648,SA6,900056,YESAYA,NTUNDUU,IDENT
20161204193700,SA6,900047,SAMSON,SHILA,IDENT
20161204193706,SA6,900047,SAMSON,SHILA,IDENT
20161204195927,SA6,900019,HAMISI,MADODO,IDENT
20161204200719,SA1,900045,SAIDI,MNDOLWA,IDENT
20161204202315,SA6,900543,JOHN,MAGANYA,IDENT
20161204202935,SA6,900037,MOHAMED,MKALA,IDENT
20161204203900,SA1,900272,ISRAEL,GYUNA,IDENT
20161204203909,SA1,900290,RASHIDI,GEUZA,IDENT
20161204204639,SA1,900249,AMIRI,MZEE,IDENT
20161204204938,SA6,900261,FRANCIS,MAKOTI,IDENT
20161204204946,SA6,900245,ABDALLAH,KIMULIMULI,IDENT
20161204205655,SA6,900050,STANLEY,JEREMIAH,IDENT
20161205044904,SA6,900543,JOHN,MAGANYA,IDENT
20161205044931,SA1,900281,NAYOPA,MTENDECHI,IDENT
20161205045042,SA6,900245,ABDALLAH,KIMULIMULI,IDENT
20161205045250,SA6,900261,FRANCIS,MAKOTI,IDENT
20161205052003,SA6,900019,HAMISI,MADODO,IDENT
20161205052026,SA6,900169,REHEMA,YUSUFU,IDENT
20161205052642,SA5,900983,RUKIA,KONDO,IDENT
20161205052800,SA5,901021,NEEMA ,MWANGO,IDENT
20161205053048,SA1,900542,POUL,KIBELA,IDENT
20161205053128,SA5,900902,SAKINA,MAWEMBA,IDENT
20161205053205,SA5,901133,HUSNA,SENGAMBA,IDENT
20161205053211,SA5,901231,ASHA,DUTCH,IDENT
20161205053219,SA5,901186,FROLA,KILIMA,IDENT
20161205053225,SA5,901181,ASNA,SPRIAN,IDENT
20161205053237,SA5,901013,YASINTA,SHELUBANZI,IDENT
20161205053243,SA5,901004,ZAHARA,YANGE,IDENT
20161205053252,SA5,901238,MARIAM,SELEMANI,IDENT
20161205053301,SA5,901104,MWANAHAWA,HASSAN,IDENT
20161205053305,SA5,901124,TABIA,OMARY,IDENT
20161205053315,SA5,900883,EDINA,ABED,IDENT
20161205053321,SA5,900894,NURU,MAKANDE,IDENT
20161205053440,SA6,900568,GODWIN,KIRIA,IDENT
20161205053448,SA3,901198,MANEO,ATHUMANI,IDENT
20161205053457,SA4,901245,EVERINA,MKETO,IDENT
20161205053512,SA4,901175,SALMA,RAMADHAN,IDENT
20161205053529,SA4,900915,DOROTHEA,KILO,IDENT
20161205053619,SA4,901132,HEAVENLIGHT,NKYA,IDENT
20161205053625,SA4,900891,HINESS,KAAYA,IDENT
20161205053632,SA4,901035,AGNES,NKONJELWA,IDENT
20161205053637,SA4,900878,AISHA,KIZINGA,IDENT
20161205053642,SA4,900947,ANNA,GODISON,IDENT
20161205053648,SA4,901155,GRACE,MUHONO,IDENT
20161205053659,SA5,901056,ANGELA,MWAKAPALILA,IDENT
20161205053704,SA4,900993,MARIAM,MSUMALI,IDENT
20161205053727,SA4,901105,MTUMWA,ALLY,IDENT
20161205053732,SA4,900906,MARYSTELA,MCHOME,IDENT
20161205053739,SA4,900905,AMINA,MUHIDINI,IDENT
20161205053745,SA4,900921,MWAJUMA,IDDI,IDENT
20161205053754,SA4,901190,NEEMA,MNYALAPE,IDENT
20161205053759,SA4,901070,FLORA,MSAMLA,IDENT
20161205053817,SA4,901229,ANNA,NGAPONDA,IDENT
20161205053824,SA4,900908,SALMA,RWAMBANO,IDENT
20161205053830,SA4,900976,LUCY,STANLEY,IDENT
20161205053836,SA4,900913,ASHURA,NGUMBE,IDENT
20161205053843,SA4,901230,KUDRA,BAKARI,IDENT
20161205053848,SA4,900945,ELIZABETH,MREMA,IDENT
20161205053857,SA4,901009,MOSHI,SAIDI,IDENT
20161205053907,SA4,900996,LILIAN,RASHIDI,IDENT
20161205053913,SA4,901219,MARIAM,MUSSA,IDENT
20161205053918,SA4,901247,KULUTHUM,CHILEMILE,IDENT
20161205053925,SA4,901256,AVERINA,AMANDUS,IDENT
20161205053933,SA4,901246,VERONICA,MTENGWA,IDENT
20161205053933,SA5,901369,RECHO,MSHUMBUSI,IDENT
20161205053938,SA5,901362,JULIETH,GODFREY,IDENT
20161205053938,SA4,901089,HARUNA,ATHUMANI,IDENT
20161205053946,SA5,901091,FARIDA,LYIMO,IDENT
20161205053953,SA4,900927,SAADA,SALUM,IDENT
20161205054004,SA4,901111,ASIA,MSHAMU,IDENT
20161205054015,SA4,901092,ASIA,JUMA,IDENT
20161205054035,SA4,901007,MODESTA,JOGOO,IDENT
20161205054041,SA4,901113,ELIZABETH,SHIRIMA,IDENT
20161205054055,SA4,901026,FATUMA,KONYO,IDENT
20161205054101,SA4,901164,SWAUMU,KAYANDA,IDENT
20161205054106,SA4,901152,STELLA,MWAKATOBE,IDENT
20161205054113,SA5,901380,BISURA,MCHELEO,IDENT
20161205054122,SA4,901023,AMINA,CHAKWE,IDENT
20161205054127,SA4,901189,KURUTHUM,KHAMISI,IDENT
20161205054134,SA4,901143,LINES,PILLI,IDENT
20161205054143,SA4,901218,JANE,RYOBA,IDENT
20161205054149,SA4,901253,JOYCE,KESI,IDENT
20161205053846,SA6,900049,SIHABA,NAKIPENGELE,IDENT
20161205054022,SA6,900480,RASHID,MOHAMED,IDENT
20161205054108,SA1,900755,NICHALAUS,AUGUSTINO,IDENT
20161205054121,SA6,900582,ZABRON,TOSSI,IDENT
20161205054144,SA5,901402,ALLY,SELEMAN,IDENT
20161205054159,SA4,901170,BAHATI,SHABANI,IDENT
20161205054204,SA4,901193,VICTORIA,MWAMPEGETE,IDENT
20161205054213,SA4,901215,MWANAIDI,KOLOKO,IDENT
20161205054218,SA4,900904,ANNA,MAGEMBE,IDENT
20161205054237,SA4,901047,MWAJUMA,HAMIS,IDENT
20161205054247,SA4,901150,CHRISTINA,MBODE,IDENT
20161205054252,SA4,901252,JENIPHA,CHIZA,IDENT
20161205054255,SA5,901281,JOSEPH,MUSUGULI,IDENT
20161205054257,SA4,901115,FROLA,SIKWEMBE,IDENT
20161205054301,SA5,900846,SARA,CHIDUNI,IDENT
20161205054305,SA4,900997,MARY,ONDURU,IDENT
20161205054307,SA5,901353,DOREEN,MDOE,IDENT
20161205054311,SA4,901180,FURAHA,TEMBA,IDENT
20161205054314,SA5,901129,FELISTA,NYAHENGE,IDENT
20161205054316,SA4,901185,JOYCE,SAMWEL,IDENT
20161205054320,SA5,901076,AGNESS,NGAPONDA,IDENT
20161205054322,SA4,900972,SAFINA,ABEID,IDENT
20161205054324,SA5,901030,VERONICA,WANGWE,IDENT
20161205054327,SA4,900994,MWAISHA,MWAMOTO,IDENT
20161205054335,SA4,901241,FATUMA,JUMA,IDENT
20161205054340,SA4,900856,MWAJAMBU,HAMAD,IDENT
20161205054348,SA4,901085,ELIZABETH,NYAMBO,IDENT
20161205054351,SA4,901043,ANNA,JOHN,IDENT
20161205054356,SA4,901065,ZAINABU,KARUMUNA,IDENT
20161205054422,SA4,901032,MARISELINA,NGULI,IDENT
20161205054425,SA4,900974,ZAWADI,SADIKI,IDENT
20161205054427,SA6,900140,IGNATUS,MLANGWA,IDENT
20161205054445,SA4,901136,HONORATA,SHAYO,IDENT
20161205054450,SA4,901027,EDDA,MWAKIBINGWA,IDENT
20161205054456,SA6,900575,CHRISTINA ,SENYANGWA,IDENT
20161205054501,SA6,900037,MOHAMED,MKALA,IDENT
20161205054502,SA4,901194,ELINA,ABEL,IDENT
20161205054524,SA4,900910,ZAINABU,SADALLAH,IDENT
20161205054530,SA4,901117,HIDAYA,MASOUD,IDENT
20161205054535,SA4,901140,ASHURA,MGENI,IDENT
20161205054539,SA4,901108,AISHA,WILLIUM,IDENT
20161205054545,SA4,901237,ZUBEDA,KIMARO,IDENT
20161205054552,SA4,900899,MAGDALENA,SIMAO,IDENT
20161205054602,SA5,901285,THABIT,ALLY,IDENT
20161205054607,SA5,901307,MATRIDA,CHUVAKA,IDENT
20161205054611,SA4,901127,ZAHARA,MBELWA,IDENT
20161205054612,SA5,901296,STELLA,LUGOME,IDENT
20161205054616,SA4,900881,ZAINABU,SAIDI,IDENT
20161205054616,SA5,901311,LOYCE,MASKINI,IDENT
20161205054622,SA4,901135,REHEMA,OMARY,IDENT
20161205054622,SA5,900914,HAWA,MWIMBE,IDENT
20161205054627,SA5,901012,FATUMA,KABUMA,IDENT
20161205054628,SA4,900963,MWAZANI,SAIDI,IDENT
20161205054632,SA5,901255,ASHA,BILALI,IDENT
20161205054639,SA5,901176,FATUMA,MASOUD,IDENT
20161205054644,SA4,901042,FARIDA,NDAUKE,IDENT
20161205054646,SA5,901291,AISHA,ISSA,IDENT
20161205054649,SA4,901184,GRACE,NGALABA,IDENT
20161205054656,SA4,901052,SUZANA,NAPANGA,IDENT
20161205054701,SA4,901130,NURU,DAUDI,IDENT
20161205054709,SA4,901168,REHEMA ,MWASOMOLA,IDENT
20161205054713,SA4,900985,BAHATI,SARAPIONI,IDENT
20161205054718,SA4,901182,RENIFRIDA,NGUMBU,IDENT
20161205054723,SA4,901235,TUMAIN,MUNGURE,IDENT
20161205054727,SA5,901386,SHAMSI,MUHITI,IDENT
20161205054729,SA4,900961,ELIZABETH,FRANCISCO,IDENT
20161205054729,SA6,900420,FRANCIS,TESHA,IDENT
20161205054733,SA4,900916,SABINA,KINGIMALI,IDENT
20161205054739,SA4,900868,MAIMUNA,JARUFU,IDENT
20161205054744,SA4,900865,CHRISTINA,MAGOWELA,IDENT
20161205054749,SA4,901212,JASMINI,MOHAMED,IDENT
20161205054754,SA4,901123,REBECA,KALOFU,IDENT
20161205054800,SA4,900943,MWAMINI,MPANGULE,IDENT
20161205054806,SA4,901134,NURU,MULONGANILE,IDENT
20161205054808,SA5,900990,JANE,MHONGOLE,IDENT
20161205054812,SA4,901017,CATHERINE,NYEMA,IDENT
20161205054818,SA1,900821,SAWA,SWAHA,IDENT
20161205054818,SA4,900925,REGINA,THOMAS,IDENT
20161205054825,SA4,901059,JAZIRA,RAMADHANI,IDENT
20161205054831,SA4,900939,STELLA,MAGOGWA,IDENT
20161205054835,SA4,901029,MARIAM,MWETEMBO,IDENT
20161205054840,SA4,900988,UPENDO,PETER,IDENT
20161205054900,SA4,901261,ZAINA,KILWANDA,IDENT
20161205054903,SA3,901041,JACKLINI,MBOYA,IDENT
20161205054924,SA4,901060,MARTHA,GABRIEL,IDENT
20161205054929,SA5,901290,AGNES,SALAWA,IDENT
20161205054929,SA4,901049,REDEMTA,DANIEL,IDENT
20161205054937,SA5,901373,ADELA,MSAGA,IDENT
20161205054948,SA4,901112,BUSHRA,SALUM,IDENT
20161205054954,SA4,901243,PLAKSEDA,AKIZAMUNGU,IDENT
20161205054959,SA4,901114,FARIDA,AMBLOS,IDENT
20161205055007,SA3,901098,GERALD,MBAUKA,IDENT
20161205055011,SA4,900967,FATUMA,MTAMBUA,IDENT
20161205055024,SA4,900860,AGNESS,LUHUNGO,IDENT
20161205055029,SA4,900978,ELIZABETH,ZAE,IDENT
20161205055052,SA4,901019,ASHA,NGAMBA,IDENT
20161205055059,SA4,900968,TAUSI,SIMBA,IDENT
20161205055104,SA5,901320,REHEMA,ALLY,IDENT
20161205055104,SA4,901046,GRADIS,MAGANA,IDENT
20161205055108,SA5,901297,STELLA,MAKUNDI,IDENT
20161205055109,SA3,901258,ATHUMAN,KILINDU,IDENT
20161205055110,SA5,901342,ANDREW,KILUGWA,IDENT
20161205055117,SA4,901038,AMINA,MDOE,IDENT
20161205055122,SA4,901067,HELENA,SAMWELI,IDENT
20161205055135,SA4,901011,JANE,SIMON,IDENT
20161205055143,SA4,901107,MUHIDINI,HASSAN,IDENT
20161205055148,SA4,901051,HABIBA,PAZZI,IDENT
20161205054844,SA1,901557,WALTER,MAYA,IDENT
20161205054852,SA1,900384,ABDALLA,SAIDI,IDENT
20161205054855,SA1,900442,ITIKA,DICKSON,IDENT
20161205054903,SA6,900474,PHILBERT,MATOGO,IDENT
20161205055017,SA6,900449,JUMA,SANGAYA,IDENT
20161205055149,SA6,900661,ADILILA,KONGA,IDENT
20161205055157,SA5,901430,JOYCE,SEMWENDA,IDENT
20161205055159,SA4,901022,SILIVIA,SHAYO,IDENT
20161205055202,SA1,900732,ELIA,FRANCIS,IDENT
20161205055202,SA5,901346,FRANK,MANDI,IDENT
20161205055204,SA4,900970,MARIA,ELIESEL,IDENT
20161205055213,SA4,900919,ANNA,MPUGE,IDENT
20161205055214,SA5,900959,REHEMA,LYOWA,IDENT
20161205055218,SA5,901280,WHITNESS,MSAGATI,IDENT
20161205055218,SA4,901034,STAMILI,MUSSA,IDENT
20161205055223,SA4,901271,RACHEL,MCHOVU,IDENT
20161205055229,SA4,900890,OLIVER,UDOBA,IDENT
20161205055231,SA6,900050,STANLEY,JEREMIAH,IDENT
20161205055237,SA4,901154,SALAMA,ALLY,IDENT
20161205055239,SA5,901071,YUNIS,NDAIGA,IDENT
20161205055254,SA4,901122,NEEMA,FANUEL,IDENT
20161205055300,SA5,901367,BEATHA,MLOSO,IDENT
20161205055303,SA3,901202,VITALIS,KESSI,IDENT
20161205055306,SA5,901358,MWANAHAMIS ,MSUYA,IDENT
20161205055309,SA3,901201,DEOGRATIUS,KESSY,IDENT
20161205055312,SA4,900917,SALMA,DIWILE,IDENT
20161205055319,SA4,901039,JULIANA,SUKU,IDENT
20161205055332,SA6,900579,GRAYSON,KUNZUGALA,IDENT
20161205055336,SA4,901025,ASHURA,HAMISI,IDENT
20161205055401,SA5,901378,HOYCE,TILLYA,IDENT
20161205055408,SA1,900571,FRANK,MALIMA,IDENT
20161205055415,SA1,900858,MUHSIN,ATHUMANI,IDENT
20161205055420,SA1,900747,ADAM,MASALE,IDENT
20161205055423,SA1,900789,KAMPBONA,PASCAL,IDENT
20161205055428,SA1,900774,MBEWE,ELIUS,IDENT
20161205055428,SA5,900853,DEVOTHA,ELIAS,IDENT
20161205055432,SA5,901417,REHEMA,SINDANO,IDENT
20161205055433,SA1,900775,SABATO,JULIUS,IDENT
20161205055433,SA4,900957,HADIJA,MKOTA,IDENT
20161205055440,SA1,900719,STEPHAN,SIMON,IDENT
20161205055442,SA4,900953,JANE,LUSENDELA,IDENT
20161205055446,SA4,900901,NEEMA,NYAKOKI,IDENT
20161205055452,SA4,900867,AISHA,KIUMBA,IDENT
20161205055500,SA6,901149,EPIFANI, MBOKO,IDENT
20161205055503,SA3,901097,EMANUEL,MSOKWA,IDENT
20161205055505,SA6,900444,JOHN,MEDA,IDENT
20161205055505,SA4,900898,RUKIA,MATAUKA,IDENT
20161205055515,SA4,900981,FIDES,MONGI,IDENT
20161205055518,SA5,901387,GODFREY,YALED,IDENT
20161205055520,SA6,E032,SANKARAN,JAYARAM,IDENT
20161205055532,SA3,901096,SAMWELI,MANGARE,IDENT
20161205055535,SA5,901419,JENIPHA,MWILONGO,IDENT
20161205055540,SA3,901062,RASHID,MDOE,IDENT
20161205055547,SA6,900127,DUNCAN,MHANDO,IDENT
20161205055622,SA1,900790,ISIHAKA,IDDI,IDENT
20161205055626,SA1,900725,SAMSONI,KINGU,IDENT
20161205055627,SA4,901187,MONICA,SHEMBONI,IDENT
20161205055634,SA4,100956,HADIJA,SALUM,IDENT
20161205055637,SA5,901344,JACKSON,ATANUS,IDENT
20161205055638,SA4,901197,RASHID,NJERAN,IDENT
20161205055642,SA5,901323,AMINA,HAMISI,IDENT
20161205055643,SA4,901195,RAYMOND,BUKOJI,IDENT
20161205055649,SA4,901044,SUZANA,KIMARO,IDENT
20161205055657,SA4,901272,NDEKESIO,SIKAWA,IDENT
20161205055700,SA5,901293,JOHARI,MAHARIA,IDENT
20161205055708,SA4,900934,MWAJABU,MARIDADI,IDENT
20161205055725,SA1,900154,MWAJUMA,MSAKUZI,IDENT
20161205055730,SA1,900751,TUSKAR,HALFANI,IDENT
20161205055735,SA3,901196,BONIPHACE,NGESI,IDENT
20161205055746,SA1,900813,LEONARD,PETER,IDENT
20161205055827,SA1,900421,FRANK ,MUSHI,IDENT
20161205055831,SA4,900992,AGNES,MEJA,IDENT
20161205055836,SA4,901274,AMINA,KAHABUKA,IDENT
20161205055843,SA4,901045,ASHURA,KATULA,IDENT
20161205055850,SA4,900962,JOSEPH,ELISAFI,IDENT
20161205055900,SA4,901173,BAHATI,MAKAMBA,IDENT
20161205055906,SA5,901308,MADINA,ATHUMANI,IDENT
20161205055926,SA4,901048,HALIMA,IDDI,IDENT
20161205055933,SA5,901306,VAILETH,NGULO,IDENT
20161205060018,SA5,901343,SEBASTIAN,KIPINGU,IDENT
20161205060045,SA4,900897,SWAUMU,SAIDI,IDENT
20161205060136,SA4,900950,ASHURA,ATHUMAN,IDENT
20161205055835,SA1,900578,MTARI,MAGINGA,IDENT
20161205055838,SA1,900466,MATHEW,PHILIP,IDENT
20161205055845,SA1,900826,VITALIS,HOTTI,IDENT
20161205055847,SA6,900139,IDD,YUSUFU,IDENT
20161205055856,SA1,900812,LEONARD,NYANGO,IDENT
20161205055906,SA1,900814,MARTIN,MUHANDO,IDENT
20161205055911,SA1,900757,JOSEPH,HEMA,IDENT
20161205055920,SA1,900770,ANDERSON,KIKOTI,IDENT
20161205055929,SA1,900411,DEO,JULIUS,IDENT
20161205055940,SA1,900735,ZAINABU,MOHAMEDI,IDENT
20161205055947,SA6,900658,MWASITI,LABOA,IDENT
20161205060211,SA1,900218,GEDDY,SONENGA,IDENT
20161205060213,SA5,901338,WAZIRI,WAZIRI,IDENT
20161205060216,SA1,900810,JOSEPH,JULIUS,IDENT
20161205060219,SA3,901251,GATI,NYANTUMAN,IDENT
20161205060232,SA1,900762,SAID,MOHAMED,IDENT
20161205060306,SA1,900800,NAPEGWA,JACOB,IDENT
20161205060309,SA1,900450,JUMA,RAMADHANI,IDENT
20161205060313,SA1,900792,IDDI,IDDI,IDENT
20161205060334,SA6,900170,REHEMA,CHINUNJE,IDENT
20161205060415,SA1,900440,IDRISA,KIMARO,IDENT
20161205060428,SA1,900754,ROBERT,JORAM,IDENT
20161205060438,SA1,900798,ATHUMAN,SEIF,IDENT
20161205060543,SA4,901270,NAOMI,OBONG,IDENT
20161205060612,SA1,900290,RASHIDI,GEUZA,IDENT
20161205060643,SA1,900771,DATIUS,MARTINE,IDENT
20161205060704,SA1,900788,DEBORA,MWASOMOLA,IDENT
20161205060716,SA1,900765,REBECA,GIDEON,IDENT
20161205060719,SA1,900767,GLADNESS,KAIRUKI,IDENT
20161205060719,SA6,900662,ABDALLAH,ABEID,IDENT
20161205060724,SA1,900717,GODFREY,LAMBAU,IDENT
20161205060728,SA1,900784,WILLIAM,MSOLOKA,IDENT
20161205060731,SA1,900827,YASIN,MUSSA,IDENT
20161205060742,SA1,900768,FILAN,FATAEL,IDENT
20161205060752,SA5,901328,MARRY,SHOO,IDENT
20161205060800,SA1,900455,KHALFAN,OMARI,IDENT
20161205060807,SA1,900272,ISRAEL,GYUNA,IDENT
20161205060815,SA1,900722,ELIZABETH,MATHIUS,IDENT
20161205061135,SA4,900931,JOHARI,KIMARO,IDENT
20161205060806,SA6,900586,MOHAMED,SOLOKA,IDENT
20161205061020,SA1,900764,OMBENI,MICHAEL,IDENT
20161205061059,SA1,900733,ALHAJI,IDD,IDENT
20161205061159,SA6,900580,BARAKA,MAGAFU,IDENT
20161205061219,SA6,900056,YESAYA,NTUNDUU,IDENT
20161205061350,SA1,900386,ABDALLAH ,RAMADHANI,IDENT
20161205061609,SA1,900215,EDWARD,RUFUNGA,IDENT
20161205061630,SA1,900803,EMMANUEL,YOUZE,IDENT
20161205061641,SA1,900426,GESAGA,RAMADHANI,IDENT
20161205061708,SA1,900211,BARAKA,MAKI,IDENT
20161205061713,SA1,900718,WILSON,ALOIS,IDENT
20161205061716,SA1,900740,SPEDICTOR,NGOGO,IDENT
20161205061810,SA6,900112,ABDALLAH,MIKALAMBILO,IDENT
20161205062206,SA6,900556,REGINA,NDALUHEKEYE,IDENT
20161205062320,SA1,900242,WILSON,ANYNGISE,IDENT
20161205062632,SA6,900025,JOYCE,MAGANGA,IDENT
20161205062638,SA6,900025,JOYCE,MAGANGA,IDENT
20161205062703,SA6,E083,GURURAJ,SHENVI,IDENT
20161205063110,SA1,900249,AMIRI,MZEE,IDENT
20161205063254,SA1,900212,BATHOLOMEO,MUSA,IDENT
20161205063257,SA1,900726,ABDALLAH,CHOBO,IDENT
20161205063308,SA6,900409,DANIEL,MROPE,IDENT
20161205063916,SA1,900804,FROLAH,MPONDO,IDENT
20161205063958,SA6,101110,ESTER,THEOFIL,IDENT
20161205064240,SA6,900006,ANDREW,JOSEPH,IDENT
20161205064245,SA6,900006,ANDREW,JOSEPH,IDENT
20161205064255,SA6,900541,GOLDEN,MDUBA,IDENT
20161205064301,SA6,900541,GOLDEN,MDUBA,IDENT
20161205064306,SA6,900047,SAMSON,SHILA,IDENT
20161205064311,SA6,900047,SAMSON,SHILA,IDENT
20161205064548,SA1,900238,SAIMON,TARIMO,IDENT
20161205065859,SA6,900175,TEDDY,SIMON,IDENT
20161205070343,SA6,900039,MWAJABU,ALLY,IDENT
20161205070351,SA6,900132,FRIDA,KIGWA,IDENT
20161205070908,SA6,901434,JOSEPHINA,HAU,IDENT
20161205071813,SA6,901573,DAUDI,NYASHIMO,IDENT
20161205071959,SA6,900100,AROBOGAST,MOGELLA,IDENT
20161205072136,SA6,900029,JUMANNE,MBONDE,IDENT
20161205072211,SA6,900481,RICHARD,KWEYAMBA,IDENT
20161205072318,SA6,900027,JUMA,NAHAL,IDENT
20161205072440,SA6,900432,HAMZA,ABDALLAH,IDENT
20161205072529,SA1,900429,GOODLUCK,LYAHONA,IDENT
20161205072622,SA6,900452,KENNEDY,KIMARO,IDENT
20161205072657,SA6,900291,RASHIDI,MUSSSA,IDENT
20161205072956,SA6,900494,YOHANA,LUSANA,IDENT
20161205073033,SA6,900133,GEORGE,GIDION,IDENT
20161205073345,SA6,900430,GWAKISA,MWAKASAGURE,IDENT
20161205073351,SA6,900291,RASHIDI,MUSSSA,IDENT
20161205073402,SA6,900017,FIKA,JOMSON,IDENT
20161205073453,SA6,900007,ANNA,DUA,IDENT
20161205073617,SA3,901351,BARNABA,EDWARD,IDENT
20161205073831,SA6,900120,BENEDICTO,MBOKO,IDENT
20161205073916,SA6,900016,FATUMA,HAMISI,IDENT
20161205074000,SA6,900142,IRENE,MREMA,IDENT
20161205074038,SA6,900703,MUSSA,MTALI,IDENT
20161205074117,SA6,900649,ZUBEDA,MANDIA,IDENT
20161205074150,SA6,900184,JASPER,NGURUBE,IDENT
20161205074228,SA5,901326,ALLY,MBONDE,IDENT
20161205074229,SA1,101141,FRANK,RAPAHAEL,IDENT
20161205074231,SA6,900257,ENGLIBERTH,DAUDI,IDENT
20161205074235,SA6,E008,ATUL,PATHAK,IDENT
20161205074242,SA6,900123,CHARLES,LUSWETULA,IDENT
20161205074242,SA5,901278,HENRY ,CHELULA,IDENT
20161205074250,SA5,901332,NASRA,MSANYA,IDENT
20161205074255,SA5,901359,VILET,MHELUKA,IDENT
20161205074355,SA3,100597,NOVATI,TARIMO,IDENT
20161205074417,SA5,901339,JAMES,MKONO,IDENT
20161205074426,SA5,901422,EMMANUEL,KHALIDI,IDENT
20161205074434,SA3,901447,MASHAKA,MATEKELE,IDENT
20161205074449,SA1,900709,MRISHO,ATHUMANI,IDENT
20161205074452,SA1,900707,ATHUMANI,SALEHE,IDENT
20161205074455,SA3,901450,FARIDA,JUMA,IDENT
20161205074501,SA1,101140,FAUSTINI,MGIMBA,IDENT
20161205074504,SA1,900710,NICHOLAS,KAPANDE,IDENT
20161205074508,SA1,900711,ATHUMAN,IDDI,IDENT
20161205074512,SA1,900843,KHALFANI,SHABAN,IDENT
20161205074516,SA1,101123,KHAMISI ,PEMBE,IDENT
20161205074521,SA1,101589,AMIRI,YAHAYA,IDENT
20161205074522,SA3,200312,BARAKA,KATEGILE,IDENT
20161205074525,SA3,100603,EDWIN,OWINO,IDENT
20161205074530,SA3,200349,FRANK,MOSHI,IDENT
20161205074530,SA6,900122,CATHERINE,KUMBATA,IDENT
20161205074532,SA1,900558,FRANCIS,MFIKWA,IDENT
20161205074538,SA1,900517,THERESIA,NJAU,IDENT
20161205074539,SA4,900941,KULWA,MSUMA,IDENT
20161205074602,SA4,901069,ELIZABETH,MRAMU,IDENT
20161205074603,SA6,900262,FRIDA, MWAMBEGELE,IDENT
20161205074610,SA3,901446,DANIEL,MBARUKA,IDENT
20161205074614,SA3,900859,MASANGULA,MASANGURA,IDENT
20161205074621,SA1,900098,TATU,MTUPA,IDENT
20161205074623,SA1,900502,IMAM,AJABU,IDENT
20161205074633,SA5,901333,NEEMA,KILUZIA,IDENT
20161205074633,SA1,900210,ASHA,HUSSEIN,IDENT
20161205074640,SA1,900499,HASSAN,HAULE,IDENT
20161205074646,SA1,900500,HEMEDI,KANIKI,IDENT
20161205074700,SA6,101880,RICHARD,MAKASI,IDENT
20161205074708,SA3,901449,BONIFAS,ANGANILE,IDENT
20161205074715,SA1,101114,ABUBAKARI,KHALIDI,IDENT
20161205074716,SA3,200314,DEO,SAKAYA,IDENT
20161205074719,SA6,900143,JACKLINE,MAIGA,IDENT
20161205074724,SA6,900144,JANE,MWAKABULUFU,IDENT
20161205074756,SA3,200318,JOSHUA , PAULO,IDENT
20161205074757,SA1,900024,JOSEPH,TWALIB,IDENT
20161205074822,SA1,101128,ISSA,RAMADHANI,IDENT
20161205074858,SA3,901441,CHRISTOPHER ,MUSHI,IDENT
20161205074905,SA3,900938,ISMAIL,THOMAS,IDENT
20161205074938,SA3,900940,JUMANNE,ZONGO,IDENT
20161205074942,SA3,200309,RAMADHANI,KIHILE,IDENT
20161205075045,SA3,200311,DAVID,BWILE,IDENT
20161205075106,SA3,901444,BAKARI,KITILA,IDENT
20161205074810,SA6,900407,CHRISTIAN ,NGONYANI,IDENT
20161205074813,SA6,900111,SALUM,SAIDI,IDENT
20161205074840,SA1,900715,ELIASI,KIZITO,IDENT
20161205074909,SA6,900454,KHALFAN,AMOUR,IDENT
20161205074917,SA6,901265,FRANK ,RUZIGA,IDENT
20161205074947,SA6,900161,PILLI ,MOHAMED,IDENT
20161205074950,SA1,101134,HASSAN,KAPANYA,IDENT
20161205074955,SA1,900425,GEORGE,JOSEPH,IDENT
20161205074958,SA6,900130,FATUMA,CHOMBO,IDENT
20161205075029,SA1,900712,JUMA,JUMBE,IDENT
20161205075034,SA6,E041,JAGAN MOHAN,YERUVA,IDENT
20161205075046,SA1,900687,PROTUS,RUWANDA,IDENT
20161205075057,SA1,900224,JABIRI,AMANZI,IDENT
20161205075107,SA1,900515,SHOMARI,KIMBWEMBWE,IDENT
20161205075113,SA1,900237,SHOMARI,SELEMANI,IDENT
20161205075113,SA6,900560,DEOGRASIAS,STEPHIN,IDENT
20161205075120,SA3,200316,DENIS,JOHNSON,IDENT
20161205075123,SA6,900584,LUCY,MACHAI,IDENT
20161205075132,SA3,901068,CATHERINE,MATENGO,IDENT
20161205075142,SA1,101118,MANENO,RAMADHANI,IDENT
20161205075146,SA6,900126,DORIKA,MALYANGO,IDENT
20161205075203,SA6,900103,FREDNAND,JACKSON,IDENT
20161205075210,SA6,900389,AHMAD,KINDUMA,IDENT
20161205075215,SA6,900173,SHARIFA,MRISHO,IDENT
20161205075244,SA6,900107,MSELEM,MSELEM,IDENT
20161205075255,SA5,901334,SHAIBU,KASANGA,IDENT
20161205075301,SA6,E060,ANOOP,TIWARI,IDENT
20161205075307,SA6,900446,JOSEPH,KIBASA,IDENT
20161205075318,SA6,900436,HONEST,MATEMU,IDENT
20161205075353,SA3,200351,MICHAEL,MICHAEL,IDENT
20161205075411,SA1,101124,KHALIDI,KASSIMU,IDENT
20161205075428,SA6,900620,AYOUB,MTAFUNGWA,IDENT
20161205075450,SA6,900268,GWANTWA,MWASYEBULE,IDENT
20161205075502,SA6,901440,UMMY,KWANGALA,IDENT
20161205075507,SA6,901569,FREDRICK,MUSHI,IDENT
20161205075512,SA6,900418			,FELIX,WAUSA,IDENT
20161205075514,SA3,901451,JUSTINE,MKUDE,IDENT
20161205075532,SA6,901438,MARY,JOSEPH,IDENT
20161205075542,SA6,E021,RAJA,SWAMINATHAN,IDENT
20161205075631,SA6,E037,SRINIVAS,DANTU,IDENT
20161205075644,SA5,901325,JOSEPH,KAVISHE,IDENT
20161205075654,SA6,900390,ALBERT,KANENDA,IDENT
20161205075654,SA1,901700,JOSEPH,KUANDIKA,IDENT
20161205075659,SA6,900583,REGINALD,MICHAEL,IDENT
20161205075700,SA1,900547,COLMAN,KIWALE,IDENT
20161205075702,SA6,900468,MICHAEL,IBRAHIM,IDENT
20161205075702,SA1,900547,COLMAN,KIWALE,IDENT
20161205075706,SA6,900484,SHANI,MOHAMED,IDENT
20161205075711,SA6,900470,MODEST,NJAU,IDENT
20161205075715,SA6,900435,HASSAN,NKHAMBI,IDENT
20161205075741,SA6,900414,EMMANUEL ,SERAPHINE,IDENT
20161205075745,SA6,900008,ANNE,MCHUMA,IDENT
20161205075839,SA5,901335,YONA,MAPELELE,IDENT
20161205075856,SA3,901452,STEVEN,CHUWA,IDENT
20161205080115,SA4,901448,PAULINA,DAVID,IDENT
20161205080142,SA4,900944,FROLA,KAMARA,IDENT
20161205075751,SA6,900465,MARTIN,KIDUNGU,IDENT
20161205075755,SA6,901435,FILES,MBANDO,IDENT
20161205075801,SA6,901432,AMINA,SOGOI,IDENT
20161205075808,SA6,900660,IDDI,ALLY,IDENT
20161205075844,SA6,900115,AKIDA,DUGANGE,IDENT
20161205075846,SA1,900713,ANICET,ABEL,IDENT
20161205075909,SA1,900239,SOPHIA,MUSHI,IDENT
20161205075930,SA1,900236,PENDO,MAGIGE,IDENT
20161205075942,SA6,900467,MBARUKU,OSWAD,IDENT
20161205075947,SA6,900155,MWANAFATIMA,MATIPA,IDENT
20161205080025,SA6,900057,ZAITUNI,ABDALLAH,IDENT
20161205080043,SA1,101143,ISMAIL,KONDO,IDENT
20161205080052,SA1,900503,JANE,RWEHUMBIZA,IDENT
20161205080057,SA1,900507,KANTI,KADIRI,IDENT
20161205080125,SA6,900004,AGATHA,KAYOMBO,IDENT
20161205080130,SA6,900574,FURAHA,MSAMBWA,IDENT
20161205080134,SA6,900445,JOHN,MASUNGWA,IDENT
20161205080140,SA6,900485,SHUFAA,ABEID,IDENT
20161205080155,SA6,900128,ENELES,MBWAGA,IDENT
20161205080201,SA6,900156,MWANAISHA,UWESU,IDENT
20161205080252,SA6,900458,KIBWANA,SAIDI,IDENT
20161205080257,SA6,900439,IDDI,MOHAMED,IDENT
20161205080259,SA6,900402,BARAKA,MVUNGI,IDENT
20161205080306,SA6,900151,LISSY,KIGONJOLA,IDENT
20161205080308,SA5,901396,EDWIN,KIPUYO,IDENT
20161205080311,SA6,900131,FRANK,MAKWABU,IDENT
20161205080317,SA1,101588,ATHUMAN,SALIM,IDENT
20161205080320,SA6,900270,HASSAN,KIGWIO,IDENT
20161205080352,SA6,E079,BALASUBRAMANIAM,M,IDENT
20161205080356,SA1,900506,JOE ,MATANDU,IDENT
20161205080359,SA6,900388,AGNES,SHAYO,IDENT
20161205080420,SA1,101530,SIMON,YOHANA,IDENT
20161205080424,SA6,900416,ERICK,DAUD,IDENT
20161205080430,SA1,101531,RASHIDI,BAKARI,IDENT
20161205080440,SA1,900157,MZEE,KONDOWE,IDENT
20161205080448,SA6,900464,MARTHA,MWIKOLA,IDENT
20161205080502,SA6,900108,NORAH,CLEMENCE,IDENT
20161205080636,SA6,900385,ABDALLAH,MOHAMED,IDENT
20161205080651,SA1,900706,MECKLEEN,NANGEDA,IDENT
20161205080700,SA1,101115,ATHUUMANI,HEMEDI,IDENT
20161205080704,SA6,900682,BENEDICT,ELIAS,IDENT
20161205080726,SA6,900011,BLANTINA,MLOWE,IDENT
20161205080731,SA6,900393,ALLY,MTWALE,IDENT
20161205080811,SA1,900655,ZAINAB,JERECKO,IDENT
20161205080826,SA1,900219,GEORGE,SAMATA,IDENT
20161205080830,SA1,900441,ISSA,KAISI,IDENT
20161205080908,SA5,901382,KONDO,MOHAMED,IDENT
20161205080819,SA6,900460,LAMECK,ASSETO,IDENT
20161205080848,SA6,900581,SAADA,MUHINTE,IDENT
20161205080912,SA6,900109,AMANI,NYAKARASHI,IDENT
20161205080918,SA1,901575,LINDA,MLAY,IDENT
20161205080952,SA1,900235,PAULO,MGEMA,IDENT
20161205080955,SA6,900566,ERICK,NDUNGURU,IDENT
20161205081007,SA6,900043,RANI,MOHAR,IDENT
20161205081135,SA1,900230,LUICE,JOHN,IDENT
20161205081140,SA1,900780,THEO,MAPUNDA,IDENT
20161205081145,SA1,900497,EMANUEL,NGIMBUZI,IDENT
20161205081147,SA6,900110,RASHID,ISSA,IDENT
20161205081150,SA1,900513,SALEHE,BAKARI,IDENT
20161205081212,SA4,901239,SAKINA,KIZEE,IDENT
20161205081231,SA1,900504,JEREMIA,TONNO,IDENT
20161205081236,SA1,900708,OMARY,ABDALLAH,IDENT
20161205081300,SA6,900405,CHARLES,WILLIAM,IDENT
20161205081322,SA6,900701,MATHEW,NDANSHAU,IDENT
20161205081413,SA3,901442,JARINA,SHEKOLA,IDENT
20161205081458,SA6,E084,NAVNEET, SINGH,IDENT
20161205081604,SA1,901586,MOHAMED,KIPANGUZI,IDENT
20161205081705,SA6,900271,HUSNA,SAID,IDENT
20161205081751,SA6,900280,TADEO,MWINGIZI,IDENT
20161205081809,SA6,900400,BAHATI,LUBUVA,IDENT
20161205082217,SA6,900044,REGINARD,MSHANGA,IDENT
20161205082507,SA6,900174,SOSTHENES,MUKAMA,IDENT
20161205082629,SA6,900009,ASHA,HAMISI,IDENT
20161205082658,SA6,900413,ELIBAHATI,JOSEPH,IDENT
20161205082740,SA6,E068,RANJEET SINGH,SAINI,IDENT
20161205083121,SA1,900505,JESCA,MATECHI,IDENT
20161205083223,SA6,900055,VERONICA,MBAZIGWA,IDENT
20161205083542,SA6,900041,NELSON,MTEMI,IDENT
20161205083725,SA6,900472,MWALIMU,SELEMANI,IDENT
20161205084038,SA6,900246,ABDULKARIM,ALI,IDENT
20161205084042,SA6,900681,ABUBAKARI,MGAZA,IDENT
20161205084733,SA6,900629,MICHAEL,ZAMBETAKIS,IDENT
