20170505091421,SA6,900446,JOSEPH,KIBASA,IDENT
20170505091828,SA6,900681,ABUBAKARI,MGAZA,IDENT
20170505092203,SA6,900156,MWANAISHA,UWESU,IDENT
20170505093526,SA6,901581,PROSPER,KATABALWA,IDENT
20170505095325,SA6,901438,MARY,JOSEPH,IDENT
20170505100359,SA6,900120,BENEDICTO,MBOKO,IDENT
20170505101233,SA6,900100,AROBOGAST,MOGELLA,IDENT
20170505112042,SA6,900257,ENGLIBERTH,DAUDI,IDENT
20170505113547,SA6,E079,BALASUBRAMANIAM,M,IDENT
20170505113836,SA6,900044,REGINARD,MSHANGA,IDENT
20170505124509,SA6,900021,JAFARI,BAINA,IDENT
20170505124732,SA6,900560,DEOGRASIAS,STEPHIN,IDENT
20170505130023,SA6,900054,THOMAS,MGABO,IDENT
20170505130414,SA6,900581,SAADA,MUHINTE,IDENT
20170505132648,SA6,900047,SAMSON,SHILA,IDENT
20170505132652,SA6,900047,SAMSON,SHILA,IDENT
20170505133042,SA6,900541,GOLDEN,MDUBA,IDENT
20170505133146,SA5,901095,BEATA,KOMBA,IDENT
20170505133150,SA4,901229,ANNA,NGAPONDA,IDENT
20170505133152,SA5,901364,SALAFINA,KISAPI,IDENT
20170505133157,SA5,901287,REGINA,JEMES,IDENT
20170505133202,SA5,901324,MARIAM,YAHAYA,IDENT
20170505133206,SA5,901298,SWAUMU,MZIRAI,IDENT
20170505133207,SA4,901067,HELENA,SAMWELI,IDENT
20170505133221,SA5,900865,CHRISTINA,MAGOWELA,IDENT
20170505133340,SA4,900974,ZAWADI,SADIKI,IDENT
20170505133342,SA5,901286,AGNES,LUCAS,IDENT
20170505133346,SA4,901108,AISHA,WILLIUM,IDENT
20170505133404,SA6,900006,ANDREW,JOSEPH,IDENT
20170505133421,SA4,901174,BETH,NGADADA,IDENT
20170505133426,SA4,901098,GERALD,MBAUKA,IDENT
20170505133429,SA5,901389,OMARY,JUMA,IDENT
20170505133434,SA5,901388,OSWALD,SHILLA,IDENT
20170505133456,SA6,900099,AMIN,JUMA,IDENT
20170505133457,SA4,901132,HEAVENLIGHT,NKYA,IDENT
20170505133506,SA4,901114,FARIDA,AMBLOS,IDENT
20170505133512,SA4,901091,FARIDA,LYIMO,IDENT
20170505133516,SA4,901184,GRACE,NGALABA,IDENT
20170505133526,SA5,901148,IBRAHIM,MZENTO,IDENT
20170505133547,SA5,901209,MIRIAM,MNDEWA,IDENT
20170505133602,SA4,901245,EVERINA,MKETO,IDENT
20170505133606,SA4,901019,ASHA,NGAMBA,IDENT
20170505133614,SA4,900990,JANE,MHONGOLE,IDENT
20170505133620,SA4,900999,ROSE,MWAMAKOLA,IDENT
20170505133625,SA5,901366,LYDIA,MAKENE,IDENT
20170505133630,SA4,900868,MAIMUNA,JARUFU,IDENT
20170505133638,SA4,901243,PLAKSEDA,AKIZAMUNGU,IDENT
20170505133644,SA4,901082,EDINA,JOHN,IDENT
20170505133649,SA4,900844,AISHA,MSOMI,IDENT
20170505133656,SA4,901256,AVERINA,AMANDUS,IDENT
20170505133701,SA4,901152,STELLA,MWAKATOBE,IDENT
20170505133716,SA4,901112,BUSHRA,SALUM,IDENT
20170505133722,SA4,901247,KULUTHUM,CHILEMILE,IDENT
20170505133736,SA5,901408,SAIDI,MAKALA,IDENT
20170505133746,SA5,901362,JULIETH,GODFREY,IDENT
20170505133809,SA6,900396,ANDREW,MSANGI,IDENT
20170505133810,SA4,901179,AMANDA,KWEZI,IDENT
20170505133825,SA4,901231,ASHA,DUTCH,IDENT
20170505133831,SA4,901035,AGNES,NKONJELWA,IDENT
20170505133843,SA4,901034,STAMILI,MUSSA,IDENT
20170505133848,SA4,901105,MTUMWA,ALLY,IDENT
20170505133854,SA4,901180,FURAHA,TEMBA,IDENT
20170505133909,SA4,901015,JOYCE,CHACHA,IDENT
20170505133910,SA2,900906,MARYSTELA,MCHOME,IDENT
20170505133915,SA4,901181,ASNA,SPRIAN,IDENT
20170505133917,SA5,901129,FELISTA,NYAHENGE,IDENT
20170505133921,SA4,901160,SAUDA,MCHECHE,IDENT
20170505133929,SA4,900961,ELIZABETH,FRANCISCO,IDENT
20170505133930,SA5,901299,SAUDA,MATOWELA,IDENT
20170505133934,SA4,900878,AISHA,KIZINGA,IDENT
20170505133935,SA2,901175,SALMA,RAMADHAN,IDENT
20170505134024,SA4,900879,RAHMA,KILO,IDENT
20170505134044,SA4,900945,ELIZABETH,MREMA,IDENT
20170505134050,SA4,900904,ANNA,MAGEMBE,IDENT
20170505134053,SA2,900943,MWAMINI,MPANGULE,IDENT
20170505134054,SA4,901193,VICTORIA,MWAMPEGETE,IDENT
20170505134100,SA4,901168,REHEMA ,MWASOMOLA,IDENT
20170505134101,SA2,900905,AMINA,MUHIDINI,IDENT
20170505134113,SA4,901032,MARISELINA,NGULI,IDENT
20170505134143,SA4,901187,MONICA,SHEMBONI,IDENT
20170505134151,SA6,900487,STEPHEN,KAMBWEMBWE,IDENT
20170505134157,SA4,901030,VERONICA,WANGWE,IDENT
20170505134202,SA6,900140,IGNATUS,MLANGWA,IDENT
20170505134205,SA4,900997,MARY,ONDURU,IDENT
20170505134212,SA6,900049,SIHABA,NAKIPENGELE,IDENT
20170505134213,SA4,901241,FATUMA,JUMA,IDENT
20170505134216,SA2,900927,SAADA,SALUM,IDENT
20170505134220,SA6,900127,DUNCAN,MHANDO,IDENT
20170505134221,SA4,900950,ASHURA,ATHUMAN,IDENT
20170505134229,SA4,900994,MWAISHA,MWAMOTO,IDENT
20170505134230,SA2,901011,JANE,SIMON,IDENT
20170505134235,SA5,901338,WAZIRI,WAZIRI,IDENT
20170505134236,SA4,901113,ELIZABETH,SHIRIMA,IDENT
20170505134237,SA2,900978,ELIZABETH,ZAE,IDENT
20170505134246,SA4,900913,ASHURA,NGUMBE,IDENT
20170505134304,SA6,900159,PAMELA,KUSALIKA,IDENT
20170505134307,SA4,901271,RACHEL,MCHOVU,IDENT
20170505134328,SA4,900899,MAGDALENA,SIMAO,IDENT
20170505134335,SA5,901384,JOSHUA,KITUNDU,IDENT
20170505134341,SA5,901384,JOSHUA,KITUNDU,IDENT
20170505134342,SA2,901021,NEEMA ,MWANGO,IDENT
20170505134343,SA4,901186,FROLA,KILIMA,IDENT
20170505134344,SA6,900658,MWASITI,LABOA,IDENT
20170505134346,SA5,901423,CONSOLATHA,JOSEPH,IDENT
20170505134351,SA2,900908,SALMA,RWAMBANO,IDENT
20170505134356,SA4,901089,HARUNA,ATHUMANI,IDENT
20170505134359,SA2,900921,MWAJUMA,IDDI,IDENT
20170505134401,SA4,900996,LILIAN,RASHIDI,IDENT
20170505134409,SA4,901117,HIDAYA,MASOUD,IDENT
20170505134415,SA4,901136,HONORATA,SHAYO,IDENT
20170505134416,SA2,901150,CHRISTINA,MBODE,IDENT
20170505134419,SA4,901124,TABIA,OMARY,IDENT
20170505134424,SA4,901155,GRACE,MUHONO,IDENT
20170505134429,SA4,900925,REGINA,THOMAS,IDENT
20170505134434,SA4,901230,KUDRA,BAKARI,IDENT
20170505134441,SA4,901027,EDDA,MWAKIBINGWA,IDENT
20170505134450,SA4,901212,JASMINI,MOHAMED,IDENT
20170505134451,SA2,901079,AGNESS,HAJI,IDENT
20170505134455,SA4,900963,MWAZANI,SAIDI,IDENT
20170505134500,SA4,901173,BAHATI,MAKAMBA,IDENT
20170505134508,SA4,900856,MWAJAMBU,HAMAD,IDENT
20170505134519,SA4,901185,JOYCE,SAMWEL,IDENT
20170505134537,SA5,901302,ASHA,SHOMARI,IDENT
20170505134553,SA5,901319,CHRISTINA,TATI,IDENT
20170505134613,SA6,900130,FATUMA,CHOMBO,IDENT
20170505134614,SA4,900959,REHEMA,LYOWA,IDENT
20170505134617,SA5,901385,ABDALLA,MGAYA,IDENT
20170505134619,SA4,901198,MANEO,ATHUMANI,IDENT
20170505134626,SA4,901007,MODESTA,JOGOO,IDENT
20170505134631,SA4,901107,MUHIDINI,HASSAN,IDENT
20170505134701,SA6,900661,ADILILA,KONGA,IDENT
20170505134729,SA6,900580,BARAKA,MAGAFU,IDENT
20170505134634,SA5,901571,ENOCK,ELIA,IDENT
20170505134636,SA4,901111,ASIA,MSHAMU,IDENT
20170505134640,SA5,901162,MWANAHARUSI,MOHAMED,IDENT
20170505134642,SA4,901043,ANNA,JOHN,IDENT
20170505134701,SA5,901304,SOPHIA,ALLY,IDENT
20170505134712,SA4,901140,ASHURA,MGENI,IDENT
20170505134719,SA4,900985,BAHATI,SARAPIONI,IDENT
20170505134726,SA4,901246,VERONICA,MTENGWA,IDENT
20170505134733,SA4,901130,NURU,DAUDI,IDENT
20170505134743,SA4,901022,SILIVIA,SHAYO,IDENT
20170505134753,SA4,901076,AGNESS,NGAPONDA,IDENT
20170505134807,SA4,901253,JOYCE,KESI,IDENT
20170505134815,SA4,900993,MARIAM,MSUMALI,IDENT
20170505134820,SA4,900894,NURU,MAKANDE,IDENT
20170505134835,SA4,900972,SAFINA,ABEID,IDENT
20170505134842,SA4,901127,ZAHARA,MBELWA,IDENT
20170505134847,SA4,901135,REHEMA,OMARY,IDENT
20170505134857,SA2,901054,FATUMA,MUHANDO,IDENT
20170505134859,SA4,901122,NEEMA,FANUEL,IDENT
20170505134907,SA4,901023,AMINA,CHAKWE,IDENT
20170505134909,SA5,900891,HINESS,KAAYA,IDENT
20170505134909,SA2,901075,AGATHA,JAMALI,IDENT
20170505134915,SA5,900916,SABINA,KINGIMALI,IDENT
20170505134916,SA2,901041,JACKLINI,MBOYA,IDENT
20170505134919,SA4,900988,UPENDO,PETER,IDENT
20170505134921,SA5,900914,HAWA,MWIMBE,IDENT
20170505134927,SA4,901182,RENIFRIDA,NGUMBU,IDENT
20170505134928,SA5,900915,DOROTHEA,KILO,IDENT
20170505134933,SA4,901143,LINES,PILLI,IDENT
20170505134936,SA2,900885,AMINA,MZARA,IDENT
20170505134953,SA5,901316,ZUHURA,HAMIS,IDENT
20170505135001,SA5,901427,JESCA,NGUMBU,IDENT
20170505135005,SA4,900881,ZAINABU,SAIDI,IDENT
20170505135019,SA2,901039,JULIANA,SUKU,IDENT
20170505135034,SA6,900406,CHAUREMBO,MWINYI,IDENT
20170505135046,SA4,900992,AGNES,MEJA,IDENT
20170505135050,SA5,900919,ANNA,MPUGE,IDENT
20170505135102,SA4,901045,ASHURA,KATULA,IDENT
20170505135116,SA4,901042,FARIDA,NDAUKE,IDENT
20170505135128,SA4,901047,MWAJUMA,HAMIS,IDENT
20170505135143,SA4,901215,MWANAIDI,KOLOKO,IDENT
20170505135147,SA5,901363,ZUCRA,SWEDI,IDENT
20170505135151,SA4,900967,FATUMA,MTAMBUA,IDENT
20170505135153,SA5,901345,ALHAJI,KIHIYO,IDENT
20170505135158,SA4,901026,FATUMA,KONYO,IDENT
20170505135215,SA4,900933,WINFRIDA,LUSEBA,IDENT
20170505135215,SA2,901052,SUZANA,NAPANGA,IDENT
20170505135215,SA5,901405,ABDANI,SHILLA,IDENT
20170505135220,SA2,901096,SAMWELI,MANGARE,IDENT
20170505135220,SA6,900611,EVARIST,MPINGAURUGU,IDENT
20170505135220,SA5,901418,ISAYA ,SAWASAWA,IDENT
20170505135224,SA5,901255,ASHA,BILALI,IDENT
20170505135225,SA4,901029,MARIAM,MWETEMBO,IDENT
20170505135226,SA2,901201,DEOGRATIUS,KESSY,IDENT
20170505135236,SA4,900846,SARA,CHIDUNI,IDENT
20170505135254,SA5,900939,STELLA,MAGOGWA,IDENT
20170505135258,SA4,901037,FADINA,IBRAHIM,IDENT
20170505135309,SA6,900124,DAUDI,ELIFALETH,IDENT
20170505135310,SA4,901197,RASHID,NJERAN,IDENT
20170505135313,SA5,901311,LOYCE,MASKINI,IDENT
20170505135318,SA5,901368,NAOMI,YUSUPH,IDENT
20170505135323,SA5,901094,MARTINA,FISSO,IDENT
20170505135328,SA5,901354,AISHAH,OTHUMANI,IDENT
20170505135332,SA4,900901,NEEMA,NYAKOKI,IDENT
20170505135334,SA5,901359,VILET,MHELUKA,IDENT
20170505135339,SA5,901293,JOHARI,MAHARIA,IDENT
20170505135343,SA5,901369,RECHO,MSHUMBUSI,IDENT
20170505135348,SA4,901261,ZAINA,KILWANDA,IDENT
20170505135349,SA5,901356,ZAMDA,NGWABAYA,IDENT
20170505135400,SA6,900473,NAOMI,GONDA,IDENT
20170505135405,SA4,901115,FROLA,SIKWEMBE,IDENT
20170505135409,SA6,900161,PILLI ,MOHAMED,IDENT
20170505135414,SA4,900862,EDINA,MWAKYOMA,IDENT
20170505135420,SA4,900860,AGNESS,LUHUNGO,IDENT
20170505135424,SA4,900946,RAHMA,MWIMBA,IDENT
20170505135431,SA6,900583,REGINALD,MICHAEL,IDENT
20170505135439,SA5,901350,ALFRED,CHARLES,IDENT
20170505135446,SA4,901123,REBECA,KALOFU,IDENT
20170505135458,SA6,900543,JOHN,MAGANYA,IDENT
20170505135504,SA6,900556,REGINA,NDALUHEKEYE,IDENT
20170505135509,SA5,901404,AWAZI,SALIM,IDENT
20170505135513,SA4,901244,SWAUMU,HIMBU,IDENT
20170505135521,SA5,900867,AISHA,KIUMBA,IDENT
20170505135526,SA5,900883,EDINA,ABED,IDENT
20170505135549,SA5,901392,STELLA,MTALLO,IDENT
20170505135706,SA6,900170,REHEMA,CHINUNJE,IDENT
20170505135635,SA4,901046,GRADIS,MAGANA,IDENT
20170505135646,SA4,900970,MARIA,ELIESEL,IDENT
20170505135725,SA4,900890,OLIVER,UDOBA,IDENT
20170505135733,SA5,900898,RUKIA,MATAUKA,IDENT
20170505135738,SA5,901277,NEEMA,UISO,IDENT
20170505135744,SA4,901097,EMANUEL,MSOKWA,IDENT
20170505135751,SA4,901235,TUMAIN,MUNGURE,IDENT
20170505135756,SA4,901190,NEEMA,MNYALAPE,IDENT
20170505135804,SA4,901194,ELINA,ABEL,IDENT
20170505135807,SA6,900023,JINGSON,SAIMON,IDENT
20170505135812,SA6,900579,GRAYSON,KUNZUGALA,IDENT
20170505135818,SA5,901064,SAID,RAMADHANI,IDENT
20170505135846,SA5,900849,IRENE,MMARI,IDENT
20170505135851,SA4,901156,SAID,HAMISI,IDENT
20170505135901,SA2,901196,BONIPHACE,NGESI,IDENT
20170505135907,SA2,901167,KELVIN,NGOZI,IDENT
20170505135913,SA4,901059,JAZIRA,RAMADHANI,IDENT
20170505135921,SA4,901051,HABIBA,PAZZI,IDENT
20170505135930,SA5,901328,MARRY,SHOO,IDENT
20170505140003,SA5,900989,AMINA,CHITWANGWA,IDENT
20170505140008,SA2,901233,SAMI,MTITIMA,IDENT
20170505140009,SA5,900877,IRENE,GABRIEL,IDENT
20170505140013,SA4,901170,BAHATI,SHABANI,IDENT
20170505140014,SA5,901110,ASHA,MPELA,IDENT
20170505140015,SA2,901044,SUZANA,KIMARO,IDENT
20170505140019,SA4,901063,RACHEL,MZOROZORO,IDENT
20170505140020,SA5,901056,ANGELA,MWAKAPALILA,IDENT
20170505140024,SA4,901102,ORIVER,DAUD,IDENT
20170505140029,SA2,901009,MOSHI,SAIDI,IDENT
20170505140030,SA4,901221,TEDDY,MAGAMBO,IDENT
20170505140034,SA5,901055,ZAINABU,OMARY,IDENT
20170505140035,SA4,901116,GRACE,KAHANGE,IDENT
20170505140035,SA2,901268,ANITHA,KWIMBA,IDENT
20170505140039,SA5,901386,SHAMSI,MUHITI,IDENT
20170505140040,SA4,900966,ZUHURA,KIJIMBO,IDENT
20170505140043,SA5,901154,SALAMA,ALLY,IDENT
20170505140044,SA4,900973,SHARIFA,LIYAYA,IDENT
20170505140047,SA5,901280,WHITNESS,MSAGATI,IDENT
20170505140048,SA2,901065,ZAINABU,KARUMUNA,IDENT
20170505140049,SA4,900888,AMINA,NGAINA,IDENT
20170505140054,SA4,901269,AISHA,HALFAN,IDENT
20170505140054,SA2,900934,MWAJABU,MARIDADI,IDENT
20170505140055,SA6,900417,FABIAN,FABIAN,IDENT
20170505140059,SA4,901053,DORIS,JOHN,IDENT
20170505140100,SA2,900923,HELENA,KHAJI,IDENT
20170505140102,SA5,901336,ISMAIL,MHINA,IDENT
20170505140103,SA6,900476,RAMADHANI,IDD,IDENT
20170505140104,SA4,901163,SIJALI,MKELE,IDENT
20170505140106,SA2,901060,MARTHA,GABRIEL,IDENT
20170505140107,SA5,901323,AMINA,HAMISI,IDENT
20170505140109,SA4,900870,GOMERY,DAUDI,IDENT
20170505140112,SA5,901314,JANE,NYAGAWA,IDENT
20170505140112,SA2,901038,AMINA,MDOE,IDENT
20170505140114,SA4,901066,ZULEHA,MOHAMED,IDENT
20170505140117,SA5,901281,JOSEPH,MUSUGULI,IDENT
20170505140118,SA4,900926,AMINA,KONDO,IDENT
20170505140122,SA5,901320,REHEMA,ALLY,IDENT
20170505140123,SA2,901049,REDEMTA,DANIEL,IDENT
20170505140124,SA4,901216,ASHA,RAMADHANI,IDENT
20170505140124,SA6,900433,HARUNI,MKAMA,IDENT
20170505140128,SA5,901315,FIDEA,AGUSTINO,IDENT
20170505140129,SA4,900924,DEBORA,HOSSA,IDENT
20170505140133,SA5,901393,HADIJA,JUMA,IDENT
20170505140136,SA4,901206,AISHA,MKUMBA,IDENT
20170505140138,SA5,900951,MWAJUMA,AIDAN,IDENT
20170505140142,SA4,901141,HADIJA,SALUM,IDENT
20170505140142,SA6,900423,GARDINO,MHIMBA,IDENT
20170505140143,SA5,901380,BISURA,MCHELEO,IDENT
20170505140145,SA2,901176,FATUMA,MASOUD,IDENT
20170505140148,SA4,901172,AGNES,STEVEN,IDENT
20170505140149,SA5,900855,SINAHIA,OMARI,IDENT
20170505140149,SA6,900480,RASHID,MOHAMED,IDENT
20170505140151,SA2,901142,SOPHIA,YUSUPH,IDENT
20170505140153,SA4,900958,SOPHIA,LIKONGO,IDENT
20170505140154,SA5,900880,MWANAHAMISI,MAREKANO,IDENT
20170505140158,SA4,900937,UPENDO,MLEWA,IDENT
20170505140159,SA5,901430,JOYCE,SEMWENDA,IDENT
20170505140204,SA5,900900,HELENA,SENZUGWAKO,IDENT
20170505140205,SA4,900971,NAOMI,SAMWELI,IDENT
20170505140206,SA2,901139,HAPPY ,ZAKAYO,IDENT
20170505140209,SA5,900861,MWAJABU,BAKARI,IDENT
20170505140210,SA4,901252,JENIPHA,CHIZA,IDENT
20170505140213,SA2,900995,MARY,KIAMA,IDENT
20170505140214,SA5,901377,HUSSEIN,MANYEMBA,IDENT
20170505140215,SA4,901028,REHEMA,KWENGWEGU,IDENT
20170505140217,SA6,900428,GLADIS,MAZENGO,IDENT
20170505140221,SA4,900928,MARIA,MAGWE,IDENT
20170505140228,SA5,900892,MWANIA,PEMBE,IDENT
20170505140231,SA4,901050,MARIAM,SAIDI,IDENT
20170505140234,SA5,901061,MWAJUMA,ABDALLAH,IDENT
20170505140239,SA5,900964,RAPHAEL,MBOKO,IDENT
20170505140239,SA3,901016,HALIFA,MOHAMED,IDENT
20170505140243,SA4,901005,HADIJJA,KIJUU,IDENT
20170505140251,SA4,901093,SHARON,IBRAHIM,IDENT
20170505140253,SA5,901367,BEATHA,MLOSO,IDENT
20170505140257,SA4,901161,NURU,MOHAMED,IDENT
20170505140303,SA4,901001,AMINA,MUYA,IDENT
20170505140306,SA5,901294,RATIFA,KAPINGA,IDENT
20170505140306,SA2,901119,LINA,MLAWA,IDENT
20170505140308,SA4,901074,VERONICA,KIMWAGA,IDENT
20170505140311,SA2,901177,ASHA,MAVENGELO,IDENT
20170505140313,SA4,901145,ADELINA,MALEMA,IDENT
20170505140320,SA5,901376,ZAINABU ,SALUM,IDENT
20170505140321,SA4,901165,FATUMA,ABDALLAH,IDENT
20170505140327,SA4,901118,LILIAN,MREMA,IDENT
20170505140331,SA5,901285,THABIT,ALLY,IDENT
20170505140337,SA5,900850,ROSE,KITALI,IDENT
20170505140339,SA6,900135,HALIMA,NGAMZI,IDENT
20170505140346,SA5,901387,GODFREY,YALED,IDENT
20170505140346,SA2,900922,BAHATI,SALEHE,IDENT
20170505140352,SA5,901284,MOHAMED,IDDI,IDENT
20170505140354,SA2,901125,TAUSI,SHABANI,IDENT
20170505140357,SA6,900166,RAMADHANI,KIPENGELE,IDENT
20170505140401,SA2,901128,ZAITUNI,SOGOI,IDENT
20170505140406,SA6,900489,TUMAINI,MNZAVA,IDENT
20170505140407,SA4,900984,SALAMA,BIGE,IDENT
20170505140408,SA2,900918,MARIAM,RAMADHANI,IDENT
20170505140412,SA6,900162,PILLY,MANENO,IDENT
20170505140421,SA4,901014,LUCY,THOMAS,IDENT
20170505140424,SA6,900409,DANIEL,MROPE,IDENT
20170505140430,SA6,900443,JABIRI,RAMADHANI,IDENT
20170505140431,SA4,901250,JENIPHA,DAMIAN,IDENT
20170505140444,SA5,901343,SEBASTIAN,KIPINGU,IDENT
20170505140446,SA4,901153,MAGRETH,ZANUARI,IDENT
20170505140447,SA2,901166,SAUDA,MAULID,IDENT
20170505140451,SA2,900920,PILLI,SAIDI,IDENT
20170505140452,SA4,901171,ESTHER,MUNGUTI,IDENT
20170505140457,SA5,901291,AISHA,ISSA,IDENT
20170505140458,SA4,900952,SALAMA,MOHAMAD,IDENT
20170505140458,SA2,901151,SIJARI,MAGOMBE,IDENT
20170505140502,SA6,900647,JOHANSEN,MPANJU,IDENT
20170505140503,SA4,901120,MERCY,MONGI,IDENT
20170505140509,SA4,900975,EDINA,MZUNGU,IDENT
20170505140511,SA5,901004,ZAHARA,YANGE,IDENT
20170505140517,SA5,901071,YUNIS,NDAIGA,IDENT
20170505140527,SA2,901248,MAGRETH,MASAWE,IDENT
20170505140533,SA4,901006,RUKIA,ALLY,IDENT
20170505140534,SA5,901290,AGNES,SALAWA,IDENT
20170505140537,SA6,900040,MWAJUMA,KATONA,IDENT
20170505140540,SA2,901101,RAJABU,MOHAMMED,IDENT
20170505140602,SA4,901008,GRESS,KOBA,IDENT
20170505140607,SA4,901224,ANNA,NYAKAPALA,IDENT
20170505140612,SA2,901070,FLORA,MSAMLA,IDENT
20170505140613,SA4,901222,DEBORA,FILIPATALI,IDENT
20170505140614,SA5,901308,MADINA,ATHUMANI,IDENT
20170505140616,SA6,900171,ROBERT,MFUNI,IDENT
20170505140621,SA4,901057,ANNA,KITOMARY,IDENT
20170505140621,SA6,900398,ARSEN, RWEBANGILA	,IDENT
20170505140622,SA2,900929,HALIMA,SEIF,IDENT
20170505140627,SA2,900847,ZAINABU,SINGANO,IDENT
20170505140700,SA2,901254,NURAT,JAFARI,IDENT
20170505140705,SA2,901121,MWATANGA,ALLY,IDENT
20170505140710,SA2,900882,WINIFRIDA,MALISELINO,IDENT
20170505140714,SA2,901267,NEEMA ,MWAMANYE,IDENT
20170505140723,SA2,901263,JAMIRA,SAIDI,IDENT
20170505140730,SA2,901133,HUSNA,SENGAMBA,IDENT
20170505140738,SA2,900965,HERMAN,MAKOKO,IDENT
20170505140743,SA2,901018,AISHA,KIBINDO,IDENT
20170505140636,SA4,900911,NEEMA,URASSA,IDENT
20170505140703,SA4,901126,YUNIS,LULANDALA,IDENT
20170505140711,SA5,901374,NASRA,HAMADI,IDENT
20170505140740,SA5,901310,MARIAM,BELEKO,IDENT
20170505140751,SA5,900903,RUKIA,MOHAMED,IDENT
20170505140756,SA5,900873,SELEN,JUMA,IDENT
20170505140803,SA5,901013,YASINTA,SHELUBANZI,IDENT
20170505140804,SA4,901214,MARIAM,OMAR,IDENT
20170505140810,SA5,901375,PILLI,CHOLOGONDO,IDENT
20170505140819,SA4,901207,AISHA,ABEID,IDENT
20170505140827,SA6,901149,EPIFANI, MBOKO,IDENT
20170505140842,SA4,901266,AZIZA,KAKOMBE,IDENT
20170505140849,SA5,901381,DOROSTA,CLEMANCE,IDENT
20170505140850,SA4,901225,NOELA,YALOT,IDENT
20170505140859,SA4,901100,REHEMA,SALEHE,IDENT
20170505140921,SA5,901378,HOYCE,TILLYA,IDENT
20170505140931,SA4,901062,RASHID,MDOE,IDENT
20170505140934,SA5,901307,MATRIDA,CHUVAKA,IDENT
20170505140936,SA2,901081,PILI,MDEDE,IDENT
20170505140943,SA4,901058,HAMIDA,MATIPA,IDENT
20170505140945,SA2,901237,ZUBEDA,KIMARO,IDENT
20170505140952,SA6,900112,ABDALLAH,MIKALAMBILO,IDENT
20170505141004,SA4,901106,MARYNIA,KAYOMBO,IDENT
20170505141011,SA4,901249,HILDA,MWAZEMBE,IDENT
20170505141013,SA2,901257,FRIDA,MHELELA,IDENT
20170505141022,SA6,900422,FURAHA,MWAKIFWAMB,IDENT
20170505141026,SA4,901000,AGNES,MTYANGILE,IDENT
20170505141036,SA5,900960,AGNESS,NAWAHIGA,IDENT
20170505141036,SA4,901036,AZIZA,MANGETU,IDENT
20170505141048,SA6,900153,MUSSA,KIGUNGAS,IDENT
20170505141101,SA6,900134,GRACE,KIM,IDENT
20170505141114,SA5,901370,MARIAM,MJELELE,IDENT
20170505141126,SA5,901360,MARRY,MASULUBE,IDENT
20170505141148,SA5,901417,REHEMA,SINDANO,IDENT
20170505141148,SA4,901270,NAOMI,OBONG,IDENT
20170505141149,SA2,900969,JEMA,SALUM,IDENT
20170505141205,SA2,901099,TAUS,MUSTAPHA,IDENT
20170505141238,SA4,901157,DAVID,JUMA,IDENT
20170505141246,SA5,900887,ELITABETH,GOMELO,IDENT
20170505141246,SA6,900469,MICHAEL,MDACHI,IDENT
20170505141315,SA2,901031,AMINA,BAKARI,IDENT
20170505141324,SA2,901103,MWATANGA,DIENI,IDENT
20170505141329,SA2,900982,MWANAKOMBO,KHALID,IDENT
20170505141356,SA5,901361,MARRY,MLIUNJA,IDENT
20170505141418,SA6,900391,ALLY,MASHAURI,IDENT
20170505141431,SA6,900164,RAMADHANI ,BAKARI,IDENT
20170505141524,SA4,901213,HABIBA,NJIKU,IDENT
20170505141542,SA5,901342,ANDREW,KILUGWA,IDENT
20170505141558,SA4,901274,AMINA,KAHABUKA,IDENT
20170505141600,SA5,901344,JACKSON,ATANUS,IDENT
20170505141605,SA5,901346,FRANK,MANDI,IDENT
20170505142300,SA2,901251,GATI,NYANTUMAN,IDENT
20170505142335,SA5,901327,EMERY,MSUNGU,IDENT
20170505142407,SA4,901220,AGNESS,MWAMBENGO,IDENT
20170505142430,SA6,900584,LUCY,MACHAI,IDENT
20170505142540,SA6,900474,PHILBERT,MATOGO,IDENT
20170505142738,SA6,900444,JOHN,MEDA,IDENT
20170505142648,SA4,900872,ZALAU,NGWELE,IDENT
20170505142859,SA4,901002,MARIAM,SABURI,IDENT
20170505143359,SA4,900977,MWANAHAMISI,MUNKUNDA,IDENT
20170505144336,SA6,900050,STANLEY,JEREMIAH,IDENT
20170505145022,SA4,901238,MARIAM,SELEMANI,IDENT
20170505145553,SA2,901273,HELLEN,KIZWALO,IDENT
20170505150058,SA4,901138,JOYCE,CHEMRA,IDENT
20170505150104,SA4,901003,SALAMA,KADALA,IDENT
20170505150158,SA5,901419,JENIPHA,MWILONGO,IDENT
20170505150413,SA2,901073,SALMA,MUHARAMU,IDENT
20170505150608,SA6,900436,HONEST,MATEMU,IDENT
20170505150835,SA4,900956,DIANA,LEMA,IDENT
20170505152050,SA6,900257,ENGLIBERTH,DAUDI,IDENT
20170505152943,SA2,900902,SAKINA,MAWEMBA,IDENT
20170505153635,SA4,900871,MWANAHAMISI,NDOLWA,IDENT
20170505154507,SA6,900270,HASSAN,KIGWIO,IDENT
20170505154518,SA6,E078,SANJAY,GOYAL,IDENT
20170505155457,SA5,901325,JOSEPH,KAVISHE,IDENT
20170505160859,SA2,901258,ATHUMAN,KILINDU,IDENT
20170505163036,SA6,900029,JUMANNE,MBONDE,IDENT
20170505163127,SA6,900041,NELSON,MTEMI,IDENT
20170505163154,SA6,101880,RICHARD,MAKASI,IDENT
20170505163204,SA6,901433,ESTER,THEOFIL,IDENT
20170505164458,SA6,900099,AMIN,JUMA,IDENT
20170505165656,SA6,900115,AKIDA,DUGANGE,IDENT
20170505165712,SA6,900110,RASHID,ISSA,IDENT
20170505165715,SA6,900397,ANNA,MOSHI,IDENT
20170505165802,SA6,900132,FRIDA,KIGWA,IDENT
20170505165915,SA6,900560,DEOGRASIAS,STEPHIN,IDENT
20170505165958,SA6,900184,JASPER,NGURUBE,IDENT
20170505170023,SA6,900689,IRENE,MOSHI,IDENT
20170505170027,SA6,901584,PENDO,MNJAGILA,IDENT
20170505170035,SA6,900271,HUSNA,SAID,IDENT
20170505170041,SA6,901431,AMBALI,SOUD,IDENT
20170505170050,SA6,900008,ANNE,MCHUMA,IDENT
20170505170104,SA5,901334,SHAIBU,KASANGA,IDENT
20170505170116,SA2,900938,ISMAIL,THOMAS,IDENT
20170505170133,SA6,900649,ZUBEDA,MANDIA,IDENT
20170505170159,SA5,901382,KONDO,MOHAMED,IDENT
20170505170200,SA6,901569,FREDRICK,MUSHI,IDENT
20170505170210,SA6,900111,SALUM,SAIDI,IDENT
20170505170225,SA5,901406,PASCAL,STANLEY,IDENT
20170505170230,SA5,901339,JAMES,MKONO,IDENT
20170505170238,SA6,900133,GEORGE,GIDION,IDENT
20170505170246,SA6,900703,MUSSA,MTALI,IDENT
20170505170306,SA6,900408,COLLMAN,KISISA,IDENT
20170505170310,SA6,900407,CHRISTIAN ,NGONYANI,IDENT
20170505170316,SA6,900043,RANI,MOHAR,IDENT
20170505170324,SA6,901558,CONSOLATA,MDEMU,IDENT
20170505170332,SA6,900388,AGNES,SHAYO,IDENT
20170505170344,SA6,900262,FRIDA, MWAMBEGELE,IDENT
20170505170356,SA6,901581,PROSPER,KATABALWA,IDENT
20170505170414,SA6,900454,KHALFAN,AMOUR,IDENT
20170505170422,SA6,900467,MBARUKU,OSWAD,IDENT
20170505170429,SA6,900414,EMMANUEL ,SERAPHINE,IDENT
20170505170501,SA6,900055,VERONICA,MBAZIGWA,IDENT
20170505170508,SA6,900458,KIBWANA,SAIDI,IDENT
20170505170513,SA6,900449,JUMA,SANGAYA,IDENT
20170505170526,SA5,901329,ELIWA ,SHAO,IDENT
20170505170549,SA6,900591,RASHID ,MUNKENDA,IDENT
20170505170606,SA6,901435,FILES,MBANDO,IDENT
20170505170614,SA6,900016,FATUMA,HAMISI,IDENT
20170505170624,SA5,901333,NEEMA,KILUZIA,IDENT
20170505170643,SA6,900114,ABEID,MOHAMED,IDENT
20170505170647,SA6,900468,MICHAEL,IBRAHIM,IDENT
20170505170705,SA2,900936,SOPHIA,MBONDE,IDENT
20170505170730,SA6,900574,FURAHA,MSAMBWA,IDENT
20170505170734,SA6,900413,ELIBAHATI,JOSEPH,IDENT
20170505170738,SA6,900431,HAMADI,ZUBERI,IDENT
20170505170744,SA6,900057,ZAITUNI,ABDALLAH,IDENT
20170505170749,SA6,900404,BRYANT,NYENYEMBE,IDENT
20170505170725,SA5,901335,YONA,MAPELELE,IDENT
20170505170730,SA5,901326,ALLY,MBONDE,IDENT
20170505170820,SA6,900400,BAHATI,LUBUVA,IDENT
20170505170826,SA6,901332,NASRA,MSANYA,IDENT
20170505170832,SA6,900472,MWALIMU,SELEMANI,IDENT
20170505170843,SA6,900484,SHANI,MOHAMED,IDENT
20170505170848,SA6,900682,BENEDICT,ELIAS,IDENT
20170505170851,SA6,900681,ABUBAKARI,MGAZA,IDENT
20170505170856,SA6,900399,ATHUMANI,JUMA,IDENT
20170505170905,SA6,900701,MATHEW,NDANSHAU,IDENT
20170505170913,SA6,900620,AYOUB,MTAFUNGWA,IDENT
20170505170924,SA2,901068,CATHERINE,MATENGO,IDENT
20170505170928,SA6,900418			,FELIX,WAUSA,IDENT
20170505171010,SA6,900439,IDDI,MOHAMED,IDENT
20170505171014,SA6,900435,HASSAN,NKHAMBI,IDENT
20170505171059,SA2,900940,JUMANNE,ZONGO,IDENT
20170505171103,SA6,900488,THOBIAS,KIWELU,IDENT
20170505171121,SA6,900447,JOSEPH,LUSANA,IDENT
20170505171127,SA6,900465,MARTIN,KIDUNGU,IDENT
20170505171327,SA6,900460,LAMECK,ASSETO,IDENT
20170505171332,SA6,900432,HAMZA,ABDALLAH,IDENT
20170505171342,SA6,900430,GWAKISA,MWAKASAGURE,IDENT
20170505171408,SA6,900586,MOHAMED,SOLOKA,IDENT
20170505171410,SA4,901239,SAKINA,KIZEE,IDENT
20170505171414,SA6,900268,GWANTWA,MWASYEBULE,IDENT
20170505171415,SA5,901278,HENRY ,CHELULA,IDENT
20170505171419,SA6,901585,SADICK,MAPUNDA,IDENT
20170505171424,SA6,900566,ERICK,NDUNGURU,IDENT
20170505171435,SA4,900910,ZAINABU,SADALLAH,IDENT
20170505171435,SA2,200349,FRANK,MOSHI,IDENT
20170505171525,SA6,900247,ALLY,SELEMANI,IDENT
20170505171531,SA6,900390,ALBERT,KANENDA,IDENT
20170505171536,SA6,900155,MWANAFATIMA,MATIPA,IDENT
20170505171614,SA6,900481,RICHARD,KWEYAMBA,IDENT
20170505171727,SA6,900108,NORAH,CLEMENCE,IDENT
20170505171743,SA6,900291,RASHIDI,MUSSSA,IDENT
20170505171810,SA6,900107,MSELEM,MSELEM,IDENT
20170505171846,SA2,901396,EDWIN,KIPUYO,IDENT
20170505171900,SA4,900944,FROLA,KAMARA,IDENT
20170505171931,SA2,200351,MICHAEL,MICHAEL,IDENT
20170505171934,SA6,900257,ENGLIBERTH,DAUDI,IDENT
20170505171951,SA6,900014,DILIP,JOSHI,IDENT
20170505172010,SA2,901452,STEVEN,CHUWA,IDENT
20170505172015,SA2,901449,BONIFAS,ANGANILE,IDENT
20170505172017,SA6,900416,ERICK,DAUD,IDENT
20170505172018,SA2,901453,JOHNSON,MUNISI,IDENT
20170505172024,SA2,901451,JUSTINE,MKUDE,IDENT
20170505172029,SA2,901447,MASHAKA,MATEKELE,IDENT
20170505172154,SA6,900470,MODEST,NJAU,IDENT
20170505172202,SA4,901443,MWAJUMA,SHEMBWANA,IDENT
20170505172218,SA4,901442,JARINA,SHEKOLA,IDENT
20170505172230,SA4,900941,KULWA,MSUMA,IDENT
20170505172346,SA6,900485,SHUFAA,ABEID,IDENT
20170505172349,SA6,900464,MARTHA,MWIKOLA,IDENT
20170505172740,SA6,900128,ENELES,MBWAGA,IDENT
20170505172843,SA2,100597,NOVATI,TARIMO,IDENT
20170505172922,SA2,200312,BARAKA,KATEGILE,IDENT
20170505172941,SA6,900009,ASHA,HAMISI,IDENT
20170505172947,SA6,901265,FRANK ,RUZIGA,IDENT
20170505172959,SA6,E077,SUMIT,BHATNAGAR,IDENT
20170505173220,SA2,200311,DAVID,BWILE,IDENT
20170505173225,SA2,200318,JOSHUA , PAULO,IDENT
20170505173306,SA6,900389,AHMAD,KINDUMA,IDENT
20170505173312,SA2,901450,FARIDA,JUMA,IDENT
20170505173348,SA6,901434,JOSEPHINA,HAU,IDENT
20170505173357,SA6,E008,ATUL,PATHAK,IDENT
20170505173402,SA6,E037,SRINIVAS,DANTU,IDENT
20170505173417,SA6,E068,RANJEET SINGH,SAINI,IDENT
20170505173421,SA6,E060,ANOOP,TIWARI,IDENT
20170505173448,SA6,900137,HERIETH,MWELI,IDENT
20170505173532,SA6,900280,TADEO,MWINGIZI,IDENT
20170505173541,SA6,E041,JAGAN MOHAN,YERUVA,IDENT
20170505173648,SA6,900123,CHARLES,LUSWETULA,IDENT
20170505173738,SA2,200314,DEO,SAKAYA,IDENT
20170505173752,SA6,900582,ZABRON,TOSSI,IDENT
20170505173824,SA6,900445,JOHN,MASUNGWA,IDENT
20170505173914,SA2,901446,DANIEL,MBARUKA,IDENT
20170505174108,SA6,900446,JOSEPH,KIBASA,IDENT
20170505174117,SA6,901573,DAUDI,NYASHIMO,IDENT
20170505174129,SA6,900126,DORIKA,MALYANGO,IDENT
20170505174156,SA6,900142,IRENE,MREMA,IDENT
20170505174201,SA6,900173,SHARIFA,MRISHO,IDENT
20170505174327,SA6,900144,JANE,MWAKABULUFU,IDENT
20170505174505,SA2,200316,DENIS,JOHNSON,IDENT
20170505174534,SA5,901422,EMMANUEL,KHALIDI,IDENT
20170505174749,SA6,900387,ADAM,KINGU,IDENT
20170505174911,SA6,E032,SANKARAN,JAYARAM,IDENT
20170505174944,SA6,900448,JOSEPH,MKELEBE,IDENT
20170505175312,SA6,900493,YAKOBO,ALLY,IDENT
20170505175503,SA2,900859,MASANGULA,MASANGURA,IDENT
20170505175528,SA2,100603,EDWIN,OWINO,IDENT
20170505175654,SA6,900103,FREDNAND,JACKSON,IDENT
20170505175649,SA4,901448,PAULINA,DAVID,IDENT
20170505175849,SA6,900175,TEDDY,SIMON,IDENT
20170505180017,SA2,200309,RAMADHANI,KIHILE,IDENT
20170505180043,SA6,900165,RAMADHANI,NYENJE,IDENT
20170505180052,SA6,900402,BARAKA,MVUNGI,IDENT
20170505180223,SA6,900405,CHARLES,WILLIAM,IDENT
20170505180230,SA6,900292,ROSE,CHIKAWE,IDENT
20170505180518,SA6,900156,MWANAISHA,UWESU,IDENT
20170505180705,SA6,900629,MICHAEL,ZAMBETAKIS,IDENT
20170505180940,SA2,901444,BAKARI,KITILA,IDENT
20170505181153,SA6,E013,GIRIRAJ,SHARMA,IDENT
20170505181406,SA6,900007,ANNA,DUA,IDENT
20170505181443,SA6,900143,JACKLINE,MAIGA,IDENT
20170505181622,SA6,900014,DILIP,JOSHI,IDENT
20170505181714,SA6,E079,BALASUBRAMANIAM,M,IDENT
20170505181735,SA6,900044,REGINARD,MSHANGA,IDENT
20170505181950,SA6,901432,AMINA,SOGOI,IDENT
20170505181956,SA6,900039,MWAJABU,ALLY,IDENT
20170505182827,SA6,E084,NAVNEET, SINGH,IDENT
20170505182853,SA6,901582,ANTHONY,PAULO,IDENT
20170505183542,SA6,900120,BENEDICTO,MBOKO,IDENT
20170505184121,SA6,E021,RAJA,SWAMINATHAN,IDENT
20170505184205,SA6,900660,IDDI,ALLY,IDENT
20170505184358,SA6,900017,FIKA,JOMSON,IDENT
20170505184405,SA6,901438,MARY,JOSEPH,IDENT
20170505185524,SA5,901298,SWAUMU,MZIRAI,IDENT
20170505185630,SA6,900002,ABDALLAH,MWEYO,IDENT
20170505185655,SA6,900452,KENNEDY,KIMARO,IDENT
20170505190251,SA6,900151,LISSY,KIGONJOLA,IDENT
20170505190317,SA6,E083,GURURAJ,SHENVI,IDENT
20170505195115,SA6,900544,YUSUPH,MTUTUMA,IDENT
20170505195748,SA6,900048,SHELLA,MFAUME,IDENT
20170505195847,SA6,900049,SIHABA,NAKIPENGELE,IDENT
20170505200145,SA5,901293,JOHARI,MAHARIA,IDENT
20170505200513,SA6,900596,DAVID,MWAMPAMBA,IDENT
20170505200658,SA6,900251,AMRI,WAZIRI,IDENT
20170505201041,SA6,900023,JINGSON,SAIMON,IDENT
20170505201138,SA6,900036,MOHAMED,MAJUJULO,IDENT
20170505201208,SA6,900015,EMMANUEL ,CLEMENT,IDENT
20170505201424,SA6,900021,JAFARI,BAINA,IDENT
20170505205926,SA6,900285,NKWABI,MDEHWA,IDENT
20170505205932,SA6,900054,THOMAS,MGABO,IDENT
20170505210203,SA6,900051,SUDI,KHALFANI,IDENT
20170505210242,SA6,900541,GOLDEN,MDUBA,IDENT
20170505211032,SA6,900006,ANDREW,JOSEPH,IDENT
20170505212904,SA6,900575,CHRISTINA ,SENYANGWA,IDENT
20170505213031,SA5,901383,JOAN,OMANDI,IDENT
20170505213044,SA6,900168,RAZAKI,MTINDA,IDENT
20170505213048,SA5,901409,MAGRETH,NGOSI,IDENT
20170505213058,SA5,901397,LINETH,KYARUS,IDENT
20170505213107,SA4,901191,ROSE,BENARD,IDENT
20170505213115,SA4,901210,ROSE,CHUWA,IDENT
20170505213122,SA4,900947,ANNA,GODISON,IDENT
20170505213134,SA5,901289,CONSOLATHA,RAPHAEL,IDENT
20170505213155,SA4,900948,VERONICA,MFILINGE,IDENT
20170505213158,SA5,901322,SARAH,ALLY,IDENT
20170505213204,SA5,901412,ELIA,NGWALI,IDENT
20170505213212,SA5,901192,ASMA,KONDO,IDENT
20170505213245,SA5,901352,ABDALAH,SUDY,IDENT
20170505213322,SA6,900420,FRANCIS,TESHA,IDENT
20170505213344,SA5,901312,VUMILIA,NDEGE,IDENT
20170505213521,SA2,901020,VICTORIA,MWALUANDA,IDENT
20170505213527,SA2,901072,TATU,ATHUMAN,IDENT
20170505213533,SA2,900907,PAULINA,DEVA,IDENT
20170505213540,SA4,900895,CATHERINE,CHIGOGOLO,IDENT
20170505213547,SA4,900886,ELIZABERTH,KIJA,IDENT
20170505213556,SA4,900896,HADIJA , KIHEGO,IDENT
20170505213605,SA6,900627,BAHATI,KAPIGA,IDENT
20170505213631,SA5,901204,SOPHIA,LUGOME,IDENT
20170505213921,SA5,901283,KEDMOND,KAMOGA,IDENT
20170505213924,SA4,901559,MARIAM,JUMA,IDENT
20170505213932,SA5,901341,JESSE,JEREMIA,IDENT
20170505213935,SA4,900875,ASHA,MALINBWI,IDENT
20170505213944,SA2,901085,ELIZABETH,NYAMBO,IDENT
20170505214023,SA4,901104,MWANAHAWA,HASSAN,IDENT
20170505214027,SA2,900976,LUCY,STANLEY,IDENT
20170505214152,SA6,900139,IDD,YUSUFU,IDENT
20170505214240,SA4,901236,FATIMA,ALLY,IDENT
20170505214245,SA5,901086,ELIWAZA,MWIGOHA,IDENT
20170505214246,SA6,900148,JUDITH,MALISA,IDENT
20170505214346,SA5,901402,ALLY,SELEMAN,IDENT
20170505214434,SA5,901012,FATUMA,KABUMA,IDENT
20170505214442,SA5,901296,STELLA,LUGOME,IDENT
20170505214530,SA4,900866,FLORA,DAMAS,IDENT
20170505214551,SA5,901572,WAISAHA,PATRICK,IDENT
20170505214624,SA5,900917,SALMA,DIWILE,IDENT
20170505214639,SA2,901223,HAPPY,MKWEPU,IDENT
20170505214756,SA2,901134,NURU,MULONGANILE,IDENT
20170505214634,SA5,901303,TAUSI,KATULA,IDENT
20170505214649,SA5,900864,TECLA,SAMWEL,IDENT
20170505214728,SA5,900884,HADIJA,GOGO,IDENT
20170505214951,SA6,900395,AMOS,MIMBI,IDENT
20170505215007,SA2,901167,KELVIN,NGOZI,IDENT
20170505215012,SA2,901096,SAMWELI,MANGARE,IDENT
20170505215102,SA6,900169,REHEMA,YUSUFU,IDENT
20170505215109,SA2,901175,SALMA,RAMADHAN,IDENT
20170505215119,SA5,901340,FELIX,MAKANYA,IDENT
20170505215140,SA5,901321,ELIZABET,MHIMBA,IDENT
20170505215147,SA5,901347,JAMES,MAJIJI,IDENT
20170505215229,SA5,901148,IBRAHIM,MZENTO,IDENT
20170505215318,SA6,900567,BAKARI,BELEKETE,IDENT
20170505215331,SA6,900489,TUMAINI,MNZAVA,IDENT
20170505215336,SA2,900987,PILLY,MWAWILA,IDENT
20170505215405,SA4,900999,ROSE,MWAMAKOLA,IDENT
20170505215439,SA6,900478,RAPHAEL,SENKONDO,IDENT
20170505215502,SA2,901261,ZAINA,KILWANDA,IDENT
20170505215508,SA2,901044,SUZANA,KIMARO,IDENT
20170505215512,SA5,901421,ALFRED,MUGHWAI,IDENT
20170505215515,SA2,900844,AISHA,MSOMI,IDENT
20170505215520,SA2,900978,ELIZABETH,ZAE,IDENT
20170505215525,SA6,900127,DUNCAN,MHANDO,IDENT
20170505215529,SA2,901196,BONIPHACE,NGESI,IDENT
20170505215530,SA6,900124,DAUDI,ELIFALETH,IDENT
20170505215536,SA6,900579,GRAYSON,KUNZUGALA,IDENT
20170505215538,SA2,900990,JANE,MHONGOLE,IDENT
20170505215542,SA5,901034,STAMILI,MUSSA,IDENT
20170505215545,SA2,901024,ASIA,KARATA,IDENT
20170505215548,SA5,901300,ANNA,TEMBA,IDENT
20170505215600,SA2,901067,HELENA,SAMWELI,IDENT
20170505215607,SA5,901319,CHRISTINA,TATI,IDENT
20170505215613,SA5,901019,ASHA,NGAMBA,IDENT
20170505215615,SA4,901129,FELISTA,NYAHENGE,IDENT
20170505215619,SA5,901076,AGNESS,NGAPONDA,IDENT
20170505215624,SA5,901414,EMMANUEL,BANDIKO,IDENT
20170505215627,SA6,900134,GRACE,KIM,IDENT
20170505215629,SA5,901423,CONSOLATHA,JOSEPH,IDENT
20170505215637,SA6,900112,ABDALLAH,MIKALAMBILO,IDENT
20170505215655,SA2,901194,ELINA,ABEL,IDENT
20170505215714,SA6,900451,KASSIM,MALICK,IDENT
20170505215726,SA2,901122,NEEMA,FANUEL,IDENT
20170505215732,SA2,901266,AZIZA,KAKOMBE,IDENT
20170505215746,SA6,900556,REGINA,NDALUHEKEYE,IDENT
20170505215755,SA2,901271,RACHEL,MCHOVU,IDENT
20170505215804,SA6,900159,PAMELA,KUSALIKA,IDENT
20170505215634,SA5,901282,ADAM,MUSSA,IDENT
20170505215639,SA5,900883,EDINA,ABED,IDENT
20170505215645,SA5,900914,HAWA,MWIMBE,IDENT
20170505215650,SA5,900894,NURU,MAKANDE,IDENT
20170505215654,SA4,900931,JOHARI,KIMARO,IDENT
20170505215656,SA5,900939,STELLA,MAGOGWA,IDENT
20170505215701,SA5,900916,SABINA,KINGIMALI,IDENT
20170505215703,SA4,901026,FATUMA,KONYO,IDENT
20170505215707,SA5,901287,REGINA,JEMES,IDENT
20170505215709,SA4,900992,AGNES,MEJA,IDENT
20170505215712,SA5,900862,EDINA,MWAKYOMA,IDENT
20170505215718,SA5,901162,MWANAHARUSI,MOHAMED,IDENT
20170505215721,SA4,901212,JASMINI,MOHAMED,IDENT
20170505215728,SA5,901311,LOYCE,MASKINI,IDENT
20170505215733,SA4,900946,RAHMA,MWIMBA,IDENT
20170505215735,SA5,900915,DOROTHEA,KILO,IDENT
20170505215738,SA4,900904,ANNA,MAGEMBE,IDENT
20170505215742,SA4,901030,VERONICA,WANGWE,IDENT
20170505215742,SA5,901408,SAIDI,MAKALA,IDENT
20170505215747,SA5,900853,DEVOTHA,ELIAS,IDENT
20170505215748,SA4,901160,SAUDA,MCHECHE,IDENT
20170505215753,SA5,901304,SOPHIA,ALLY,IDENT
20170505215753,SA4,900997,MARY,ONDURU,IDENT
20170505215759,SA5,901405,ABDANI,SHILLA,IDENT
20170505215801,SA4,900972,SAFINA,ABEID,IDENT
20170505215803,SA5,900959,REHEMA,LYOWA,IDENT
20170505215803,SA2,901270,NAOMI,OBONG,IDENT
20170505215806,SA4,900974,ZAWADI,SADIKI,IDENT
20170505215809,SA5,900867,AISHA,KIUMBA,IDENT
20170505215810,SA2,901042,FARIDA,NDAUKE,IDENT
20170505215811,SA4,901108,AISHA,WILLIUM,IDENT
20170505215814,SA5,901338,WAZIRI,WAZIRI,IDENT
20170505215818,SA4,901124,TABIA,OMARY,IDENT
20170505215819,SA5,901043,ANNA,JOHN,IDENT
20170505215823,SA2,900897,SWAUMU,SAIDI,IDENT
20170505215824,SA4,901089,HARUNA,ATHUMANI,IDENT
20170505215827,SA5,901205,JAMILA,MASONGI,IDENT
20170505215831,SA4,901023,AMINA,CHAKWE,IDENT
20170505215837,SA5,900856,MWAJAMBU,HAMAD,IDENT
20170505215838,SA4,901007,MODESTA,JOGOO,IDENT
20170505215839,SA6,900153,MUSSA,KIGUNGAS,IDENT
20170505215843,SA5,901094,MARTINA,FISSO,IDENT
20170505215849,SA4,901047,MWAJUMA,HAMIS,IDENT
20170505215849,SA5,901404,AWAZI,SALIM,IDENT
20170505215853,SA5,901388,OSWALD,SHILLA,IDENT
20170505215857,SA2,901180,FURAHA,TEMBA,IDENT
20170505215859,SA5,901385,ABDALLA,MGAYA,IDENT
20170505215903,SA5,901155,GRACE,MUHONO,IDENT
20170505215903,SA4,901025,ASHURA,HAMISI,IDENT
20170505215904,SA2,901174,BETH,NGADADA,IDENT
20170505215911,SA2,901011,JANE,SIMON,IDENT
20170505215912,SA5,900961,ELIZABETH,FRANCISCO,IDENT
20170505215919,SA2,900908,SALMA,RWAMBANO,IDENT
20170505215924,SA2,901041,JACKLINI,MBOYA,IDENT
20170505215925,SA5,900868,MAIMUNA,JARUFU,IDENT
20170505215927,SA2,901091,FARIDA,LYIMO,IDENT
20170505215931,SA2,901097,EMANUEL,MSOKWA,IDENT
20170505215933,SA5,901286,AGNES,LUCAS,IDENT
20170505215940,SA5,901316,ZUHURA,HAMIS,IDENT
20170505215943,SA2,901184,GRACE,NGALABA,IDENT
20170505215948,SA2,901079,AGNESS,HAJI,IDENT
20170505215948,SA5,901299,SAUDA,MATOWELA,IDENT
20170505215950,SA2,901075,AGATHA,JAMALI,IDENT
20170505215956,SA2,901082,EDINA,JOHN,IDENT
20170505220001,SA2,901201,DEOGRATIUS,KESSY,IDENT
20170505220002,SA4,900985,BAHATI,SARAPIONI,IDENT
20170505220002,SA5,900879,RAHMA,KILO,IDENT
20170505220007,SA2,900945,ELIZABETH,MREMA,IDENT
20170505220010,SA4,901215,MWANAIDI,KOLOKO,IDENT
20170505220010,SA5,900881,ZAINABU,SAIDI,IDENT
20170505220011,SA6,900406,CHAUREMBO,MWINYI,IDENT
20170505220012,SA2,900933,WINFRIDA,LUSEBA,IDENT
20170505220016,SA4,901113,ELIZABETH,SHIRIMA,IDENT
20170505220016,SA6,900583,REGINALD,MICHAEL,IDENT
20170505220020,SA5,901366,LYDIA,MAKENE,IDENT
20170505220021,SA2,900921,MWAJUMA,IDDI,IDENT
20170505220022,SA6,900391,ALLY,MASHAURI,IDENT
20170505220022,SA4,901027,EDDA,MWAKIBINGWA,IDENT
20170505220025,SA2,900925,REGINA,THOMAS,IDENT
20170505220029,SA5,901362,JULIETH,GODFREY,IDENT
20170505220030,SA4,900993,MARIAM,MSUMALI,IDENT
20170505220030,SA2,901035,AGNES,NKONJELWA,IDENT
20170505220035,SA2,901111,ASIA,MSHAMU,IDENT
20170505220036,SA4,900913,ASHURA,NGUMBE,IDENT
20170505220041,SA6,900487,STEPHEN,KAMBWEMBWE,IDENT
20170505220041,SA4,900878,AISHA,KIZINGA,IDENT
20170505220043,SA5,901051,HABIBA,PAZZI,IDENT
20170505220043,SA2,901037,FADINA,IBRAHIM,IDENT
20170505220046,SA4,901197,RASHID,NJERAN,IDENT
20170505220050,SA5,901363,ZUCRA,SWEDI,IDENT
20170505220050,SA2,900970,MARIA,ELIESEL,IDENT
20170505220053,SA4,901132,HEAVENLIGHT,NKYA,IDENT
20170505220055,SA5,901095,BEATA,KOMBA,IDENT
20170505220055,SA2,900906,MARYSTELA,MCHOME,IDENT
20170505220058,SA4,901143,LINES,PILLI,IDENT
20170505220101,SA2,901052,SUZANA,NAPANGA,IDENT
20170505220101,SA6,900417,FABIAN,FABIAN,IDENT
20170505220102,SA5,900849,IRENE,MMARI,IDENT
20170505220104,SA4,901241,FATUMA,JUMA,IDENT
20170505220107,SA5,901328,MARRY,SHOO,IDENT
20170505220109,SA2,900963,MWAZANI,SAIDI,IDENT
20170505220112,SA4,901059,JAZIRA,RAMADHANI,IDENT
20170505220112,SA5,901359,VILET,MHELUKA,IDENT
20170505220113,SA2,901054,FATUMA,MUHANDO,IDENT
20170505220117,SA5,901277,NEEMA,UISO,IDENT
20170505220117,SA4,900996,LILIAN,RASHIDI,IDENT
20170505220117,SA6,900423,GARDINO,MHIMBA,IDENT
20170505220122,SA4,901022,SILIVIA,SHAYO,IDENT
20170505220125,SA5,901369,RECHO,MSHUMBUSI,IDENT
20170505220127,SA4,901107,MUHIDINI,HASSAN,IDENT
20170505220128,SA2,900905,AMINA,MUHIDINI,IDENT
20170505220133,SA4,901245,EVERINA,MKETO,IDENT
20170505220137,SA2,901032,MARISELINA,NGULI,IDENT
20170505220138,SA4,901181,ASNA,SPRIAN,IDENT
20170505220142,SA4,901247,KULUTHUM,CHILEMILE,IDENT
20170505220143,SA6,900473,NAOMI,GONDA,IDENT
20170505220146,SA5,901298,SWAUMU,MZIRAI,IDENT
20170505220147,SA4,901156,SAID,HAMISI,IDENT
20170505220150,SA2,900846,SARA,CHIDUNI,IDENT
20170505220151,SA4,901253,JOYCE,KESI,IDENT
20170505220152,SA5,901046,GRADIS,MAGANA,IDENT
20170505220156,SA4,901244,SWAUMU,HIMBU,IDENT
20170505220159,SA5,901173,BAHATI,MAKAMBA,IDENT
20170505220202,SA4,900899,MAGDALENA,SIMAO,IDENT
20170505220203,SA2,901186,FROLA,KILIMA,IDENT
20170505220209,SA4,900890,OLIVER,UDOBA,IDENT
20170505220212,SA2,901105,MTUMWA,ALLY,IDENT
20170505220213,SA5,901384,JOSHUA,KITUNDU,IDENT
20170505220218,SA5,901389,OMARY,JUMA,IDENT
20170505220221,SA4,901243,PLAKSEDA,AKIZAMUNGU,IDENT
20170505220221,SA2,901170,BAHATI,SHABANI,IDENT
20170505220226,SA5,901354,AISHAH,OTHUMANI,IDENT
20170505220227,SA4,901029,MARIAM,MWETEMBO,IDENT
20170505220228,SA2,901064,SAID,RAMADHANI,IDENT
20170505220229,SA6,900428,GLADIS,MAZENGO,IDENT
20170505220231,SA5,901427,JESCA,NGUMBU,IDENT
20170505220233,SA4,900988,UPENDO,PETER,IDENT
20170505220237,SA5,901356,ZAMDA,NGWABAYA,IDENT
20170505220239,SA4,901246,VERONICA,MTENGWA,IDENT
20170505220242,SA5,901324,MARIAM,YAHAYA,IDENT
20170505220244,SA4,901136,HONORATA,SHAYO,IDENT
20170505220248,SA4,901140,ASHURA,MGENI,IDENT
20170505220248,SA5,901345,ALHAJI,KIHIYO,IDENT
20170505220253,SA4,900927,SAADA,SALUM,IDENT
20170505220253,SA5,901302,ASHA,SHOMARI,IDENT
20170505220258,SA4,900994,MWAISHA,MWAMOTO,IDENT
20170505220302,SA5,900950,ASHURA,ATHUMAN,IDENT
20170505220304,SA4,901150,CHRISTINA,MBODE,IDENT
20170505220307,SA6,900658,MWASITI,LABOA,IDENT
20170505220307,SA5,901364,SALAFINA,KISAPI,IDENT
20170505220309,SA4,901114,FARIDA,AMBLOS,IDENT
20170505220311,SA5,900860,AGNESS,LUHUNGO,IDENT
20170505220319,SA5,900901,NEEMA,NYAKOKI,IDENT
20170505220320,SA4,901127,ZAHARA,MBELWA,IDENT
20170505220325,SA4,901045,ASHURA,KATULA,IDENT
20170505220329,SA4,901231,ASHA,DUTCH,IDENT
20170505220329,SA5,901198,MANEO,ATHUMANI,IDENT
20170505220335,SA4,901117,HIDAYA,MASOUD,IDENT
20170505220335,SA5,901130,NURU,DAUDI,IDENT
20170505220340,SA4,901193,VICTORIA,MWAMPEGETE,IDENT
20170505220344,SA5,900891,HINESS,KAAYA,IDENT
20170505220346,SA4,901112,BUSHRA,SALUM,IDENT
20170505220350,SA6,900116,ASHA,ALLY,IDENT
20170505220400,SA4,901168,REHEMA ,MWASOMOLA,IDENT
20170505220410,SA4,901187,MONICA,SHEMBONI,IDENT
20170505220418,SA4,901256,AVERINA,AMANDUS,IDENT
20170505220430,SA5,901209,MIRIAM,MNDEWA,IDENT
20170505220508,SA4,901262,HADIJA,SALUM,IDENT
20170505220518,SA2,900943,MWAMINI,MPANGULE,IDENT
20170505220519,SA5,901392,STELLA,MTALLO,IDENT
20170505220526,SA2,901115,FROLA,SIKWEMBE,IDENT
20170505220538,SA4,901185,JOYCE,SAMWEL,IDENT
20170505220540,SA2,901021,NEEMA ,MWANGO,IDENT
20170505220543,SA4,901190,NEEMA,MNYALAPE,IDENT
20170505220548,SA4,901135,REHEMA,OMARY,IDENT
20170505220553,SA5,901229,ANNA,NGAPONDA,IDENT
20170505220556,SA4,901182,RENIFRIDA,NGUMBU,IDENT
20170505220558,SA5,901350,ALFRED,CHARLES,IDENT
20170505220603,SA5,901152,STELLA,MWAKATOBE,IDENT
20170505220608,SA4,901235,TUMAIN,MUNGURE,IDENT
20170505220612,SA5,901255,ASHA,BILALI,IDENT
20170505220623,SA5,901416,YONA,MUSA,IDENT
20170505220635,SA4,901015,JOYCE,CHACHA,IDENT
20170505220710,SA2,901080,SALOME,DUA,IDENT
20170505220651,SA4,900967,FATUMA,MTAMBUA,IDENT
20170505220658,SA4,900949,MUHINA,GOMBE,IDENT
20170505220731,SA5,901571,ENOCK,ELIA,IDENT
20170505220744,SA5,901297,STELLA,MAKUNDI,IDENT
20170505220749,SA5,901418,ISAYA ,SAWASAWA,IDENT
20170505220809,SA5,901429,REHEMA,MAZEKU,IDENT
20170505220844,SA5,901078,NASMA,LINOGA,IDENT
20170505220908,SA5,900865,CHRISTINA,MAGOWELA,IDENT
20170505220914,SA5,900919,ANNA,MPUGE,IDENT
20170505220943,SA5,901301,TUKAE,MUSA,IDENT
20170505221020,SA4,901179,AMANDA,KWEZI,IDENT
20170505221031,SA4,901123,REBECA,KALOFU,IDENT
20170505221032,SA6,900476,RAMADHANI,IDD,IDENT
20170505221050,SA2,901260,AISHA,MNEKA,IDENT
20170505221149,SA6,900396,ANDREW,MSANGI,IDENT
20170505221202,SA5,901288,EPIPHANIA,LUKWI,IDENT
20170505221246,SA5,900898,RUKIA,MATAUKA,IDENT
20170505221317,SA2,901039,JULIANA,SUKU,IDENT
20170505221440,SA6,900140,IGNATUS,MLANGWA,IDENT
20170505221510,SA6,900130,FATUMA,CHOMBO,IDENT
20170505221525,SA6,900398,ARSEN, RWEBANGILA	,IDENT
20170505221624,SA6,900161,PILLI ,MOHAMED,IDENT
20170505222005,SA6,900170,REHEMA,CHINUNJE,IDENT
20170505222025,SA6,900568,GODWIN,KIRIA,IDENT
20170506051257,SA6,900021,JAFARI,BAINA,IDENT
20170506051451,SA6,900135,HALIMA,NGAMZI,IDENT
20170506052026,SA6,900006,ANDREW,JOSEPH,IDENT
20170506052742,SA2,900902,SAKINA,MAWEMBA,IDENT
20170506052906,SA4,900969,JEMA,SALUM,IDENT
20170506053130,SA6,900054,THOMAS,MGABO,IDENT
20170506053306,SA4,900929,HALIMA,SEIF,IDENT
20170506053311,SA4,901216,ASHA,RAMADHANI,IDENT
20170506053316,SA4,901206,AISHA,MKUMBA,IDENT
20170506053321,SA4,901081,PILI,MDEDE,IDENT
20170506053328,SA4,901133,HUSNA,SENGAMBA,IDENT
20170506053345,SA4,901171,ESTHER,MUNGUTI,IDENT
20170506053356,SA4,900888,AMINA,NGAINA,IDENT
20170506053449,SA5,900866,FLORA,DAMAS,IDENT
20170506053453,SA5,900864,TECLA,SAMWEL,IDENT
20170506053459,SA6,900480,RASHID,MOHAMED,IDENT
20170506053501,SA5,901056,ANGELA,MWAKAPALILA,IDENT
20170506053545,SA4,901033,TATU,ISSA,IDENT
20170506053625,SA4,901128,ZAITUNI,SOGOI,IDENT
20170506053630,SA4,901102,ORIVER,DAUD,IDENT
20170506053632,SA5,901386,SHAMSI,MUHITI,IDENT
20170506053719,SA2,901254,NURAT,JAFARI,IDENT
20170506053724,SA2,900908,SALMA,RWAMBANO,IDENT
20170506053717,SA4,901005,HADIJJA,KIJUU,IDENT
20170506053752,SA5,901285,THABIT,ALLY,IDENT
20170506053828,SA4,900966,ZUHURA,KIJIMBO,IDENT
20170506053833,SA4,901001,AMINA,MUYA,IDENT
20170506053844,SA4,901106,MARYNIA,KAYOMBO,IDENT
20170506053846,SA5,901281,JOSEPH,MUSUGULI,IDENT
20170506053851,SA2,901111,ASIA,MSHAMU,IDENT
20170506053925,SA6,900582,ZABRON,TOSSI,IDENT
20170506053932,SA2,901009,MOSHI,SAIDI,IDENT
20170506053949,SA4,901014,LUCY,THOMAS,IDENT
20170506054000,SA4,900973,SHARIFA,LIYAYA,IDENT
20170506054006,SA4,901222,DEBORA,FILIPATALI,IDENT
20170506054011,SA4,901057,ANNA,KITOMARY,IDENT
20170506054026,SA4,901251,GATI,NYANTUMAN,IDENT
20170506054034,SA4,901028,REHEMA,KWENGWEGU,IDENT
20170506054039,SA4,901120,MERCY,MONGI,IDENT
20170506054100,SA4,900995,MARY,KIAMA,IDENT
20170506054105,SA5,901314,JANE,NYAGAWA,IDENT
20170506054113,SA4,900964,RAPHAEL,MBOKO,IDENT
20170506054147,SA6,900049,SIHABA,NAKIPENGELE,IDENT
20170506054157,SA4,901145,ADELINA,MALEMA,IDENT
20170506054159,SA6,900251,AMRI,WAZIRI,IDENT
20170506054203,SA4,901250,JENIPHA,DAMIAN,IDENT
20170506054208,SA4,901207,AISHA,ABEID,IDENT
20170506054209,SA6,900541,GOLDEN,MDUBA,IDENT
20170506054214,SA4,901238,MARIAM,SELEMANI,IDENT
20170506054216,SA6,900162,PILLY,MANENO,IDENT
20170506054219,SA4,901165,FATUMA,ABDALLAH,IDENT
20170506054231,SA4,901058,HAMIDA,MATIPA,IDENT
20170506054236,SA4,901225,NOELA,YALOT,IDENT
20170506054241,SA4,901214,MARIAM,OMAR,IDENT
20170506054258,SA6,900116,ASHA,ALLY,IDENT
20170506054310,SA4,900887,ELITABETH,GOMELO,IDENT
20170506054316,SA4,901060,MARTHA,GABRIEL,IDENT
20170506054325,SA4,901065,ZAINABU,KARUMUNA,IDENT
20170506054330,SA4,901220,AGNESS,MWAMBENGO,IDENT
20170506054335,SA4,901049,REDEMTA,DANIEL,IDENT
20170506054340,SA4,901118,LILIAN,MREMA,IDENT
20170506054342,SA6,901149,EPIFANI, MBOKO,IDENT
20170506054345,SA4,901077,CONSOLATH,MATERU,IDENT
20170506054346,SA6,900048,SHELLA,MFAUME,IDENT
20170506054350,SA4,900989,AMINA,CHITWANGWA,IDENT
20170506054355,SA4,901055,ZAINABU,OMARY,IDENT
20170506054400,SA4,900937,UPENDO,MLEWA,IDENT
20170506054407,SA4,900872,ZALAU,NGWELE,IDENT
20170506054414,SA6,900251,AMRI,WAZIRI,IDENT
20170506054416,SA4,901103,MWATANGA,DIENI,IDENT
20170506054422,SA4,900951,MWAJUMA,AIDAN,IDENT
20170506054427,SA4,900880,MWANAHAMISI,MAREKANO,IDENT
20170506054433,SA4,901237,ZUBEDA,KIMARO,IDENT
20170506054450,SA5,900977,MWANAHAMISI,MUNKUNDA,IDENT
20170506054456,SA5,901309,SALMA,RAFIKI,IDENT
20170506054517,SA4,901116,GRACE,KAHANGE,IDENT
20170506054522,SA4,900952,SALAMA,MOHAMAD,IDENT
20170506054528,SA4,901249,HILDA,MWAZEMBE,IDENT
20170506054528,SA6,900444,JOHN,MEDA,IDENT
20170506054533,SA4,901146,MARTHA,MAKOTI,IDENT
20170506054538,SA4,901008,GRESS,KOBA,IDENT
20170506054551,SA4,900873,SELEN,JUMA,IDENT
20170506054553,SA2,900936,SOPHIA,MBONDE,IDENT
20170506054558,SA5,901071,YUNIS,NDAIGA,IDENT
20170506054559,SA4,901070,FLORA,MSAMLA,IDENT
20170506054622,SA4,901163,SIJALI,MKELE,IDENT
20170506054628,SA4,901036,AZIZA,MANGETU,IDENT
20170506054734,SA2,901039,JULIANA,SUKU,IDENT
20170506054655,SA5,901315,FIDEA,AGUSTINO,IDENT
20170506054712,SA4,900965,HERMAN,MAKOKO,IDENT
20170506054744,SA5,900850,ROSE,KITALI,IDENT
20170506054748,SA4,901063,RACHEL,MZOROZORO,IDENT
20170506054754,SA4,901248,MAGRETH,MASAWE,IDENT
20170506054801,SA5,901344,JACKSON,ATANUS,IDENT
20170506054809,SA5,901393,HADIJA,JUMA,IDENT
20170506054811,SA4,901100,REHEMA,SALEHE,IDENT
20170506054818,SA5,900861,MWAJABU,BAKARI,IDENT
20170506054819,SA4,901252,JENIPHA,CHIZA,IDENT
20170506054824,SA5,901367,BEATHA,MLOSO,IDENT
20170506054835,SA4,900889,SALMA,MWAWILA,IDENT
20170506054841,SA5,901360,MARRY,MASULUBE,IDENT
20170506054847,SA4,901151,SIJARI,MAGOMBE,IDENT
20170506054906,SA6,900148,JUDITH,MALISA,IDENT
20170506054928,SA4,901050,MARIAM,SAIDI,IDENT
20170506054932,SA2,901099,TAUS,MUSTAPHA,IDENT
20170506054939,SA4,900918,MARIAM,RAMADHANI,IDENT
20170506054943,SA5,900896,HADIJA , KIHEGO,IDENT
20170506054944,SA4,900911,NEEMA,URASSA,IDENT
20170506054948,SA5,900886,ELIZABERTH,KIJA,IDENT
20170506054953,SA4,901000,AGNES,MTYANGILE,IDENT
20170506054955,SA5,901307,MATRIDA,CHUVAKA,IDENT
20170506054959,SA5,901290,AGNES,SALAWA,IDENT
20170506055003,SA2,901038,AMINA,MDOE,IDENT
20170506055007,SA2,901079,AGNESS,HAJI,IDENT
20170506055019,SA5,901012,FATUMA,KABUMA,IDENT
20170506055053,SA4,900882,WINIFRIDA,MALISELINO,IDENT
20170506055058,SA4,901141,HADIJA,SALUM,IDENT
20170506055112,SA4,901177,ASHA,MAVENGELO,IDENT
20170506055125,SA5,901291,AISHA,ISSA,IDENT
20170506055125,SA4,900926,AMINA,KONDO,IDENT
20170506055135,SA2,900982,MWANAKOMBO,KHALID,IDENT
20170506055136,SA5,900903,RUKIA,MOHAMED,IDENT
20170506055143,SA5,901294,RATIFA,KAPINGA,IDENT
20170506055154,SA5,901361,MARRY,MLIUNJA,IDENT
20170506055159,SA5,901361,MARRY,MLIUNJA,IDENT
20170506055205,SA2,901233,SAMI,MTITIMA,IDENT
20170506055241,SA4,900958,SOPHIA,LIKONGO,IDENT
20170506055243,SA6,900544,YUSUPH,MTUTUMA,IDENT
20170506055245,SA4,901228,CESILIA,MBABUYE,IDENT
20170506055253,SA6,900544,YUSUPH,MTUTUMA,IDENT
20170506055257,SA4,900870,GOMERY,DAUDI,IDENT
20170506055302,SA4,901053,DORIS,JOHN,IDENT
20170506055305,SA6,900285,NKWABI,MDEHWA,IDENT
20170506055307,SA4,900923,HELENA,KHAJI,IDENT
20170506055316,SA4,901268,ANITHA,KWIMBA,IDENT
20170506055319,SA5,901559,MARIAM,JUMA,IDENT
20170506055321,SA4,900928,MARIA,MAGWE,IDENT
20170506055323,SA6,900647,JOHANSEN,MPANJU,IDENT
20170506055326,SA4,901139,HAPPY ,ZAKAYO,IDENT
20170506055329,SA5,901375,PILLI,CHOLOGONDO,IDENT
20170506055331,SA4,901142,SOPHIA,YUSUPH,IDENT
20170506055335,SA4,901224,ANNA,NYAKAPALA,IDENT
20170506055342,SA4,900971,NAOMI,SAMWELI,IDENT
20170506055351,SA5,901284,MOHAMED,IDDI,IDENT
20170506055401,SA5,901280,WHITNESS,MSAGATI,IDENT
20170506055405,SA4,900922,BAHATI,SALEHE,IDENT
20170506055416,SA4,901153,MAGRETH,ZANUARI,IDENT
20170506055417,SA5,901061,MWAJUMA,ABDALLAH,IDENT
20170506055422,SA5,901267,NEEMA ,MWAMANYE,IDENT
20170506055426,SA4,901126,YUNIS,LULANDALA,IDENT
20170506055432,SA5,901311,LOYCE,MASKINI,IDENT
20170506055447,SA4,901172,AGNES,STEVEN,IDENT
20170506055500,SA4,900960,AGNESS,NAWAHIGA,IDENT
20170506055507,SA4,901002,MARIAM,SABURI,IDENT
20170506055512,SA4,901018,AISHA,KIBINDO,IDENT
20170506055523,SA4,900900,HELENA,SENZUGWAKO,IDENT
20170506055531,SA4,901257,FRIDA,MHELELA,IDENT
20170506055534,SA5,901308,MADINA,ATHUMANI,IDENT
20170506055539,SA4,900999,ROSE,MWAMAKOLA,IDENT
20170506055540,SA5,901374,NASRA,HAMADI,IDENT
20170506055549,SA5,901110,ASHA,MPELA,IDENT
20170506055554,SA5,901343,SEBASTIAN,KIPINGU,IDENT
20170506055602,SA4,901213,HABIBA,NJIKU,IDENT
20170506055611,SA4,900935,ZAINABU,SINGANO,IDENT
20170506055623,SA5,900892,MWANIA,PEMBE,IDENT
20170506055732,SA2,901031,AMINA,BAKARI,IDENT
20170506055643,SA4,901161,NURU,MOHAMED,IDENT
20170506055647,SA4,901221,TEDDY,MAGAMBO,IDENT
20170506055657,SA4,901093,SHARON,IBRAHIM,IDENT
20170506055659,SA5,900855,SINAHIA,OMARI,IDENT
20170506055804,SA4,901119,LINA,MLAWA,IDENT
20170506055806,SA2,901258,ATHUMAN,KILINDU,IDENT
20170506055810,SA5,901378,HOYCE,TILLYA,IDENT
20170506055822,SA5,900907,PAULINA,DEVA,IDENT
20170506055833,SA5,901086,ELIWAZA,MWIGOHA,IDENT
20170506055841,SA5,901191,ROSE,BENARD,IDENT
20170506055843,SA2,901024,ASIA,KARATA,IDENT
20170506055847,SA6,900166,RAMADHANI,KIPENGELE,IDENT
20170506055849,SA5,900875,ASHA,MALINBWI,IDENT
20170506055854,SA5,901327,EMERY,MSUNGU,IDENT
20170506055900,SA5,901421,ALFRED,MUGHWAI,IDENT
20170506055912,SA4,901166,SAUDA,MAULID,IDENT
20170506055914,SA5,901352,ABDALAH,SUDY,IDENT
20170506055921,SA2,901167,KELVIN,NGOZI,IDENT
20170506055921,SA6,900422,FURAHA,MWAKIFWAMB,IDENT
20170506055929,SA6,900046,SALUM,NDEGE,IDENT
20170506055935,SA6,900395,AMOS,MIMBI,IDENT
20170506055936,SA5,901004,ZAHARA,YANGE,IDENT
20170506055937,SA4,901104,MWANAHAWA,HASSAN,IDENT
20170506055940,SA6,900169,REHEMA,YUSUFU,IDENT
20170506055945,SA5,901320,REHEMA,ALLY,IDENT
20170506055949,SA5,901346,FRANK,MANDI,IDENT
20170506060007,SA5,901409,MAGRETH,NGOSI,IDENT
20170506060014,SA5,900917,SALMA,DIWILE,IDENT
20170506060020,SA5,901017,CATHERINE,NYEMA,IDENT
20170506060022,SA2,900954,HABIBA,MDOSE,IDENT
20170506060023,SA4,901144,ESTHER,NAPENGWA,IDENT
20170506060025,SA5,901210,ROSE,CHUWA,IDENT
20170506060028,SA2,901134,NURU,MULONGANILE,IDENT
20170506060031,SA5,900947,ANNA,GODISON,IDENT
20170506060034,SA2,900948,VERONICA,MFILINGE,IDENT
20170506060036,SA5,901192,ASMA,KONDO,IDENT
20170506060042,SA2,901020,VICTORIA,MWALUANDA,IDENT
20170506060046,SA5,901296,STELLA,LUGOME,IDENT
20170506060048,SA2,901223,HAPPY,MKWEPU,IDENT
20170506060052,SA5,900897,SWAUMU,SAIDI,IDENT
20170506060056,SA2,901072,TATU,ATHUMAN,IDENT
20170506060102,SA5,901204,SOPHIA,LUGOME,IDENT
20170506060104,SA2,901085,ELIZABETH,NYAMBO,IDENT
20170506060110,SA5,901341,JESSE,JEREMIA,IDENT
20170506060112,SA2,900987,PILLY,MWAWILA,IDENT
20170506060119,SA5,901312,VUMILIA,NDEGE,IDENT
20170506060124,SA5,901289,CONSOLATHA,RAPHAEL,IDENT
20170506060126,SA4,901236,FATIMA,ALLY,IDENT
20170506060130,SA5,901297,STELLA,MAKUNDI,IDENT
20170506060138,SA5,901154,SALAMA,ALLY,IDENT
20170506060142,SA2,900976,LUCY,STANLEY,IDENT
20170506060144,SA6,900436,HONEST,MATEMU,IDENT
20170506060144,SA5,901340,FELIX,MAKANYA,IDENT
20170506060152,SA5,901025,ASHURA,HAMISI,IDENT
20170506060211,SA2,900930,TABIA,DOGOLI,IDENT
20170506060213,SA5,901303,TAUSI,KATULA,IDENT
20170506060216,SA6,900168,RAZAKI,MTINDA,IDENT
20170506060220,SA5,901370,MARIAM,MJELELE,IDENT
20170506060253,SA6,900015,EMMANUEL ,CLEMENT,IDENT
20170506060255,SA5,901321,ELIZABET,MHIMBA,IDENT
20170506060302,SA6,900139,IDD,YUSUFU,IDENT
20170506060303,SA5,901402,ALLY,SELEMAN,IDENT
20170506060308,SA5,901347,JAMES,MAJIJI,IDENT
20170506060309,SA6,900443,JABIRI,RAMADHANI,IDENT
20170506060313,SA5,901412,ELIA,NGWALI,IDENT
20170506060325,SA4,901006,RUKIA,ALLY,IDENT
20170506060351,SA6,900469,MICHAEL,MDACHI,IDENT
20170506060357,SA4,901101,RAJABU,MOHAMMED,IDENT
20170506060359,SA5,901342,ANDREW,KILUGWA,IDENT
20170506060406,SA4,900949,MUHINA,GOMBE,IDENT
20170506060409,SA5,901417,REHEMA,SINDANO,IDENT
20170506060412,SA6,900023,JINGSON,SAIMON,IDENT
20170506060416,SA5,901430,JOYCE,SEMWENDA,IDENT
20170506060427,SA5,900895,CATHERINE,CHIGOGOLO,IDENT
20170506060432,SA5,901205,JAMILA,MASONGI,IDENT
20170506060441,SA5,901282,ADAM,MUSSA,IDENT
20170506060443,SA5,901383,JOAN,OMANDI,IDENT
20170506060447,SA5,901414,EMMANUEL,BANDIKO,IDENT
20170506060455,SA5,901288,EPIPHANIA,LUKWI,IDENT
20170506060457,SA4,900984,SALAMA,BIGE,IDENT
20170506060500,SA5,901301,TUKAE,MUSA,IDENT
20170506060505,SA5,901300,ANNA,TEMBA,IDENT
20170506060530,SA6,900567,BAKARI,BELEKETE,IDENT
20170506060540,SA5,901283,KEDMOND,KAMOGA,IDENT
20170506060550,SA5,901310,MARIAM,BELEKO,IDENT
20170506060555,SA4,900975,EDINA,MZUNGU,IDENT
20170506060558,SA5,901397,LINETH,KYARUS,IDENT
20170506060619,SA4,900924,DEBORA,HOSSA,IDENT
20170506060620,SA5,901322,SARAH,ALLY,IDENT
20170506060700,SA2,900934,MWAJABU,MARIDADI,IDENT
20170506060707,SA6,900478,RAPHAEL,SENKONDO,IDENT
20170506060722,SA2,901260,AISHA,MNEKA,IDENT
20170506060737,SA2,901262,HADIJA,SALUM,IDENT
20170506060639,SA5,901416,YONA,MUSA,IDENT
20170506060716,SA4,900877,IRENE,GABRIEL,IDENT
20170506060723,SA4,901157,DAVID,JUMA,IDENT
20170506060826,SA5,901380,BISURA,MCHELEO,IDENT
20170506060832,SA5,901429,REHEMA,MAZEKU,IDENT
20170506060854,SA2,901016,HALIFA,MOHAMED,IDENT
20170506060907,SA2,901080,SALOME,DUA,IDENT
20170506060908,SA5,901406,PASCAL,STANLEY,IDENT
20170506060915,SA6,900449,JUMA,SANGAYA,IDENT
20170506060939,SA4,901274,AMINA,KAHABUKA,IDENT
20170506060955,SA4,901273,HELLEN,KIZWALO,IDENT
20170506061025,SA5,900853,DEVOTHA,ELIAS,IDENT
20170506061046,SA5,901387,GODFREY,YALED,IDENT
20170506061109,SA4,901062,RASHID,MDOE,IDENT
20170506061131,SA5,901381,DOROSTA,CLEMANCE,IDENT
20170506061135,SA6,900451,KASSIM,MALICK,IDENT
20170506061417,SA6,900164,RAMADHANI ,BAKARI,IDENT
20170506061439,SA4,901269,AISHA,HALFAN,IDENT
20170506061443,SA5,901078,NASMA,LINOGA,IDENT
20170506061456,SA5,900884,HADIJA,GOGO,IDENT
20170506061521,SA6,900575,CHRISTINA ,SENYANGWA,IDENT
20170506061542,SA5,901200,INOCENT , KIFUMU,IDENT
20170506061605,SA5,900931,JOHARI,KIMARO,IDENT
20170506061703,SA6,900596,DAVID,MWAMPAMBA,IDENT
20170506061750,SA4,901263,JAMIRA,SAIDI,IDENT
20170506061851,SA5,901323,AMINA,HAMISI,IDENT
20170506061940,SA6,900002,ABDALLAH,MWEYO,IDENT
20170506062001,SA6,900409,DANIEL,MROPE,IDENT
20170506062006,SA6,900627,BAHATI,KAPIGA,IDENT
20170506062022,SA6,900474,PHILBERT,MATOGO,IDENT
20170506062101,SA5,901013,YASINTA,SHELUBANZI,IDENT
20170506062206,SA6,900420,FRANCIS,TESHA,IDENT
20170506062427,SA6,900036,MOHAMED,MAJUJULO,IDENT
20170506062452,SA5,901336,ISMAIL,MHINA,IDENT
20170506062718,SA6,900568,GODWIN,KIRIA,IDENT
20170506062732,SA6,900568,GODWIN,KIRIA,IDENT
20170506062938,SA6,900584,LUCY,MACHAI,IDENT
20170506063102,SA5,901572,WAISAHA,PATRICK,IDENT
20170506063410,SA6,900153,MUSSA,KIGUNGAS,IDENT
20170506063420,SA6,900568,GODWIN,KIRIA,IDENT
20170506064817,SA6,900051,SUDI,KHALFANI,IDENT
20170506064925,SA4,901121,MWATANGA,ALLY,IDENT
20170506065215,SA5,901333,NEEMA,KILUZIA,IDENT
20170506065604,SA6,900175,TEDDY,SIMON,IDENT
20170506065749,SA6,E084,NAVNEET, SINGH,IDENT
20170506065757,SA6,E032,SANKARAN,JAYARAM,IDENT
20170506065807,SA6,E083,GURURAJ,SHENVI,IDENT
20170506070318,SA6,901573,DAUDI,NYASHIMO,IDENT
20170506070343,SA6,900115,AKIDA,DUGANGE,IDENT
20170506070540,SA6,900100,AROBOGAST,MOGELLA,IDENT
20170506070941,SA6,901438,MARY,JOSEPH,IDENT
20170506071612,SA6,900041,NELSON,MTEMI,IDENT
20170506072407,SA6,900430,GWAKISA,MWAKASAGURE,IDENT
20170506072556,SA6,901431,AMBALI,SOUD,IDENT
20170506072612,SA6,101880,RICHARD,MAKASI,IDENT
20170506072619,SA6,900039,MWAJABU,ALLY,IDENT
20170506073009,SA6,900144,JANE,MWAKABULUFU,IDENT
20170506073014,SA6,900132,FRIDA,KIGWA,IDENT
20170506073118,SA2,200314,DEO,SAKAYA,IDENT
20170506073220,SA5,901334,SHAIBU,KASANGA,IDENT
20170506073350,SA6,900408,COLLMAN,KISISA,IDENT
20170506073425,SA2,100603,EDWIN,OWINO,IDENT
20170506073529,SA2,900859,MASANGULA,MASANGURA,IDENT
20170506073552,SA6,900404,BRYANT,NYENYEMBE,IDENT
20170506073557,SA6,900432,HAMZA,ABDALLAH,IDENT
20170506073649,SA2,100597,NOVATI,TARIMO,IDENT
20170506073723,SA6,900123,CHARLES,LUSWETULA,IDENT
20170506073728,SA6,900143,JACKLINE,MAIGA,IDENT
20170506073747,SA6,900387,ADAM,KINGU,IDENT
20170506073807,SA6,900099,AMIN,JUMA,IDENT
20170506073835,SA6,900586,MOHAMED,SOLOKA,IDENT
20170506073954,SA2,200312,BARAKA,KATEGILE,IDENT
20170506074040,SA6,900174,SOSTHENES,MUKAMA,IDENT
20170506074130,SA6,E060,ANOOP,TIWARI,IDENT
20170506074132,SA4,901069,ELIZABETH,MRAMU,IDENT
20170506074137,SA4,900941,KULWA,MSUMA,IDENT
20170506074307,SA6,901434,JOSEPHINA,HAU,IDENT
20170506074314,SA6,900017,FIKA,JOMSON,IDENT
20170506074339,SA6,900262,FRIDA, MWAMBEGELE,IDENT
20170506074419,SA6,900397,ANNA,MOSHI,IDENT
20170506074449,SA6,900029,JUMANNE,MBONDE,IDENT
20170506074509,SA4,900983,RUKIA,KONDO,IDENT
20170506074521,SA6,900416,ERICK,DAUD,IDENT
20170506074538,SA6,900399,ATHUMANI,JUMA,IDENT
20170506074546,SA6,900418			,FELIX,WAUSA,IDENT
20170506074602,SA6,900291,RASHIDI,MUSSSA,IDENT
20170506074605,SA2,200318,JOSHUA , PAULO,IDENT
20170506074713,SA6,900142,IRENE,MREMA,IDENT
20170506074745,SA2,200316,DENIS,JOHNSON,IDENT
20170506074718,SA4,901442,JARINA,SHEKOLA,IDENT
20170506074822,SA4,901239,SAKINA,KIZEE,IDENT
20170506074900,SA6,901569,FREDRICK,MUSHI,IDENT
20170506074926,SA6,901265,FRANK ,RUZIGA,IDENT
20170506074931,SA6,900268,GWANTWA,MWASYEBULE,IDENT
20170506075005,SA4,900871,MWANAHAMISI,NDOLWA,IDENT
20170506075016,SA6,900431,HAMADI,ZUBERI,IDENT
20170506075029,SA5,901326,ALLY,MBONDE,IDENT
20170506075032,SA2,901450,FARIDA,JUMA,IDENT
20170506075143,SA5,901422,EMMANUEL,KHALIDI,IDENT
20170506075155,SA4,901138,JOYCE,CHEMRA,IDENT
20170506075155,SA5,901339,JAMES,MKONO,IDENT
20170506075221,SA6,901332,NASRA,MSANYA,IDENT
20170506075253,SA4,900956,DIANA,LEMA,IDENT
20170506075259,SA6,901435,FILES,MBANDO,IDENT
20170506075310,SA6,900133,GEORGE,GIDION,IDENT
20170506075316,SA6,900566,ERICK,NDUNGURU,IDENT
20170506075322,SA6,900171,ROBERT,MFUNI,IDENT
20170506075438,SA2,200311,DAVID,BWILE,IDENT
20170506075443,SA6,900470,MODEST,NJAU,IDENT
20170506075446,SA5,901329,ELIWA ,SHAO,IDENT
20170506075446,SA2,901447,MASHAKA,MATEKELE,IDENT
20170506075503,SA4,901003,SALAMA,KADALA,IDENT
20170506075504,SA2,901446,DANIEL,MBARUKA,IDENT
20170506075519,SA6,900247,ALLY,SELEMANI,IDENT
20170506075523,SA4,900944,FROLA,KAMARA,IDENT
20170506075523,SA6,900465,MARTIN,KIDUNGU,IDENT
20170506075549,SA6,900703,MUSSA,MTALI,IDENT
20170506075610,SA6,900292,ROSE,CHIKAWE,IDENT
20170506075710,SA6,900407,CHRISTIAN ,NGONYANI,IDENT
20170506075721,SA6,900447,JOSEPH,LUSANA,IDENT
20170506075727,SA6,901432,AMINA,SOGOI,IDENT
20170506075733,SA6,900414,EMMANUEL ,SERAPHINE,IDENT
20170506075754,SA2,900938,ISMAIL,THOMAS,IDENT
20170506075800,SA2,900940,JUMANNE,ZONGO,IDENT
20170506075827,SA6,900485,SHUFAA,ABEID,IDENT
20170506075858,SA2,901448,PAULINA,DAVID,IDENT
20170506075908,SA6,900390,ALBERT,KANENDA,IDENT
20170506075910,SA2,901444,BAKARI,KITILA,IDENT
20170506075914,SA6,900574,FURAHA,MSAMBWA,IDENT
20170506075958,SA6,E021,RAJA,SWAMINATHAN,IDENT
20170506080019,SA6,900173,SHARIFA,MRISHO,IDENT
20170506080037,SA6,900446,JOSEPH,KIBASA,IDENT
20170506080041,SA6,900114,ABEID,MOHAMED,IDENT
20170506080056,SA5,901419,JENIPHA,MWILONGO,IDENT
20170506080142,SA2,901453,JOHNSON,MUNISI,IDENT
20170506080148,SA2,901449,BONIFAS,ANGANILE,IDENT
20170506080215,SA5,901325,JOSEPH,KAVISHE,IDENT
20170506080221,SA2,901068,CATHERINE,MATENGO,IDENT
20170506080223,SA6,E008,ATUL,PATHAK,IDENT
20170506080226,SA2,200351,MICHAEL,MICHAEL,IDENT
20170506080231,SA2,200349,FRANK,MOSHI,IDENT
20170506080233,SA6,900165,RAMADHANI,NYENJE,IDENT
20170506080242,SA2,901443,MWAJUMA,SHEMBWANA,IDENT
20170506080247,SA6,900660,IDDI,ALLY,IDENT
20170506080303,SA6,900488,THOBIAS,KIWELU,IDENT
20170506080307,SA6,900591,RASHID ,MUNKENDA,IDENT
20170506080323,SA6,900057,ZAITUNI,ABDALLAH,IDENT
20170506080328,SA6,900581,SAADA,MUHINTE,IDENT
20170506080337,SA6,900111,SALUM,SAIDI,IDENT
20170506080440,SA6,900445,JOHN,MASUNGWA,IDENT
20170506080444,SA6,900402,BARAKA,MVUNGI,IDENT
20170506080502,SA5,901278,HENRY ,CHELULA,IDENT
20170506080505,SA6,900682,BENEDICT,ELIAS,IDENT
20170506080510,SA6,901585,SADICK,MAPUNDA,IDENT
20170506080525,SA6,E079,BALASUBRAMANIAM,M,IDENT
20170506080537,SA6,900389,AHMAD,KINDUMA,IDENT
20170506080600,SA6,900398,ARSEN, RWEBANGILA	,IDENT
20170506080604,SA6,900458,KIBWANA,SAIDI,IDENT
20170506080610,SA6,901433,ESTER,THEOFIL,IDENT
20170506080625,SA5,901335,YONA,MAPELELE,IDENT
20170506080626,SA6,900400,BAHATI,LUBUVA,IDENT
20170506080702,SA6,900155,MWANAFATIMA,MATIPA,IDENT
20170506080725,SA6,900388,AGNES,SHAYO,IDENT
20170506080741,SA6,900044,REGINARD,MSHANGA,IDENT
20170506080821,SA6,900468,MICHAEL,IBRAHIM,IDENT
20170506080843,SA6,900107,MSELEM,MSELEM,IDENT
20170506080857,SA6,E013,GIRIRAJ,SHARMA,IDENT
20170506080917,SA6,900701,MATHEW,NDANSHAU,IDENT
20170506080941,SA2,200309,RAMADHANI,KIHILE,IDENT
20170506081022,SA6,900435,HASSAN,NKHAMBI,IDENT
20170506081034,SA2,901073,SALMA,MUHARAMU,IDENT
20170506081035,SA4,900910,ZAINABU,SADALLAH,IDENT
20170506081046,SA6,900137,HERIETH,MWELI,IDENT
20170506081109,SA6,900439,IDDI,MOHAMED,IDENT
20170506081130,SA6,900467,MBARUKU,OSWAD,IDENT
20170506081151,SA6,E078,SANJAY,GOYAL,IDENT
20170506081155,SA6,E037,SRINIVAS,DANTU,IDENT
20170506081158,SA6,E041,JAGAN MOHAN,YERUVA,IDENT
20170506081158,SA5,901382,KONDO,MOHAMED,IDENT
20170506081230,SA2,901452,STEVEN,CHUWA,IDENT
20170506081235,SA2,901396,EDWIN,KIPUYO,IDENT
20170506081316,SA6,900472,MWALIMU,SELEMANI,IDENT
20170506081335,SA6,900452,KENNEDY,KIMARO,IDENT
20170506081358,SA6,900464,MARTHA,MWIKOLA,IDENT
20170506081420,SA6,900126,DORIKA,MALYANGO,IDENT
20170506081446,SA6,E077,SUMIT,BHATNAGAR,IDENT
20170506081502,SA6,900460,LAMECK,ASSETO,IDENT
20170506081622,SA6,900448,JOSEPH,MKELEBE,IDENT
20170506081746,SA6,900413,ELIBAHATI,JOSEPH,IDENT
20170506081838,SA6,901581,PROSPER,KATABALWA,IDENT
20170506081934,SA6,901582,ANTHONY,PAULO,IDENT
20170506082008,SA6,900151,LISSY,KIGONJOLA,IDENT
20170506082014,SA6,900007,ANNA,DUA,IDENT
20170506082031,SA6,900454,KHALFAN,AMOUR,IDENT
20170506082054,SA6,901584,PENDO,MNJAGILA,IDENT
20170506082144,SA6,900629,MICHAEL,ZAMBETAKIS,IDENT
20170506082149,SA6,900649,ZUBEDA,MANDIA,IDENT
20170506082157,SA6,900184,JASPER,NGURUBE,IDENT
20170506082350,SA6,900257,ENGLIBERTH,DAUDI,IDENT
20170506082400,SA2,901451,JUSTINE,MKUDE,IDENT
20170506082405,SA6,900156,MWANAISHA,UWESU,IDENT
20170506082700,SA6,900481,RICHARD,KWEYAMBA,IDENT
20170506082705,SA6,900108,NORAH,CLEMENCE,IDENT
20170506083355,SA6,E068,RANJEET SINGH,SAINI,IDENT
20170506083429,SA6,900009,ASHA,HAMISI,IDENT
20170506083542,SA6,900110,RASHID,ISSA,IDENT
20170506083544,SA6,900620,AYOUB,MTAFUNGWA,IDENT
20170506083750,SA6,900103,FREDNAND,JACKSON,IDENT
20170506084418,SA6,900008,ANNE,MCHUMA,IDENT
20170506084957,SA6,900270,HASSAN,KIGWIO,IDENT
