20160706081211,SA6,900292,ROSE,CHIKAWE,IDENT
20160706081229,SA6,900268,GWANTWA,MWASYEBULE,IDENT
20160706082724,SA6,900413,ELIBAHATI,JOSEPH,IDENT
20160706083428,SA6,E013,GIRIRAJ,SHARMA,IDENT
20160706084253,SA6,900142,IRENE,MREMA,IDENT
20160706091116,SA6,E079,BALASUBRAMANIAM,M,IDENT
20160706091926,SA6,900131,FRANK,MAKWABU,IDENT
20160706095114,SA6,900413,ELIBAHATI,JOSEPH,IDENT
20160706104449,SA6,E079,BALASUBRAMANIAM,M,IDENT
20160706105049,SA6,E069,SHANTANU,KULKARNI,IDENT
20160706114327,SA6,E073,DEVANSHU,SETH,IDENT
20160706124102,SA6,900245,ABDALLAH,KIMULIMULI,IDENT
20160706124302,SA6,900021,JAFARI,BAINA,IDENT
20160706124839,SA6,900006,ANDREW,JOSEPH,IDENT
20160706124845,SA6,900047,SAMSON,SHILA,IDENT
20160706125442,SA6,E032,SANKARAN,JAYARAM,IDENT
20160706125544,SA6,900564,RAMADHANI,SAIDI,IDENT
20160706131225,SA6,E073,DEVANSHU,SETH,IDENT
20160706131419,SA1,900684,ABDUL,IMAMU,IDENT
20160706131619,SA6,900627,BAHATI,KAPIGA,IDENT
20160706131630,SA6,900035,MOHAMED,HAUSI,IDENT
20160706132129,SA6,900174,SOSTHENES,MUKAMA,IDENT
20160706132312,SA6,900261,FRANCIS,MAKOTI,IDENT
20160706132516,SA6,900015,EMMANUEL ,CLEMENT,IDENT
20160706133324,SA1,900296,SAVERY,KAJELA,IDENT
20160706133701,SA6,900037,MOHAMED,MKALA,IDENT
20160706134438,SA1,900542,POUL,KIBELA,IDENT
20160706134447,SA1,900594,GASPER,MATALO,IDENT
20160706134930,SA6,900040,MWAJUMA,KATONA,IDENT
20160706140024,SA1,900249,AMIRI,MZEE,IDENT
20160706140332,SA1,900555,MHEZIWA,MALEWA,IDENT
20160706140340,SA1,900555,MHEZIWA,MALEWA,IDENT
20160706140357,SA6,900131,FRANK,MAKWABU,IDENT
20160706140548,SA6,900584,LUCY,MACHAI,IDENT
20160706141734,SA1,900045,SAIDI,MNDOLWA,IDENT
20160706145329,SA5,200321,HEMED,KAZEMBE,IDENT
20160706145841,SA6,E021,RAJA,SWAMINATHAN,IDENT
20160706145942,SA6,900142,IRENE,MREMA,IDENT
20160706151631,SA5,200314,DEO,SAKAYA,IDENT
20160706151651,SA5,200316,DENIS,JOHNSON,IDENT
20160706151710,SA5,100603,EDWIN,OWINO,IDENT
20160706151713,SA5,200349,FRANK,MOSHI,IDENT
20160706152044,SA5,901447,MASHAKA,MATEKELE,IDENT
20160706152140,SA6,E079,BALASUBRAMANIAM,M,IDENT
20160706152251,SA5,100664,JUMA,MUSSA,IDENT
20160706153012,SA5,200348,JONASI,LUCAS,IDENT
20160706153836,SA5,200309,RAMADHANI,KIHILE,IDENT
20160706154225,SA5,200312,BARAKA,KATEGILE,IDENT
20160706154229,SA5,100635,JULIUS,MUNISHI,IDENT
20160706154319,SA5,901453,JOHNSON,MUNISI,IDENT
20160706154642,SA5,200311,DAVID,BWILE,IDENT
20160706154648,SA5,100597,NOVATI,TARIMO,IDENT
20160706154959,SA6,900268,GWANTWA,MWASYEBULE,IDENT
20160706155006,SA6,900292,ROSE,CHIKAWE,IDENT
20160706155017,SA6,900262,FRIDA, MWAMBEGELE,IDENT
20160706155624,SA6,900103,FREDNAND,JACKSON,IDENT
20160706160430,SA5,901441,CHRISTOPHER ,MUSHI,IDENT
20160706160505,SA6,E013,GIRIRAJ,SHARMA,IDENT
20160706160511,SA5,901444,BAKARI,KITILA,IDENT
20160706160754,SA5,200318,JOSHUA , PAULO,IDENT
20160706182617,SA6,E021,RAJA,SWAMINATHAN,IDENT
20160706182622,SA6,E079,BALASUBRAMANIAM,M,IDENT
20160706185758,SA6,900543,JOHN,MAGANYA,IDENT
20160706185814,SA6,900541,GOLDEN,MDUBA,IDENT
20160706195100,SA6,900661,ADILILA,KONGA,IDENT
20160706195756,SA6,900025,JOYCE,MAGANGA,IDENT
20160706200014,SA1,900684,ABDUL,IMAMU,IDENT
20160706200534,SA6,900050,STANLEY,JEREMIAH,IDENT
20160706200622,SA6,900611,EVARIST,MPINGAURUGU,IDENT
20160706201507,SA1,900281,NAYOPA,MTENDECHI,IDENT
20160706203355,SA1,900001,ABDALLAH,JUMANNE,IDENT
20160706204625,SA6,900046,SALUM,NDEGE,IDENT
20160706210404,SA6,900035,MOHAMED,HAUSI,IDENT
20160706210413,SA6,900035,MOHAMED,HAUSI,IDENT
20160706211540,SA1,900272,ISRAEL,GYUNA,IDENT
20160707051204,SA1,900684,ABDUL,IMAMU,IDENT
20160707053747,SA6,900021,JAFARI,BAINA,IDENT
20160707053850,SA6,900021,JAFARI,BAINA,IDENT
20160707053905,SA6,900025,JOYCE,MAGANGA,IDENT
20160707053936,SA6,900035,MOHAMED,HAUSI,IDENT
20160707053942,SA6,900035,MOHAMED,HAUSI,IDENT
20160707054224,SA6,900661,ADILILA,KONGA,IDENT
20160707055321,SA1,900045,SAIDI,MNDOLWA,IDENT
20160707055455,SA1,900001,ABDALLAH,JUMANNE,IDENT
20160707055646,SA6,900006,ANDREW,JOSEPH,IDENT
20160707055656,SA6,900047,SAMSON,SHILA,IDENT
20160707055703,SA6,900046,SALUM,NDEGE,IDENT
20160707055823,SA6,900028,JUMANNE,MRISHO,IDENT
20160707055842,SA6,900049,SIHABA,NAKIPENGELE,IDENT
20160707060234,SA6,900564,RAMADHANI,SAIDI,IDENT
20160707060726,SA6,900627,BAHATI,KAPIGA,IDENT
20160707060731,SA6,900005,ALLY,MFUNGWE,IDENT
20160707062109,SA1,900455,KHALFAN,OMARI,IDENT
20160707062917,SA1,900281,NAYOPA,MTENDECHI,IDENT
20160707064422,SA6,900611,EVARIST,MPINGAURUGU,IDENT
20160707064432,SA6,900541,GOLDEN,MDUBA,IDENT
20160707070101,SA1,900272,ISRAEL,GYUNA,IDENT
20160707071151,SA1,900429,GOODLUCK,LYAHONA,IDENT
20160707072637,SA6,E032,SANKARAN,JAYARAM,IDENT
20160707072720,SA1,901557,WALTER,MAYA,IDENT
20160707074106,SA1,900425,GEORGE,JOSEPH,IDENT
