20171006085018,SA6,901436,HAMISI,ALI,IDENT
20171006093913,SA6,E078,SANJAY,GOYAL,IDENT
20171006095155,SA6,900270,HASSAN,KIGWIO,IDENT
20171006095807,SA6,901438,MARY,JOSEPH,IDENT
20171006103746,SA6,900100,AROBOGAST,MOGELLA,IDENT
20171006104905,SA6,900280,TADEO,MWINGIZI,IDENT
20171006110906,SA5,901413,LEILA,KIMBENGELE,IDENT
20171006120103,SA2,901087,REHEMA,CHETE,IDENT
20171006120153,SA4,900935,ZAINABU,SINGANO,IDENT
20171006120547,SA5,901250,JENIPHA,DAMIAN,IDENT
20171006121440,SA6,900580,BARAKA,MAGAFU,IDENT
20171006124256,SA6,900661,ADILILA,KONGA,IDENT
20171006125043,SA6,900054,THOMAS,MGABO,IDENT
20171006125106,SA6,900050,STANLEY,JEREMIAH,IDENT
20171006130206,SA6,900002,ABDALLAH,MWEYO,IDENT
20171006131321,SA6,900021,JAFARI,BAINA,IDENT
20171006132104,SA6,900611,EVARIST,MPINGAURUGU,IDENT
20171006132755,SA6,900162,PILLY,MANENO,IDENT
20171006133247,SA5,901289,CONSOLATHA,RAPHAEL,IDENT
20171006133511,SA5,901322,SARAH,ALLY,IDENT
20171006133520,SA4,901123,REBECA,KALOFU,IDENT
20171006133529,SA4,900976,LUCY,STANLEY,IDENT
20171006133535,SA4,901065,ZAINABU,KARUMUNA,IDENT
20171006133546,SA4,900994,MWAISHA,MWAMOTO,IDENT
20171006133610,SA2,900914,HAWA,MWIMBE,IDENT
20171006133618,SA4,900879,RAHMA,KILO,IDENT
20171006133624,SA6,900116,ASHA,ALLY,IDENT
20171006133634,SA4,901114,FARIDA,AMBLOS,IDENT
20171006133640,SA4,901089,HARUNA,ATHUMANI,IDENT
20171006133653,SA4,900983,RUKIA,KONDO,IDENT
20171006133659,SA4,901256,AVERINA,AMANDUS,IDENT
20171006133709,SA5,901283,KEDMOND,KAMOGA,IDENT
20171006133714,SA5,901352,ABDALAH,SUDY,IDENT
20171006133714,SA4,901186,FROLA,KILIMA,IDENT
20171006133723,SA4,901246,VERONICA,MTENGWA,IDENT
20171006133901,SA5,900906,MARYSTELA,MCHOME,IDENT
20171006133909,SA5,900883,EDINA,ABED,IDENT
20171006133757,SA4,901129,FELISTA,NYAHENGE,IDENT
20171006133818,SA4,901034,STAMILI,MUSSA,IDENT
20171006133823,SA4,900904,ANNA,MAGEMBE,IDENT
20171006133831,SA4,900952,SALAMA,MOHAMAD,IDENT
20171006133835,SA4,900925,REGINA,THOMAS,IDENT
20171006133843,SA4,901231,ASHA,DUTCH,IDENT
20171006133848,SA4,901247,KULUTHUM,CHILEMILE,IDENT
20171006133853,SA4,901174,BETH,NGADADA,IDENT
20171006133905,SA6,900048,SHELLA,MFAUME,IDENT
20171006133909,SA4,901245,EVERINA,MKETO,IDENT
20171006133919,SA5,901019,ASHA,NGAMBA,IDENT
20171006133935,SA4,900974,ZAWADI,SADIKI,IDENT
20171006133942,SA4,901052,SUZANA,NAPANGA,IDENT
20171006133947,SA4,901112,BUSHRA,SALUM,IDENT
20171006133952,SA4,901035,AGNES,NKONJELWA,IDENT
20171006133959,SA4,900927,SAADA,SALUM,IDENT
20171006134008,SA4,900846,SARA,CHIDUNI,IDENT
20171006134011,SA5,901361,MARRY,MLIUNJA,IDENT
20171006134020,SA6,900159,PAMELA,KUSALIKA,IDENT
20171006134025,SA5,901383,JOAN,OMANDI,IDENT
20171006134039,SA5,901304,SOPHIA,ALLY,IDENT
20171006134045,SA4,901241,FATUMA,JUMA,IDENT
20171006134050,SA4,901168,REHEMA ,MWASOMOLA,IDENT
20171006134057,SA4,901104,MWANAHAWA,HASSAN,IDENT
20171006134114,SA4,900962,JOSEPH,ELISAFI,IDENT
20171006134121,SA4,901181,ASNA,SPRIAN,IDENT
20171006134127,SA4,901132,HEAVENLIGHT,NKYA,IDENT
20171006134144,SA4,901027,EDDA,MWAKIBINGWA,IDENT
20171006134149,SA4,900856,MWAJAMBU,HAMAD,IDENT
20171006134201,SA4,900913,ASHURA,NGUMBE,IDENT
20171006134204,SA5,901255,ASHA,BILALI,IDENT
20171006134207,SA4,901026,FATUMA,KONYO,IDENT
20171006134210,SA2,900969,JEMA,SALUM,IDENT
20171006134212,SA4,900945,ELIZABETH,MREMA,IDENT
20171006134217,SA5,901412,ELIA,NGWALI,IDENT
20171006134218,SA4,900963,MWAZANI,SAIDI,IDENT
20171006134222,SA4,901212,JASMINI,MOHAMED,IDENT
20171006134300,SA5,900990,JANE,MHONGOLE,IDENT
20171006134304,SA5,901155,GRACE,MUHONO,IDENT
20171006134308,SA6,900127,DUNCAN,MHANDO,IDENT
20171006134310,SA5,901007,MODESTA,JOGOO,IDENT
20171006134315,SA5,901230,KUDRA,BAKARI,IDENT
20171006134323,SA4,901117,HIDAYA,MASOUD,IDENT
20171006134327,SA4,901124,TABIA,OMARY,IDENT
20171006134333,SA4,901039,JULIANA,SUKU,IDENT
20171006134336,SA4,901136,HONORATA,SHAYO,IDENT
20171006134339,SA5,901152,STELLA,MWAKATOBE,IDENT
20171006134345,SA5,900985,BAHATI,SARAPIONI,IDENT
20171006134357,SA4,901171,ESTHER,MUNGUTI,IDENT
20171006134403,SA5,901373,ADELA,MSAGA,IDENT
20171006134414,SA2,900959,REHEMA,LYOWA,IDENT
20171006134417,SA5,900916,SABINA,KINGIMALI,IDENT
20171006134422,SA2,901271,RACHEL,MCHOVU,IDENT
20171006134427,SA2,901150,CHRISTINA,MBODE,IDENT
20171006134429,SA4,901262,HADIJA,SALUM,IDENT
20171006134434,SA4,901187,MONICA,SHEMBONI,IDENT
20171006134439,SA5,900884,HADIJA,GOGO,IDENT
20171006134445,SA5,900881,ZAINABU,SAIDI,IDENT
20171006134446,SA4,901185,JOYCE,SAMWEL,IDENT
20171006134451,SA6,900575,CHRISTINA ,SENYANGWA,IDENT
20171006134505,SA4,901032,MARISELINA,NGULI,IDENT
20171006134519,SA4,901173,BAHATI,MAKAMBA,IDENT
20171006134524,SA4,900997,MARY,ONDURU,IDENT
20171006134529,SA5,901381,DOROSTA,CLEMANCE,IDENT
20171006134537,SA2,901009,MOSHI,SAIDI,IDENT
20171006134537,SA5,900860,AGNESS,LUHUNGO,IDENT
20171006134542,SA2,900957,HADIJA,MKOTA,IDENT
20171006134600,SA5,901384,JOSHUA,KITUNDU,IDENT
20171006134623,SA5,901295,ELLASIA,WILLIUM,IDENT
20171006134648,SA2,901049,REDEMTA,DANIEL,IDENT
20171006134658,SA5,900865,CHRISTINA,MAGOWELA,IDENT
20171006134700,SA2,901085,ELIZABETH,NYAMBO,IDENT
20171006134703,SA5,901374,NASRA,HAMADI,IDENT
20171006134706,SA2,901038,AMINA,MDOE,IDENT
20171006134713,SA4,901045,ASHURA,KATULA,IDENT
20171006134718,SA4,901190,NEEMA,MNYALAPE,IDENT
20171006134723,SA4,901235,TUMAIN,MUNGURE,IDENT
20171006134728,SA4,900993,MARIAM,MSUMALI,IDENT
20171006134728,SA5,900868,MAIMUNA,JARUFU,IDENT
20171006134730,SA2,900943,MWAMINI,MPANGULE,IDENT
20171006134733,SA5,901393,HADIJA,JUMA,IDENT
20171006134737,SA5,901320,REHEMA,ALLY,IDENT
20171006134740,SA4,901182,RENIFRIDA,NGUMBU,IDENT
20171006134742,SA5,901303,TAUSI,KATULA,IDENT
20171006134745,SA5,901355,HALIMA,SANANE,IDENT
20171006134748,SA4,900915,DOROTHEA,KILO,IDENT
20171006134751,SA5,901312,VUMILIA,NDEGE,IDENT
20171006134804,SA5,900863,ANNA,MICHAEL,IDENT
20171006134812,SA5,900891,HINESS,KAAYA,IDENT
20171006134845,SA5,901017,CATHERINE,NYEMA,IDENT
20171006134850,SA2,900930,TABIA,DOGOLI,IDENT
20171006134913,SA5,900855,SINAHIA,OMARI,IDENT
20171006134945,SA2,901258,ATHUMAN,KILINDU,IDENT
20171006135115,SA2,900905,AMINA,MUHIDINI,IDENT
20171006134753,SA6,900139,IDD,YUSUFU,IDENT
20171006134759,SA4,900996,LILIAN,RASHIDI,IDENT
20171006134810,SA6,900161,PILLI ,MOHAMED,IDENT
20171006134820,SA4,901160,SAUDA,MCHECHE,IDENT
20171006134825,SA4,901111,ASIA,MSHAMU,IDENT
20171006134830,SA4,901184,GRACE,NGALABA,IDENT
20171006134839,SA4,901076,AGNESS,NGAPONDA,IDENT
20171006134845,SA4,901215,MWANAIDI,KOLOKO,IDENT
20171006134925,SA5,900898,RUKIA,MATAUKA,IDENT
20171006134933,SA5,901427,JESCA,NGUMBU,IDENT
20171006134938,SA4,901143,LINES,PILLI,IDENT
20171006134959,SA4,900862,EDINA,MWAKYOMA,IDENT
20171006135012,SA4,900970,MARIA,ELIESEL,IDENT
20171006135015,SA5,900867,AISHA,KIUMBA,IDENT
20171006135037,SA5,900939,STELLA,MAGOGWA,IDENT
20171006135038,SA6,900261,FRANCIS,MAKOTI,IDENT
20171006135107,SA4,901263,JAMIRA,SAIDI,IDENT
20171006135114,SA5,901402,ALLY,SELEMAN,IDENT
20171006135115,SA4,901043,ANNA,JOHN,IDENT
20171006135128,SA5,901379,JUMA,MAKALA,IDENT
20171006135134,SA5,901202,VITALIS,KESSI,IDENT
20171006135139,SA4,901030,VERONICA,WANGWE,IDENT
20171006135141,SA6,900112,ABDALLAH,MIKALAMBILO,IDENT
20171006135144,SA4,900890,OLIVER,UDOBA,IDENT
20171006135149,SA4,900933,WINFRIDA,LUSEBA,IDENT
20171006135151,SA5,900849,IRENE,MMARI,IDENT
20171006135155,SA4,901253,JOYCE,KESI,IDENT
20171006135155,SA5,901308,MADINA,ATHUMANI,IDENT
20171006135157,SA6,900685,VICTOR,MBUNDAMILA,IDENT
20171006135202,SA5,901149,EPIFANI, MBOKO,IDENT
20171006135227,SA5,901416,YONA,MUSA,IDENT
20171006135230,SA4,901197,RASHID,NJERAN,IDENT
20171006135232,SA5,901297,STELLA,MAKUNDI,IDENT
20171006135236,SA4,901122,NEEMA,FANUEL,IDENT
20171006135257,SA4,901130,NURU,DAUDI,IDENT
20171006135302,SA4,901234,ANITHA,AHALIELI,IDENT
20171006135312,SA4,900953,JANE,LUSENDELA,IDENT
20171006135317,SA5,901341,JESSE,JEREMIA,IDENT
20171006135323,SA5,901290,AGNES,SALAWA,IDENT
20171006135346,SA5,901340,FELIX,MAKANYA,IDENT
20171006135356,SA6,900489,TUMAINI,MNZAVA,IDENT
20171006135409,SA4,901042,FARIDA,NDAUKE,IDENT
20171006135415,SA4,901219,MARIAM,MUSSA,IDENT
20171006135453,SA6,900451,KASSIM,MALICK,IDENT
20171006135456,SA2,901194,ELINA,ABEL,IDENT
20171006135459,SA5,901406,PASCAL,STANLEY,IDENT
20171006135504,SA4,900923,HELENA,KHAJI,IDENT
20171006135517,SA4,901101,RAJABU,MOHAMMED,IDENT
20171006135526,SA2,901134,NURU,MULONGANILE,IDENT
20171006135529,SA5,901097,EMANUEL,MSOKWA,IDENT
20171006135531,SA2,901223,HAPPY,MKWEPU,IDENT
20171006135541,SA5,901375,PILLI,CHOLOGONDO,IDENT
20171006135559,SA6,900564,RAMADHANI,SAIDI,IDENT
20171006135612,SA6,900658,MWASITI,LABOA,IDENT
20171006135634,SA5,901162,MWANAHARUSI,MOHAMED,IDENT
20171006135659,SA4,901051,HABIBA,PAZZI,IDENT
20171006135713,SA5,901331,DIANA,KABYEMELA,IDENT
20171006135720,SA5,901399,DIANA,NDONGO,IDENT
20171006135744,SA5,901378,HOYCE,TILLYA,IDENT
20171006135813,SA5,901209,MIRIAM,MNDEWA,IDENT
20171006135823,SA5,901217,VIVIAN,MWANGATA,IDENT
20171006135840,SA5,901012,FATUMA,KABUMA,IDENT
20171006135913,SA5,901296,STELLA,LUGOME,IDENT
20171006140002,SA2,901267,NEEMA ,MWAMANYE,IDENT
20171006140006,SA2,901072,TATU,ATHUMAN,IDENT
20171006140012,SA2,901080,SALOME,DUA,IDENT
20171006140017,SA2,901020,VICTORIA,MWALUANDA,IDENT
20171006140022,SA2,901006,RUKIA,ALLY,IDENT
20171006140028,SA2,901084,MARIA ,SANGA,IDENT
20171006140033,SA2,901082,EDINA,JOHN,IDENT
20171006140037,SA2,900934,MWAJABU,MARIDADI,IDENT
20171006140043,SA2,900978,ELIZABETH,ZAE,IDENT
20171006140048,SA2,901233,SAMI,MTITIMA,IDENT
20171006140053,SA2,901053,DORIS,JOHN,IDENT
20171006140058,SA2,901044,SUZANA,KIMARO,IDENT
20171006140104,SA2,901079,AGNESS,HAJI,IDENT
20171006140108,SA2,901075,AGATHA,JAMALI,IDENT
20171006140113,SA2,901167,KELVIN,NGOZI,IDENT
20171006135809,SA6,900662,ABDALLAH,ABEID,IDENT
20171006135914,SA4,901273,HELLEN,KIZWALO,IDENT
20171006135920,SA5,901192,ASMA,KONDO,IDENT
20171006135934,SA6,900148,JUDITH,MALISA,IDENT
20171006135949,SA6,900010,BITSON,MWASILE,IDENT
20171006140002,SA4,901033,TATU,ISSA,IDENT
20171006140005,SA5,900975,EDINA,MZUNGU,IDENT
20171006140007,SA4,901001,AMINA,MUYA,IDENT
20171006140010,SA5,901225,NOELA,YALOT,IDENT
20171006140012,SA4,901057,ANNA,KITOMARY,IDENT
20171006140018,SA4,901036,AZIZA,MANGETU,IDENT
20171006140021,SA5,900967,FATUMA,MTAMBUA,IDENT
20171006140021,SA6,900391,ALLY,MASHAURI,IDENT
20171006140026,SA4,901058,HAMIDA,MATIPA,IDENT
20171006140026,SA5,901347,JAMES,MAJIJI,IDENT
20171006140031,SA4,900956,DIANA,LEMA,IDENT
20171006140036,SA4,901063,RACHEL,MZOROZORO,IDENT
20171006140041,SA4,901066,ZULEHA,MOHAMED,IDENT
20171006140046,SA4,901126,YUNIS,LULANDALA,IDENT
20171006140051,SA5,901568,YASINTA,MKIWA,IDENT
20171006140051,SA4,901116,GRACE,KAHANGE,IDENT
20171006140056,SA4,900946,RAHMA,MWIMBA,IDENT
20171006140100,SA4,900966,ZUHURA,KIJIMBO,IDENT
20171006140102,SA5,901285,THABIT,ALLY,IDENT
20171006140104,SA4,901163,SIJALI,MKELE,IDENT
20171006140107,SA5,900931,JOHARI,KIMARO,IDENT
20171006140110,SA4,901108,AISHA,WILLIUM,IDENT
20171006140113,SA5,901328,MARRY,SHOO,IDENT
20171006140115,SA4,901100,REHEMA,SALEHE,IDENT
20171006140116,SA5,901409,MAGRETH,NGOSI,IDENT
20171006140120,SA6,900433,HARUNI,MKAMA,IDENT
20171006140121,SA5,901299,SAUDA,MATOWELA,IDENT
20171006140122,SA4,900893,JOYCE,MCHOMVU,IDENT
20171006140124,SA2,901081,PILI,MDEDE,IDENT
20171006140128,SA4,901008,GRESS,KOBA,IDENT
20171006140130,SA2,901083,HADIJA,MPAMBA,IDENT
20171006140135,SA5,901388,OSWALD,SHILLA,IDENT
20171006140135,SA2,901099,TAUS,MUSTAPHA,IDENT
20171006140138,SA4,901028,REHEMA,KWENGWEGU,IDENT
20171006140141,SA2,901070,FLORA,MSAMLA,IDENT
20171006140144,SA4,901018,AISHA,KIBINDO,IDENT
20171006140145,SA2,901086,ELIWAZA,MWIGOHA,IDENT
20171006140149,SA4,901206,AISHA,MKUMBA,IDENT
20171006140150,SA5,901317,ASHA,HAMISI,IDENT
20171006140150,SA2,901220,AGNESS,MWAMBENGO,IDENT
20171006140154,SA4,900958,SOPHIA,LIKONGO,IDENT
20171006140155,SA5,901319,CHRISTINA,TATI,IDENT
20171006140200,SA4,901137,SOFIA,KIUMBE,IDENT
20171006140202,SA5,901376,ZAINABU ,SALUM,IDENT
20171006140205,SA4,901005,HADIJJA,KIJUU,IDENT
20171006140206,SA5,901316,ZUHURA,HAMIS,IDENT
20171006140211,SA5,901389,OMARY,JUMA,IDENT
20171006140213,SA4,901207,AISHA,ABEID,IDENT
20171006140217,SA5,901395,HASHIM,HAIZA,IDENT
20171006140220,SA4,900918,MARIAM,RAMADHANI,IDENT
20171006140222,SA5,901385,ABDALLA,MGAYA,IDENT
20171006140225,SA4,900928,MARIA,MAGWE,IDENT
20171006140226,SA5,901094,MARTINA,FISSO,IDENT
20171006140231,SA4,900999,ROSE,MWAMAKOLA,IDENT
20171006140237,SA4,901145,ADELINA,MALEMA,IDENT
20171006140249,SA4,901003,SALAMA,KADALA,IDENT
20171006140254,SA2,901133,HUSNA,SENGAMBA,IDENT
20171006140256,SA4,901041,JACKLINI,MBOYA,IDENT
20171006140303,SA4,900995,MARY,KIAMA,IDENT
20171006140308,SA4,901266,AZIZA,KAKOMBE,IDENT
20171006140312,SA4,900968,TAUSI,SIMBA,IDENT
20171006140318,SA4,901047,MWAJUMA,HAMIS,IDENT
20171006140322,SA2,901103,MWATANGA,DIENI,IDENT
20171006140325,SA5,901148,IBRAHIM,MZENTO,IDENT
20171006140327,SA2,900889,SALMA,MWAWILA,IDENT
20171006140332,SA2,901248,MAGRETH,MASAWE,IDENT
20171006140334,SA5,901349,HABIBU,BAKARI,IDENT
20171006140345,SA4,900971,NAOMI,SAMWELI,IDENT
20171006140352,SA4,901106,MARYNIA,KAYOMBO,IDENT
20171006140410,SA4,901119,LINA,MLAWA,IDENT
20171006140420,SA5,900964,RAPHAEL,MBOKO,IDENT
20171006140421,SA4,901119,LINA,MLAWA,IDENT
20171006140426,SA4,901260,AISHA,MNEKA,IDENT
20171006140428,SA5,901371,YASINTA,LEKERI,IDENT
20171006140433,SA4,901270,NAOMI,OBONG,IDENT
20171006140434,SA5,901592,SIFUEL,MASSAMU,IDENT
20171006140437,SA5,901366,LYDIA,MAKENE,IDENT
20171006140438,SA4,901221,TEDDY,MAGAMBO,IDENT
20171006140441,SA5,901363,ZUCRA,SWEDI,IDENT
20171006140441,SA2,900991,CHRISTINA,JAILOS,IDENT
20171006140446,SA5,901423,CONSOLATHA,JOSEPH,IDENT
20171006140449,SA4,901216,ASHA,RAMADHANI,IDENT
20171006140452,SA6,900166,RAMADHANI,KIPENGELE,IDENT
20171006140453,SA5,901423,CONSOLATHA,JOSEPH,IDENT
20171006140454,SA4,901151,SIJARI,MAGOMBE,IDENT
20171006140524,SA4,900924,DEBORA,HOSSA,IDENT
20171006140526,SA5,901294,RATIFA,KAPINGA,IDENT
20171006140554,SA2,900929,HALIMA,SEIF,IDENT
20171006140556,SA4,901177,ASHA,MAVENGELO,IDENT
20171006140612,SA4,901138,JOYCE,CHEMRA,IDENT
20171006140614,SA5,901323,AMINA,HAMISI,IDENT
20171006140621,SA5,901309,SALMA,RAFIKI,IDENT
20171006140628,SA5,901279,NEEMA, GODFREY,IDENT
20171006140630,SA4,901153,MAGRETH,ZANUARI,IDENT
20171006140634,SA5,901365,JOYCE,SWILLAH,IDENT
20171006140644,SA4,901169,VERONICA,LECHIPYA,IDENT
20171006140649,SA4,901131,ESTA,KWEKA,IDENT
20171006140650,SA5,900895,CATHERINE,CHIGOGOLO,IDENT
20171006140655,SA5,900850,ROSE,KITALI,IDENT
20171006140659,SA5,901293,JOHARI,MAHARIA,IDENT
20171006140659,SA4,901102,ORIVER,DAUD,IDENT
20171006140723,SA4,900911,NEEMA,URASSA,IDENT
20171006140725,SA5,901360,MARRY,MASULUBE,IDENT
20171006140728,SA2,900948,VERONICA,MFILINGE,IDENT
20171006140735,SA5,901425,HIDAYA,KASSIM,IDENT
20171006140817,SA5,901369,RECHO,MSHUMBUSI,IDENT
20171006140821,SA2,901227,MWAMVITA,MWAIPOPO,IDENT
20171006140830,SA5,901300,ANNA,TEMBA,IDENT
20171006140834,SA5,901301,TUKAE,MUSA,IDENT
20171006140944,SA2,901251,GATI,NYANTUMAN,IDENT
20171006141001,SA2,901238,MARIAM,SELEMANI,IDENT
20171006141008,SA2,901350,ALFRED,CHARLES,IDENT
20171006141117,SA2,901024,ASIA,KARATA,IDENT
20171006140659,SA6,900140,IGNATUS,MLANGWA,IDENT
20171006140705,SA6,900487,STEPHEN,KAMBWEMBWE,IDENT
20171006140720,SA6,900132,FRIDA,KIGWA,IDENT
20171006140756,SA4,901166,SAUDA,MAULID,IDENT
20171006140848,SA4,901222,DEBORA,FILIPATALI,IDENT
20171006140853,SA4,901254,NURAT,JAFARI,IDENT
20171006140902,SA4,900926,AMINA,KONDO,IDENT
20171006140907,SA4,901139,HAPPY ,ZAKAYO,IDENT
20171006140916,SA4,900942,CHRISTINA,MWENDA,IDENT
20171006140923,SA4,901224,ANNA,NYAKAPALA,IDENT
20171006140934,SA4,901228,CESILIA,MBABUYE,IDENT
20171006140940,SA4,901002,MARIAM,SABURI,IDENT
20171006141016,SA6,900406,CHAUREMBO,MWINYI,IDENT
20171006141017,SA4,901135,REHEMA,OMARY,IDENT
20171006141021,SA5,901404,AWAZI,SALIM,IDENT
20171006141025,SA4,901142,SOPHIA,YUSUPH,IDENT
20171006141103,SA5,901408,SAIDI,MAKALA,IDENT
20171006141132,SA2,901096,SAMWELI,MANGARE,IDENT
20171006141135,SA2,900965,HERMAN,MAKOKO,IDENT
20171006141139,SA4,901161,NURU,MOHAMED,IDENT
20171006141141,SA2,901000,AGNES,MTYANGILE,IDENT
20171006141210,SA5,900892,MWANIA,PEMBE,IDENT
20171006141211,SA6,900443,JABIRI,RAMADHANI,IDENT
20171006141222,SA4,901252,JENIPHA,CHIZA,IDENT
20171006141223,SA6,900428,GLADIS,MAZENGO,IDENT
20171006141229,SA6,900422,FURAHA,MWAKIFWAMB,IDENT
20171006141320,SA4,901214,MARIAM,OMAR,IDENT
20171006141337,SA6,900023,JINGSON,SAIMON,IDENT
20171006141342,SA6,900023,JINGSON,SAIMON,IDENT
20171006141350,SA6,900560,DEOGRASIAS,STEPHIN,IDENT
20171006141407,SA6,900703,MUSSA,MTALI,IDENT
20171006141434,SA6,900474,PHILBERT,MATOGO,IDENT
20171006141619,SA4,901146,MARTHA,MAKOTI,IDENT
20171006141935,SA6,900476,RAMADHANI,IDD,IDENT
20171006142046,SA4,901157,DAVID,JUMA,IDENT
20171006142148,SA5,901345,ALHAJI,KIHIYO,IDENT
20171006142228,SA4,901213,HABIBA,NJIKU,IDENT
20171006142332,SA6,900168,RAZAKI,MTINDA,IDENT
20171006142407,SA5,901236,FATIMA,ALLY,IDENT
20171006142526,SA5,901061,MWAJUMA,ABDALLAH,IDENT
20171006142531,SA5,900873,SELEN,JUMA,IDENT
20171006142538,SA5,900903,RUKIA,MOHAMED,IDENT
20171006142545,SA5,901201,DEOGRATIUS,KESSY,IDENT
20171006142603,SA5,900896,HADIJA , KIHEGO,IDENT
20171006142608,SA5,900866,FLORA,DAMAS,IDENT
20171006142616,SA5,900960,AGNESS,NAWAHIGA,IDENT
20171006142620,SA5,901559,MARIAM,JUMA,IDENT
20171006142625,SA5,901327,EMERY,MSUNGU,IDENT
20171006142724,SA2,900987,PILLY,MWAWILA,IDENT
20171006142820,SA5,900886,ELIZABERTH,KIJA,IDENT
20171006142825,SA5,901191,ROSE,BENARD,IDENT
20171006142830,SA5,900875,ASHA,MALINBWI,IDENT
20171006142833,SA5,900907,PAULINA,DEVA,IDENT
20171006142704,SA6,900396,ANDREW,MSANGI,IDENT
20171006142921,SA6,900040,MWAJUMA,KATONA,IDENT
20171006142931,SA4,901069,ELIZABETH,MRAMU,IDENT
20171006142939,SA5,901055,ZAINABU,OMARY,IDENT
20171006143110,SA5,900864,TECLA,SAMWEL,IDENT
20171006143115,SA5,901110,ASHA,MPELA,IDENT
20171006143120,SA5,901205,JAMILA,MASONGI,IDENT
20171006143128,SA5,900887,ELITABETH,GOMELO,IDENT
20171006143137,SA5,901210,ROSE,CHUWA,IDENT
20171006143143,SA5,900872,ZALAU,NGWELE,IDENT
20171006143148,SA5,901048,HALIMA,IDDI,IDENT
20171006143240,SA4,901015,JOYCE,CHACHA,IDENT
20171006143252,SA4,901274,AMINA,KAHABUKA,IDENT
20171006143333,SA6,900409,DANIEL,MROPE,IDENT
20171006143451,SA6,901436,HAMISI,ALI,IDENT
20171006143544,SA2,901268,ANITHA,KWIMBA,IDENT
20171006143639,SA6,900128,ENELES,MBWAGA,IDENT
20171006143745,SA6,900124,DAUDI,ELIFALETH,IDENT
20171006144122,SA6,900556,REGINA,NDALUHEKEYE,IDENT
20171006144354,SA6,900170,REHEMA,CHINUNJE,IDENT
20171006144647,SA6,900135,HALIMA,NGAMZI,IDENT
20171006150325,SA6,901584,PENDO,MNJAGILA,IDENT
20171006150356,SA4,901264,HADIJA,RAMADHANI,IDENT
20171006150509,SA2,900954,HABIBA,MDOSE,IDENT
20171006150514,SA2,900986,KAUSE,ABDALLAH,IDENT
20171006150519,SA2,901092,ASIA,JUMA,IDENT
20171006151019,SA5,901429,REHEMA,MAZEKU,IDENT
20171006151159,SA5,900876,MWASITI,MAULID,IDENT
20171006151205,SA5,900950,ASHURA,ATHUMAN,IDENT
20171006151211,SA5,901059,JAZIRA,RAMADHANI,IDENT
20171006151224,SA4,900869,FRIDA,MKUMBO,IDENT
20171006151246,SA4,901218,JANE,RYOBA,IDENT
20171006151251,SA4,900882,WINIFRIDA,MALISELINO,IDENT
20171006151256,SA4,900981,FIDES,MONGI,IDENT
20171006151302,SA4,901088,JANETH,MUONDO,IDENT
20171006151728,SA2,901021,NEEMA ,MWANGO,IDENT
20171006154057,SA6,900413,ELIBAHATI,JOSEPH,IDENT
20171006154201,SA6,900122,CATHERINE,KUMBATA,IDENT
20171006160707,SA4,901156,SAID,HAMISI,IDENT
20171006161016,SA6,900171,ROBERT,MFUNI,IDENT
20171006161823,SA6,900029,JUMANNE,MBONDE,IDENT
20171006163120,SA6,900110,RASHID,ISSA,IDENT
20171006163315,SA6,900041,NELSON,MTEMI,IDENT
20171006163634,SA6,101880,RICHARD,MAKASI,IDENT
20171006164209,SA6,901431,AMBALI,SOUD,IDENT
20171006164933,SA6,900014,DILIP,JOSHI,IDENT
20171006170029,SA2,901339,JAMES,MKONO,IDENT
20171006165803,SA6,900397,ANNA,MOSHI,IDENT
20171006170006,SA5,901326,ALLY,MBONDE,IDENT
20171006170041,SA5,901405,ABDANI,SHILLA,IDENT
20171006170104,SA6,900560,DEOGRASIAS,STEPHIN,IDENT
20171006170107,SA6,900133,GEORGE,GIDION,IDENT
20171006170132,SA6,900271,HUSNA,SAID,IDENT
20171006170138,SA6,900114,ABEID,MOHAMED,IDENT
20171006170236,SA4,901164,SWAUMU,KAYANDA,IDENT
20171006170250,SA2,900940,JUMANNE,ZONGO,IDENT
20171006170255,SA6,901558,CONSOLATA,MDEMU,IDENT
20171006170300,SA6,900649,ZUBEDA,MANDIA,IDENT
20171006170304,SA6,900465,MARTIN,KIDUNGU,IDENT
20171006170316,SA6,900581,SAADA,MUHINTE,IDENT
20171006170341,SA6,900582,ZABRON,TOSSI,IDENT
20171006170358,SA6,900431,HAMADI,ZUBERI,IDENT
20171006170443,SA6,900583,REGINALD,MICHAEL,IDENT
20171006170453,SA6,900247,ALLY,SELEMANI,IDENT
20171006170503,SA6,900291,RASHIDI,MUSSSA,IDENT
20171006170508,SA6,900399,ATHUMANI,JUMA,IDENT
20171006170510,SA6,900620,AYOUB,MTAFUNGWA,IDENT
20171006170512,SA5,901334,SHAIBU,KASANGA,IDENT
20171006170527,SA5,901278,HENRY ,CHELULA,IDENT
20171006170537,SA6,901569,FREDRICK,MUSHI,IDENT
20171006170547,SA6,900430,GWAKISA,MWAKASAGURE,IDENT
20171006170547,SA2,901060,MARTHA,GABRIEL,IDENT
20171006170549,SA6,900402,BARAKA,MVUNGI,IDENT
20171006170616,SA6,900472,MWALIMU,SELEMANI,IDENT
20171006170623,SA6,900467,MBARUKU,OSWAD,IDENT
20171006170628,SA6,900445,JOHN,MASUNGWA,IDENT
20171006170631,SA6,900682,BENEDICT,ELIAS,IDENT
20171006170633,SA6,900454,KHALFAN,AMOUR,IDENT
20171006170638,SA6,900447,JOSEPH,LUSANA,IDENT
20171006170642,SA6,900566,ERICK,NDUNGURU,IDENT
20171006170647,SA6,900481,RICHARD,KWEYAMBA,IDENT
20171006170651,SA6,901591,EINHARD,MASSAWE,IDENT
20171006170750,SA5,901413,LEILA,KIMBENGELE,IDENT
20171006170702,SA6,900586,MOHAMED,SOLOKA,IDENT
20171006170707,SA6,900494,YOHANA,LUSANA,IDENT
20171006170712,SA6,901265,FRANK ,RUZIGA,IDENT
20171006170902,SA6,901435,FILES,MBANDO,IDENT
20171006170914,SA6,900016,FATUMA,HAMISI,IDENT
20171006171006,SA6,900458,KIBWANA,SAIDI,IDENT
20171006171039,SA6,900448,JOSEPH,MKELEBE,IDENT
20171006171107,SA6,900057,ZAITUNI,ABDALLAH,IDENT
20171006171143,SA6,900681,ABUBAKARI,MGAZA,IDENT
20171006171201,SA6,900701,MATHEW,NDANSHAU,IDENT
20171006171216,SA6,900488,THOBIAS,KIWELU,IDENT
20171006171229,SA6,900629,MICHAEL,ZAMBETAKIS,IDENT
20171006171240,SA6,900043,RANI,MOHAR,IDENT
20171006171244,SA6,900405,CHARLES,WILLIAM,IDENT
20171006171248,SA6,900246,ABDULKARIM,ALI,IDENT
20171006171321,SA6,900388,AGNES,SHAYO,IDENT
20171006171327,SA6,900270,HASSAN,KIGWIO,IDENT
20171006171330,SA2,900902,SAKINA,MAWEMBA,IDENT
20171006171402,SA6,900108,NORAH,CLEMENCE,IDENT
20171006171409,SA6,901433,ESTER,THEOFIL,IDENT
20171006171530,SA6,901595,MANASE,MICHAEL,IDENT
20171006171627,SA6,900400,BAHATI,LUBUVA,IDENT
20171006171644,SA6,900484,SHANI,MOHAMED,IDENT
20171006171702,SA5,901333,NEEMA,KILUZIA,IDENT
20171006171951,SA2,900936,SOPHIA,MBONDE,IDENT
20171006171732,SA6,E078,SANJAY,GOYAL,IDENT
20171006171752,SA6,900126,DORIKA,MALYANGO,IDENT
20171006171855,SA6,901332,NASRA,MSANYA,IDENT
20171006171918,SA6,900414,EMMANUEL ,SERAPHINE,IDENT
20171006171952,SA6,E084,NAVNEET, SINGH,IDENT
20171006172001,SA6,901590,ISSA,JUMA,IDENT
20171006172004,SA6,900107,MSELEM,MSELEM,IDENT
20171006172148,SA5,900871,MWANAHAMISI,NDOLWA,IDENT
20171006172202,SA6,900142,IRENE,MREMA,IDENT
20171006172207,SA6,900144,JANE,MWAKABULUFU,IDENT
20171006172230,SA6,900420,FRANCIS,TESHA,IDENT
20171006172236,SA6,900407,CHRISTIAN ,NGONYANI,IDENT
20171006172301,SA6,900173,SHARIFA,MRISHO,IDENT
20171006172306,SA6,900137,HERIETH,MWELI,IDENT
20171006172314,SA6,900432,HAMZA,ABDALLAH,IDENT
20171006172341,SA6,900143,JACKLINE,MAIGA,IDENT
20171006172403,SA6,900151,LISSY,KIGONJOLA,IDENT
20171006172412,SA6,900009,ASHA,HAMISI,IDENT
20171006172456,SA6,900574,FURAHA,MSAMBWA,IDENT
20171006172546,SA6,900584,LUCY,MACHAI,IDENT
20171006172618,SA6,900435,HASSAN,NKHAMBI,IDENT
20171006172621,SA2,901446,DANIEL,MBARUKA,IDENT
20171006172733,SA2,901442,JARINA,SHEKOLA,IDENT
20171006172943,SA2,901396,EDWIN,KIPUYO,IDENT
20171006172702,SA6,900393,ALLY,MTWALE,IDENT
20171006172753,SA6,900123,CHARLES,LUSWETULA,IDENT
20171006172847,SA6,900416,ERICK,DAUD,IDENT
20171006172937,SA6,900155,MWANAFATIMA,MATIPA,IDENT
20171006173117,SA4,901239,SAKINA,KIZEE,IDENT
20171006173400,SA2,901451,JUSTINE,MKUDE,IDENT
20171006173441,SA6,900485,SHUFAA,ABEID,IDENT
20171006173517,SA6,900478,RAPHAEL,SENKONDO,IDENT
20171006173520,SA6,900460,LAMECK,ASSETO,IDENT
20171006173930,SA6,E060,ANOOP,TIWARI,IDENT
20171006173933,SA6,E068,RANJEET SINGH,SAINI,IDENT
20171006174142,SA6,900493,YAKOBO,ALLY,IDENT
20171006174154,SA6,901573,DAUDI,NYASHIMO,IDENT
20171006174301,SA6,E085,ASEEM,VERMA,IDENT
20171006174340,SA6,900039,MWAJABU,ALLY,IDENT
20171006175107,SA5,901329,ELIWA ,SHAO,IDENT
20171006175216,SA6,900464,MARTHA,MWIKOLA,IDENT
20171006175219,SA2,900859,MAGDI,MASANGURA,IDENT
20171006175317,SA6,900174,SOSTHENES,MUKAMA,IDENT
20171006175332,SA6,900257,ENGLIBERTH,DAUDI,IDENT
20171006175338,SA6,900109,AMANI,NYAKARASHI,IDENT
20171006180038,SA6,900156,MWANAISHA,UWESU,IDENT
20171006180045,SA6,900262,FRIDA, MWAMBEGELE,IDENT
20171006180318,SA6,901599,GRAYSON,MWAKASENDILE,IDENT
20171006180452,SA6,900389,AHMAD,KINDUMA,IDENT
20171006180855,SA2,901448,PAULINA,DAVID,IDENT
20171006181006,SA2,901450,FARIDA,JUMA,IDENT
20171006180756,SA4,901443,MWAJUMA,SHEMBWANA,IDENT
20171006180802,SA4,901193,VICTORIA,MWAMPEGETE,IDENT
20171006180855,SA6,900446,JOSEPH,KIBASA,IDENT
20171006180941,SA6,900014,DILIP,JOSHI,IDENT
20171006181139,SA5,901325,JOSEPH,KAVISHE,IDENT
20171006181151,SA6,900408,COLLMAN,KISISA,IDENT
20171006181244,SA6,E045,SURESH,PS,IDENT
20171006181318,SA6,E013,GIRIRAJ,SHARMA,IDENT
20171006181926,SA2,200316,DENIS,JOHNSON,IDENT
20171006181930,SA2,901447,MASHAKA,MATEKELE,IDENT
20171006181835,SA6,900292,ROSE,CHIKAWE,IDENT
20171006181936,SA6,900468,MICHAEL,IBRAHIM,IDENT
20171006181941,SA6,E021,RAJA,SWAMINATHAN,IDENT
20171006182029,SA6,900660,IDDI,ALLY,IDENT
20171006182108,SA5,901335,YONA,MAPELELE,IDENT
20171006182129,SA2,200314,DEO,SAKAYA,IDENT
20171006182154,SA6,E079,BALASUBRAMANIAM,M,IDENT
20171006182224,SA6,900044,REGINARD,MSHANGA,IDENT
20171006182258,SA6,901452,STEVEN,CHUWA,IDENT
20171006182725,SA6,900591,RASHID ,MUNKENDA,IDENT
20171006182743,SA6,900007,ANNA,DUA,IDENT
20171006182913,SA6,900175,TEDDY,SIMON,IDENT
20171006183229,SA6,900418			,FELIX,WAUSA,IDENT
20171006183426,SA4,900941,KULWA,MSUMA,IDENT
20171006183459,SA4,900944,FROLA,KAMARA,IDENT
20171006183928,SA2,901068,CATHERINE,MATENGO,IDENT
20171006183830,SA6,901432,AMINA,SOGOI,IDENT
20171006184435,SA6,900543,JOHN,MAGANYA,IDENT
20171006184447,SA6,901438,MARY,JOSEPH,IDENT
20171006184502,SA6,900017,FIKA,JOMSON,IDENT
20171006184719,SA4,100597,NOVATI,TARIMO,IDENT
20171006185812,SA2,200309,RAMADHANI,KIHILE,IDENT
20171006190021,SA6,900025,JOYCE,MAGANGA,IDENT
20171006190132,SA5,200312,BARAKA,KATEGILE,IDENT
20171006190142,SA6,900627,BAHATI,KAPIGA,IDENT
20171006190228,SA5,200351,MICHAEL,MICHAEL,IDENT
20171006190235,SA6,900165,RAMADHANI,NYENJE,IDENT
20171006190255,SA6,900103,FREDNAND,JACKSON,IDENT
20171006190337,SA2,901453,JOHNSON,MUNISI,IDENT
20171006190449,SA6,E083,GURURAJ,SHENVI,IDENT
20171006190509,SA5,200311,DAVID,BWILE,IDENT
20171006190517,SA5,901422,EMMANUEL,KHALIDI,IDENT
20171006190547,SA6,900385,ABDALLAH,MOHAMED,IDENT
20171006192249,SA6,900036,MOHAMED,MAJUJULO,IDENT
20171006192451,SA6,900048,SHELLA,MFAUME,IDENT
20171006194402,SA6,900037,MOHAMED,MKALA,IDENT
20171006195020,SA6,900398,ARSEN, RWEBANGILA	,IDENT
20171006200222,SA6,900021,JAFARI,BAINA,IDENT
20171006200233,SA6,900002,ABDALLAH,MWEYO,IDENT
20171006201120,SA6,900661,ADILILA,KONGA,IDENT
20171006201246,SA6,900054,THOMAS,MGABO,IDENT
20171006202213,SA6,900047,SAMSON,SHILA,IDENT
20171006202218,SA6,900047,SAMSON,SHILA,IDENT
20171006202649,SA6,900046,SALUM,NDEGE,IDENT
20171006203620,SA6,900015,EMMANUEL ,CLEMENT,IDENT
20171006205304,SA6,900050,STANLEY,JEREMIAH,IDENT
20171006205716,SA6,900544,YUSUPH,MTUTUMA,IDENT
20171006212917,SA6,900130,FATUMA,CHOMBO,IDENT
20171006212938,SA5,901056,ANGELA,MWAKAPALILA,IDENT
20171006212949,SA5,901095,BEATA,KOMBA,IDENT
20171006212955,SA5,901071,YUNIS,NDAIGA,IDENT
20171006213000,SA5,901013,YASINTA,SHELUBANZI,IDENT
20171006213150,SA5,901394,TERESIA,MHAMBO,IDENT
20171006213231,SA5,901305,DIANA,KIBASA,IDENT
20171006213244,SA5,901298,SWAUMU,MZIRAI,IDENT
20171006213254,SA5,900894,NURU,MAKANDE,IDENT
20171006213302,SA5,901314,JANE,NYAGAWA,IDENT
20171006213343,SA5,901418,ISAYA ,SAWASAWA,IDENT
20171006213412,SA6,900480,RASHID,MOHAMED,IDENT
20171006213417,SA5,901324,MARIAM,YAHAYA,IDENT
20171006213518,SA5,901280,WHITNESS,MSAGATI,IDENT
20171006213556,SA5,900919,ANNA,MPUGE,IDENT
20171006213703,SA5,901098,GERALD,MBAUKA,IDENT
20171006213923,SA5,901387,GODFREY,YALED,IDENT
20171006213941,SA5,901593,Mpelwa,Ndoshi,IDENT
20171006213946,SA5,901397,LINETH,KYARUS,IDENT
20171006214012,SA5,901284,MOHAMED,IDDI,IDENT
20171006214026,SA5,901364,SALAFINA,KISAPI,IDENT
20171006214040,SA5,901362,JULIETH,GODFREY,IDENT
20171006214121,SA5,901390,SHABANI,HUSEN,IDENT
20171006214218,SA4,900897,SWAUMU,SAIDI,IDENT
20171006214232,SA4,901229,ANNA,NGAPONDA,IDENT
20171006214237,SA4,900917,SALMA,DIWILE,IDENT
20171006214252,SA4,901244,SWAUMU,HIMBU,IDENT
20171006214321,SA5,900901,NEEMA,NYAKOKI,IDENT
20171006214326,SA5,901211,ANNA,KIMARO,IDENT
20171006214420,SA6,900409,DANIEL,MROPE,IDENT
20171006214638,SA5,901367,BEATHA,MLOSO,IDENT
20171006214642,SA5,901368,NAOMI,YUSUPH,IDENT
20171006214652,SA5,901154,SALAMA,ALLY,IDENT
20171006214723,SA5,901291,AISHA,ISSA,IDENT
20171006214733,SA2,901343,SEBASTIAN,KIPINGU,IDENT
20171006214737,SA2,901346,FRANK,MANDI,IDENT
20171006214755,SA5,901004,ZAHARA,YANGE,IDENT
20171006214955,SA5,901379,JUMA,MAKALA,IDENT
20171006214958,SA5,901402,ALLY,SELEMAN,IDENT
20171006215006,SA5,901354,AISHAH,OTHUMANI,IDENT
20171006215012,SA5,901359,VILET,MHELUKA,IDENT
20171006215017,SA5,901304,SOPHIA,ALLY,IDENT
20171006215022,SA5,900883,EDINA,ABED,IDENT
20171006215030,SA6,900127,DUNCAN,MHANDO,IDENT
20171006215035,SA6,901149,EPIFANI, MBOKO,IDENT
20171006215055,SA6,900162,PILLY,MANENO,IDENT
20171006215057,SA5,901311,LOYCE,MASKINI,IDENT
20171006215101,SA5,901283,KEDMOND,KAMOGA,IDENT
20171006215151,SA5,901019,ASHA,NGAMBA,IDENT
20171006215215,SA5,900884,HADIJA,GOGO,IDENT
20171006215218,SA5,900863,ANNA,MICHAEL,IDENT
20171006215224,SA2,901167,KELVIN,NGOZI,IDENT
20171006215230,SA2,900915,DOROTHEA,KILO,IDENT
20171006215239,SA5,901393,HADIJA,JUMA,IDENT
20171006215259,SA2,900844,AISHA,MSOMI,IDENT
20171006215310,SA5,900862,EDINA,MWAKYOMA,IDENT
20171006215341,SA5,901064,SAID,RAMADHANI,IDENT
20171006215346,SA5,901383,JOAN,OMANDI,IDENT
20171006215402,SA6,900444,JOHN,MEDA,IDENT
20171006215414,SA5,901303,TAUSI,KATULA,IDENT
20171006215414,SA6,900662,ABDALLAH,ABEID,IDENT
20171006215418,SA5,901192,ASMA,KONDO,IDENT
20171006215439,SA5,901282,ADAM,MUSSA,IDENT
20171006215440,SA4,901263,JAMIRA,SAIDI,IDENT
20171006215445,SA5,901355,HALIMA,SANANE,IDENT
20171006215449,SA5,901097,EMANUEL,MSOKWA,IDENT
20171006215450,SA6,900473,NAOMI,GONDA,IDENT
20171006215453,SA5,901202,VITALIS,KESSI,IDENT
20171006215457,SA5,900849,IRENE,MMARI,IDENT
20171006215502,SA4,900959,REHEMA,LYOWA,IDENT
20171006215502,SA5,901328,MARRY,SHOO,IDENT
20171006215506,SA5,901320,REHEMA,ALLY,IDENT
20171006215512,SA5,900916,SABINA,KINGIMALI,IDENT
20171006215518,SA5,901290,AGNES,SALAWA,IDENT
20171006215523,SA5,901297,STELLA,MAKUNDI,IDENT
20171006215528,SA5,901295,ELLASIA,WILLIUM,IDENT
20171006215537,SA5,901341,JESSE,JEREMIA,IDENT
20171006215541,SA5,901430,JOYCE,SEMWENDA,IDENT
20171006215542,SA2,901273,HELLEN,KIZWALO,IDENT
20171006215548,SA2,901270,NAOMI,OBONG,IDENT
20171006215548,SA5,901373,ADELA,MSAGA,IDENT
20171006215552,SA6,900159,PAMELA,KUSALIKA,IDENT
20171006215552,SA5,901417,REHEMA,SINDANO,IDENT
20171006215557,SA5,901361,MARRY,MLIUNJA,IDENT
20171006215602,SA5,901330,SAVELINA ,KASHASHA,IDENT
20171006215607,SA5,901416,YONA,MUSA,IDENT
20171006215611,SA2,901262,HADIJA,SALUM,IDENT
20171006215612,SA5,901384,JOSHUA,KITUNDU,IDENT
20171006215623,SA5,901352,ABDALAH,SUDY,IDENT
20171006215629,SA5,901378,HOYCE,TILLYA,IDENT
20171006215642,SA4,900962,JOSEPH,ELISAFI,IDENT
20171006215642,SA6,900148,JUDITH,MALISA,IDENT
20171006215645,SA5,901307,MATRIDA,CHUVAKA,IDENT
20171006215653,SA5,900898,RUKIA,MATAUKA,IDENT
20171006215701,SA5,901380,BISURA,MCHELEO,IDENT
20171006215703,SA4,901089,HARUNA,ATHUMANI,IDENT
20171006215706,SA5,901308,MADINA,ATHUMANI,IDENT
20171006215713,SA4,901043,ANNA,JOHN,IDENT
20171006215715,SA5,900939,STELLA,MAGOGWA,IDENT
20171006215721,SA5,901312,VUMILIA,NDEGE,IDENT
20171006215722,SA4,901197,RASHID,NJERAN,IDENT
20171006215733,SA5,900997,MARY,ONDURU,IDENT
20171006215734,SA4,901104,MWANAHAWA,HASSAN,IDENT
20171006215743,SA5,901017,CATHERINE,NYEMA,IDENT
20171006215745,SA4,901124,TABIA,OMARY,IDENT
20171006215801,SA2,900934,MWAJABU,MARIDADI,IDENT
20171006215816,SA5,901331,DIANA,KABYEMELA,IDENT
20171006215820,SA2,901266,AZIZA,KAKOMBE,IDENT
20171006215833,SA5,901007,MODESTA,JOGOO,IDENT
20171006215838,SA5,901412,ELIA,NGWALI,IDENT
20171006215843,SA5,901217,VIVIAN,MWANGATA,IDENT
20171006215848,SA5,901230,KUDRA,BAKARI,IDENT
20171006215850,SA2,901342,ANDREW,KILUGWA,IDENT
20171006215859,SA2,901344,JACKSON,ATANUS,IDENT
20171006215904,SA5,901181,ASNA,SPRIAN,IDENT
20171006220005,SA2,901032,MARISELINA,NGULI,IDENT
20171006220010,SA2,900945,ELIZABETH,MREMA,IDENT
20171006220016,SA2,900933,WINFRIDA,LUSEBA,IDENT
20171006220023,SA2,900963,MWAZANI,SAIDI,IDENT
20171006220029,SA2,901186,FROLA,KILIMA,IDENT
20171006220035,SA2,900856,MWAJAMBU,HAMAD,IDENT
20171006220041,SA2,900927,SAADA,SALUM,IDENT
20171006220047,SA2,900905,AMINA,MUHIDINI,IDENT
20171006220052,SA2,901111,ASIA,MSHAMU,IDENT
20171006220058,SA2,900976,LUCY,STANLEY,IDENT
20171006220104,SA2,901039,JULIANA,SUKU,IDENT
20171006220111,SA2,901049,REDEMTA,DANIEL,IDENT
20171006220116,SA2,901065,ZAINABU,KARUMUNA,IDENT
20171006220123,SA2,901101,RAJABU,MOHAMMED,IDENT
20171006215804,SA6,900567,BAKARI,BELEKETE,IDENT
20171006215833,SA4,901117,HIDAYA,MASOUD,IDENT
20171006215848,SA4,901136,HONORATA,SHAYO,IDENT
20171006215917,SA4,900953,JANE,LUSENDELA,IDENT
20171006215918,SA5,900881,ZAINABU,SAIDI,IDENT
20171006215922,SA4,901160,SAUDA,MCHECHE,IDENT
20171006215929,SA5,900891,HINESS,KAAYA,IDENT
20171006215930,SA4,901212,JASMINI,MOHAMED,IDENT
20171006215935,SA5,901045,ASHURA,KATULA,IDENT
20171006215938,SA4,900974,ZAWADI,SADIKI,IDENT
20171006215940,SA5,900890,OLIVER,UDOBA,IDENT
20171006215945,SA4,901215,MWANAIDI,KOLOKO,IDENT
20171006215948,SA5,901171,ESTHER,MUNGUTI,IDENT
20171006215950,SA4,901030,VERONICA,WANGWE,IDENT
20171006215952,SA5,901347,JAMES,MAJIJI,IDENT
20171006215958,SA5,900996,LILIAN,RASHIDI,IDENT
20171006220002,SA4,901190,NEEMA,MNYALAPE,IDENT
20171006220004,SA6,900423,GARDINO,MHIMBA,IDENT
20171006220004,SA5,900904,ANNA,MAGEMBE,IDENT
20171006220011,SA5,901374,NASRA,HAMADI,IDENT
20171006220015,SA4,901185,JOYCE,SAMWEL,IDENT
20171006220016,SA5,901129,FELISTA,NYAHENGE,IDENT
20171006220021,SA5,900993,MARIAM,MSUMALI,IDENT
20171006220021,SA4,901027,EDDA,MWAKIBINGWA,IDENT
20171006220027,SA4,901174,BETH,NGADADA,IDENT
20171006220027,SA5,900879,RAHMA,KILO,IDENT
20171006220034,SA5,901406,PASCAL,STANLEY,IDENT
20171006220036,SA4,901234,ANITHA,AHALIELI,IDENT
20171006220039,SA5,900913,ASHURA,NGUMBE,IDENT
20171006220040,SA4,901231,ASHA,DUTCH,IDENT
20171006220044,SA5,900868,MAIMUNA,JARUFU,IDENT
20171006220046,SA4,901026,FATUMA,KONYO,IDENT
20171006220050,SA5,901122,NEEMA,FANUEL,IDENT
20171006220050,SA4,901187,MONICA,SHEMBONI,IDENT
20171006220055,SA5,900855,SINAHIA,OMARI,IDENT
20171006220056,SA4,900878,AISHA,KIZINGA,IDENT
20171006220058,SA6,900469,MICHAEL,MDACHI,IDENT
20171006220101,SA4,901235,TUMAIN,MUNGURE,IDENT
20171006220101,SA5,901255,ASHA,BILALI,IDENT
20171006220105,SA4,901112,BUSHRA,SALUM,IDENT
20171006220112,SA4,900970,MARIA,ELIESEL,IDENT
20171006220118,SA4,900952,SALAMA,MOHAMAD,IDENT
20171006220124,SA4,901155,GRACE,MUHONO,IDENT
20171006220127,SA5,900867,AISHA,KIUMBA,IDENT
20171006220129,SA4,901241,FATUMA,JUMA,IDENT
20171006220129,SA2,901085,ELIZABETH,NYAMBO,IDENT
20171006220134,SA2,901271,RACHEL,MCHOVU,IDENT
20171006220134,SA4,901042,FARIDA,NDAUKE,IDENT
20171006220135,SA5,901034,STAMILI,MUSSA,IDENT
20171006220138,SA4,901219,MARIAM,MUSSA,IDENT
20171006220141,SA5,901076,AGNESS,NGAPONDA,IDENT
20171006220141,SA4,901143,LINES,PILLI,IDENT
20171006220144,SA4,901245,EVERINA,MKETO,IDENT
20171006220145,SA5,900914,HAWA,MWIMBE,IDENT
20171006220146,SA6,900489,TUMAINI,MNZAVA,IDENT
20171006220149,SA5,900860,AGNESS,LUHUNGO,IDENT
20171006220150,SA4,901168,REHEMA ,MWASOMOLA,IDENT
20171006220153,SA5,901375,PILLI,CHOLOGONDO,IDENT
20171006220157,SA2,901009,MOSHI,SAIDI,IDENT
20171006220157,SA5,900865,CHRISTINA,MAGOWELA,IDENT
20171006220157,SA4,901253,JOYCE,KESI,IDENT
20171006220202,SA5,900923,HELENA,KHAJI,IDENT
20171006220204,SA4,900994,MWAISHA,MWAMOTO,IDENT
20171006220208,SA5,900985,BAHATI,SARAPIONI,IDENT
20171006220211,SA4,901256,AVERINA,AMANDUS,IDENT
20171006220213,SA2,900957,HADIJA,MKOTA,IDENT
20171006220216,SA4,901182,RENIFRIDA,NGUMBU,IDENT
20171006220216,SA5,901051,HABIBA,PAZZI,IDENT
20171006220218,SA2,901223,HAPPY,MKWEPU,IDENT
20171006220222,SA4,901132,HEAVENLIGHT,NKYA,IDENT
20171006220222,SA5,901289,CONSOLATHA,RAPHAEL,IDENT
20171006220226,SA5,901340,FELIX,MAKANYA,IDENT
20171006220227,SA4,901184,GRACE,NGALABA,IDENT
20171006220231,SA5,901025,ASHURA,HAMISI,IDENT
20171006220231,SA4,901035,AGNES,NKONJELWA,IDENT
20171006220235,SA4,901152,STELLA,MWAKATOBE,IDENT
20171006220236,SA5,900906,MARYSTELA,MCHOME,IDENT
20171006220240,SA6,900112,ABDALLAH,MIKALAMBILO,IDENT
20171006220240,SA4,901114,FARIDA,AMBLOS,IDENT
20171006220242,SA5,900931,JOHARI,KIMARO,IDENT
20171006220247,SA4,901130,NURU,DAUDI,IDENT
20171006220248,SA5,901173,BAHATI,MAKAMBA,IDENT
20171006220254,SA5,901123,REBECA,KALOFU,IDENT
20171006220255,SA4,900983,RUKIA,KONDO,IDENT
20171006220300,SA5,900943,MWAMINI,MPANGULE,IDENT
20171006220311,SA5,901382,KONDO,MOHAMED,IDENT
20171006220351,SA5,901247,KULUTHUM,CHILEMILE,IDENT
20171006220355,SA5,901052,SUZANA,NAPANGA,IDENT
20171006220400,SA2,900930,TABIA,DOGOLI,IDENT
20171006220405,SA2,901258,ATHUMAN,KILINDU,IDENT
20171006220407,SA5,900967,FATUMA,MTAMBUA,IDENT
20171006220419,SA5,900846,SARA,CHIDUNI,IDENT
20171006220425,SA5,901381,DOROSTA,CLEMANCE,IDENT
20171006220440,SA5,901592,SIFUEL,MASSAMU,IDENT
20171006220445,SA5,901322,SARAH,ALLY,IDENT
20171006220447,SA6,900139,IDD,YUSUFU,IDENT
20171006220455,SA6,900579,GRAYSON,KUNZUGALA,IDENT
20171006220513,SA5,901306,VAILETH,NGULO,IDENT
20171006220513,SA6,900449,JUMA,SANGAYA,IDENT
20171006220526,SA5,900946,RAHMA,MWIMBA,IDENT
20171006220638,SA5,901336,ISMAIL,MHINA,IDENT
20171006220654,SA6,900164,RAMADHANI ,BAKARI,IDENT
20171006220659,SA5,901427,JESCA,NGUMBU,IDENT
20171006220721,SA5,901134,NURU,MULONGANILE,IDENT
20171006220729,SA5,901038,AMINA,MDOE,IDENT
20171006220737,SA5,901062,RASHID,MDOE,IDENT
20171006220745,SA5,900990,JANE,MHONGOLE,IDENT
20171006220749,SA6,900568,GODWIN,KIRIA,IDENT
20171006220953,SA5,901200,INOCENT , KIFUMU,IDENT
20171006221001,SA5,901246,VERONICA,MTENGWA,IDENT
20171006221006,SA5,901338,WAZIRI,WAZIRI,IDENT
20171006221017,SA6,900451,KASSIM,MALICK,IDENT
20171006221022,SA5,900969,JEMA,SALUM,IDENT
20171006221027,SA5,901150,CHRISTINA,MBODE,IDENT
20171006221120,SA6,900391,ALLY,MASHAURI,IDENT
20171006221227,SA6,900575,CHRISTINA ,SENYANGWA,IDENT
20171006221231,SA6,900658,MWASITI,LABOA,IDENT
20171006221236,SA6,900116,ASHA,ALLY,IDENT
20171006221405,SA6,900161,PILLI ,MOHAMED,IDENT
20171007044252,SA6,900054,THOMAS,MGABO,IDENT
20171007045941,SA6,900544,YUSUPH,MTUTUMA,IDENT
20171007045948,SA6,900002,ABDALLAH,MWEYO,IDENT
20171007050722,SA6,900021,JAFARI,BAINA,IDENT
20171007051338,SA4,901015,JOYCE,CHACHA,IDENT
20171007051917,SA6,900135,HALIMA,NGAMZI,IDENT
20171007052153,SA6,900132,FRIDA,KIGWA,IDENT
20171007052813,SA6,900015,EMMANUEL ,CLEMENT,IDENT
20171007052849,SA6,900611,EVARIST,MPINGAURUGU,IDENT
20171007052918,SA6,900661,ADILILA,KONGA,IDENT
20171007052944,SA6,900050,STANLEY,JEREMIAH,IDENT
20171007053041,SA5,901389,OMARY,JUMA,IDENT
20171007053054,SA6,900627,BAHATI,KAPIGA,IDENT
20171007053150,SA4,901081,PILI,MDEDE,IDENT
20171007053156,SA4,900889,SALMA,MWAWILA,IDENT
20171007053203,SA4,901036,AZIZA,MANGETU,IDENT
20171007053210,SA4,901131,ESTA,KWEKA,IDENT
20171007053215,SA4,901210,ROSE,CHUWA,IDENT
20171007053334,SA5,901227,MWAMVITA,MWAIPOPO,IDENT
20171007053337,SA4,900995,MARY,KIAMA,IDENT
20171007053343,SA4,901072,TATU,ATHUMAN,IDENT
20171007053412,SA4,901251,GATI,NYANTUMAN,IDENT
20171007053428,SA5,900887,ELITABETH,GOMELO,IDENT
20171007053434,SA5,901012,FATUMA,KABUMA,IDENT
20171007053444,SA4,901133,HUSNA,SENGAMBA,IDENT
20171007053624,SA4,901084,MARIA ,SANGA,IDENT
20171007053637,SA4,901108,AISHA,WILLIUM,IDENT
20171007053734,SA4,901254,NURAT,JAFARI,IDENT
20171007053737,SA5,901366,LYDIA,MAKENE,IDENT
20171007053741,SA6,900543,JOHN,MAGANYA,IDENT
20171007053827,SA4,901020,VICTORIA,MWALUANDA,IDENT
20171007053834,SA4,900907,PAULINA,DEVA,IDENT
20171007053839,SA4,901005,HADIJJA,KIJUU,IDENT
20171007053931,SA4,900966,ZUHURA,KIJIMBO,IDENT
20171007054015,SA4,901238,MARIAM,SELEMANI,IDENT
20171007054030,SA5,901055,ZAINABU,OMARY,IDENT
20171007054056,SA4,901099,TAUS,MUSTAPHA,IDENT
20171007054103,SA4,901102,ORIVER,DAUD,IDENT
20171007054121,SA4,901103,MWATANGA,DIENI,IDENT
20171007054127,SA4,901070,FLORA,MSAMLA,IDENT
20171007054140,SA4,900952,SALAMA,MOHAMAD,IDENT
20171007054142,SA6,900647,JOHANSEN,MPANJU,IDENT
20171007054147,SA5,901360,MARRY,MASULUBE,IDENT
20171007054153,SA5,901388,OSWALD,SHILLA,IDENT
20171007054158,SA5,901094,MARTINA,FISSO,IDENT
20171007054200,SA4,901145,ADELINA,MALEMA,IDENT
20171007054209,SA4,901126,YUNIS,LULANDALA,IDENT
20171007054225,SA5,901285,THABIT,ALLY,IDENT
20171007054241,SA5,901363,ZUCRA,SWEDI,IDENT
20171007054248,SA5,901376,ZAINABU ,SALUM,IDENT
20171007054250,SA6,900048,SHELLA,MFAUME,IDENT
20171007054321,SA2,901053,DORIS,JOHN,IDENT
20171007054331,SA4,901008,GRESS,KOBA,IDENT
20171007054342,SA4,901041,JACKLINI,MBOYA,IDENT
20171007054350,SA4,901169,VERONICA,LECHIPYA,IDENT
20171007054401,SA4,901028,REHEMA,KWENGWEGU,IDENT
20171007054406,SA4,901248,MAGRETH,MASAWE,IDENT
20171007054411,SA4,901250,JENIPHA,DAMIAN,IDENT
20171007054420,SA4,901252,JENIPHA,CHIZA,IDENT
20171007054425,SA4,900846,SARA,CHIDUNI,IDENT
20171007054429,SA4,901000,AGNES,MTYANGILE,IDENT
20171007054447,SA4,900978,ELIZABETH,ZAE,IDENT
20171007054453,SA5,900896,HADIJA , KIHEGO,IDENT
20171007054458,SA4,901001,AMINA,MUYA,IDENT
20171007054504,SA4,900968,TAUSI,SIMBA,IDENT
20171007054533,SA4,901268,ANITHA,KWIMBA,IDENT
20171007054539,SA4,901138,JOYCE,CHEMRA,IDENT
20171007054600,SA4,900872,ZALAU,NGWELE,IDENT
20171007054606,SA4,901146,MARTHA,MAKOTI,IDENT
20171007054611,SA4,900918,MARIAM,RAMADHANI,IDENT
20171007054634,SA5,900964,RAPHAEL,MBOKO,IDENT
20171007054636,SA6,900123,CHARLES,LUSWETULA,IDENT
20171007054647,SA6,900124,DAUDI,ELIFALETH,IDENT
20171007054654,SA4,901057,ANNA,KITOMARY,IDENT
20171007054655,SA2,901021,NEEMA ,MWANGO,IDENT
20171007054659,SA4,901222,DEBORA,FILIPATALI,IDENT
20171007054659,SA5,901309,SALMA,RAFIKI,IDENT
20171007054814,SA5,900892,MWANIA,PEMBE,IDENT
20171007054902,SA5,901209,MIRIAM,MNDEWA,IDENT
20171007054819,SA4,901225,NOELA,YALOT,IDENT
20171007054907,SA4,900929,HALIMA,SEIF,IDENT
20171007054913,SA6,900396,ANDREW,MSANGI,IDENT
20171007054921,SA4,900962,JOSEPH,ELISAFI,IDENT
20171007054927,SA4,901233,SAMI,MTITIMA,IDENT
20171007054938,SA4,900847,ZAINABU,SINGANO,IDENT
20171007054943,SA4,901151,SIJARI,MAGOMBE,IDENT
20171007054948,SA4,901006,RUKIA,ALLY,IDENT
20171007055003,SA5,901205,JAMILA,MASONGI,IDENT
20171007055018,SA5,901373,ADELA,MSAGA,IDENT
20171007055024,SA5,901294,RATIFA,KAPINGA,IDENT
20171007055048,SA4,901220,AGNESS,MWAMBENGO,IDENT
20171007055050,SA5,900886,ELIZABERTH,KIJA,IDENT
20171007055055,SA5,901191,ROSE,BENARD,IDENT
20171007055101,SA4,901086,ELIWAZA,MWIGOHA,IDENT
20171007055109,SA5,901004,ZAHARA,YANGE,IDENT
20171007055110,SA4,901083,HADIJA,MPAMBA,IDENT
20171007055114,SA4,900999,ROSE,MWAMAKOLA,IDENT
20171007055116,SA5,901345,ALHAJI,KIHIYO,IDENT
20171007055119,SA4,901082,EDINA,JOHN,IDENT
20171007055130,SA2,901079,AGNESS,HAJI,IDENT
20171007055131,SA4,901119,LINA,MLAWA,IDENT
20171007055136,SA4,901166,SAUDA,MAULID,IDENT
20171007055207,SA5,900866,FLORA,DAMAS,IDENT
20171007055214,SA6,900128,ENELES,MBWAGA,IDENT
20171007055226,SA4,901075,AGATHA,JAMALI,IDENT
20171007055230,SA4,901054,FATUMA,MUHANDO,IDENT
20171007055232,SA5,901349,HABIBU,BAKARI,IDENT
20171007055234,SA4,901080,SALOME,DUA,IDENT
20171007055257,SA6,900406,CHAUREMBO,MWINYI,IDENT
20171007055301,SA4,900991,CHRISTINA,JAILOS,IDENT
20171007055308,SA4,901033,TATU,ISSA,IDENT
20171007055331,SA5,901236,FATIMA,ALLY,IDENT
20171007055337,SA6,900487,STEPHEN,KAMBWEMBWE,IDENT
20171007055352,SA4,901260,AISHA,MNEKA,IDENT
20171007055354,SA5,901098,GERALD,MBAUKA,IDENT
20171007055407,SA5,901064,SAID,RAMADHANI,IDENT
20171007055413,SA5,901365,JOYCE,SWILLAH,IDENT
20171007055414,SA6,900170,REHEMA,CHINUNJE,IDENT
20171007055420,SA6,900046,SALUM,NDEGE,IDENT
20171007055445,SA5,901301,TUKAE,MUSA,IDENT
20171007055450,SA5,901350,ALFRED,CHARLES,IDENT
20171007055451,SA4,900911,NEEMA,URASSA,IDENT
20171007055454,SA2,901167,KELVIN,NGOZI,IDENT
20171007055455,SA5,901425,HIDAYA,KASSIM,IDENT
20171007055456,SA4,900928,MARIA,MAGWE,IDENT
20171007055500,SA5,901319,CHRISTINA,TATI,IDENT
20171007055505,SA5,901162,MWANAHARUSI,MOHAMED,IDENT
20171007055508,SA4,900903,RUKIA,MOHAMED,IDENT
20171007055509,SA5,901201,DEOGRATIUS,KESSY,IDENT
20171007055511,SA2,900987,PILLY,MWAWILA,IDENT
20171007055525,SA6,900428,GLADIS,MAZENGO,IDENT
20171007055526,SA5,901327,EMERY,MSUNGU,IDENT
20171007055530,SA2,900948,VERONICA,MFILINGE,IDENT
20171007055531,SA5,901371,YASINTA,LEKERI,IDENT
20171007055535,SA5,901404,AWAZI,SALIM,IDENT
20171007055558,SA5,900850,ROSE,KITALI,IDENT
20171007055602,SA4,900924,DEBORA,HOSSA,IDENT
20171007055602,SA5,901399,DIANA,NDONGO,IDENT
20171007055603,SA6,900423,GARDINO,MHIMBA,IDENT
20171007055608,SA5,901148,IBRAHIM,MZENTO,IDENT
20171007055633,SA6,900420,FRANCIS,TESHA,IDENT
20171007055635,SA5,901568,YASINTA,MKIWA,IDENT
20171007055642,SA5,900873,SELEN,JUMA,IDENT
20171007055648,SA5,900864,TECLA,SAMWEL,IDENT
20171007055658,SA2,900844,AISHA,MSOMI,IDENT
20171007055701,SA4,900975,EDINA,MZUNGU,IDENT
20171007055708,SA4,901135,REHEMA,OMARY,IDENT
20171007055720,SA4,900935,ZAINABU,SINGANO,IDENT
20171007055743,SA5,900900,HELENA,SENZUGWAKO,IDENT
20171007055748,SA5,901244,SWAUMU,HIMBU,IDENT
20171007055752,SA5,901300,ANNA,TEMBA,IDENT
20171007055759,SA5,901408,SAIDI,MAKALA,IDENT
20171007055833,SA5,901110,ASHA,MPELA,IDENT
20171007055900,SA5,901299,SAUDA,MATOWELA,IDENT
20171007055906,SA5,901279,NEEMA, GODFREY,IDENT
20171007055909,SA5,901061,MWAJUMA,ABDALLAH,IDENT
20171007060105,SA2,901343,SEBASTIAN,KIPINGU,IDENT
20171007060113,SA2,901344,JACKSON,ATANUS,IDENT
20171007060118,SA2,901342,ANDREW,KILUGWA,IDENT
20171007055806,SA4,901267,NEEMA ,MWAMANYE,IDENT
20171007055818,SA4,901177,ASHA,MAVENGELO,IDENT
20171007055841,SA6,900474,PHILBERT,MATOGO,IDENT
20171007055855,SA6,900422,FURAHA,MWAKIFWAMB,IDENT
20171007055920,SA5,901418,ISAYA ,SAWASAWA,IDENT
20171007055929,SA5,901324,MARIAM,YAHAYA,IDENT
20171007055935,SA5,901298,SWAUMU,MZIRAI,IDENT
20171007055939,SA5,900901,NEEMA,NYAKOKI,IDENT
20171007055944,SA5,900875,ASHA,MALINBWI,IDENT
20171007055950,SA5,901559,MARIAM,JUMA,IDENT
20171007055953,SA5,901364,SALAFINA,KISAPI,IDENT
20171007055957,SA5,901095,BEATA,KOMBA,IDENT
20171007060001,SA5,901395,HASHIM,HAIZA,IDENT
20171007060005,SA5,901316,ZUHURA,HAMIS,IDENT
20171007060009,SA5,901367,BEATHA,MLOSO,IDENT
20171007060017,SA6,900476,RAMADHANI,IDD,IDENT
20171007060017,SA5,901229,ANNA,NGAPONDA,IDENT
20171007060027,SA5,901354,AISHAH,OTHUMANI,IDENT
20171007060031,SA5,901423,CONSOLATHA,JOSEPH,IDENT
20171007060037,SA5,901362,JULIETH,GODFREY,IDENT
20171007060041,SA5,901359,VILET,MHELUKA,IDENT
20171007060048,SA5,901025,ASHURA,HAMISI,IDENT
20171007060100,SA5,901368,NAOMI,YUSUPH,IDENT
20171007060108,SA5,901336,ISMAIL,MHINA,IDENT
20171007060111,SA5,901338,WAZIRI,WAZIRI,IDENT
20171007060116,SA5,901387,GODFREY,YALED,IDENT
20171007060120,SA5,900897,SWAUMU,SAIDI,IDENT
20171007060125,SA5,901211,ANNA,KIMARO,IDENT
20171007060137,SA5,900917,SALMA,DIWILE,IDENT
20171007060149,SA5,901390,SHABANI,HUSEN,IDENT
20171007060154,SA5,901282,ADAM,MUSSA,IDENT
20171007060208,SA5,901280,WHITNESS,MSAGATI,IDENT
20171007060216,SA5,901311,LOYCE,MASKINI,IDENT
20171007060236,SA4,901274,AMINA,KAHABUKA,IDENT
20171007060236,SA5,901154,SALAMA,ALLY,IDENT
20171007060241,SA4,901194,ELINA,ABEL,IDENT
20171007060247,SA5,901430,JOYCE,SEMWENDA,IDENT
20171007060253,SA6,900166,RAMADHANI,KIPENGELE,IDENT
20171007060255,SA5,901062,RASHID,MDOE,IDENT
20171007060301,SA2,901096,SAMWELI,MANGARE,IDENT
20171007060313,SA5,901380,BISURA,MCHELEO,IDENT
20171007060320,SA5,901056,ANGELA,MWAKAPALILA,IDENT
20171007060336,SA5,901382,KONDO,MOHAMED,IDENT
20171007060340,SA2,901346,FRANK,MANDI,IDENT
20171007060351,SA5,901314,JANE,NYAGAWA,IDENT
20171007060356,SA6,900444,JOHN,MEDA,IDENT
20171007060356,SA5,900894,NURU,MAKANDE,IDENT
20171007060403,SA5,901394,TERESIA,MHAMBO,IDENT
20171007060406,SA5,901200,INOCENT , KIFUMU,IDENT
20171007060410,SA5,901071,YUNIS,NDAIGA,IDENT
20171007060416,SA5,901284,MOHAMED,IDDI,IDENT
20171007060418,SA6,900398,ARSEN, RWEBANGILA	,IDENT
20171007060423,SA5,901317,ASHA,HAMISI,IDENT
20171007060433,SA5,901330,SAVELINA ,KASHASHA,IDENT
20171007060502,SA6,900579,GRAYSON,KUNZUGALA,IDENT
20171007060509,SA5,901305,DIANA,KIBASA,IDENT
20171007060531,SA5,901307,MATRIDA,CHUVAKA,IDENT
20171007060553,SA6,900164,RAMADHANI ,BAKARI,IDENT
20171007060557,SA5,901417,REHEMA,SINDANO,IDENT
20171007060605,SA5,901291,AISHA,ISSA,IDENT
20171007060606,SA2,901044,SUZANA,KIMARO,IDENT
20171007060655,SA5,901304,SOPHIA,ALLY,IDENT
20171007060735,SA5,901013,YASINTA,SHELUBANZI,IDENT
20171007060742,SA5,901385,ABDALLA,MGAYA,IDENT
20171007060835,SA5,901593,Mpelwa,Ndoshi,IDENT
20171007060841,SA5,901323,AMINA,HAMISI,IDENT
20171007060709,SA6,900443,JABIRI,RAMADHANI,IDENT
20171007060942,SA5,901296,STELLA,LUGOME,IDENT
20171007060950,SA4,901087,REHEMA,CHETE,IDENT
20171007061019,SA6,900036,MOHAMED,MAJUJULO,IDENT
20171007061055,SA6,900473,NAOMI,GONDA,IDENT
20171007061132,SA5,901397,LINETH,KYARUS,IDENT
20171007061133,SA6,900469,MICHAEL,MDACHI,IDENT
20171007061236,SA6,900138,HUSSEIN,SHABANI,IDENT
20171007061242,SA6,900037,MOHAMED,MKALA,IDENT
20171007061459,SA6,900115,AKIDA,DUGANGE,IDENT
20171007061713,SA4,900965,HERMAN,MAKOKO,IDENT
20171007061810,SA5,900919,ANNA,MPUGE,IDENT
20171007062212,SA6,900556,REGINA,NDALUHEKEYE,IDENT
20171007062414,SA5,900895,CATHERINE,CHIGOGOLO,IDENT
20171007063408,SA6,900130,FATUMA,CHOMBO,IDENT
20171007064042,SA5,900871,MWANAHAMISI,NDOLWA,IDENT
20171007064343,SA4,901157,DAVID,JUMA,IDENT
20171007064444,SA6,901435,FILES,MBANDO,IDENT
20171007064458,SA6,900047,SAMSON,SHILA,IDENT
20171007064502,SA6,900047,SAMSON,SHILA,IDENT
20171007064522,SA6,900175,TEDDY,SIMON,IDENT
20171007064818,SA2,901016,HALIFA,MOHAMED,IDENT
20171007064936,SA6,900449,JUMA,SANGAYA,IDENT
20171007070154,SA6,900494,YOHANA,LUSANA,IDENT
20171007071240,SA6,901431,AMBALI,SOUD,IDENT
20171007071457,SA6,900041,NELSON,MTEMI,IDENT
20171007072458,SA6,901433,ESTER,THEOFIL,IDENT
20171007072511,SA5,901333,NEEMA,KILUZIA,IDENT
20171007072525,SA4,900941,KULWA,MSUMA,IDENT
20171007072545,SA6,900416,ERICK,DAUD,IDENT
20171007072550,SA6,901573,DAUDI,NYASHIMO,IDENT
20171007072722,SA6,900582,ZABRON,TOSSI,IDENT
20171007072728,SA6,900168,RAZAKI,MTINDA,IDENT
20171007073224,SA6,900099,AMIN,JUMA,IDENT
20171007073231,SA6,900390,ALBERT,KANENDA,IDENT
20171007073236,SA6,900165,RAMADHANI,NYENJE,IDENT
20171007073250,SA6,900029,JUMANNE,MBONDE,IDENT
20171007073253,SA6,900100,AROBOGAST,MOGELLA,IDENT
20171007073421,SA6,900385,ABDALLAH,MOHAMED,IDENT
20171007073428,SA6,900291,RASHIDI,MUSSSA,IDENT
20171007073436,SA6,900174,SOSTHENES,MUKAMA,IDENT
20171007073554,SA6,900120,BENEDICTO,MBOKO,IDENT
20171007073610,SA6,900143,JACKLINE,MAIGA,IDENT
20171007073621,SA6,900109,AMANI,NYAKARASHI,IDENT
20171007073712,SA4,901069,ELIZABETH,MRAMU,IDENT
20171007073909,SA2,901339,JAMES,MKONO,IDENT
20171007073913,SA5,901413,LEILA,KIMBENGELE,IDENT
20171007073718,SA6,900133,GEORGE,GIDION,IDENT
20171007073748,SA6,101880,RICHARD,MAKASI,IDENT
20171007073847,SA6,900171,ROBERT,MFUNI,IDENT
20171007074113,SA6,900431,HAMADI,ZUBERI,IDENT
20171007074129,SA2,901446,DANIEL,MBARUKA,IDENT
20171007074136,SA2,100597,NOVATI,TARIMO,IDENT
20171007074155,SA6,900017,FIKA,JOMSON,IDENT
20171007074221,SA2,901444,BAKARI,KITILA,IDENT
20171007074250,SA5,901293,JOHARI,MAHARIA,IDENT
20171007074307,SA4,900954,HABIBA,MDOSE,IDENT
20171007074340,SA6,900703,MUSSA,MTALI,IDENT
20171007074348,SA6,900432,HAMZA,ABDALLAH,IDENT
20171007074405,SA6,900262,FRIDA, MWAMBEGELE,IDENT
20171007074415,SA6,E083,GURURAJ,SHENVI,IDENT
20171007074507,SA5,901334,SHAIBU,KASANGA,IDENT
20171007074519,SA4,901060,MARTHA,GABRIEL,IDENT
20171007074524,SA4,901164,SWAUMU,KAYANDA,IDENT
20171007074531,SA4,900902,SAKINA,MAWEMBA,IDENT
20171007074550,SA6,900584,LUCY,MACHAI,IDENT
20171007074656,SA4,901239,SAKINA,KIZEE,IDENT
20171007074719,SA6,900454,KHALFAN,AMOUR,IDENT
20171007074725,SA6,900447,JOSEPH,LUSANA,IDENT
20171007074731,SA6,900418			,FELIX,WAUSA,IDENT
20171007074738,SA6,900407,CHRISTIAN ,NGONYANI,IDENT
20171007074800,SA4,901218,JANE,RYOBA,IDENT
20171007074804,SA6,901332,NASRA,MSANYA,IDENT
20171007074838,SA6,900435,HASSAN,NKHAMBI,IDENT
20171007074842,SA6,900111,SALUM,SAIDI,IDENT
20171007074853,SA6,900586,MOHAMED,SOLOKA,IDENT
20171007074937,SA6,900478,RAPHAEL,SENKONDO,IDENT
20171007075025,SA6,900464,MARTHA,MWIKOLA,IDENT
20171007075025,SA5,901329,ELIWA ,SHAO,IDENT
20171007075109,SA6,900144,JANE,MWAKABULUFU,IDENT
20171007075114,SA6,901265,FRANK ,RUZIGA,IDENT
20171007075321,SA6,901591,EINHARD,MASSAWE,IDENT
20171007075346,SA6,900446,JOSEPH,KIBASA,IDENT
20171007075349,SA2,900938,ISMAIL,THOMAS,IDENT
20171007075355,SA2,901447,MASHAKA,MATEKELE,IDENT
20171007075401,SA2,901451,JUSTINE,MKUDE,IDENT
20171007075405,SA6,900399,ATHUMANI,JUMA,IDENT
20171007075430,SA6,900107,MSELEM,MSELEM,IDENT
20171007075502,SA2,900936,SOPHIA,MBONDE,IDENT
20171007075531,SA2,901449,BONIFAS,ANGANILE,IDENT
20171007075536,SA2,900940,JUMANNE,ZONGO,IDENT
20171007075545,SA6,E068,RANJEET SINGH,SAINI,IDENT
20171007075551,SA4,900882,WINIFRIDA,MALISELINO,IDENT
20171007075604,SA4,901088,JANETH,MUONDO,IDENT
20171007075632,SA5,901326,ALLY,MBONDE,IDENT
20171007075707,SA4,901092,ASIA,JUMA,IDENT
20171007075723,SA5,901405,ABDANI,SHILLA,IDENT
20171007075742,SA4,900986,KAUSE,ABDALLAH,IDENT
20171007075835,SA5,901422,EMMANUEL,KHALIDI,IDENT
20171007080020,SA2,901443,MWAJUMA,SHEMBWANA,IDENT
20171007080105,SA2,901068,CATHERINE,MATENGO,IDENT
20171007075714,SA6,900468,MICHAEL,IBRAHIM,IDENT
20171007075719,SA6,900583,REGINALD,MICHAEL,IDENT
20171007075732,SA6,900400,BAHATI,LUBUVA,IDENT
20171007075813,SA4,900869,FRIDA,MKUMBO,IDENT
20171007075822,SA4,900944,FROLA,KAMARA,IDENT
20171007075830,SA4,901059,JAZIRA,RAMADHANI,IDENT
20171007075845,SA6,900114,ABEID,MOHAMED,IDENT
20171007075905,SA6,901438,MARY,JOSEPH,IDENT
20171007075920,SA6,E021,RAJA,SWAMINATHAN,IDENT
20171007075928,SA4,900981,FIDES,MONGI,IDENT
20171007075941,SA6,901452,STEVEN,CHUWA,IDENT
20171007075944,SA6,900247,ALLY,SELEMANI,IDENT
20171007080005,SA6,900574,FURAHA,MSAMBWA,IDENT
20171007080010,SA6,900155,MWANAFATIMA,MATIPA,IDENT
20171007080052,SA6,900151,LISSY,KIGONJOLA,IDENT
20171007080056,SA6,900701,MATHEW,NDANSHAU,IDENT
20171007080125,SA6,900458,KIBWANA,SAIDI,IDENT
20171007080137,SA6,900485,SHUFAA,ABEID,IDENT
20171007080151,SA6,900393,ALLY,MTWALE,IDENT
20171007080209,SA6,900402,BARAKA,MVUNGI,IDENT
20171007080211,SA2,901448,PAULINA,DAVID,IDENT
20171007080215,SA6,900389,AHMAD,KINDUMA,IDENT
20171007080230,SA2,200314,DEO,SAKAYA,IDENT
20171007080324,SA4,901396,EDWIN,KIPUYO,IDENT
20171007080327,SA6,900484,SHANI,MOHAMED,IDENT
20171007080333,SA5,901335,YONA,MAPELELE,IDENT
20171007080334,SA6,900408,COLLMAN,KISISA,IDENT
20171007080339,SA6,900467,MBARUKU,OSWAD,IDENT
20171007080345,SA6,900591,RASHID ,MUNKENDA,IDENT
20171007080404,SA6,E079,BALASUBRAMANIAM,M,IDENT
20171007080443,SA4,901193,VICTORIA,MWAMPEGETE,IDENT
20171007080450,SA6,900414,EMMANUEL ,SERAPHINE,IDENT
20171007080501,SA6,900108,NORAH,CLEMENCE,IDENT
20171007080502,SA2,901453,JOHNSON,MUNISI,IDENT
20171007080505,SA6,900057,ZAITUNI,ABDALLAH,IDENT
20171007080508,SA5,901278,HENRY ,CHELULA,IDENT
20171007080509,SA6,900481,RICHARD,KWEYAMBA,IDENT
20171007080525,SA6,900156,MWANAISHA,UWESU,IDENT
20171007080537,SA6,900682,BENEDICT,ELIAS,IDENT
20171007080558,SA6,900388,AGNES,SHAYO,IDENT
20171007080650,SA2,200351,MICHAEL,MICHAEL,IDENT
20171007080651,SA6,900472,MWALIMU,SELEMANI,IDENT
20171007080653,SA2,200311,DAVID,BWILE,IDENT
20171007080655,SA6,900465,MARTIN,KIDUNGU,IDENT
20171007080743,SA5,901429,REHEMA,MAZEKU,IDENT
20171007080748,SA6,900103,FREDNAND,JACKSON,IDENT
20171007080754,SA6,900126,DORIKA,MALYANGO,IDENT
20171007080800,SA6,900445,JOHN,MASUNGWA,IDENT
20171007080804,SA6,900413,ELIBAHATI,JOSEPH,IDENT
20171007080812,SA6,900137,HERIETH,MWELI,IDENT
20171007080940,SA6,901584,PENDO,MNJAGILA,IDENT
20171007081002,SA5,900876,MWASITI,MAULID,IDENT
20171007081009,SA6,E060,ANOOP,TIWARI,IDENT
20171007081013,SA6,E085,ASEEM,VERMA,IDENT
20171007081039,SA6,901585,SADICK,MAPUNDA,IDENT
20171007081057,SA6,900271,HUSNA,SAID,IDENT
20171007081135,SA6,901595,MANASE,MICHAEL,IDENT
20171007081223,SA6,E084,NAVNEET, SINGH,IDENT
20171007081252,SA6,900460,LAMECK,ASSETO,IDENT
20171007081306,SA6,901590,ISSA,JUMA,IDENT
20171007081315,SA6,900629,MICHAEL,ZAMBETAKIS,IDENT
20171007081401,SA6,900246,ABDULKARIM,ALI,IDENT
20171007081406,SA2,200312,BARAKA,KATEGILE,IDENT
20171007081412,SA6,900044,REGINARD,MSHANGA,IDENT
20171007081427,SA6,900660,IDDI,ALLY,IDENT
20171007081527,SA2,900859,MAGDI,MASANGURA,IDENT
20171007081805,SA6,900488,THOBIAS,KIWELU,IDENT
20171007081809,SA6,900581,SAADA,MUHINTE,IDENT
20171007081828,SA6,900142,IRENE,MREMA,IDENT
20171007081833,SA6,900173,SHARIFA,MRISHO,IDENT
20171007081837,SA6,900122,CATHERINE,KUMBATA,IDENT
20171007081846,SA6,900566,ERICK,NDUNGURU,IDENT
20171007081912,SA6,E013,GIRIRAJ,SHARMA,IDENT
20171007081937,SA2,901442,JARINA,SHEKOLA,IDENT
20171007081802,SA4,901264,HADIJA,RAMADHANI,IDENT
20171007082156,SA5,900950,ASHURA,ATHUMAN,IDENT
20171007082337,SA6,900452,KENNEDY,KIMARO,IDENT
20171007082456,SA6,901578,DEOGRATIUS,KABELEGE,IDENT
20171007082511,SA6,900257,ENGLIBERTH,DAUDI,IDENT
20171007082516,SA6,900649,ZUBEDA,MANDIA,IDENT
20171007083023,SA6,E045,SURESH,PS,IDENT
20171007083149,SA2,901450,FARIDA,JUMA,IDENT
20171007083310,SA6,900110,RASHID,ISSA,IDENT
20171007083425,SA6,900397,ANNA,MOSHI,IDENT
20171007083633,SA6,900009,ASHA,HAMISI,IDENT
20171007083838,SA6,900681,ABUBAKARI,MGAZA,IDENT
20171007083919,SA6,900560,DEOGRASIAS,STEPHIN,IDENT
20171007084417,SA6,901569,FREDRICK,MUSHI,IDENT
20171007085553,SA6,900567,BAKARI,BELEKETE,IDENT
20171007085715,SA6,E084,NAVNEET, SINGH,IDENT
20171007085722,SA6,901590,ISSA,JUMA,IDENT
20171007085747,SA6,900620,AYOUB,MTAFUNGWA,IDENT
