20161107102750,SA6,900108,NORAH,CLEMENCE,IDENT
20161107102952,SA6,E041,JAGAN MOHAN,YERUVA,IDENT
20161107103521,SA6,900100,AROBOGAST,MOGELLA,IDENT
20161107105834,SA6,900173,SHARIFA,MRISHO,IDENT
20161107110945,SA6,900257,ENGLIBERTH,DAUDI,IDENT
20161107120843,SA6,900010,BITSON,MWASILE,IDENT
20161107121714,SA1,900272,ISRAEL,GYUNA,IDENT
20161107130413,SA6,900685,VICTOR,MBUNDAMILA,IDENT
20161107131910,SA6,900028,JUMANNE,MRISHO,IDENT
20161107131945,SA6,900661,ADILILA,KONGA,IDENT
20161107132235,SA6,900037,MOHAMED,MKALA,IDENT
20161107133147,SA5,901367,BEATHA,MLOSO,IDENT
20161107133203,SA5,901013,YASINTA,SHELUBANZI,IDENT
20161107133009,SA6,900135,HALIMA,NGAMZI,IDENT
20161107133252,SA6,900159,PAMELA,KUSALIKA,IDENT
20161107133253,SA1,900798,ATHUMAN,SEIF,IDENT
20161107133253,SA5,900850,ROSE,KITALI,IDENT
20161107133303,SA6,900449,JUMA,SANGAYA,IDENT
20161107133310,SA5,901386,SHAMSI,MUHITI,IDENT
20161107133404,SA1,900814,MARTIN,MUHANDO,IDENT
20161107133423,SA5,901353,DOREEN,MDOE,IDENT
20161107133439,SA5,901281,JOSEPH,MUSUGULI,IDENT
20161107133447,SA5,901369,RECHO,MSHUMBUSI,IDENT
20161107133451,SA5,901354,AISHAH,OTHUMANI,IDENT
20161107133517,SA4,901128,ZAITUNI,SOGOI,IDENT
20161107133541,SA4,901005,HADIJJA,KIJUU,IDENT
20161107133555,SA4,901102,ORIVER,DAUD,IDENT
20161107133601,SA4,901015,JOYCE,CHACHA,IDENT
20161107133605,SA4,901222,DEBORA,FILIPATALI,IDENT
20161107133610,SA4,901221,TEDDY,MAGAMBO,IDENT
20161107133618,SA4,901252,JENIPHA,CHIZA,IDENT
20161107133637,SA4,901041,JACKLINI,MBOYA,IDENT
20161107133643,SA4,901053,DORIS,JOHN,IDENT
20161107133650,SA4,900999,ROSE,MWAMAKOLA,IDENT
20161107133719,SA6,900480,RASHID,MOHAMED,IDENT
20161107133720,SA5,901397,LINETH,KYARUS,IDENT
20161107133743,SA2,901079,AGNESS,HAJI,IDENT
20161107133748,SA5,901343,SEBASTIAN,KIPINGU,IDENT
20161107133749,SA4,901225,NOELA,YALOT,IDENT
20161107133803,SA5,901307,MATRIDA,CHUVAKA,IDENT
20161107133810,SA5,901290,AGNES,SALAWA,IDENT
20161107133814,SA5,901417,REHEMA,SINDANO,IDENT
20161107133815,SA4,901036,AZIZA,MANGETU,IDENT
20161107133819,SA5,901402,ALLY,SELEMAN,IDENT
20161107133820,SA6,900040,MWAJUMA,KATONA,IDENT
20161107133820,SA4,901163,SIJALI,MKELE,IDENT
20161107133826,SA4,901210,ROSE,CHUWA,IDENT
20161107133828,SA5,901071,YUNIS,NDAIGA,IDENT
20161107133838,SA4,900887,ELITABETH,GOMELO,IDENT
20161107133848,SA5,901056,ANGELA,MWAKAPALILA,IDENT
20161107133849,SA4,900937,UPENDO,MLEWA,IDENT
20161107133854,SA5,900877,IRENE,GABRIEL,IDENT
20161107133856,SA4,900888,AMINA,NGAINA,IDENT
20161107133902,SA5,900989,AMINA,CHITWANGWA,IDENT
20161107133902,SA4,901120,MERCY,MONGI,IDENT
20161107133909,SA1,900827,YASIN,MUSSA,IDENT
20161107133910,SA4,901008,GRESS,KOBA,IDENT
20161107133925,SA4,901213,HABIBA,NJIKU,IDENT
20161107133934,SA2,901084,MARIA ,SANGA,IDENT
20161107133937,SA4,901028,REHEMA,KWENGWEGU,IDENT
20161107133941,SA2,901020,VICTORIA,MWALUANDA,IDENT
20161107133942,SA4,901131,ESTA,KWEKA,IDENT
20161107133948,SA4,901066,ZULEHA,MOHAMED,IDENT
20161107134016,SA4,900966,ZUHURA,KIJIMBO,IDENT
20161107134016,SA2,901072,TATU,ATHUMAN,IDENT
20161107134022,SA5,901309,SALMA,RAFIKI,IDENT
20161107134028,SA5,901360,MARRY,MASULUBE,IDENT
20161107134029,SA4,900893,JOYCE,MCHOMVU,IDENT
20161107134034,SA4,901002,MARIAM,SABURI,IDENT
20161107134035,SA5,901291,AISHA,ISSA,IDENT
20161107134046,SA5,901161,NURU,MOHAMED,IDENT
20161107134046,SA4,900995,MARY,KIAMA,IDENT
20161107134055,SA5,901172,AGNES,STEVEN,IDENT
20161107134102,SA4,901001,AMINA,MUYA,IDENT
20161107134107,SA4,900952,SALAMA,MOHAMAD,IDENT
20161107134112,SA4,901165,FATUMA,ABDALLAH,IDENT
20161107134117,SA4,901169,VERONICA,LECHIPYA,IDENT
20161107134123,SA4,900960,AGNESS,NAWAHIGA,IDENT
20161107134125,SA5,901297,STELLA,MAKUNDI,IDENT
20161107134129,SA4,900862,EDINA,MWAKYOMA,IDENT
20161107134136,SA4,901257,FRIDA,MHELELA,IDENT
20161107134137,SA2,901101,RAJABU,MOHAMMED,IDENT
20161107134144,SA4,901181,ASNA,SPRIAN,IDENT
20161107134156,SA4,900875,ASHA,MALINBWI,IDENT
20161107134202,SA2,900964,RAPHAEL,MBOKO,IDENT
20161107134205,SA5,901207,AISHA,ABEID,IDENT
20161107134208,SA4,901106,MARYNIA,KAYOMBO,IDENT
20161107134212,SA2,900907,PAULINA,DEVA,IDENT
20161107134215,SA5,901280,WHITNESS,MSAGATI,IDENT
20161107134220,SA5,901419,JENIPHA,MWILONGO,IDENT
20161107134225,SA2,900896,HADIJA , KIHEGO,IDENT
20161107134233,SA2,901233,SAMI,MTITIMA,IDENT
20161107134242,SA2,901148,IBRAHIM,MZENTO,IDENT
20161107133900,SA6,900541,GOLDEN,MDUBA,IDENT
20161107134001,SA6,900148,JUDITH,MALISA,IDENT
20161107134131,SA1,900542,POUL,KIBELA,IDENT
20161107134241,SA4,900895,CATHERINE,CHIGOGOLO,IDENT
20161107134247,SA4,901033,TATU,ISSA,IDENT
20161107134249,SA2,901064,SAID,RAMADHANI,IDENT
20161107134252,SA4,901057,ANNA,KITOMARY,IDENT
20161107134256,SA4,901191,ROSE,BENARD,IDENT
20161107134258,SA5,901373,ADELA,MSAGA,IDENT
20161107134303,SA4,901074,VERONICA,KIMWAGA,IDENT
20161107134309,SA6,900124,DAUDI,ELIFALETH,IDENT
20161107134315,SA1,900732,ELIA,FRANCIS,IDENT
20161107134315,SA2,900936,SOPHIA,MBONDE,IDENT
20161107134316,SA4,901216,ASHA,RAMADHANI,IDENT
20161107134318,SA1,900792,IDDI,IDDI,IDENT
20161107134321,SA4,900973,SHARIFA,LIYAYA,IDENT
20161107134321,SA2,901103,MWATANGA,DIENI,IDENT
20161107134322,SA1,900747,ADAM,MASALE,IDENT
20161107134324,SA1,900442,ITIKA,DICKSON,IDENT
20161107134326,SA4,901018,AISHA,KIBINDO,IDENT
20161107134327,SA1,900858,MUHSIN,ATHUMANI,IDENT
20161107134328,SA2,901082,EDINA,JOHN,IDENT
20161107134331,SA1,900784,WILLIAM,MSOLOKA,IDENT
20161107134336,SA1,900774,MBEWE,ELIUS,IDENT
20161107134336,SA5,901315,FIDEA,AGUSTINO,IDENT
20161107134338,SA4,901077,CONSOLATH,MATERU,IDENT
20161107134341,SA1,900718,WILSON,ALOIS,IDENT
20161107134344,SA5,901328,MARRY,SHOO,IDENT
20161107134346,SA1,900775,SABATO,JULIUS,IDENT
20161107134349,SA1,900384,ABDALLA,SAIDI,IDENT
20161107134354,SA1,900227,JOSEPH,NGANILWA,IDENT
20161107134356,SA6,900543,JOHN,MAGANYA,IDENT
20161107134403,SA4,901145,ADELINA,MALEMA,IDENT
20161107134409,SA4,901139,HAPPY ,ZAKAYO,IDENT
20161107134410,SA6,900433,HARUNI,MKAMA,IDENT
20161107134417,SA6,900444,JOHN,MEDA,IDENT
20161107134417,SA2,900969,JEMA,SALUM,IDENT
20161107134417,SA4,901003,SALAMA,KADALA,IDENT
20161107134421,SA2,900969,JEMA,SALUM,IDENT
20161107134422,SA4,901146,MARTHA,MAKOTI,IDENT
20161107134425,SA5,901095,BEATA,KOMBA,IDENT
20161107134427,SA4,900882,WINIFRIDA,MALISELINO,IDENT
20161107134442,SA2,901073,SALMA,MUHARAMU,IDENT
20161107134442,SA4,901260,AISHA,MNEKA,IDENT
20161107134447,SA4,900886,ELIZABERTH,KIJA,IDENT
20161107134450,SA3,900977,MWANAHAMISI,MUNKUNDA,IDENT
20161107134452,SA4,901019,ASHA,NGAMBA,IDENT
20161107134458,SA5,901430,JOYCE,SEMWENDA,IDENT
20161107134459,SA4,901268,ANITHA,KWIMBA,IDENT
20161107134501,SA2,900900,HELENA,SENZUGWAKO,IDENT
20161107134505,SA4,901121,MWATANGA,ALLY,IDENT
20161107134509,SA2,900949,MUHINA,GOMBE,IDENT
20161107134511,SA5,901314,JANE,NYAGAWA,IDENT
20161107134515,SA4,900866,FLORA,DAMAS,IDENT
20161107134517,SA5,901308,MADINA,ATHUMANI,IDENT
20161107134522,SA5,901428,YOHANA,LEONARD,IDENT
20161107134523,SA4,900984,SALAMA,BIGE,IDENT
20161107134525,SA2,901054,FATUMA,MUHANDO,IDENT
20161107134528,SA4,901205,JAMILA,MASONGI,IDENT
20161107134531,SA2,900903,RUKIA,MOHAMED,IDENT
20161107134534,SA4,901250,JENIPHA,DAMIAN,IDENT
20161107134536,SA2,901070,FLORA,MSAMLA,IDENT
20161107134541,SA2,901000,AGNES,MTYANGILE,IDENT
20161107134541,SA5,900918,MARIAM,RAMADHANI,IDENT
20161107134542,SA4,901156,SAID,HAMISI,IDENT
20161107134545,SA2,901119,LINA,MLAWA,IDENT
20161107134548,SA2,900876,MWASITI,MAULID,IDENT
20161107134549,SA6,E021,RAJA,SWAMINATHAN,IDENT
20161107134550,SA4,900958,SOPHIA,LIKONGO,IDENT
20161107134554,SA2,900889,SALMA,MWAWILA,IDENT
20161107134558,SA4,900926,AMINA,KONDO,IDENT
20161107134607,SA4,901177,ASHA,MAVENGELO,IDENT
20161107134608,SA2,901080,SALOME,DUA,IDENT
20161107134610,SA6,900164,RAMADHANI ,BAKARI,IDENT
20161107134611,SA4,901063,RACHEL,MZOROZORO,IDENT
20161107134613,SA2,901075,AGATHA,JAMALI,IDENT
20161107134614,SA6,900166,RAMADHANI,KIPENGELE,IDENT
20161107134619,SA1,900772,ERICK,KAZIMOTO,IDENT
20161107134621,SA5,901344,JACKSON,ATANUS,IDENT
20161107134621,SA4,901058,HAMIDA,MATIPA,IDENT
20161107134623,SA1,900386,ABDALLAH ,RAMADHANI,IDENT
20161107134627,SA4,900956,DIANA,LEMA,IDENT
20161107134628,SA1,900755,NICHALAUS,AUGUSTINO,IDENT
20161107134629,SA5,901236,FATIMA,ALLY,IDENT
20161107134633,SA1,900819,PATRICK,MTONDOLA,IDENT
20161107134637,SA6,900140,IGNATUS,MLANGWA,IDENT
20161107134638,SA5,901320,REHEMA,ALLY,IDENT
20161107134731,SA4,901006,RUKIA,ALLY,IDENT
20161107134751,SA4,900929,HALIMA,SEIF,IDENT
20161107134756,SA4,901249,HILDA,MWAZEMBE,IDENT
20161107134758,SA2,900920,PILLI,SAIDI,IDENT
20161107134759,SA5,901126,YUNIS,LULANDALA,IDENT
20161107134801,SA4,900880,MWANAHAMISI,MAREKANO,IDENT
20161107134813,SA5,901379,JUMA,MAKALA,IDENT
20161107134816,SA4,901206,AISHA,MKUMBA,IDENT
20161107134824,SA4,900942,CHRISTINA,MWENDA,IDENT
20161107134826,SA1,900726,ABDALLAH,CHOBO,IDENT
20161107134830,SA4,900861,MWAJABU,BAKARI,IDENT
20161107134832,SA1,900812,LEONARD,NYANGO,IDENT
20161107134839,SA4,900971,NAOMI,SAMWELI,IDENT
20161107134845,SA2,900955,MWANAHAMISI,MAKUNGANYA,IDENT
20161107134851,SA4,900975,EDINA,MZUNGU,IDENT
20161107134856,SA2,901061,MWAJUMA,ABDALLAH,IDENT
20161107134901,SA4,901223,HAPPY,MKWEPU,IDENT
20161107134901,SA2,900892,MWANIA,PEMBE,IDENT
20161107134907,SA4,900928,MARIA,MAGWE,IDENT
20161107134919,SA2,900982,MWANAKOMBO,KHALID,IDENT
20161107134923,SA4,901086,ELIWAZA,MWIGOHA,IDENT
20161107134927,SA4,901118,LILIAN,MREMA,IDENT
20161107134928,SA5,901323,AMINA,HAMISI,IDENT
20161107134932,SA4,901220,AGNESS,MWAMBENGO,IDENT
20161107134934,SA2,900986,KAUSE,ABDALLAH,IDENT
20161107134939,SA2,900954,HABIBA,MDOSE,IDENT
20161107134942,SA2,901166,SAUDA,MAULID,IDENT
20161107134946,SA4,901269,AISHA,HALFAN,IDENT
20161107134954,SA4,901157,DAVID,JUMA,IDENT
20161107134957,SA2,901248,MAGRETH,MASAWE,IDENT
20161107135000,SA4,901267,NEEMA ,MWAMANYE,IDENT
20161107135006,SA4,900922,BAHATI,SALEHE,IDENT
20161107135011,SA4,900872,ZALAU,NGWELE,IDENT
20161107135012,SA2,901254,NURAT,JAFARI,IDENT
20161107135016,SA4,901116,GRACE,KAHANGE,IDENT
20161107135021,SA4,901214,MARIAM,OMAR,IDENT
20161107135026,SA4,900935,ZAINABU,SINGANO,IDENT
20161107135032,SA4,901197,RASHID,NJERAN,IDENT
20161107135037,SA4,901093,SHARON,IBRAHIM,IDENT
20161107135054,SA4,901171,ESTHER,MUNGUTI,IDENT
20161107135103,SA4,901197,RASHID,NJERAN,IDENT
20161107135106,SA5,900853,DEVOTHA,ELIAS,IDENT
20161107135106,SA3,901016,HALIFA,MOHAMED,IDENT
20161107135109,SA2,901099,TAUS,MUSTAPHA,IDENT
20161107135123,SA4,901224,ANNA,NYAKAPALA,IDENT
20161107135126,SA5,901342,ANDREW,KILUGWA,IDENT
20161107135136,SA5,901338,WAZIRI,WAZIRI,IDENT
20161107135151,SA5,901004,ZAHARA,YANGE,IDENT
20161107135207,SA4,901144,ESTHER,NAPENGWA,IDENT
20161107135223,SA2,900965,HERMAN,MAKOKO,IDENT
20161107135233,SA4,901153,MAGRETH,ZANUARI,IDENT
20161107134831,SA6,900168,RAZAKI,MTINDA,IDENT
20161107134905,SA6,900474,PHILBERT,MATOGO,IDENT
20161107134953,SA6,900647,JOHANSEN,MPANJU,IDENT
20161107134959,SA1,900594,GASPER,MATALO,IDENT
20161107135006,SA1,900222,HENRY,NGOWI,IDENT
20161107135011,SA1,900754,ROBERT,JORAM,IDENT
20161107135027,SA1,900741,ERICK,LUWUNGO,IDENT
20161107135027,SA6,900134,GRACE,KIM,IDENT
20161107135047,SA6,900409,DANIEL,MROPE,IDENT
20161107135256,SA4,901110,ASHA,MPELA,IDENT
20161107135258,SA1,900810,JOSEPH,JULIUS,IDENT
20161107135300,SA4,901228,CESILIA,MBABUYE,IDENT
20161107135301,SA1,900440,IDRISA,KIMARO,IDENT
20161107135308,SA4,900847,ZAINABU,SINGANO,IDENT
20161107135322,SA4,900911,NEEMA,URASSA,IDENT
20161107135327,SA1,900717,GODFREY,LAMBAU,IDENT
20161107135332,SA4,901559,MARIAM,JUMA,IDENT
20161107135334,SA1,900740,SPEDICTOR,NGOGO,IDENT
20161107135338,SA2,901200,INOCENT , KIFUMU,IDENT
20161107135349,SA4,901154,SALAMA,ALLY,IDENT
20161107135357,SA1,900795,ALLY,LIKIWA,IDENT
20161107135357,SA4,901266,AZIZA,KAKOMBE,IDENT
20161107135403,SA4,900946,RAHMA,MWIMBA,IDENT
20161107135421,SA1,900762,SAID,MOHAMED,IDENT
20161107135440,SA4,901141,HADIJA,SALUM,IDENT
20161107135455,SA5,901380,BISURA,MCHELEO,IDENT
20161107135458,SA2,900864,TECLA,SAMWEL,IDENT
20161107135534,SA4,901194,ELINA,ABEL,IDENT
20161107135543,SA1,900813,LEONARD,PETER,IDENT
20161107135548,SA1,900426,GESAGA,RAMADHANI,IDENT
20161107135557,SA2,901031,AMINA,BAKARI,IDENT
20161107135559,SA6,900662,ABDALLAH,ABEID,IDENT
20161107135606,SA4,901014,LUCY,THOMAS,IDENT
20161107135625,SA5,901306,VAILETH,NGULO,IDENT
20161107135632,SA1,900800,NAPEGWA,JACOB,IDENT
20161107135700,SA2,901087,REHEMA,CHETE,IDENT
20161107135730,SA6,900575,CHRISTINA ,SENYANGWA,IDENT
20161107135733,SA1,900215,EDWARD,RUFUNGA,IDENT
20161107135741,SA6,900469,MICHAEL,MDACHI,IDENT
20161107135811,SA1,900218,GEDDY,SONENGA,IDENT
20161107135859,SA5,901358,MWANAHAMIS ,MSUYA,IDENT
20161107135946,SA2,901055,ZAINABU,OMARY,IDENT
20161107140002,SA2,901261,ZAINA,KILWANDA,IDENT
20161107140003,SA4,901045,ASHURA,KATULA,IDENT
20161107140004,SA5,901255,ASHA,BILALI,IDENT
20161107140007,SA2,901270,NAOMI,OBONG,IDENT
20161107140009,SA5,901117,HIDAYA,MASOUD,IDENT
20161107140010,SA4,901089,HARUNA,ATHUMANI,IDENT
20161107140014,SA5,901136,HONORATA,SHAYO,IDENT
20161107140015,SA4,901174,BETH,NGADADA,IDENT
20161107140017,SA2,901164,SWAUMU,KAYANDA,IDENT
20161107140018,SA5,901027,EDDA,MWAKIBINGWA,IDENT
20161107140020,SA4,901052,SUZANA,NAPANGA,IDENT
20161107140023,SA5,901122,NEEMA,FANUEL,IDENT
20161107140024,SA2,901175,SALMA,RAMADHAN,IDENT
20161107140027,SA4,901247,KULUTHUM,CHILEMILE,IDENT
20161107140030,SA2,901129,FELISTA,NYAHENGE,IDENT
20161107140031,SA4,901123,REBECA,KALOFU,IDENT
20161107140032,SA5,901217,VIVIAN,MWANGATA,IDENT
20161107140036,SA4,900974,ZAWADI,SADIKI,IDENT
20161107140037,SA5,901192,ASMA,KONDO,IDENT
20161107140041,SA5,901409,MAGRETH,NGOSI,IDENT
20161107140042,SA4,901108,AISHA,WILLIUM,IDENT
20161107140046,SA5,901352,ABDALAH,SUDY,IDENT
20161107140049,SA2,901044,SUZANA,KIMARO,IDENT
20161107140050,SA4,901026,FATUMA,KONYO,IDENT
20161107140052,SA5,901298,SWAUMU,MZIRAI,IDENT
20161107140056,SA4,901124,TABIA,OMARY,IDENT
20161107140057,SA5,901421,ALFRED,MUGHWAI,IDENT
20161107140103,SA5,901322,SARAH,ALLY,IDENT
20161107140104,SA4,900993,MARIAM,MSUMALI,IDENT
20161107140107,SA5,901345,ALHAJI,KIHIYO,IDENT
20161107140109,SA3,900883,EDINA,ABED,IDENT
20161107140110,SA5,901347,JAMES,MAJIJI,IDENT
20161107140111,SA4,901170,BAHATI,SHABANI,IDENT
20161107140116,SA5,901340,FELIX,MAKANYA,IDENT
20161107140117,SA4,900985,BAHATI,SARAPIONI,IDENT
20161107140117,SA2,900923,HELENA,KHAJI,IDENT
20161107140117,SA3,901098,GERALD,MBAUKA,IDENT
20161107140122,SA3,901062,RASHID,MDOE,IDENT
20161107140125,SA4,901253,JOYCE,KESI,IDENT
20161107140127,SA3,900939,STELLA,MAGOGWA,IDENT
20161107140131,SA2,900987,PILLY,MWAWILA,IDENT
20161107140132,SA4,901143,LINES,PILLI,IDENT
20161107140133,SA3,901017,CATHERINE,NYEMA,IDENT
20161107140140,SA4,900988,UPENDO,PETER,IDENT
20161107140141,SA2,901067,HELENA,SAMWELI,IDENT
20161107140145,SA2,900948,VERONICA,MFILINGE,IDENT
20161107140148,SA4,901245,EVERINA,MKETO,IDENT
20161107140151,SA2,900990,JANE,MHONGOLE,IDENT
20161107140153,SA5,900934,MWAJABU,MARIDADI,IDENT
20161107140200,SA5,900991,CHRISTINA,JAILOS,IDENT
20161107140200,SA2,901142,SOPHIA,YUSUPH,IDENT
20161107140203,SA4,901023,AMINA,CHAKWE,IDENT
20161107140204,SA2,901258,ATHUMAN,KILINDU,IDENT
20161107140205,SA5,901294,RATIFA,KAPINGA,IDENT
20161107140209,SA2,901196,BONIPHACE,NGESI,IDENT
20161107140209,SA4,900981,FIDES,MONGI,IDENT
20161107140214,SA4,901007,MODESTA,JOGOO,IDENT
20161107140214,SA2,900901,NEEMA,NYAKOKI,IDENT
20161107140216,SA5,900855,SINAHIA,OMARI,IDENT
20161107140219,SA3,901048,HALIMA,IDDI,IDENT
20161107140220,SA4,901132,HEAVENLIGHT,NKYA,IDENT
20161107140222,SA5,901375,PILLI,CHOLOGONDO,IDENT
20161107140223,SA2,901151,SIJARI,MAGOMBE,IDENT
20161107140224,SA3,901051,HABIBA,PAZZI,IDENT
20161107140230,SA4,900917,SALMA,DIWILE,IDENT
20161107140233,SA5,901412,ELIA,NGWALI,IDENT
20161107140242,SA2,901201,DEOGRATIUS,KESSY,IDENT
20161107140245,SA2,901202,VITALIS,KESSI,IDENT
20161107135949,SA1,900806,GODFREY,KIHAWA,IDENT
20161107140014,SA6,900056,YESAYA,NTUNDUU,IDENT
20161107140032,SA6,900261,FRANCIS,MAKOTI,IDENT
20161107140119,SA1,900735,ZAINABU,MOHAMEDI,IDENT
20161107140153,SA1,901557,WALTER,MAYA,IDENT
20161107140213,SA1,900455,KHALFAN,OMARI,IDENT
20161107140215,SA1,900578,MTARI,MAGINGA,IDENT
20161107140219,SA1,900450,JUMA,RAMADHANI,IDENT
20161107140231,SA1,900729,MOHAMED,KOMBO,IDENT
20161107140238,SA4,901059,JAZIRA,RAMADHANI,IDENT
20161107140239,SA1,900790,ISIHAKA,IDDI,IDENT
20161107140242,SA1,900770,ANDERSON,KIKOTI,IDENT
20161107140243,SA4,900972,SAFINA,ABEID,IDENT
20161107140249,SA4,901263,JAMIRA,SAIDI,IDENT
20161107140249,SA3,900898,RUKIA,MATAUKA,IDENT
20161107140250,SA5,901243,PLAKSEDA,AKIZAMUNGU,IDENT
20161107140250,SA2,901203,STANLEY,KIGUNGA,IDENT
20161107140255,SA2,901097,EMANUEL,MSOKWA,IDENT
20161107140255,SA4,901114,FARIDA,AMBLOS,IDENT
20161107140302,SA4,901212,JASMINI,MOHAMED,IDENT
20161107140304,SA1,900797,ASHAM,MUSA,IDENT
20161107140306,SA3,900865,CHRISTINA,MAGOWELA,IDENT
20161107140308,SA4,901042,FARIDA,NDAUKE,IDENT
20161107140311,SA2,901272,NDEKESIO,SIKAWA,IDENT
20161107140311,SA6,900586,MOHAMED,SOLOKA,IDENT
20161107140313,SA3,901105,MTUMWA,ALLY,IDENT
20161107140314,SA5,901368,NAOMI,YUSUPH,IDENT
20161107140314,SA1,900242,WILSON,ANYNGISE,IDENT
20161107140314,SA4,900968,TAUSI,SIMBA,IDENT
20161107140316,SA6,901149,EPIFANI, MBOKO,IDENT
20161107140320,SA4,900953,JANE,LUSENDELA,IDENT
20161107140325,SA4,901173,BAHATI,MAKAMBA,IDENT
20161107140327,SA5,901355,HALIMA,SANANE,IDENT
20161107140331,SA4,901235,TUMAIN,MUNGURE,IDENT
20161107140340,SA3,900947,ANNA,GODISON,IDENT
20161107140345,SA3,900894,NURU,MAKANDE,IDENT
20161107140345,SA4,901241,FATUMA,JUMA,IDENT
20161107140351,SA4,901215,MWANAIDI,KOLOKO,IDENT
20161107140355,SA6,900391,ALLY,MASHAURI,IDENT
20161107140357,SA3,900879,RAHMA,KILO,IDENT
20161107140357,SA4,901155,GRACE,MUHONO,IDENT
20161107140402,SA4,901219,MARIAM,MUSSA,IDENT
20161107140402,SA1,900555,MHEZIWA,MALEWA,IDENT
20161107140405,SA6,900138,HUSSEIN,SHABANI,IDENT
20161107140406,SA2,900978,ELIZABETH,ZAE,IDENT
20161107140407,SA5,900849,IRENE,MMARI,IDENT
20161107140410,SA4,900878,AISHA,KIZINGA,IDENT
20161107140414,SA2,901011,JANE,SIMON,IDENT
20161107140414,SA6,900127,DUNCAN,MHANDO,IDENT
20161107140416,SA4,901034,STAMILI,MUSSA,IDENT
20161107140417,SA3,900897,SWAUMU,SAIDI,IDENT
20161107140420,SA5,901362,JULIETH,GODFREY,IDENT
20161107140423,SA4,901022,SILIVIA,SHAYO,IDENT
20161107140430,SA4,901230,KUDRA,BAKARI,IDENT
20161107140430,SA3,900905,AMINA,MUHIDINI,IDENT
20161107140433,SA3,900950,ASHURA,ATHUMAN,IDENT
20161107140440,SA5,901285,THABIT,ALLY,IDENT
20161107140448,SA5,900884,HADIJA,GOGO,IDENT
20161107140448,SA4,900994,MWAISHA,MWAMOTO,IDENT
20161107140455,SA4,901193,VICTORIA,MWAMPEGETE,IDENT
20161107140455,SA5,901091,FARIDA,LYIMO,IDENT
20161107140457,SA1,900758,MOHAMEDY,ATHUMANI,IDENT
20161107140500,SA2,900930,TABIA,DOGOLI,IDENT
20161107140504,SA4,900992,AGNES,MEJA,IDENT
20161107140506,SA5,901363,ZUCRA,SWEDI,IDENT
20161107140511,SA4,900997,MARY,ONDURU,IDENT
20161107140515,SA3,900951,MWAJUMA,AIDAN,IDENT
20161107140527,SA3,900914,HAWA,MWIMBE,IDENT
20161107140529,SA4,900913,ASHURA,NGUMBE,IDENT
20161107140545,SA4,901113,ELIZABETH,SHIRIMA,IDENT
20161107140546,SA1,900459,KULWA,MLYASANZA,IDENT
20161107140547,SA5,901423,CONSOLATHA,JOSEPH,IDENT
20161107140551,SA5,901310,MARIAM,BELEKO,IDENT
20161107140554,SA5,901313,FATUMA,KAUNDA,IDENT
20161107140557,SA5,901319,CHRISTINA,TATI,IDENT
20161107140602,SA5,901293,JOHARI,MAHARIA,IDENT
20161107140609,SA5,901288,EPIPHANIA,LUKWI,IDENT
20161107140615,SA2,900916,SABINA,KINGIMALI,IDENT
20161107140617,SA6,900019,HAMISI,MADODO,IDENT
20161107140622,SA2,900891,HINESS,KAAYA,IDENT
20161107140623,SA1,900826,VITALIS,HOTTI,IDENT
20161107140626,SA1,900403,BEDA,YUDA,IDENT
20161107140627,SA3,901229,ANNA,NGAPONDA,IDENT
20161107140629,SA2,900957,HADIJA,MKOTA,IDENT
20161107140631,SA1,900801,DAVID ,MWANJA,IDENT
20161107140637,SA2,900961,ELIZABETH,FRANCISCO,IDENT
20161107140640,SA5,901390,SHABANI,HUSEN,IDENT
20161107140641,SA1,900803,EMMANUEL,YOUZE,IDENT
20161107140641,SA3,901025,ASHURA,HAMISI,IDENT
20161107140644,SA2,901039,JULIANA,SUKU,IDENT
20161107140649,SA1,900766,JUDITH,GEOFREY,IDENT
20161107140651,SA5,901282,ADAM,MUSSA,IDENT
20161107140651,SA3,900860,AGNESS,LUHUNGO,IDENT
20161107140701,SA4,900970,MARIA,ELIESEL,IDENT
20161107140703,SA5,901078,NASMA,LINOGA,IDENT
20161107140712,SA6,900489,TUMAINI,MNZAVA,IDENT
20161107140713,SA4,901274,AMINA,KAHABUKA,IDENT
20161107140715,SA1,900802,EMANUEL,SILAYO,IDENT
20161107140722,SA6,900395,AMOS,MIMBI,IDENT
20161107140739,SA3,900915,DOROTHEA,KILO,IDENT
20161107140746,SA6,900153,MUSSA,KIGUNGAS,IDENT
20161107140747,SA4,901182,RENIFRIDA,NGUMBU,IDENT
20161107140750,SA3,900867,AISHA,KIUMBA,IDENT
20161107140752,SA4,901130,NURU,DAUDI,IDENT
20161107140803,SA4,901168,REHEMA ,MWASOMOLA,IDENT
20161107140812,SA4,901256,AVERINA,AMANDUS,IDENT
20161107140816,SA5,901284,MOHAMED,IDDI,IDENT
20161107140817,SA4,901271,RACHEL,MCHOVU,IDENT
20161107140821,SA1,900722,ELIZABETH,MATHIUS,IDENT
20161107140823,SA1,900154,MWAJUMA,MSAKUZI,IDENT
20161107140850,SA5,901289,CONSOLATHA,RAPHAEL,IDENT
20161107140856,SA1,900725,SAMSONI,KINGU,IDENT
20161107140859,SA2,901198,MANEO,ATHUMANI,IDENT
20161107140901,SA5,901416,YONA,MUSA,IDENT
20161107140906,SA5,901387,GODFREY,YALED,IDENT
20161107140912,SA1,900825,TITO,MWAMBE,IDENT
20161107140918,SA1,900765,REBECA,GIDEON,IDENT
20161107141007,SA2,901038,AMINA,MDOE,IDENT
20161107141015,SA2,100956,HADIJA,SALUM,IDENT
20161107141021,SA5,901336,ISMAIL,MHINA,IDENT
20161107141026,SA2,901049,REDEMTA,DANIEL,IDENT
20161107141039,SA5,901377,HUSSEIN,MANYEMBA,IDENT
20161107141048,SA2,901060,MARTHA,GABRIEL,IDENT
20161107141051,SA5,901383,JOAN,OMANDI,IDENT
20161107141056,SA5,901392,STELLA,MTALLO,IDENT
20161107141109,SA4,900846,SARA,CHIDUNI,IDENT
20161107141134,SA5,901414,EMMANUEL,BANDIKO,IDENT
20161107141138,SA4,901127,ZAHARA,MBELWA,IDENT
20161107141141,SA5,901301,TUKAE,MUSA,IDENT
20161107141151,SA4,901140,ASHURA,MGENI,IDENT
20161107141157,SA5,901413,LEILA,KIMBENGELE,IDENT
20161107141158,SA4,901107,MUHIDINI,HASSAN,IDENT
20161107141209,SA5,901279,NEEMA, GODFREY,IDENT
20161107141222,SA5,901370,MARIAM,MJELELE,IDENT
20161107141242,SA2,901211,ANNA,KIMARO,IDENT
20161107140940,SA1,900281,NAYOPA,MTENDECHI,IDENT
20161107140952,SA1,900734,REHEMA,NKYA,IDENT
20161107140954,SA6,900564,RAMADHANI,SAIDI,IDENT
20161107141039,SA1,900744,SILVESTER,KAHINDI,IDENT
20161107141216,SA6,900443,JABIRI,RAMADHANI,IDENT
20161107141231,SA6,900451,KASSIM,MALICK,IDENT
20161107141232,SA1,900807,GODRICH,MCHOMVU,IDENT
20161107141241,SA5,901296,STELLA,LUGOME,IDENT
20161107141246,SA5,901283,KEDMOND,KAMOGA,IDENT
20161107141314,SA4,901046,GRADIS,MAGANA,IDENT
20161107141321,SA6,900115,AKIDA,DUGANGE,IDENT
20161107141321,SA4,901218,JANE,RYOBA,IDENT
20161107141324,SA1,900751,TUSKAR,HALFANI,IDENT
20161107141328,SA1,900743,JUMA,ISEMA,IDENT
20161107141329,SA4,901195,RAYMOND,BUKOJI,IDENT
20161107141411,SA1,900244,YOHA,MSANGI,IDENT
20161107141415,SA1,900761,CHRISTOPHER,MFUNGO,IDENT
20161107141418,SA1,900750,JACOB,KAWALE,IDENT
20161107141420,SA1,900721,GISELA,SHAYO,IDENT
20161107141425,SA1,900767,GLADNESS,KAIRUKI,IDENT
20161107141438,SA5,901381,DOROSTA,CLEMANCE,IDENT
20161107141452,SA3,901096,SAMWELI,MANGARE,IDENT
20161107141456,SA3,901167,KELVIN,NGOZI,IDENT
20161107141544,SA1,900737,EXPEDTO,MKONGWE,IDENT
20161107141603,SA3,900959,REHEMA,LYOWA,IDENT
20161107141611,SA5,901361,MARRY,MLIUNJA,IDENT
20161107141620,SA3,901115,FROLA,SIKWEMBE,IDENT
20161107141636,SA3,900963,MWAZANI,SAIDI,IDENT
20161107141708,SA1,900773,FELIX,CHRISTOPHER,IDENT
20161107141722,SA5,901572,WAISAHA,PATRICK,IDENT
20161107141734,SA4,901135,REHEMA,OMARY,IDENT
20161107141736,SA3,900868,MAIMUNA,JARUFU,IDENT
20161107141740,SA4,901190,NEEMA,MNYALAPE,IDENT
20161107141750,SA6,900582,ZABRON,TOSSI,IDENT
20161107141754,SA4,901187,MONICA,SHEMBONI,IDENT
20161107141827,SA3,901037,FADINA,IBRAHIM,IDENT
20161107142002,SA4,900996,LILIAN,RASHIDI,IDENT
20161107142011,SA4,901186,FROLA,KILIMA,IDENT
20161107142018,SA4,901189,KURUTHUM,KHAMISI,IDENT
20161107142123,SA3,900943,MWAMINI,MPANGULE,IDENT
20161107142232,SA5,901292,SARA,YOEL,IDENT
20161107141940,SA1,900720,FRANCIS,RAFAEL,IDENT
20161107142017,SA1,900216,ELLY,MKONGWE,IDENT
20161107142022,SA1,900456,KHALIFA,BASHILI,IDENT
20161107142104,SA6,900473,NAOMI,GONDA,IDENT
20161107142147,SA6,900099,AMIN,JUMA,IDENT
20161107142152,SA1,900820,SALUM,KAISI,IDENT
20161107142205,SA1,900799,RAJABU,RUBASHA,IDENT
20161107142245,SA3,901032,MARISELINA,NGULI,IDENT
20161107142246,SA1,900816,MICHAEL,HUSEIN,IDENT
20161107142250,SA3,900885,AMINA,MZARA,IDENT
20161107142251,SA1,900748,EDWARD,DAWSON,IDENT
20161107142257,SA5,901400,DANIEL,MAKAYA,IDENT
20161107142322,SA1,900731,HUSSAIN,HAMADI,IDENT
20161107142325,SA1,900776,ZUBERI,MOHAMED,IDENT
20161107142327,SA1,900808,HEONANI,BAJANA,IDENT
20161107142329,SA6,900658,MWASITI,LABOA,IDENT
20161107142341,SA1,900730,UHURU,MARWA,IDENT
20161107142358,SA4,900899,MAGDALENA,SIMAO,IDENT
20161107142427,SA4,901184,GRACE,NGALABA,IDENT
20161107142433,SA4,901234,ANITHA,AHALIELI,IDENT
20161107142548,SA1,900789,KAMPBONA,PASCAL,IDENT
20161107142557,SA3,900906,MARYSTELA,MCHOME,IDENT
20161107142623,SA3,900931,JOHARI,KIMARO,IDENT
20161107142632,SA1,900738,MOHAMED,NGODA,IDENT
20161107142644,SA4,901185,JOYCE,SAMWEL,IDENT
20161107142647,SA6,900556,REGINA,NDALUHEKEYE,IDENT
20161107142656,SA1,900823,TADEO,MAPEMA,IDENT
20161107142717,SA3,900904,ANNA,MAGEMBE,IDENT
20161107142732,SA3,901244,SWAUMU,HIMBU,IDENT
20161107142743,SA2,901176,FATUMA,MASOUD,IDENT
20161107142800,SA1,900217,FRED,JAMES,IDENT
20161107142827,SA1,900728,JAMAL,MRISHO,IDENT
20161107142832,SA1,900777,MNADI,MRAJAA,IDENT
20161107142915,SA1,900724,HASANI,MRISHO,IDENT
20161107142955,SA2,901134,NURU,MULONGANILE,IDENT
20161107143051,SA2,900976,LUCY,STANLEY,IDENT
20161107143137,SA4,901085,ELIZABETH,NYAMBO,IDENT
20161107143216,SA3,901150,CHRISTINA,MBODE,IDENT
20161107143223,SA3,900927,SAADA,SALUM,IDENT
20161107143125,SA1,900768,FILAN,FATAEL,IDENT
20161107143148,SA6,900271,HUSNA,SAID,IDENT
20161107143218,SA6,900478,RAPHAEL,SENKONDO,IDENT
20161107143344,SA4,901133,HUSNA,SENGAMBA,IDENT
20161107143402,SA4,900983,RUKIA,KONDO,IDENT
20161107143411,SA4,901238,MARIAM,SELEMANI,IDENT
20161107143423,SA4,901237,ZUBEDA,KIMARO,IDENT
20161107143451,SA1,900213,BEDASTUS,PIUS,IDENT
20161107143524,SA2,901009,MOSHI,SAIDI,IDENT
20161107143818,SA3,900908,SALMA,RWAMBANO,IDENT
20161107144141,SA4,901029,MARIAM,MWETEMBO,IDENT
20161107144022,SA1,900281,NAYOPA,MTENDECHI,IDENT
20161107144028,SA1,900296,SAVERY,KAJELA,IDENT
20161107144210,SA6,900169,REHEMA,YUSUFU,IDENT
20161107144248,SA3,900925,REGINA,THOMAS,IDENT
20161107144359,SA3,901035,AGNES,NKONJELWA,IDENT
20161107144409,SA1,101945,JAMES,VALENTINE,IDENT
20161107144423,SA1,900240,SOSTHENES,MANYAMA,IDENT
20161107144635,SA3,900921,MWAJUMA,IDDI,IDENT
20161107144636,SA2,901251,GATI,NYANTUMAN,IDENT
20161107144640,SA3,901246,VERONICA,MTENGWA,IDENT
20161107144644,SA2,901111,ASIA,MSHAMU,IDENT
20161107144653,SA2,900856,MWAJAMBU,HAMAD,IDENT
20161107144707,SA2,901092,ASIA,JUMA,IDENT
20161107144921,SA6,900560,DEOGRASIAS,STEPHIN,IDENT
20161107145426,SA4,901104,MWANAHAWA,HASSAN,IDENT
20161107145432,SA4,900881,ZAINABU,SAIDI,IDENT
20161107145442,SA4,900890,OLIVER,UDOBA,IDENT
20161107145642,SA4,901231,ASHA,DUTCH,IDENT
20161107145705,SA4,901047,MWAJUMA,HAMIS,IDENT
20161107145956,SA2,901021,NEEMA ,MWANGO,IDENT
20161107150033,SA6,900123,CHARLES,LUSWETULA,IDENT
20161107150521,SA6,900161,PILLI ,MOHAMED,IDENT
20161107150916,SA4,900967,FATUMA,MTAMBUA,IDENT
20161107151032,SA5,901359,VILET,MHELUKA,IDENT
20161107150828,SA6,900447,JOSEPH,LUSANA,IDENT
20161107151232,SA6,900050,STANLEY,JEREMIAH,IDENT
20161107152053,SA2,900902,SAKINA,MAWEMBA,IDENT
20161107154733,SA4,901112,BUSHRA,SALUM,IDENT
20161107155909,SA3,900919,ANNA,MPUGE,IDENT
20161107160052,SA2,901069,ELIZABETH,MRAMU,IDENT
20161107160134,SA2,901024,ASIA,KARATA,IDENT
20161107160220,SA6,900011,BLANTINA,MLOWE,IDENT
20161107160351,SA1,900804,FROLAH,MPONDO,IDENT
20161107161149,SA6,900580,BARAKA,MAGAFU,IDENT
20161107161427,SA4,901012,FATUMA,KABUMA,IDENT
20161107161548,SA4,901076,AGNESS,NGAPONDA,IDENT
20161107162914,SA2,901443,MWAJUMA,SHEMBWANA,IDENT
20161107163915,SA6,900130,FATUMA,CHOMBO,IDENT
20161107164204,SA6,901558,CONSOLATA,MDEMU,IDENT
20161107164406,SA1,900707,ATHUMANI,SALEHE,IDENT
20161107164409,SA1,900711,ATHUMAN,IDDI,IDENT
20161107165457,SA1,900211,BARAKA,MAKI,IDENT
20161107165514,SA1,900515,SHOMARI,KIMBWEMBWE,IDENT
20161107165832,SA1,900499,HASSAN,HAULE,IDENT
20161107170004,SA4,901273,HELLEN,KIZWALO,IDENT
20161107170157,SA3,901068,CATHERINE,MATENGO,IDENT
20161107170212,SA4,900844,AISHA,MSOMI,IDENT
20161107165935,SA6,900397,ANNA,MOSHI,IDENT
20161107165937,SA6,900043,RANI,MOHAR,IDENT
20161107170029,SA1,900513,SALEHE,BAKARI,IDENT
20161107170052,SA6,900111,SALUM,SAIDI,IDENT
20161107170055,SA6,900008,ANNE,MCHUMA,IDENT
20161107170102,SA6,900029,JUMANNE,MBONDE,IDENT
20161107170123,SA6,101880,RICHARD,MAKASI,IDENT
20161107170144,SA6,900184,JASPER,NGURUBE,IDENT
20161107170149,SA6,900560,DEOGRASIAS,STEPHIN,IDENT
20161107170216,SA1,900477,RAMADHANI,LUBASHA,IDENT
20161107170220,SA6,900041,NELSON,MTEMI,IDENT
20161107170223,SA1,900517,THERESIA,NJAU,IDENT
20161107170232,SA1,900030,JUMANNE,LUMBU,IDENT
20161107170236,SA6,900099,AMIN,JUMA,IDENT
20161107170300,SA5,901278,HENRY ,CHELULA,IDENT
20161107170305,SA6,900133,GEORGE,GIDION,IDENT
20161107170314,SA5,901334,SHAIBU,KASANGA,IDENT
20161107170332,SA6,900458,KIBWANA,SAIDI,IDENT
20161107170340,SA6,900649,ZUBEDA,MANDIA,IDENT
20161107170356,SA3,900938,ISMAIL,THOMAS,IDENT
20161107170418,SA5,901325,JOSEPH,KAVISHE,IDENT
20161107170423,SA6,900445,JOHN,MASUNGWA,IDENT
20161107170430,SA6,900468,MICHAEL,IBRAHIM,IDENT
20161107170440,SA5,901326,ALLY,MBONDE,IDENT
20161107170456,SA6,900400,BAHATI,LUBUVA,IDENT
20161107170500,SA6,900393,ALLY,MTWALE,IDENT
20161107170504,SA6,900247,ALLY,SELEMANI,IDENT
20161107170506,SA5,901339,JAMES,MKONO,IDENT
20161107170515,SA6,900681,ABUBAKARI,MGAZA,IDENT
20161107170519,SA6,901569,FREDRICK,MUSHI,IDENT
20161107170533,SA6,900014,DILIP,JOSHI,IDENT
20161107170540,SA6,900470,MODEST,NJAU,IDENT
20161107170545,SA6,900583,REGINALD,MICHAEL,IDENT
20161107170550,SA6,900481,RICHARD,KWEYAMBA,IDENT
20161107170553,SA6,900620,AYOUB,MTAFUNGWA,IDENT
20161107170558,SA6,900701,MATHEW,NDANSHAU,IDENT
20161107170600,SA1,900843,KHALFANI,SHABAN,IDENT
20161107170610,SA6,900454,KHALFAN,AMOUR,IDENT
20161107170614,SA6,900682,BENEDICT,ELIAS,IDENT
20161107170618,SA2,901442,JARINA,SHEKOLA,IDENT
20161107170636,SA6,901265,FRANK ,RUZIGA,IDENT
20161107170637,SA1,900157,MZEE,KONDOWE,IDENT
20161107170712,SA2,901446,DANIEL,MBARUKA,IDENT
20161107170715,SA6,900120,BENEDICTO,MBOKO,IDENT
20161107170717,SA1,900098,TATU,MTUPA,IDENT
20161107170723,SA1,900210,ASHA,HUSSEIN,IDENT
20161107170735,SA6,900114,ABEID,MOHAMED,IDENT
20161107170743,SA6,900484,SHANI,MOHAMED,IDENT
20161107170753,SA6,900057,ZAITUNI,ABDALLAH,IDENT
20161107170757,SA1,900241,STANLEY,KASIAN,IDENT
20161107170757,SA6,900416,ERICK,DAUD,IDENT
20161107170804,SA6,900128,ENELES,MBWAGA,IDENT
20161107170816,SA6,900016,FATUMA,HAMISI,IDENT
20161107170930,SA5,901332,NASRA,MSANYA,IDENT
20161107170948,SA5,901351,BARNABA,EDWARD,IDENT
20161107171130,SA5,901329,ELIWA ,SHAO,IDENT
20161107171135,SA2,901227,MWAMVITA,MWAIPOPO,IDENT
20161107171217,SA2,900869,FRIDA,MKUMBO,IDENT
20161107170836,SA6,900435,HASSAN,NKHAMBI,IDENT
20161107170845,SA6,900431,HAMADI,ZUBERI,IDENT
20161107170932,SA6,900291,RASHIDI,MUSSSA,IDENT
20161107170953,SA6,900055,VERONICA,MBAZIGWA,IDENT
20161107171003,SA6,900418			,FELIX,WAUSA,IDENT
20161107171006,SA6,900413,ELIBAHATI,JOSEPH,IDENT
20161107171010,SA6,901431,AMBALI,SOUD,IDENT
20161107171011,SA1,900503,JANE,RWEHUMBIZA,IDENT
20161107171026,SA6,900566,ERICK,NDUNGURU,IDENT
20161107171028,SA1,900780,THEO,MAPUNDA,IDENT
20161107171049,SA6,900414,EMMANUEL ,SERAPHINE,IDENT
20161107171101,SA6,101110,ESTER,THEOFIL,IDENT
20161107171150,SA6,900465,MARTIN,KIDUNGU,IDENT
20161107171209,SA1,900224,JABIRI,AMANZI,IDENT
20161107171246,SA1,900237,SHOMARI,SELEMANI,IDENT
20161107171302,SA6,900143,JACKLINE,MAIGA,IDENT
20161107171319,SA6,900402,BARAKA,MVUNGI,IDENT
20161107171334,SA6,900408,COLLMAN,KISISA,IDENT
20161107171347,SA5,901378,HOYCE,TILLYA,IDENT
20161107171358,SA2,900870,GOMERY,DAUDI,IDENT
20161107171416,SA2,900859,MASANGULA,MASANGURA,IDENT
20161107171425,SA5,901335,YONA,MAPELELE,IDENT
20161107171452,SA6,900591,RASHID ,MUNKENDA,IDENT
20161107171607,SA6,900107,MSELEM,MSELEM,IDENT
20161107171624,SA6,900703,MUSSA,MTALI,IDENT
20161107171625,SA1,900411,DEO,JULIUS,IDENT
20161107171635,SA6,900488,THOBIAS,KIWELU,IDENT
20161107171658,SA6,900485,SHUFAA,ABEID,IDENT
20161107171719,SA2,900940,JUMANNE,ZONGO,IDENT
20161107171749,SA6,900009,ASHA,HAMISI,IDENT
20161107171843,SA6,900004,AGATHA,KAYOMBO,IDENT
20161107171940,SA1,900466,MATHEW,PHILIP,IDENT
20161107172219,SA6,900452,KENNEDY,KIMARO,IDENT
20161107172252,SA6,900174,SOSTHENES,MUKAMA,IDENT
20161107172314,SA2,901445,KARIM,MJAKA,IDENT
20161107172421,SA6,900268,GWANTWA,MWASYEBULE,IDENT
20161107172426,SA5,901333,NEEMA,KILUZIA,IDENT
20161107172441,SA4,901239,SAKINA,KIZEE,IDENT
20161107172526,SA5,901396,EDWIN,KIPUYO,IDENT
20161107172535,SA1,900502,IMAM,AJABU,IDENT
20161107172652,SA6,900175,TEDDY,SIMON,IDENT
20161107172755,SA6,900574,FURAHA,MSAMBWA,IDENT
20161107172815,SA2,901450,FARIDA,JUMA,IDENT
20161107173137,SA2,901448,PAULINA,DAVID,IDENT
20161107172913,SA6,900430,GWAKISA,MWAKASAGURE,IDENT
20161107172954,SA6,E041,JAGAN MOHAN,YERUVA,IDENT
20161107173023,SA6,900126,DORIKA,MALYANGO,IDENT
20161107173033,SA6,900387,ADAM,KINGU,IDENT
20161107173416,SA6,900108,NORAH,CLEMENCE,IDENT
20161107173735,SA6,900629,MICHAEL,ZAMBETAKIS,IDENT
20161107173826,SA5,901422,EMMANUEL,KHALIDI,IDENT
20161107174204,SA6,900407,CHRISTIAN ,NGONYANI,IDENT
20161107174251,SA2,200316,DENIS,JOHNSON,IDENT
20161107174254,SA2,200318,JOSHUA , PAULO,IDENT
20161107174346,SA2,200309,RAMADHANI,KIHILE,IDENT
20161107174504,SA6,900448,JOSEPH,MKELEBE,IDENT
20161107174551,SA6,E068,RANJEET SINGH,SAINI,IDENT
20161107174554,SA6,E060,ANOOP,TIWARI,IDENT
20161107174629,SA2,100597,NOVATI,TARIMO,IDENT
20161107174641,SA2,200351,MICHAEL,MICHAEL,IDENT
20161107174754,SA2,200349,FRANK,MOSHI,IDENT
20161107174937,SA4,900944,FROLA,KAMARA,IDENT
20161107174834,SA6,900156,MWANAISHA,UWESU,IDENT
20161107174900,SA6,900137,HERIETH,MWELI,IDENT
20161107175157,SA6,E032,SANKARAN,JAYARAM,IDENT
20161107175314,SA2,100603,EDWIN,OWINO,IDENT
20161107175319,SA2,200314,DEO,SAKAYA,IDENT
20161107175442,SA2,901449,BONIFAS,ANGANILE,IDENT
20161107175455,SA6,900262,FRIDA, MWAMBEGELE,IDENT
20161107175506,SA6,900420,FRANCIS,TESHA,IDENT
20161107175538,SA1,901700,JOSEPH,KUANDIKA,IDENT
20161107175622,SA6,900142,IRENE,MREMA,IDENT
20161107175642,SA6,900103,FREDNAND,JACKSON,IDENT
20161107175645,SA6,900173,SHARIFA,MRISHO,IDENT
20161107175733,SA6,900405,CHARLES,WILLIAM,IDENT
20161107175749,SA1,900441,ISSA,KAISI,IDENT
20161107175928,SA5,901382,KONDO,MOHAMED,IDENT
20161107180009,SA4,900941,KULWA,MSUMA,IDENT
20161107180050,SA5,200312,BARAKA,KATEGILE,IDENT
20161107175832,SA6,E069,SHANTANU,KULKARNI,IDENT
20161107175838,SA6,900446,JOSEPH,KIBASA,IDENT
20161107175913,SA6,E077,SUMIT,BHATNAGAR,IDENT
20161107175918,SA6,E045,SURESH,PS,IDENT
20161107180008,SA6,900467,MBARUKU,OSWAD,IDENT
20161107180032,SA1,901586,MOHAMED,KIPANGUZI,IDENT
20161107180041,SA6,900460,LAMECK,ASSETO,IDENT
20161107180043,SA1,900463,MARTENUS,MAPESA,IDENT
20161107180051,SA6,900388,AGNES,SHAYO,IDENT
20161107180100,SA6,900432,HAMZA,ABDALLAH,IDENT
20161107180152,SA6,900385,ABDALLAH,MOHAMED,IDENT
20161107180226,SA1,900429,GOODLUCK,LYAHONA,IDENT
20161107180235,SA6,E084,NAVNEET, SINGH,IDENT
20161107180325,SA2,901447,MASHAKA,MATEKELE,IDENT
20161107180331,SA2,901451,JUSTINE,MKUDE,IDENT
20161107180335,SA2,901453,JOHNSON,MUNISI,IDENT
20161107180401,SA6,900122,CATHERINE,KUMBATA,IDENT
20161107180407,SA6,900292,ROSE,CHIKAWE,IDENT
20161107180513,SA2,901452,STEVEN,CHUWA,IDENT
20161107180601,SA6,900493,YAKOBO,ALLY,IDENT
20161107180651,SA6,900049,SIHABA,NAKIPENGELE,IDENT
20161107181014,SA2,901444,BAKARI,KITILA,IDENT
20161107181036,SA2,200311,DAVID,BWILE,IDENT
20161107180925,SA6,900017,FIKA,JOMSON,IDENT
20161107181004,SA1,900733,ALHAJI,IDD,IDENT
20161107181022,SA1,900421,FRANK ,MUSHI,IDENT
20161107181202,SA6,E013,GIRIRAJ,SHARMA,IDENT
20161107181443,SA1,901575,LINDA,MLAY,IDENT
20161107181508,SA1,900569,JAMES,MWANDU,IDENT
20161107181602,SA6,900014,DILIP,JOSHI,IDENT
20161107181609,SA6,900109,AMANI,NYAKARASHI,IDENT
20161107181614,SA6,900246,ABDULKARIM,ALI,IDENT
20161107181834,SA1,900238,SAIMON,TARIMO,IDENT
20161107181901,SA6,901573,DAUDI,NYASHIMO,IDENT
20161107182039,SA1,900425,GEORGE,JOSEPH,IDENT
20161107182126,SA1,900497,EMANUEL,NGIMBUZI,IDENT
20161107182340,SA6,900436,HONEST,MATEMU,IDENT
20161107182345,SA6,900464,MARTHA,MWIKOLA,IDENT
20161107182746,SA1,900239,SOPHIA,MUSHI,IDENT
20161107182956,SA6,900007,ANNA,DUA,IDENT
20161107183140,SA1,EPML001,RAM,ASWALE,IDENT
20161107183200,SA1,900236,PENDO,MAGIGE,IDENT
20161107183204,SA6,901434,JOSEPHINA,HAU,IDENT
20161107183209,SA6,900039,MWAJABU,ALLY,IDENT
20161107183327,SA6,901432,AMINA,SOGOI,IDENT
20161107183926,SA2,901444,BAKARI,KITILA,IDENT
20161107183939,SA1,900506,JOE ,MATANDU,IDENT
20161107184356,SA6,E083,GURURAJ,SHENVI,IDENT
20161107184722,SA1,101128,ISSA,RAMADHANI,IDENT
20161107184934,SA6,900151,LISSY,KIGONJOLA,IDENT
20161107185501,SA1,101529,SELEMAN,RAMADHANI,IDENT
20161107185518,SA1,900687,PROTUS,RUWANDA,IDENT
20161107185722,SA1,200053,MIKIDADI,NGODU,IDENT
20161107190239,SA6,900054,THOMAS,MGABO,IDENT
20161107190422,SA1,900571,FRANK,MALIMA,IDENT
20161107191010,SA6,901435,FILES,MBANDO,IDENT
20161107191034,SA6,901440,UMMY,KWANGALA,IDENT
20161107191310,SA1,900715,ELIASI,KIZITO,IDENT
20161107191706,SA1,101140,FAUSTINI,MGIMBA,IDENT
20161107192402,SA1,900504,JEREMIA,TONNO,IDENT
20161107192730,SA1,101124,KHALIDI,KASSIMU,IDENT
20161107192734,SA1,900709,MRISHO,ATHUMANI,IDENT
20161107193157,SA1,101118,MANENO,RAMADHANI,IDENT
20161107193203,SA1,101531,RASHIDI,BAKARI,IDENT
20161107193225,SA6,E079,BALASUBRAMANIAM,M,IDENT
20161107193333,SA1,101134,HASSAN,KAPANYA,IDENT
20161107193525,SA1,101530,SIMON,YOHANA,IDENT
20161107193531,SA1,101143,ISMAIL,KONDO,IDENT
20161107193604,SA1,101115,ATHUUMANI,HEMEDI,IDENT
20161107193609,SA1,900706,MECKLEEN,NANGEDA,IDENT
20161107194021,SA1,900219,GEORGE,SAMATA,IDENT
20161107194635,SA1,900457,KHAMISI,MASUMBUKO,IDENT
20161107194830,SA1,900505,JESCA,MATECHI,IDENT
20161107195618,SA6,900002,ABDALLAH,MWEYO,IDENT
20161107200511,SA6,900611,EVARIST,MPINGAURUGU,IDENT
20161107200525,SA6,900048,SHELLA,MFAUME,IDENT
20161107200530,SA6,900048,SHELLA,MFAUME,IDENT
20161107200713,SA6,900040,MWAJUMA,KATONA,IDENT
20161107201629,SA1,900001,ABDALLAH,JUMANNE,IDENT
20161107202432,SA6,900051,SUDI,KHALFANI,IDENT
20161107203132,SA6,900056,YESAYA,NTUNDUU,IDENT
20161107203151,SA1,900031,LUCAS,MABUYE,IDENT
20161107203220,SA1,900813,LEONARD,PETER,IDENT
20161107203337,SA1,900209,ANGELA,MBESIGWE,IDENT
20161107203602,SA6,900626,AUGUSTINO,CHITANDA,IDENT
20161107204037,SA6,900541,GOLDEN,MDUBA,IDENT
20161107204241,SA1,900290,RASHIDI,GEUZA,IDENT
20161107204532,SA6,900661,ADILILA,KONGA,IDENT
20161107204606,SA6,900685,VICTOR,MBUNDAMILA,IDENT
20161107205318,SA1,900814,MARTIN,MUHANDO,IDENT
20161107205327,SA1,900822,MENRUFU,PILLY,IDENT
20161107205340,SA1,900778,MARIAM,MICHAEL,IDENT
20161107205347,SA6,900015,EMMANUEL ,CLEMENT,IDENT
20161107211538,SA1,900220,HAMISI,NJOCHOLA,IDENT
20161107211848,SA1,900249,AMIRI,MZEE,IDENT
20161107211948,SA1,900781,GERALD,JOHN,IDENT
20161107212001,SA6,900406,CHAUREMBO,MWINYI,IDENT
20161107212930,SA1,900415,EMMANUEL,JONAS,IDENT
20161107213220,SA5,901388,OSWALD,SHILLA,IDENT
20161107212843,SA6,900568,GODWIN,KIRIA,IDENT
20161107213105,SA1,900821,SAWA,SWAHA,IDENT
20161107213139,SA1,900769,JAMES,MACKLINE,IDENT
20161107213244,SA1,900794,ADAM,SALTIELY,IDENT
20161107213249,SA5,901393,HADIJA,JUMA,IDENT
20161107213303,SA5,901389,OMARY,JUMA,IDENT
20161107213316,SA1,900723,SAIDI,JUMANE,IDENT
20161107213330,SA5,901183,YASINTA,MKIWA,IDENT
20161107213335,SA5,901399,DIANA,NDONGO,IDENT
20161107213339,SA5,901209,MIRIAM,MNDEWA,IDENT
20161107213346,SA5,901364,SALAFINA,KISAPI,IDENT
20161107213404,SA5,901366,LYDIA,MAKENE,IDENT
20161107213404,SA1,900736,KANUNU,THABIT,IDENT
20161107213410,SA5,901324,MARIAM,YAHAYA,IDENT
20161107213414,SA5,901371,YASINTA,LEKERI,IDENT
20161107213422,SA5,901162,MWANAHARUSI,MOHAMED,IDENT
20161107213439,SA5,901302,ASHA,SHOMARI,IDENT
20161107213445,SA5,901427,JESCA,NGUMBU,IDENT
20161107213504,SA1,900242,WILSON,ANYNGISE,IDENT
20161107213506,SA5,901286,AGNES,LUCAS,IDENT
20161107213539,SA6,900487,STEPHEN,KAMBWEMBWE,IDENT
20161107213625,SA1,900426,GESAGA,RAMADHANI,IDENT
20161107213636,SA5,901571,ENOCK,ELIA,IDENT
20161107213713,SA1,900232,MATIKO ,MICHAEL,IDENT
20161107213743,SA5,901374,NASRA,HAMADI,IDENT
20161107213753,SA5,901385,ABDALLA,MGAYA,IDENT
20161107213826,SA1,900811,JUMA,HUMBE,IDENT
20161107213952,SA5,901418,ISAYA ,SAWASAWA,IDENT
20161107214150,SA5,901305,DIANA,KIBASA,IDENT
20161107214155,SA1,900726,ABDALLAH,CHOBO,IDENT
20161107214246,SA1,900772,ERICK,KAZIMOTO,IDENT
20161107214258,SA5,901384,JOSHUA,KITUNDU,IDENT
20161107214301,SA5,901295,ELLASIA,WILLIUM,IDENT
20161107214305,SA5,901331,DIANA,KABYEMELA,IDENT
20161107214334,SA5,901287,REGINA,JEMES,IDENT
20161107214350,SA5,901094,MARTINA,FISSO,IDENT
20161107214436,SA5,901312,VUMILIA,NDEGE,IDENT
20161107214446,SA5,901350,ALFRED,CHARLES,IDENT
20161107214452,SA1,900384,ABDALLA,SAIDI,IDENT
20161107214522,SA6,900404,BRYANT,NYENYEMBE,IDENT
20161107214648,SA1,900775,SABATO,JULIUS,IDENT
20161107214704,SA1,900762,SAID,MOHAMED,IDENT
20161107214730,SA1,900717,GODFREY,LAMBAU,IDENT
20161107214817,SA5,901316,ZUHURA,HAMIS,IDENT
20161107214823,SA5,901341,JESSE,JEREMIA,IDENT
20161107214830,SA5,901349,HABIBU,BAKARI,IDENT
20161107214842,SA1,900734,REHEMA,NKYA,IDENT
20161107214900,SA1,900747,ADAM,MASALE,IDENT
20161107214905,SA1,900727,GEORGE,GREAD,IDENT
20161107215101,SA5,901300,ANNA,TEMBA,IDENT
20161107215117,SA5,901356,ZAMDA,NGWABAYA,IDENT
20161107215117,SA3,901099,TAUS,MUSTAPHA,IDENT
20161107215211,SA5,901408,SAIDI,MAKALA,IDENT
20161107215231,SA2,900903,RUKIA,MOHAMED,IDENT
20161107215240,SA2,900900,HELENA,SENZUGWAKO,IDENT
20161107214854,SA6,900476,RAMADHANI,IDD,IDENT
20161107214948,SA1,900437,HUSSEIN,MBONDE,IDENT
20161107215000,SA1,900779,MUSTAFA,HAMISI,IDENT
20161107215010,SA1,900233,MUSSSA,ABDALLAH,IDENT
20161107215028,SA1,900742,PROSPER,POLITHO,IDENT
20161107215036,SA1,900749,EZEKIEL,SOLO,IDENT
20161107215041,SA1,900741,ERICK,LUWUNGO,IDENT
20161107215045,SA1,900739,EMENUEL,KYEJO,IDENT
20161107215052,SA1,900745,YUSUPH,NGAPAWA,IDENT
20161107215057,SA1,900760,OMARY,MHAGAMA,IDENT
20161107215100,SA1,900786,FARAJI,KILUWA,IDENT
20161107215105,SA1,900745,YUSUPH,NGAPAWA,IDENT
20161107215105,SA6,900417,FABIAN,FABIAN,IDENT
20161107215134,SA6,900396,ANDREW,MSANGI,IDENT
20161107215229,SA1,900783,DAMIAN,ALONE,IDENT
20161107215235,SA1,900752,SIMON,MAPUNDA,IDENT
20161107215312,SA1,900770,ANDERSON,KIKOTI,IDENT
20161107215329,SA1,900774,MBEWE,ELIUS,IDENT
20161107215344,SA1,900858,MUHSIN,ATHUMANI,IDENT
20161107215344,SA5,901395,HASHIM,HAIZA,IDENT
20161107215352,SA5,901277,NEEMA,UISO,IDENT
20161107215410,SA5,901425,HIDAYA,KASSIM,IDENT
20161107215428,SA1,900214,BRUNO,FREDRICK,IDENT
20161107215434,SA5,901327,EMERY,MSUNGU,IDENT
20161107215452,SA6,900422,FURAHA,MWAKIFWAMB,IDENT
20161107215452,SA5,901376,ZAINABU ,SALUM,IDENT
20161107215452,SA1,900718,WILSON,ALOIS,IDENT
20161107215507,SA5,901330,SAVELINA ,KASHASHA,IDENT
20161107215530,SA2,900876,MWASITI,MAULID,IDENT
20161107215547,SA2,900907,PAULINA,DEVA,IDENT
20161107215552,SA2,900877,IRENE,GABRIEL,IDENT
20161107215711,SA5,901404,AWAZI,SALIM,IDENT
20161107215714,SA1,900763,SALEHE,NJAGE,IDENT
20161107215718,SA6,900480,RASHID,MOHAMED,IDENT
20161107215729,SA1,900207,ADELE,NJOCHOLA,IDENT
20161107215732,SA1,900757,JOSEPH,HEMA,IDENT
20161107215738,SA6,900428,GLADIS,MAZENGO,IDENT
20161107215745,SA5,901406,PASCAL,STANLEY,IDENT
20161107215818,SA1,900740,SPEDICTOR,NGOGO,IDENT
20161107215823,SA1,900815,METHOD,DEDA,IDENT
20161107215833,SA1,900215,EDWARD,RUFUNGA,IDENT
20161107215838,SA1,900824,TITO,MGOVANO,IDENT
20161107215900,SA1,900817,MOSES,MASENGA,IDENT
20161107215906,SA5,901344,JACKSON,ATANUS,IDENT
20161107215911,SA5,901343,SEBASTIAN,KIPINGU,IDENT
20161107215916,SA5,901004,ZAHARA,YANGE,IDENT
20161107215917,SA1,900755,NICHALAUS,AUGUSTINO,IDENT
20161107215924,SA3,901101,RAJABU,MOHAMMED,IDENT
20161107215930,SA5,901386,SHAMSI,MUHITI,IDENT
20161107215940,SA5,900850,ROSE,KITALI,IDENT
20161107215943,SA2,900989,AMINA,CHITWANGWA,IDENT
20161107215955,SA2,900955,MWANAHAMISI,MAKUNGANYA,IDENT
20161107220001,SA5,901281,JOSEPH,MUSUGULI,IDENT
20161107220003,SA4,900892,MWANIA,PEMBE,IDENT
20161107220006,SA3,901110,ASHA,MPELA,IDENT
20161107220007,SA2,900936,SOPHIA,MBONDE,IDENT
20161107220009,SA4,900965,HERMAN,MAKOKO,IDENT
20161107220011,SA3,900896,HADIJA , KIHEGO,IDENT
20161107220011,SA5,901317,ASHA,HAMISI,IDENT
20161107220015,SA2,901087,REHEMA,CHETE,IDENT
20161107220015,SA5,901320,REHEMA,ALLY,IDENT
20161107220017,SA3,900880,MWANAHAMISI,MAREKANO,IDENT
20161107220018,SA4,901063,RACHEL,MZOROZORO,IDENT
20161107220019,SA5,901297,STELLA,MAKUNDI,IDENT
20161107220022,SA2,901101,RAJABU,MOHAMMED,IDENT
20161107220023,SA5,901323,AMINA,HAMISI,IDENT
20161107220023,SA3,901086,ELIWAZA,MWIGOHA,IDENT
20161107220024,SA4,901028,REHEMA,KWENGWEGU,IDENT
20161107220024,SA2,901101,RAJABU,MOHAMMED,IDENT
20161107220027,SA5,901419,JENIPHA,MWILONGO,IDENT
20161107220028,SA3,900886,ELIZABERTH,KIJA,IDENT
20161107220030,SA2,901031,AMINA,BAKARI,IDENT
20161107220033,SA4,901559,MARIAM,JUMA,IDENT
20161107220033,SA3,900866,FLORA,DAMAS,IDENT
20161107220036,SA2,901075,AGATHA,JAMALI,IDENT
20161107220036,SA5,901013,YASINTA,SHELUBANZI,IDENT
20161107220038,SA5,901402,ALLY,SELEMAN,IDENT
20161107220040,SA4,900888,AMINA,NGAINA,IDENT
20161107220043,SA2,901084,MARIA ,SANGA,IDENT
20161107220043,SA5,901290,AGNES,SALAWA,IDENT
20161107220045,SA3,900887,ELITABETH,GOMELO,IDENT
20161107220046,SA4,901120,MERCY,MONGI,IDENT
20161107220048,SA5,901397,LINETH,KYARUS,IDENT
20161107220050,SA2,901248,MAGRETH,MASAWE,IDENT
20161107220051,SA3,901210,ROSE,CHUWA,IDENT
20161107220052,SA4,900946,RAHMA,MWIMBA,IDENT
20161107220053,SA5,901291,AISHA,ISSA,IDENT
20161107220057,SA3,900864,TECLA,SAMWEL,IDENT
20161107220058,SA4,901001,AMINA,MUYA,IDENT
20161107220059,SA5,901308,MADINA,ATHUMANI,IDENT
20161107220103,SA4,901066,ZULEHA,MOHAMED,IDENT
20161107220106,SA5,901280,WHITNESS,MSAGATI,IDENT
20161107220109,SA3,901055,ZAINABU,OMARY,IDENT
20161107220109,SA4,901036,AZIZA,MANGETU,IDENT
20161107220110,SA2,901266,AZIZA,KAKOMBE,IDENT
20161107220113,SA5,901328,MARRY,SHOO,IDENT
20161107220115,SA4,901206,AISHA,MKUMBA,IDENT
20161107220118,SA5,900853,DEVOTHA,ELIAS,IDENT
20161107220120,SA2,901082,EDINA,JOHN,IDENT
20161107220121,SA3,900872,ZALAU,NGWELE,IDENT
20161107220121,SA4,901074,VERONICA,KIMWAGA,IDENT
20161107220126,SA4,900956,DIANA,LEMA,IDENT
20161107220126,SA5,900995,MARY,KIAMA,IDENT
20161107220126,SA2,901054,FATUMA,MUHANDO,IDENT
20161107220134,SA5,901428,YOHANA,LEONARD,IDENT
20161107220134,SA4,901058,HAMIDA,MATIPA,IDENT
20161107220136,SA3,900964,RAPHAEL,MBOKO,IDENT
20161107220137,SA2,901236,FATIMA,ALLY,IDENT
20161107220138,SA5,901367,BEATHA,MLOSO,IDENT
20161107220142,SA5,901338,WAZIRI,WAZIRI,IDENT
20161107220143,SA3,900960,AGNESS,NAWAHIGA,IDENT
20161107220149,SA3,901148,IBRAHIM,MZENTO,IDENT
20161107220156,SA5,901373,ADELA,MSAGA,IDENT
20161107220156,SA2,901020,VICTORIA,MWALUANDA,IDENT
20161107220200,SA4,901061,MWAJUMA,ABDALLAH,IDENT
20161107220201,SA3,901064,SAID,RAMADHANI,IDENT
20161107220201,SA5,901307,MATRIDA,CHUVAKA,IDENT
20161107220205,SA4,900984,SALAMA,BIGE,IDENT
20161107220206,SA5,901057,ANNA,KITOMARY,IDENT
20161107220210,SA4,900895,CATHERINE,CHIGOGOLO,IDENT
20161107220211,SA5,901430,JOYCE,SEMWENDA,IDENT
20161107220213,SA2,901260,AISHA,MNEKA,IDENT
20161107220215,SA4,901161,NURU,MOHAMED,IDENT
20161107220217,SA5,901315,FIDEA,AGUSTINO,IDENT
20161107220221,SA4,901008,GRESS,KOBA,IDENT
20161107220222,SA5,901360,MARRY,MASULUBE,IDENT
20161107220228,SA2,901079,AGNESS,HAJI,IDENT
20161107220228,SA5,901358,MWANAHAMIS ,MSUYA,IDENT
20161107220236,SA2,901072,TATU,ATHUMAN,IDENT
20161107220237,SA5,901306,VAILETH,NGULO,IDENT
20161107220240,SA5,901095,BEATA,KOMBA,IDENT
20161107215836,SA6,900409,DANIEL,MROPE,IDENT
20161107215959,SA1,900227,JOSEPH,NGANILWA,IDENT
20161107220004,SA1,900809,JAMES,MWENDA,IDENT
20161107220058,SA1,900442,ITIKA,DICKSON,IDENT
20161107220102,SA6,900166,RAMADHANI,KIPENGELE,IDENT
20161107220110,SA6,900433,HARUNI,MKAMA,IDENT
20161107220114,SA6,900662,ABDALLAH,ABEID,IDENT
20161107220137,SA6,900474,PHILBERT,MATOGO,IDENT
20161107220157,SA6,900124,DAUDI,ELIFALETH,IDENT
20161107220159,SA6,900164,RAMADHANI ,BAKARI,IDENT
20161107220204,SA6,900647,JOHANSEN,MPANJU,IDENT
20161107220213,SA1,900243,YOHANA,ALLY,IDENT
20161107220244,SA4,901033,TATU,ISSA,IDENT
20161107220246,SA5,901417,REHEMA,SINDANO,IDENT
20161107220247,SA1,900746,GEDION,BUTENGE,IDENT
20161107220253,SA5,901309,SALMA,RAFIKI,IDENT
20161107220254,SA4,901131,ESTA,KWEKA,IDENT
20161107220256,SA1,900231,MARKO,SHIMIZI,IDENT
20161107220259,SA4,901053,DORIS,JOHN,IDENT
20161107220306,SA5,901342,ANDREW,KILUGWA,IDENT
20161107220308,SA4,900935,ZAINABU,SINGANO,IDENT
20161107220312,SA1,900754,ROBERT,JORAM,IDENT
20161107220319,SA4,900973,SHARIFA,LIYAYA,IDENT
20161107220319,SA5,901354,AISHAH,OTHUMANI,IDENT
20161107220325,SA5,901071,YUNIS,NDAIGA,IDENT
20161107220326,SA4,901014,LUCY,THOMAS,IDENT
20161107220335,SA5,901154,SALAMA,ALLY,IDENT
20161107220339,SA2,901151,SIJARI,MAGOMBE,IDENT
20161107220339,SA4,901145,ADELINA,MALEMA,IDENT
20161107220340,SA3,901205,JAMILA,MASONGI,IDENT
20161107220344,SA2,901166,SAUDA,MAULID,IDENT
20161107220348,SA4,901093,SHARON,IBRAHIM,IDENT
20161107220353,SA4,900929,HALIMA,SEIF,IDENT
20161107220357,SA5,901369,RECHO,MSHUMBUSI,IDENT
20161107220402,SA5,901353,DOREEN,MDOE,IDENT
20161107220405,SA4,901041,JACKLINI,MBOYA,IDENT
20161107220406,SA5,901314,JANE,NYAGAWA,IDENT
20161107220408,SA3,900875,ASHA,MALINBWI,IDENT
20161107220409,SA5,901380,BISURA,MCHELEO,IDENT
20161107220412,SA1,900729,MOHAMED,KOMBO,IDENT
20161107220413,SA4,901005,HADIJJA,KIJUU,IDENT
20161107220413,SA3,901191,ROSE,BENARD,IDENT
20161107220418,SA3,900861,MWAJABU,BAKARI,IDENT
20161107220420,SA6,900391,ALLY,MASHAURI,IDENT
20161107220427,SA3,901019,ASHA,NGAMBA,IDENT
20161107220428,SA5,901233,SAMI,MTITIMA,IDENT
20161107220431,SA4,900911,NEEMA,URASSA,IDENT
20161107220433,SA6,900444,JOHN,MEDA,IDENT
20161107220438,SA4,900975,EDINA,MZUNGU,IDENT
20161107220443,SA4,901222,DEBORA,FILIPATALI,IDENT
20161107220454,SA4,901080,SALOME,DUA,IDENT
20161107220459,SA4,900999,ROSE,MWAMAKOLA,IDENT
20161107220503,SA4,901118,LILIAN,MREMA,IDENT
20161107220508,SA4,900942,CHRISTINA,MWENDA,IDENT
20161107220514,SA4,900893,JOYCE,MCHOMVU,IDENT
20161107220520,SA4,901153,MAGRETH,ZANUARI,IDENT
20161107220526,SA4,900982,MWANAKOMBO,KHALID,IDENT
20161107220531,SA4,901250,JENIPHA,DAMIAN,IDENT
20161107220535,SA3,901200,INOCENT , KIFUMU,IDENT
20161107220536,SA4,901002,MARIAM,SABURI,IDENT
20161107220536,SA1,900793,ABDUL,MAINGO,IDENT
20161107220541,SA4,900862,EDINA,MWAKYOMA,IDENT
20161107220603,SA4,900937,UPENDO,MLEWA,IDENT
20161107220620,SA6,900168,RAZAKI,MTINDA,IDENT
20161107220622,SA4,901171,ESTHER,MUNGUTI,IDENT
20161107220629,SA4,901116,GRACE,KAHANGE,IDENT
20161107220645,SA4,900966,ZUHURA,KIJIMBO,IDENT
20161107220726,SA4,901216,ASHA,RAMADHANI,IDENT
20161107220803,SA4,901102,ORIVER,DAUD,IDENT
20161107220803,SA1,900818,PASCAL,MIKONDO,IDENT
20161107220817,SA2,901269,AISHA,HALFAN,IDENT
20161107220831,SA3,901254,NURAT,JAFARI,IDENT
20161107220831,SA4,901146,MARTHA,MAKOTI,IDENT
20161107220846,SA1,900792,IDDI,IDDI,IDENT
20161107220846,SA4,900926,AMINA,KONDO,IDENT
20161107220859,SA3,901223,HAPPY,MKWEPU,IDENT
20161107220859,SA4,901163,SIJALI,MKELE,IDENT
20161107220901,SA1,900784,WILLIAM,MSOLOKA,IDENT
20161107220907,SA4,901018,AISHA,KIBINDO,IDENT
20161107220908,SA1,900490,TWAHA,MGUHI,IDENT
20161107220918,SA1,900228,KAGERA,MSAMBUSI,IDENT
20161107220918,SA4,900952,SALAMA,MOHAMAD,IDENT
20161107220923,SA4,901267,NEEMA ,MWAMANYE,IDENT
20161107220956,SA4,901181,ASNA,SPRIAN,IDENT
20161107221001,SA4,900928,MARIA,MAGWE,IDENT
20161107221008,SA4,901126,YUNIS,LULANDALA,IDENT
20161107221017,SA4,901172,AGNES,STEVEN,IDENT
20161107221020,SA3,900986,KAUSE,ABDALLAH,IDENT
20161107221025,SA4,901225,NOELA,YALOT,IDENT
20161107221032,SA4,901213,HABIBA,NJIKU,IDENT
20161107221032,SA3,901070,FLORA,MSAMLA,IDENT
20161107221038,SA3,901268,ANITHA,KWIMBA,IDENT
20161107221043,SA4,901141,HADIJA,SALUM,IDENT
20161107221048,SA4,901165,FATUMA,ABDALLAH,IDENT
20161107221109,SA4,901249,HILDA,MWAZEMBE,IDENT
20161107221123,SA4,901157,DAVID,JUMA,IDENT
20161107221141,SA5,900918,MARIAM,RAMADHANI,IDENT
20161107221147,SA3,901220,AGNESS,MWAMBENGO,IDENT
20161107221149,SA4,901169,VERONICA,LECHIPYA,IDENT
20161107221211,SA4,901106,MARYNIA,KAYOMBO,IDENT
20161107221219,SA4,900958,SOPHIA,LIKONGO,IDENT
20161107221225,SA4,901228,CESILIA,MBABUYE,IDENT
20161107221231,SA4,901121,MWATANGA,ALLY,IDENT
20161107221235,SA4,900922,BAHATI,SALEHE,IDENT
20161107221242,SA3,900920,PILLI,SAIDI,IDENT
20161107220839,SA6,900469,MICHAEL,MDACHI,IDENT
20161107220905,SA6,900148,JUDITH,MALISA,IDENT
20161107220945,SA1,900732,ELIA,FRANCIS,IDENT
20161107220946,SA6,900449,JUMA,SANGAYA,IDENT
20161107221043,SA1,900222,HENRY,NGOWI,IDENT
20161107221249,SA4,901207,AISHA,ABEID,IDENT
20161107221256,SA4,901214,MARIAM,OMAR,IDENT
20161107221303,SA4,900847,ZAINABU,SINGANO,IDENT
20161107221308,SA4,901139,HAPPY ,ZAKAYO,IDENT
20161107221319,SA4,901077,CONSOLATH,MATERU,IDENT
20161107221324,SA4,901144,ESTHER,NAPENGWA,IDENT
20161107221331,SA4,901119,LINA,MLAWA,IDENT
20161107221335,SA4,901177,ASHA,MAVENGELO,IDENT
20161107221340,SA4,901221,TEDDY,MAGAMBO,IDENT
20161107221346,SA4,900971,NAOMI,SAMWELI,IDENT
20161107221351,SA4,901252,JENIPHA,CHIZA,IDENT
20161107221400,SA4,901224,ANNA,NYAKAPALA,IDENT
20161107221407,SA4,901000,AGNES,MTYANGILE,IDENT
20161107221409,SA6,900575,CHRISTINA ,SENYANGWA,IDENT
20161107221423,SA4,901156,SAID,HAMISI,IDENT
20161107221430,SA4,900882,WINIFRIDA,MALISELINO,IDENT
20161107221436,SA3,901125,TAUSI,SHABANI,IDENT
20161107221440,SA4,901128,ZAITUNI,SOGOI,IDENT
20161107221446,SA4,901257,FRIDA,MHELELA,IDENT
20161107221452,SA4,901003,SALAMA,KADALA,IDENT
20161107221501,SA3,900889,SALMA,MWAWILA,IDENT
20161107221525,SA3,901103,MWATANGA,DIENI,IDENT
20161107221607,SA3,901006,RUKIA,ALLY,IDENT
20161107221634,SA3,901073,SALMA,MUHARAMU,IDENT
20161107221707,SA4,901197,RASHID,NJERAN,IDENT
20161107222144,SA6,900159,PAMELA,KUSALIKA,IDENT
20161107222231,SA1,900756,HUSSEIN,KANDORO,IDENT
20161107222454,SA3,900949,MUHINA,GOMBE,IDENT
20161107222732,SA4,901015,JOYCE,CHACHA,IDENT
20161107222958,SA6,900140,IGNATUS,MLANGWA,IDENT
20161107223016,SA3,900954,HABIBA,MDOSE,IDENT
20161107223024,SA6,900135,HALIMA,NGAMZI,IDENT
20161107224217,SA3,900977,MWANAHAMISI,MUNKUNDA,IDENT
20161107224611,SA5,900969,JEMA,SALUM,IDENT
20161107224931,SA6,900134,GRACE,KIM,IDENT
20161108050220,SA1,900272,ISRAEL,GYUNA,IDENT
20161108050355,SA6,900685,VICTOR,MBUNDAMILA,IDENT
20161108051501,SA6,900169,REHEMA,YUSUFU,IDENT
20161108051934,SA1,900594,GASPER,MATALO,IDENT
20161108052637,SA6,900449,JUMA,SANGAYA,IDENT
20161108052913,SA5,900983,RUKIA,KONDO,IDENT
20161108053131,SA5,901133,HUSNA,SENGAMBA,IDENT
20161108053137,SA5,901322,SARAH,ALLY,IDENT
20161108053143,SA5,901012,FATUMA,KABUMA,IDENT
20161108053147,SA6,900420,FRANCIS,TESHA,IDENT
20161108053151,SA5,900894,NURU,MAKANDE,IDENT
20161108053200,SA5,900943,MWAMINI,MPANGULE,IDENT
20161108053211,SA5,901244,SWAUMU,HIMBU,IDENT
20161108053219,SA5,901298,SWAUMU,MZIRAI,IDENT
20161108053226,SA5,901047,MWAJUMA,HAMIS,IDENT
20161108053256,SA5,901352,ABDALAH,SUDY,IDENT
20161108053307,SA5,901185,JOYCE,SAMWEL,IDENT
20161108053309,SA1,900542,POUL,KIBELA,IDENT
20161108053312,SA5,901132,HEAVENLIGHT,NKYA,IDENT
20161108053318,SA5,901174,BETH,NGADADA,IDENT
20161108053328,SA3,901021,NEEMA ,MWANGO,IDENT
20161108053333,SA5,901238,MARIAM,SELEMANI,IDENT
20161108053341,SA5,900945,ELIZABETH,MREMA,IDENT
20161108053352,SA5,901383,JOAN,OMANDI,IDENT
20161108053358,SA5,901026,FATUMA,KONYO,IDENT
20161108053434,SA5,901150,CHRISTINA,MBODE,IDENT
20161108053446,SA5,901193,VICTORIA,MWAMPEGETE,IDENT
20161108053451,SA5,900856,MWAJAMBU,HAMAD,IDENT
20161108053457,SA5,901182,RENIFRIDA,NGUMBU,IDENT
20161108053503,SA5,901168,REHEMA ,MWASOMOLA,IDENT
20161108053518,SA5,901089,HARUNA,ATHUMANI,IDENT
20161108053526,SA5,901027,EDDA,MWAKIBINGWA,IDENT
20161108053530,SA5,900884,HADIJA,GOGO,IDENT
20161108053536,SA5,901124,TABIA,OMARY,IDENT
20161108053550,SA5,901247,KULUTHUM,CHILEMILE,IDENT
20161108053553,SA2,900902,SAKINA,MAWEMBA,IDENT
20161108053555,SA5,900908,SALMA,RWAMBANO,IDENT
20161108053601,SA5,901105,MTUMWA,ALLY,IDENT
20161108053611,SA5,900915,DOROTHEA,KILO,IDENT
20161108053617,SA5,900879,RAHMA,KILO,IDENT
20161108053623,SA5,900878,AISHA,KIZINGA,IDENT
20161108053627,SA6,900661,ADILILA,KONGA,IDENT
20161108053628,SA5,901007,MODESTA,JOGOO,IDENT
20161108053635,SA5,901229,ANNA,NGAPONDA,IDENT
20161108053640,SA5,901412,ELIA,NGWALI,IDENT
20161108053645,SA5,901030,VERONICA,WANGWE,IDENT
20161108053652,SA5,901104,MWANAHAWA,HASSAN,IDENT
20161108053712,SA5,900913,ASHURA,NGUMBE,IDENT
20161108053719,SA2,901072,TATU,ATHUMAN,IDENT
20161108053731,SA5,901037,FADINA,IBRAHIM,IDENT
20161108053740,SA5,901289,CONSOLATHA,RAPHAEL,IDENT
20161108053744,SA2,900994,MWAISHA,MWAMOTO,IDENT
20161108053752,SA5,901186,FROLA,KILIMA,IDENT
20161108053753,SA1,900748,EDWARD,DAWSON,IDENT
20161108053805,SA5,901256,AVERINA,AMANDUS,IDENT
20161108053814,SA1,901557,WALTER,MAYA,IDENT
20161108053815,SA5,901387,GODFREY,YALED,IDENT
20161108053821,SA5,900868,MAIMUNA,JARUFU,IDENT
20161108053830,SA5,901181,ASNA,SPRIAN,IDENT
20161108053850,SA5,901155,GRACE,MUHONO,IDENT
20161108053856,SA5,901127,ZAHARA,MBELWA,IDENT
20161108053856,SA4,900904,ANNA,MAGEMBE,IDENT
20161108053901,SA5,901219,MARIAM,MUSSA,IDENT
20161108053904,SA4,901108,AISHA,WILLIUM,IDENT
20161108053911,SA5,901413,LEILA,KIMBENGELE,IDENT
20161108053917,SA5,901245,EVERINA,MKETO,IDENT
20161108053922,SA5,901035,AGNES,NKONJELWA,IDENT
20161108053922,SA4,900887,ELITABETH,GOMELO,IDENT
20161108053928,SA5,901115,FROLA,SIKWEMBE,IDENT
20161108053931,SA4,900917,SALMA,DIWILE,IDENT
20161108053934,SA2,901020,VICTORIA,MWALUANDA,IDENT
20161108053938,SA5,900991,CHRISTINA,JAILOS,IDENT
20161108053942,SA2,900976,LUCY,STANLEY,IDENT
20161108053946,SA5,901369,RECHO,MSHUMBUSI,IDENT
20161108053950,SA2,900947,ANNA,GODISON,IDENT
20161108053950,SA4,901111,ASIA,MSHAMU,IDENT
20161108053950,SA5,901361,MARRY,MLIUNJA,IDENT
20161108054000,SA4,901023,AMINA,CHAKWE,IDENT
20161108054009,SA4,900997,MARY,ONDURU,IDENT
20161108054015,SA4,901127,ZAHARA,MBELWA,IDENT
20161108054023,SA6,900123,CHARLES,LUSWETULA,IDENT
20161108054034,SA4,901113,ELIZABETH,SHIRIMA,IDENT
20161108054035,SA5,901279,NEEMA, GODFREY,IDENT
20161108054038,SA4,901135,REHEMA,OMARY,IDENT
20161108054040,SA5,901091,FARIDA,LYIMO,IDENT
20161108054043,SA4,901231,ASHA,DUTCH,IDENT
20161108054045,SA5,900925,REGINA,THOMAS,IDENT
20161108054048,SA4,901261,ZAINA,KILWANDA,IDENT
20161108054052,SA5,900996,LILIAN,RASHIDI,IDENT
20161108054054,SA4,900993,MARIAM,MSUMALI,IDENT
20161108054059,SA4,900959,REHEMA,LYOWA,IDENT
20161108054110,SA4,900951,MWAJUMA,AIDAN,IDENT
20161108054110,SA6,900395,AMOS,MIMBI,IDENT
20161108054114,SA2,900957,HADIJA,MKOTA,IDENT
20161108054122,SA5,901034,STAMILI,MUSSA,IDENT
20161108054135,SA4,900972,SAFINA,ABEID,IDENT
20161108054140,SA4,900974,ZAWADI,SADIKI,IDENT
20161108054146,SA4,901230,KUDRA,BAKARI,IDENT
20161108054149,SA6,900056,YESAYA,NTUNDUU,IDENT
20161108054151,SA4,901246,VERONICA,MTENGWA,IDENT
20161108054157,SA4,901173,BAHATI,MAKAMBA,IDENT
20161108054204,SA4,901271,RACHEL,MCHOVU,IDENT
20161108054208,SA6,900127,DUNCAN,MHANDO,IDENT
20161108054209,SA5,901076,AGNESS,NGAPONDA,IDENT
20161108054215,SA5,900927,SAADA,SALUM,IDENT
20161108054225,SA4,901235,TUMAIN,MUNGURE,IDENT
20161108054231,SA4,901190,NEEMA,MNYALAPE,IDENT
20161108054236,SA4,901092,ASIA,JUMA,IDENT
20161108054238,SA2,901175,SALMA,RAMADHAN,IDENT
20161108054240,SA5,901189,KURUTHUM,KHAMISI,IDENT
20161108054244,SA2,901164,SWAUMU,KAYANDA,IDENT
20161108054249,SA2,900961,ELIZABETH,FRANCISCO,IDENT
20161108054255,SA2,900883,EDINA,ABED,IDENT
20161108054226,SA1,900781,GERALD,JOHN,IDENT
20161108054253,SA4,900881,ZAINABU,SAIDI,IDENT
20161108054258,SA4,901129,FELISTA,NYAHENGE,IDENT
20161108054307,SA4,901218,JANE,RYOBA,IDENT
20161108054325,SA1,900232,MATIKO ,MICHAEL,IDENT
20161108054327,SA4,901130,NURU,DAUDI,IDENT
20161108054328,SA5,901414,EMMANUEL,BANDIKO,IDENT
20161108054336,SA5,900963,MWAZANI,SAIDI,IDENT
20161108054336,SA6,900556,REGINA,NDALUHEKEYE,IDENT
20161108054337,SA4,901042,FARIDA,NDAUKE,IDENT
20161108054342,SA6,900473,NAOMI,GONDA,IDENT
20161108054342,SA5,901011,JANE,SIMON,IDENT
20161108054345,SA4,901170,BAHATI,SHABANI,IDENT
20161108054351,SA5,901285,THABIT,ALLY,IDENT
20161108054356,SA5,901192,ASMA,KONDO,IDENT
20161108054356,SA4,901059,JAZIRA,RAMADHANI,IDENT
20161108054403,SA2,901085,ELIZABETH,NYAMBO,IDENT
20161108054408,SA4,900985,BAHATI,SARAPIONI,IDENT
20161108054408,SA6,900626,AUGUSTINO,CHITANDA,IDENT
20161108054412,SA4,901022,SILIVIA,SHAYO,IDENT
20161108054413,SA5,900905,AMINA,MUHIDINI,IDENT
20161108054414,SA6,900582,ZABRON,TOSSI,IDENT
20161108054418,SA4,901067,HELENA,SAMWELI,IDENT
20161108054419,SA5,901255,ASHA,BILALI,IDENT
20161108054421,SA2,901096,SAMWELI,MANGARE,IDENT
20161108054429,SA4,901143,LINES,PILLI,IDENT
20161108054439,SA4,901112,BUSHRA,SALUM,IDENT
20161108054444,SA4,901140,ASHURA,MGENI,IDENT
20161108054449,SA4,901194,ELINA,ABEL,IDENT
20161108054459,SA2,901258,ATHUMAN,KILINDU,IDENT
20161108054507,SA2,901041,JACKLINI,MBOYA,IDENT
20161108054509,SA4,901187,MONICA,SHEMBONI,IDENT
20161108054526,SA4,900899,MAGDALENA,SIMAO,IDENT
20161108054528,SA2,900885,AMINA,MZARA,IDENT
20161108054532,SA4,901046,GRADIS,MAGANA,IDENT
20161108054543,SA4,900865,CHRISTINA,MAGOWELA,IDENT
20161108054549,SA4,901234,ANITHA,AHALIELI,IDENT
20161108054554,SA4,901136,HONORATA,SHAYO,IDENT
20161108054559,SA4,901184,GRACE,NGALABA,IDENT
20161108054603,SA4,901088,JANETH,MUONDO,IDENT
20161108054605,SA5,901355,HALIMA,SANANE,IDENT
20161108054609,SA2,901038,AMINA,MDOE,IDENT
20161108054610,SA4,901274,AMINA,KAHABUKA,IDENT
20161108054610,SA5,901368,NAOMI,YUSUPH,IDENT
20161108054614,SA4,901114,FARIDA,AMBLOS,IDENT
20161108054618,SA2,900978,ELIZABETH,ZAE,IDENT
20161108054623,SA2,901060,MARTHA,GABRIEL,IDENT
20161108054624,SA1,900249,AMIRI,MZEE,IDENT
20161108054625,SA4,901241,FATUMA,JUMA,IDENT
20161108054629,SA4,900846,SARA,CHIDUNI,IDENT
20161108054630,SA2,901065,ZAINABU,KARUMUNA,IDENT
20161108054635,SA4,900910,ZAINABU,SADALLAH,IDENT
20161108054647,SA2,900982,MWANAKOMBO,KHALID,IDENT
20161108054651,SA5,901319,CHRISTINA,TATI,IDENT
20161108054652,SA4,900967,FATUMA,MTAMBUA,IDENT
20161108054653,SA2,900921,MWAJUMA,IDDI,IDENT
20161108054656,SA4,901212,JASMINI,MOHAMED,IDENT
20161108054700,SA2,901176,FATUMA,MASOUD,IDENT
20161108054701,SA4,901052,SUZANA,NAPANGA,IDENT
20161108054705,SA2,901051,HABIBA,PAZZI,IDENT
20161108054717,SA6,900478,RAPHAEL,SENKONDO,IDENT
20161108054726,SA4,901253,JOYCE,KESI,IDENT
20161108054729,SA5,901313,FATUMA,KAUNDA,IDENT
20161108054734,SA1,900789,KAMPBONA,PASCAL,IDENT
20161108054739,SA2,900919,ANNA,MPUGE,IDENT
20161108054743,SA5,901362,JULIETH,GODFREY,IDENT
20161108054745,SA2,901032,MARISELINA,NGULI,IDENT
20161108054752,SA4,900968,TAUSI,SIMBA,IDENT
20161108054753,SA5,901375,PILLI,CHOLOGONDO,IDENT
20161108054757,SA4,900901,NEEMA,NYAKOKI,IDENT
20161108054800,SA6,900447,JOSEPH,LUSANA,IDENT
20161108054801,SA5,901340,FELIX,MAKANYA,IDENT
20161108054802,SA3,901097,EMANUEL,MSOKWA,IDENT
20161108054805,SA5,901423,CONSOLATHA,JOSEPH,IDENT
20161108054806,SA4,900939,STELLA,MAGOGWA,IDENT
20161108054810,SA2,901049,REDEMTA,DANIEL,IDENT
20161108054812,SA5,901301,TUKAE,MUSA,IDENT
20161108054812,SA4,900981,FIDES,MONGI,IDENT
20161108054815,SA5,901400,DANIEL,MAKAYA,IDENT
20161108054817,SA6,900586,MOHAMED,SOLOKA,IDENT
20161108054821,SA4,901117,HIDAYA,MASOUD,IDENT
20161108054823,SA1,900721,GISELA,SHAYO,IDENT
20161108054827,SA4,901048,HALIMA,IDDI,IDENT
20161108054830,SA1,900244,YOHA,MSANGI,IDENT
20161108054834,SA4,900953,JANE,LUSENDELA,IDENT
20161108054840,SA1,900731,HUSSAIN,HAMADI,IDENT
20161108054842,SA4,900988,UPENDO,PETER,IDENT
20161108054922,SA2,901198,MANEO,ATHUMANI,IDENT
20161108054923,SA4,900950,ASHURA,ATHUMAN,IDENT
20161108054929,SA1,900799,RAJABU,RUBASHA,IDENT
20161108054933,SA1,900801,DAVID ,MWANJA,IDENT
20161108054938,SA1,900808,HEONANI,BAJANA,IDENT
20161108054941,SA1,900578,MTARI,MAGINGA,IDENT
20161108054956,SA5,901288,EPIPHANIA,LUKWI,IDENT
20161108055002,SA4,900891,HINESS,KAAYA,IDENT
20161108055029,SA5,901078,NASMA,LINOGA,IDENT
20161108055030,SA4,900992,AGNES,MEJA,IDENT
20161108055038,SA6,E032,SANKARAN,JAYARAM,IDENT
20161108055102,SA4,901075,AGATHA,JAMALI,IDENT
20161108055107,SA4,900890,OLIVER,UDOBA,IDENT
20161108055114,SA4,901017,CATHERINE,NYEMA,IDENT
20161108055119,SA5,901345,ALHAJI,KIHIYO,IDENT
20161108055149,SA4,901123,REBECA,KALOFU,IDENT
20161108055201,SA4,901251,GATI,NYANTUMAN,IDENT
20161108055330,SA6,900037,MOHAMED,MKALA,IDENT
20161108055000,SA1,900228,KAGERA,MSAMBUSI,IDENT
20161108055011,SA1,900743,JUMA,ISEMA,IDENT
20161108055014,SA1,900773,FELIX,CHRISTOPHER,IDENT
20161108055048,SA1,900749,EZEKIEL,SOLO,IDENT
20161108055051,SA1,900742,PROSPER,POLITHO,IDENT
20161108055104,SA1,900214,BRUNO,FREDRICK,IDENT
20161108055139,SA1,900752,SIMON,MAPUNDA,IDENT
20161108055210,SA1,900790,ISIHAKA,IDDI,IDENT
20161108055216,SA1,900758,MOHAMEDY,ATHUMANI,IDENT
20161108055225,SA1,900820,SALUM,KAISI,IDENT
20161108055259,SA4,901029,MARIAM,MWETEMBO,IDENT
20161108055300,SA2,900990,JANE,MHONGOLE,IDENT
20161108055320,SA1,900738,MOHAMED,NGODA,IDENT
20161108055332,SA5,901282,ADAM,MUSSA,IDENT
20161108055338,SA5,901572,WAISAHA,PATRICK,IDENT
20161108055343,SA1,900766,JUDITH,GEOFREY,IDENT
20161108055346,SA4,900970,MARIA,ELIESEL,IDENT
20161108055349,SA6,900658,MWASITI,LABOA,IDENT
20161108055353,SA1,900730,UHURU,MARWA,IDENT
20161108055358,SA1,900826,VITALIS,HOTTI,IDENT
20161108055401,SA1,900466,MATHEW,PHILIP,IDENT
20161108055401,SA5,901421,ALFRED,MUGHWAI,IDENT
20161108055403,SA4,900897,SWAUMU,SAIDI,IDENT
20161108055406,SA1,900216,ELLY,MKONGWE,IDENT
20161108055407,SA3,901062,RASHID,MDOE,IDENT
20161108055409,SA4,901044,SUZANA,KIMARO,IDENT
20161108055415,SA5,901237,ZUBEDA,KIMARO,IDENT
20161108055420,SA1,900209,ANGELA,MBESIGWE,IDENT
20161108055423,SA5,901217,VIVIAN,MWANGATA,IDENT
20161108055426,SA5,901416,YONA,MUSA,IDENT
20161108055439,SA5,901390,SHABANI,HUSEN,IDENT
20161108055440,SA2,900898,RUKIA,MATAUKA,IDENT
20161108055444,SA5,901292,SARA,YOEL,IDENT
20161108055449,SA5,900849,IRENE,MMARI,IDENT
20161108055454,SA5,901284,MOHAMED,IDDI,IDENT
20161108055458,SA5,901211,ANNA,KIMARO,IDENT
20161108055509,SA1,900722,ELIZABETH,MATHIUS,IDENT
20161108055514,SA1,900751,TUSKAR,HALFANI,IDENT
20161108055516,SA1,900222,HENRY,NGOWI,IDENT
20161108055521,SA1,900750,JACOB,KAWALE,IDENT
20161108055523,SA5,901409,MAGRETH,NGOSI,IDENT
20161108055526,SA1,900154,MWAJUMA,MSAKUZI,IDENT
20161108055529,SA1,900815,METHOD,DEDA,IDENT
20161108055531,SA2,900948,VERONICA,MFILINGE,IDENT
20161108055537,SA2,900867,AISHA,KIUMBA,IDENT
20161108055537,SA1,900437,HUSSEIN,MBONDE,IDENT
20161108055543,SA1,900415,EMMANUEL,JONAS,IDENT
20161108055547,SA1,900821,SAWA,SWAHA,IDENT
20161108055552,SA1,900809,JAMES,MWENDA,IDENT
20161108055605,SA1,900778,MARIAM,MICHAEL,IDENT
20161108055609,SA2,901201,DEOGRATIUS,KESSY,IDENT
20161108055609,SA5,900862,EDINA,MWAKYOMA,IDENT
20161108055611,SA1,900779,MUSTAFA,HAMISI,IDENT
20161108055614,SA2,901202,VITALIS,KESSI,IDENT
20161108055614,SA5,901122,NEEMA,FANUEL,IDENT
20161108055615,SA1,900746,GEDION,BUTENGE,IDENT
20161108055616,SA2,901203,STANLEY,KIGUNGA,IDENT
20161108055618,SA1,900739,EMENUEL,KYEJO,IDENT
20161108055624,SA1,900763,SALEHE,NJAGE,IDENT
20161108055630,SA1,900490,TWAHA,MGUHI,IDENT
20161108055638,SA5,901294,RATIFA,KAPINGA,IDENT
20161108055646,SA6,901149,EPIFANI, MBOKO,IDENT
20161108055656,SA2,901045,ASHURA,KATULA,IDENT
20161108055716,SA5,900855,SINAHIA,OMARI,IDENT
20161108055718,SA2,901025,ASHURA,HAMISI,IDENT
20161108055726,SA5,901394,TERESIA,MHAMBO,IDENT
20161108055727,SA2,900930,TABIA,DOGOLI,IDENT
20161108055729,SA1,900825,TITO,MWAMBE,IDENT
20161108055731,SA2,900934,MWAJABU,MARIDADI,IDENT
20161108055737,SA4,901107,MUHIDINI,HASSAN,IDENT
20161108055739,SA5,901039,JULIANA,SUKU,IDENT
20161108055744,SA5,900916,SABINA,KINGIMALI,IDENT
20161108055747,SA1,900218,GEDDY,SONENGA,IDENT
20161108055811,SA5,901370,MARIAM,MJELELE,IDENT
20161108055816,SA5,900860,AGNESS,LUHUNGO,IDENT
20161108055820,SA5,901277,NEEMA,UISO,IDENT
20161108055825,SA5,900914,HAWA,MWIMBE,IDENT
20161108055836,SA1,900823,TADEO,MAPEMA,IDENT
20161108055850,SA5,901336,ISMAIL,MHINA,IDENT
20161108055854,SA4,901156,SAID,HAMISI,IDENT
20161108055855,SA2,900987,PILLY,MWAWILA,IDENT
20161108055855,SA5,901381,DOROSTA,CLEMANCE,IDENT
20161108055913,SA2,901196,BONIPHACE,NGESI,IDENT
20161108055919,SA1,900217,FRED,JAMES,IDENT
20161108055932,SA1,900725,SAMSONI,KINGU,IDENT
20161108055938,SA1,900768,FILAN,FATAEL,IDENT
20161108055940,SA4,100956,HADIJA,SALUM,IDENT
20161108060009,SA5,901317,ASHA,HAMISI,IDENT
20161108060014,SA4,901272,NDEKESIO,SIKAWA,IDENT
20161108060015,SA5,901377,HUSSEIN,MANYEMBA,IDENT
20161108060020,SA5,901094,MARTINA,FISSO,IDENT
20161108060030,SA5,901183,YASINTA,MKIWA,IDENT
20161108060037,SA5,901399,DIANA,NDONGO,IDENT
20161108060037,SA6,900489,TUMAINI,MNZAVA,IDENT
20161108060045,SA2,901024,ASIA,KARATA,IDENT
20161108060045,SA5,901356,ZAMDA,NGWABAYA,IDENT
20161108060050,SA5,901287,REGINA,JEMES,IDENT
20161108060056,SA5,901162,MWANAHARUSI,MOHAMED,IDENT
20161108060101,SA5,901364,SALAFINA,KISAPI,IDENT
20161108060107,SA5,901316,ZUHURA,HAMIS,IDENT
20161108060113,SA5,901374,NASRA,HAMADI,IDENT
20161108060117,SA6,900139,IDD,YUSUFU,IDENT
20161108060121,SA5,901425,HIDAYA,KASSIM,IDENT
20161108060130,SA5,901312,VUMILIA,NDEGE,IDENT
20161108060140,SA5,901324,MARIAM,YAHAYA,IDENT
20161108060147,SA5,901302,ASHA,SHOMARI,IDENT
20161108060152,SA5,901366,LYDIA,MAKENE,IDENT
20161108060153,SA6,900040,MWAJUMA,KATONA,IDENT
20161108060157,SA5,901371,YASINTA,LEKERI,IDENT
20161108060159,SA6,900010,BITSON,MWASILE,IDENT
20161108060202,SA5,901305,DIANA,KIBASA,IDENT
20161108060210,SA5,901330,SAVELINA ,KASHASHA,IDENT
20161108060215,SA5,901427,JESCA,NGUMBU,IDENT
20161108060220,SA5,901209,MIRIAM,MNDEWA,IDENT
20161108060222,SA6,900054,THOMAS,MGABO,IDENT
20161108060226,SA5,901300,ANNA,TEMBA,IDENT
20161108060227,SA6,900015,EMMANUEL ,CLEMENT,IDENT
20161108060236,SA5,901393,HADIJA,JUMA,IDENT
20161108060244,SA5,901389,OMARY,JUMA,IDENT
20161108055950,SA1,900737,EXPEDTO,MKONGWE,IDENT
20161108055955,SA1,900816,MICHAEL,HUSEIN,IDENT
20161108060130,SA1,101945,JAMES,VALENTINE,IDENT
20161108060135,SA1,900724,HASANI,MRISHO,IDENT
20161108060155,SA1,900211,BARAKA,MAKI,IDENT
20161108060250,SA5,901405,ABDANI,SHILLA,IDENT
20161108060252,SA4,901243,PLAKSEDA,AKIZAMUNGU,IDENT
20161108060259,SA1,900777,MNADI,MRAJAA,IDENT
20161108060259,SA5,901286,AGNES,LUCAS,IDENT
20161108060301,SA2,901167,KELVIN,NGOZI,IDENT
20161108060306,SA5,901376,ZAINABU ,SALUM,IDENT
20161108060306,SA1,900735,ZAINABU,MOHAMEDI,IDENT
20161108060319,SA5,901349,HABIBU,BAKARI,IDENT
20161108060323,SA1,900728,JAMAL,MRISHO,IDENT
20161108060324,SA5,901395,HASHIM,HAIZA,IDENT
20161108060327,SA1,900811,JUMA,HUMBE,IDENT
20161108060330,SA5,901388,OSWALD,SHILLA,IDENT
20161108060334,SA1,900824,TITO,MGOVANO,IDENT
20161108060334,SA6,900422,FURAHA,MWAKIFWAMB,IDENT
20161108060335,SA5,901406,PASCAL,STANLEY,IDENT
20161108060344,SA5,901293,JOHARI,MAHARIA,IDENT
20161108060351,SA5,901384,JOSHUA,KITUNDU,IDENT
20161108060354,SA6,900138,HUSSEIN,SHABANI,IDENT
20161108060357,SA5,901295,ELLASIA,WILLIUM,IDENT
20161108060358,SA1,900760,OMARY,MHAGAMA,IDENT
20161108060406,SA5,901341,JESSE,JEREMIA,IDENT
20161108060415,SA5,901385,ABDALLA,MGAYA,IDENT
20161108060415,SA1,900818,PASCAL,MIKONDO,IDENT
20161108060419,SA1,900403,BEDA,YUDA,IDENT
20161108060423,SA1,900802,EMANUEL,SILAYO,IDENT
20161108060425,SA5,901350,ALFRED,CHARLES,IDENT
20161108060427,SA1,900411,DEO,JULIUS,IDENT
20161108060428,SA4,901270,NAOMI,OBONG,IDENT
20161108060431,SA5,901392,STELLA,MTALLO,IDENT
20161108060439,SA1,900797,ASHAM,MUSA,IDENT
20161108060449,SA6,900048,SHELLA,MFAUME,IDENT
20161108060453,SA6,900048,SHELLA,MFAUME,IDENT
20161108060458,SA6,900428,GLADIS,MAZENGO,IDENT
20161108060506,SA1,900463,MARTENUS,MAPESA,IDENT
20161108060506,SA5,901418,ISAYA ,SAWASAWA,IDENT
20161108060510,SA5,901331,DIANA,KABYEMELA,IDENT
20161108060511,SA6,900115,AKIDA,DUGANGE,IDENT
20161108060604,SA1,900477,RAMADHANI,LUBASHA,IDENT
20161108060611,SA1,900803,EMMANUEL,YOUZE,IDENT
20161108060613,SA6,900580,BARAKA,MAGAFU,IDENT
20161108060639,SA5,901327,EMERY,MSUNGU,IDENT
20161108060640,SA6,900404,BRYANT,NYENYEMBE,IDENT
20161108060644,SA5,901408,SAIDI,MAKALA,IDENT
20161108060701,SA5,901404,AWAZI,SALIM,IDENT
20161108060713,SA1,900761,CHRISTOPHER,MFUNGO,IDENT
20161108060718,SA1,900733,ALHAJI,IDD,IDENT
20161108060733,SA1,900450,JUMA,RAMADHANI,IDENT
20161108060753,SA6,900568,GODWIN,KIRIA,IDENT
20161108060821,SA6,900476,RAMADHANI,IDD,IDENT
20161108060839,SA1,900794,ADAM,SALTIELY,IDENT
20161108060840,SA6,900443,JABIRI,RAMADHANI,IDENT
20161108060900,SA1,900571,FRANK,MALIMA,IDENT
20161108060905,SA1,900716,JUMA,JUMANNE,IDENT
20161108060912,SA1,900720,FRANCIS,RAFAEL,IDENT
20161108060917,SA1,900771,DATIUS,MARTINE,IDENT
20161108060920,SA1,900767,GLADNESS,KAIRUKI,IDENT
20161108060935,SA6,900487,STEPHEN,KAMBWEMBWE,IDENT
20161108061107,SA6,900396,ANDREW,MSANGI,IDENT
20161108061151,SA6,900417,FABIAN,FABIAN,IDENT
20161108060953,SA1,900744,SILVESTER,KAHINDI,IDENT
20161108061043,SA1,900455,KHALFAN,OMARI,IDENT
20161108061130,SA1,900776,ZUBERI,MOHAMED,IDENT
20161108061237,SA1,900736,KANUNU,THABIT,IDENT
20161108061242,SA1,900569,JAMES,MWANDU,IDENT
20161108061300,SA1,900207,ADELE,NJOCHOLA,IDENT
20161108061305,SA1,900769,JAMES,MACKLINE,IDENT
20161108061311,SA1,900290,RASHIDI,GEUZA,IDENT
20161108061355,SA1,900783,DAMIAN,ALONE,IDENT
20161108061510,SA1,900807,GODRICH,MCHOMVU,IDENT
20161108061524,SA1,900795,ALLY,LIKIWA,IDENT
20161108061648,SA1,900723,SAIDI,JUMANE,IDENT
20161108061700,SA1,900822,MENRUFU,PILLY,IDENT
20161108061804,SA5,901571,ENOCK,ELIA,IDENT
20161108061907,SA1,900243,YOHANA,ALLY,IDENT
20161108061934,SA1,900757,JOSEPH,HEMA,IDENT
20161108061942,SA1,900745,YUSUPH,NGAPAWA,IDENT
20161108062024,SA2,901009,MOSHI,SAIDI,IDENT
20161108062053,SA6,900002,ABDALLAH,MWEYO,IDENT
20161108061958,SA1,900456,KHALIFA,BASHILI,IDENT
20161108062011,SA1,900031,LUCAS,MABUYE,IDENT
20161108062258,SA1,900459,KULWA,MLYASANZA,IDENT
20161108062621,SA6,900611,EVARIST,MPINGAURUGU,IDENT
20161108062800,SA1,900793,ABDUL,MAINGO,IDENT
20161108063218,SA6,900153,MUSSA,KIGUNGAS,IDENT
20161108063045,SA1,900756,HUSSEIN,KANDORO,IDENT
20161108063101,SA1,900240,SOSTHENES,MANYAMA,IDENT
20161108063106,SA1,900756,HUSSEIN,KANDORO,IDENT
20161108063136,SA1,900765,REBECA,GIDEON,IDENT
20161108063258,SA1,900213,BEDASTUS,PIUS,IDENT
20161108063757,SA6,101110,ESTER,THEOFIL,IDENT
20161108063858,SA6,900171,ROBERT,MFUNI,IDENT
20161108064152,SA6,900406,CHAUREMBO,MWINYI,IDENT
20161108064031,SA1,900421,FRANK ,MUSHI,IDENT
20161108064313,SA1,900804,FROLAH,MPONDO,IDENT
20161108065134,SA6,900494,YOHANA,LUSANA,IDENT
20161108065732,SA6,900389,AHMAD,KINDUMA,IDENT
20161108065757,SA6,900151,LISSY,KIGONJOLA,IDENT
20161108065807,SA1,900231,MARKO,SHIMIZI,IDENT
20161108065856,SA1,900233,MUSSSA,ABDALLAH,IDENT
20161108065859,SA1,900220,HAMISI,NJOCHOLA,IDENT
20161108065909,SA1,900429,GOODLUCK,LYAHONA,IDENT
20161108070051,SA6,901431,AMBALI,SOUD,IDENT
20161108070122,SA6,900175,TEDDY,SIMON,IDENT
20161108070935,SA6,900051,SUDI,KHALFANI,IDENT
20161108071444,SA6,901434,JOSEPHINA,HAU,IDENT
20161108071854,SA6,900029,JUMANNE,MBONDE,IDENT
20161108072002,SA6,900291,RASHIDI,MUSSSA,IDENT
20161108072036,SA6,900385,ABDALLAH,MOHAMED,IDENT
20161108072338,SA6,900130,FATUMA,CHOMBO,IDENT
20161108072344,SA6,900132,FRIDA,KIGWA,IDENT
20161108072359,SA6,900472,MWALIMU,SELEMANI,IDENT
20161108072408,SA6,900039,MWAJABU,ALLY,IDENT
20161108072502,SA6,900432,HAMZA,ABDALLAH,IDENT
20161108072703,SA6,900041,NELSON,MTEMI,IDENT
20161108072718,SA5,901351,BARNABA,EDWARD,IDENT
20161108072736,SA6,900257,ENGLIBERTH,DAUDI,IDENT
20161108072741,SA6,900133,GEORGE,GIDION,IDENT
20161108072933,SA6,900560,DEOGRASIAS,STEPHIN,IDENT
20161108072951,SA5,901329,ELIWA ,SHAO,IDENT
20161108073118,SA6,900397,ANNA,MOSHI,IDENT
20161108073324,SA6,900100,AROBOGAST,MOGELLA,IDENT
20161108073255,SA1,900210,ASHA,HUSSEIN,IDENT
20161108073556,SA6,101880,RICHARD,MAKASI,IDENT
20161108073619,SA6,900143,JACKLINE,MAIGA,IDENT
20161108073621,SA6,900143,JACKLINE,MAIGA,IDENT
20161108073704,SA6,901440,UMMY,KWANGALA,IDENT
20161108073710,SA6,900017,FIKA,JOMSON,IDENT
20161108074125,SA6,E083,GURURAJ,SHENVI,IDENT
20161108074130,SA4,901069,ELIZABETH,MRAMU,IDENT
20161108074144,SA5,901332,NASRA,MSANYA,IDENT
20161108074213,SA5,901333,NEEMA,KILUZIA,IDENT
20161108074217,SA6,901265,FRANK ,RUZIGA,IDENT
20161108074309,SA6,E008,ATUL,PATHAK,IDENT
20161108074323,SA6,900430,GWAKISA,MWAKASAGURE,IDENT
20161108074039,SA1,900719,STEPHAN,SIMON,IDENT
20161108074055,SA1,101118,MANENO,RAMADHANI,IDENT
20161108074100,SA1,900687,PROTUS,RUWANDA,IDENT
20161108074106,SA1,900237,SHOMARI,SELEMANI,IDENT
20161108074206,SA1,900709,MRISHO,ATHUMANI,IDENT
20161108074307,SA4,900844,AISHA,MSOMI,IDENT
20161108074323,SA5,901359,VILET,MHELUKA,IDENT
20161108074349,SA6,900268,GWANTWA,MWASYEBULE,IDENT
20161108074357,SA1,101141,FRANK,RAPAHAEL,IDENT
20161108074359,SA6,900460,LAMECK,ASSETO,IDENT
20161108074419,SA5,901339,JAMES,MKONO,IDENT
20161108074424,SA6,900016,FATUMA,HAMISI,IDENT
20161108074433,SA6,900271,HUSNA,SAID,IDENT
20161108074438,SA6,900464,MARTHA,MWIKOLA,IDENT
20161108074608,SA4,900944,FROLA,KAMARA,IDENT
20161108074621,SA3,900938,ISMAIL,THOMAS,IDENT
20161108074622,SA1,900236,PENDO,MAGIGE,IDENT
20161108074626,SA6,900142,IRENE,MREMA,IDENT
20161108074631,SA6,900388,AGNES,SHAYO,IDENT
20161108074646,SA6,900262,FRIDA, MWAMBEGELE,IDENT
20161108074654,SA6,901435,FILES,MBANDO,IDENT
20161108074709,SA6,900458,KIBWANA,SAIDI,IDENT
20161108074713,SA4,900870,GOMERY,DAUDI,IDENT
20161108074723,SA1,900098,TATU,MTUPA,IDENT
20161108074731,SA6,900155,MWANAFATIMA,MATIPA,IDENT
20161108074735,SA6,E079,BALASUBRAMANIAM,M,IDENT
20161108074737,SA2,100597,NOVATI,TARIMO,IDENT
20161108074746,SA6,900161,PILLI ,MOHAMED,IDENT
20161108074800,SA6,900448,JOSEPH,MKELEBE,IDENT
20161108074818,SA2,901441,CHRISTOPHER ,MUSHI,IDENT
20161108074825,SA2,900859,MASANGULA,MASANGURA,IDENT
20161108074838,SA2,200312,BARAKA,KATEGILE,IDENT
20161108074841,SA2,901444,BAKARI,KITILA,IDENT
20161108074844,SA2,100603,EDWIN,OWINO,IDENT
20161108074848,SA2,901446,DANIEL,MBARUKA,IDENT
20161108074852,SA1,200053,MIKIDADI,NGODU,IDENT
20161108074852,SA2,901447,MASHAKA,MATEKELE,IDENT
20161108074853,SA5,901382,KONDO,MOHAMED,IDENT
20161108074858,SA2,200316,DENIS,JOHNSON,IDENT
20161108074901,SA2,200349,FRANK,MOSHI,IDENT
20161108074909,SA1,900710,NICHOLAS,KAPANDE,IDENT
20161108074912,SA6,900173,SHARIFA,MRISHO,IDENT
20161108074914,SA1,900707,ATHUMANI,SALEHE,IDENT
20161108074918,SA6,900292,ROSE,CHIKAWE,IDENT
20161108074919,SA1,900517,THERESIA,NJAU,IDENT
20161108074946,SA6,900174,SOSTHENES,MUKAMA,IDENT
20161108074955,SA2,901449,BONIFAS,ANGANILE,IDENT
20161108075008,SA6,900649,ZUBEDA,MANDIA,IDENT
20161108075011,SA2,200314,DEO,SAKAYA,IDENT
20161108075017,SA4,900869,FRIDA,MKUMBO,IDENT
20161108075026,SA5,901278,HENRY ,CHELULA,IDENT
20161108075057,SA5,901326,ALLY,MBONDE,IDENT
20161108075101,SA6,900703,MUSSA,MTALI,IDENT
20161108075105,SA6,900184,JASPER,NGURUBE,IDENT
20161108075124,SA6,900407,CHRISTIAN ,NGONYANI,IDENT
20161108075139,SA6,900435,HASSAN,NKHAMBI,IDENT
20161108075207,SA5,901334,SHAIBU,KASANGA,IDENT
20161108075212,SA5,901422,EMMANUEL,KHALIDI,IDENT
20161108075219,SA4,901227,MWAMVITA,MWAIPOPO,IDENT
20161108075234,SA2,901448,PAULINA,DAVID,IDENT
20161108075303,SA6,900402,BARAKA,MVUNGI,IDENT
20161108075307,SA6,900439,IDDI,MOHAMED,IDENT
20161108075319,SA6,900446,JOSEPH,KIBASA,IDENT
20161108075332,SA6,900416,ERICK,DAUD,IDENT
20161108075010,SA1,900714,STIVINI,STIVINI,IDENT
20161108075036,SA1,900499,HASSAN,HAULE,IDENT
20161108075110,SA1,900547,COLMAN,KIWALE,IDENT
20161108075120,SA1,900441,ISSA,KAISI,IDENT
20161108075152,SA1,900515,SHOMARI,KIMBWEMBWE,IDENT
20161108075229,SA1,900457,KHAMISI,MASUMBUKO,IDENT
20161108075307,SA1,101589,AMIRI,YAHAYA,IDENT
20161108075315,SA1,901575,LINDA,MLAY,IDENT
20161108075331,SA3,901068,CATHERINE,MATENGO,IDENT
20161108075347,SA6,900468,MICHAEL,IBRAHIM,IDENT
20161108075352,SA1,101140,FAUSTINI,MGIMBA,IDENT
20161108075353,SA6,900165,RAMADHANI,NYENJE,IDENT
20161108075404,SA1,901700,JOSEPH,KUANDIKA,IDENT
20161108075416,SA6,900682,BENEDICT,ELIAS,IDENT
20161108075430,SA2,901453,JOHNSON,MUNISI,IDENT
20161108075440,SA6,900485,SHUFAA,ABEID,IDENT
20161108075454,SA5,901335,YONA,MAPELELE,IDENT
20161108075528,SA6,900470,MODEST,NJAU,IDENT
20161108075530,SA2,901273,HELLEN,KIZWALO,IDENT
20161108075531,SA5,901378,HOYCE,TILLYA,IDENT
20161108075534,SA6,900057,ZAITUNI,ABDALLAH,IDENT
20161108075540,SA6,900431,HAMADI,ZUBERI,IDENT
20161108075540,SA4,901239,SAKINA,KIZEE,IDENT
20161108075546,SA1,101115,ATHUUMANI,HEMEDI,IDENT
20161108075553,SA2,901452,STEVEN,CHUWA,IDENT
20161108075554,SA1,101134,HASSAN,KAPANYA,IDENT
20161108075600,SA1,101114,ABUBAKARI,KHALIDI,IDENT
20161108075605,SA1,101123,KHAMISI ,PEMBE,IDENT
20161108075606,SA2,900940,JUMANNE,ZONGO,IDENT
20161108075609,SA1,900711,ATHUMAN,IDDI,IDENT
20161108075616,SA1,101128,ISSA,RAMADHANI,IDENT
20161108075628,SA1,900502,IMAM,AJABU,IDENT
20161108075639,SA6,900398,ARSEN, RWEBANGILA	,IDENT
20161108075705,SA2,200311,DAVID,BWILE,IDENT
20161108075708,SA6,900107,MSELEM,MSELEM,IDENT
20161108075715,SA6,900004,AGATHA,KAYOMBO,IDENT
20161108075720,SA6,900436,HONEST,MATEMU,IDENT
20161108075723,SA6,900122,CATHERINE,KUMBATA,IDENT
20161108075726,SA6,901573,DAUDI,NYASHIMO,IDENT
20161108075731,SA6,900488,THOBIAS,KIWELU,IDENT
20161108075738,SA6,900408,COLLMAN,KISISA,IDENT
20161108075739,SA1,900706,MECKLEEN,NANGEDA,IDENT
20161108075756,SA2,901445,KARIM,MJAKA,IDENT
20161108075803,SA2,901443,MWAJUMA,SHEMBWANA,IDENT
20161108075821,SA1,101124,KHALIDI,KASSIMU,IDENT
20161108075848,SA1,900843,KHALFANI,SHABAN,IDENT
20161108075851,SA6,900126,DORIKA,MALYANGO,IDENT
20161108075854,SA1,900712,JUMA,JUMBE,IDENT
20161108075900,SA6,900452,KENNEDY,KIMARO,IDENT
20161108075901,SA1,900513,SALEHE,BAKARI,IDENT
20161108075911,SA6,900454,KHALFAN,AMOUR,IDENT
20161108075914,SA1,101530,SIMON,YOHANA,IDENT
20161108075919,SA1,101588,ATHUMAN,SALIM,IDENT
20161108075921,SA6,E069,SHANTANU,KULKARNI,IDENT
20161108075926,SA1,900224,JABIRI,AMANZI,IDENT
20161108075931,SA1,101531,RASHIDI,BAKARI,IDENT
20161108075937,SA6,900591,RASHID ,MUNKENDA,IDENT
20161108075942,SA6,900128,ENELES,MBWAGA,IDENT
20161108075944,SA2,200318,JOSHUA , PAULO,IDENT
20161108075946,SA6,900418			,FELIX,WAUSA,IDENT
20161108075949,SA2,901451,JUSTINE,MKUDE,IDENT
20161108075950,SA6,900414,EMMANUEL ,SERAPHINE,IDENT
20161108075955,SA2,901450,FARIDA,JUMA,IDENT
20161108080007,SA6,900156,MWANAISHA,UWESU,IDENT
20161108080023,SA6,900566,ERICK,NDUNGURU,IDENT
20161108080027,SA2,200309,RAMADHANI,KIHILE,IDENT
20161108080035,SA6,900007,ANNA,DUA,IDENT
20161108080052,SA6,900465,MARTIN,KIDUNGU,IDENT
20161108080105,SA6,900393,ALLY,MTWALE,IDENT
20161108080108,SA6,900400,BAHATI,LUBUVA,IDENT
20161108080136,SA6,E060,ANOOP,TIWARI,IDENT
20161108080137,SA2,200351,MICHAEL,MICHAEL,IDENT
20161108080144,SA6,900445,JOHN,MASUNGWA,IDENT
20161108080205,SA6,900103,FREDNAND,JACKSON,IDENT
20161108080210,SA6,900247,ALLY,SELEMANI,IDENT
20161108080217,SA6,900581,SAADA,MUHINTE,IDENT
20161108080230,SA6,900387,ADAM,KINGU,IDENT
20161108080213,SA1,900507,KANTI,KADIRI,IDENT
20161108080217,SA1,900715,ELIASI,KIZITO,IDENT
20161108080301,SA5,901396,EDWIN,KIPUYO,IDENT
20161108080325,SA2,901442,JARINA,SHEKOLA,IDENT
20161108080326,SA5,901325,JOSEPH,KAVISHE,IDENT
20161108080327,SA2,901442,JARINA,SHEKOLA,IDENT
20161108080334,SA1,900241,STANLEY,KASIAN,IDENT
20161108080427,SA6,900481,RICHARD,KWEYAMBA,IDENT
20161108080444,SA1,900503,JANE,RWEHUMBIZA,IDENT
20161108080446,SA4,900941,KULWA,MSUMA,IDENT
20161108080456,SA1,900780,THEO,MAPUNDA,IDENT
20161108080507,SA1,EPML001,RAM,ASWALE,IDENT
20161108080518,SA6,900467,MBARUKU,OSWAD,IDENT
20161108080524,SA6,900114,ABEID,MOHAMED,IDENT
20161108080537,SA1,900157,MZEE,KONDOWE,IDENT
20161108080545,SA1,900497,EMANUEL,NGIMBUZI,IDENT
20161108080551,SA1,901586,MOHAMED,KIPANGUZI,IDENT
20161108080600,SA6,900137,HERIETH,MWELI,IDENT
20161108080634,SA6,900111,SALUM,SAIDI,IDENT
20161108080721,SA1,900219,GEORGE,SAMATA,IDENT
20161108080730,SA1,900504,JEREMIA,TONNO,IDENT
20161108080742,SA1,900708,OMARY,ABDALLAH,IDENT
20161108080747,SA1,900425,GEORGE,JOSEPH,IDENT
20161108080750,SA1,900506,JOE ,MATANDU,IDENT
20161108080750,SA6,900055,VERONICA,MBAZIGWA,IDENT
20161108080753,SA6,E068,RANJEET SINGH,SAINI,IDENT
20161108081009,SA6,900701,MATHEW,NDANSHAU,IDENT
20161108081112,SA6,E084,NAVNEET, SINGH,IDENT
20161108081118,SA6,901432,AMINA,SOGOI,IDENT
20161108081128,SA6,900043,RANI,MOHAR,IDENT
20161108081314,SA6,E041,JAGAN MOHAN,YERUVA,IDENT
20161108081326,SA6,900405,CHARLES,WILLIAM,IDENT
20161108080953,SA1,900235,PAULO,MGEMA,IDENT
20161108081222,SA1,900713,ANICET,ABEL,IDENT
20161108081410,SA6,900108,NORAH,CLEMENCE,IDENT
20161108081416,SA6,900009,ASHA,HAMISI,IDENT
20161108081438,SA1,900505,JESCA,MATECHI,IDENT
20161108082302,SA6,E013,GIRIRAJ,SHARMA,IDENT
20161108082348,SA6,901436,HAMISI,KAVINGA,IDENT
20161108082558,SA6,900681,ABUBAKARI,MGAZA,IDENT
20161108082732,SA6,901558,CONSOLATA,MDEMU,IDENT
20161108082740,SA6,900413,ELIBAHATI,JOSEPH,IDENT
20161108082847,SA6,900484,SHANI,MOHAMED,IDENT
20161108083001,SA1,900655,ZAINAB,JERECKO,IDENT
20161108083445,SA6,900008,ANNE,MCHUMA,IDENT
20161108083755,SA6,900246,ABDULKARIM,ALI,IDENT
20161108085211,SA6,900109,AMANI,NYAKARASHI,IDENT
20161108090957,SA6,900484,SHANI,MOHAMED,IDENT
