20170408084829,SA6,900452,KENNEDY,KIMARO,IDENT
20170408085113,SA6,901436,HAMISI,ALI,IDENT
20170408085155,SA6,900407,CHRISTIAN ,NGONYANI,IDENT
20170408085200,SA6,900568,GODWIN,KIRIA,IDENT
20170408085736,SA6,900009,ASHA,HAMISI,IDENT
20170408085816,SA6,900100,AROBOGAST,MOGELLA,IDENT
20170408090620,SA6,900044,REGINARD,MSHANGA,IDENT
20170408090756,SA6,900270,HASSAN,KIGWIO,IDENT
20170408093441,SA6,901581,PROSPER,KATABALWA,IDENT
20170408093508,SA6,900016,FATUMA,HAMISI,IDENT
20170408095106,SA5,901296,STELLA,LUGOME,IDENT
20170408100321,SA6,901558,CONSOLATA,MDEMU,IDENT
20170408102836,SA6,900055,VERONICA,MBAZIGWA,IDENT
20170408110007,SA4,900888,AMINA,NGAINA,IDENT
20170408110013,SA4,900975,EDINA,MZUNGU,IDENT
20170408110019,SA4,901120,MERCY,MONGI,IDENT
20170408110024,SA4,901028,REHEMA,KWENGWEGU,IDENT
20170408110029,SA4,901033,TATU,ISSA,IDENT
20170408110035,SA4,901131,ESTA,KWEKA,IDENT
20170408110040,SA4,901057,ANNA,KITOMARY,IDENT
20170408110045,SA4,901222,DEBORA,FILIPATALI,IDENT
20170408110050,SA4,900952,SALAMA,MOHAMAD,IDENT
20170408110054,SA4,901250,JENIPHA,DAMIAN,IDENT
20170408110059,SA4,901001,AMINA,MUYA,IDENT
20170408110208,SA4,901106,MARYNIA,KAYOMBO,IDENT
20170408110432,SA2,900969,JEMA,SALUM,IDENT
20170408110438,SA2,901233,SAMI,MTITIMA,IDENT
20170408110549,SA2,900954,HABIBA,MDOSE,IDENT
20170408110554,SA2,900986,KAUSE,ABDALLAH,IDENT
20170408110730,SA2,900991,CHRISTINA,JAILOS,IDENT
20170408111222,SA4,900929,HALIMA,SEIF,IDENT
20170408111233,SA4,901066,ZULEHA,MOHAMED,IDENT
20170408111248,SA2,901080,SALOME,DUA,IDENT
20170408111311,SA4,901171,ESTHER,MUNGUTI,IDENT
20170408111311,SA2,901081,PILI,MDEDE,IDENT
20170408111316,SA2,901075,AGATHA,JAMALI,IDENT
20170408111330,SA2,901020,VICTORIA,MWALUANDA,IDENT
20170408111343,SA4,900895,CATHERINE,CHIGOGOLO,IDENT
20170408111356,SA4,900966,ZUHURA,KIJIMBO,IDENT
20170408111401,SA4,901074,VERONICA,KIMWAGA,IDENT
20170408111402,SA2,901054,FATUMA,MUHANDO,IDENT
20170408111411,SA2,901072,TATU,ATHUMAN,IDENT
20170408111414,SA4,901153,MAGRETH,ZANUARI,IDENT
20170408111420,SA4,901116,GRACE,KAHANGE,IDENT
20170408111433,SA4,900958,SOPHIA,LIKONGO,IDENT
20170408111442,SA6,900166,RAMADHANI,KIPENGELE,IDENT
20170408111457,SA2,901101,RAJABU,MOHAMMED,IDENT
20170408111503,SA4,901018,AISHA,KIBINDO,IDENT
20170408111603,SA4,901014,LUCY,THOMAS,IDENT
20170408111615,SA4,901252,JENIPHA,CHIZA,IDENT
20170408111640,SA2,901269,AISHA,HALFAN,IDENT
20170408111728,SA2,900965,HERMAN,MAKOKO,IDENT
20170408111753,SA4,901036,AZIZA,MANGETU,IDENT
20170408112113,SA4,901223,HAPPY,MKWEPU,IDENT
20170408112358,SA6,900168,RAZAKI,MTINDA,IDENT
20170408112434,SA4,901263,JAMIRA,SAIDI,IDENT
20170408112611,SA4,901163,SIJALI,MKELE,IDENT
20170408112615,SA4,901206,AISHA,MKUMBA,IDENT
20170408112625,SA4,901063,RACHEL,MZOROZORO,IDENT
20170408112632,SA4,901030,VERONICA,WANGWE,IDENT
20170408112641,SA4,901005,HADIJJA,KIJUU,IDENT
20170408112655,SA4,900911,NEEMA,URASSA,IDENT
20170408112700,SA4,901216,ASHA,RAMADHANI,IDENT
20170408112808,SA4,901118,LILIAN,MREMA,IDENT
20170408112836,SA4,901008,GRESS,KOBA,IDENT
20170408112854,SA4,901268,ANITHA,KWIMBA,IDENT
20170408112903,SA4,901161,NURU,MOHAMED,IDENT
20170408112939,SA4,900999,ROSE,MWAMAKOLA,IDENT
20170408113011,SA4,901002,MARIAM,SABURI,IDENT
20170408113059,SA1,900466,MATHEW,PHILIP,IDENT
20170408113333,SA4,900942,CHRISTINA,MWENDA,IDENT
20170408113458,SA4,901006,RUKIA,ALLY,IDENT
20170408113554,SA4,901093,SHARON,IBRAHIM,IDENT
20170408113607,SA4,900937,UPENDO,MLEWA,IDENT
20170408113728,SA4,900893,JOYCE,MCHOMVU,IDENT
20170408113813,SA4,901197,RASHID,NJERAN,IDENT
20170408115855,SA6,900560,DEOGRASIAS,STEPHIN,IDENT
20170408123505,SA1,900555,MHEZIWA,MALEWA,IDENT
20170408124614,SA6,900051,SUDI,KHALFANI,IDENT
20170408125047,SA1,900001,ABDALLAH,JUMANNE,IDENT
20170408130013,SA6,900133,GEORGE,GIDION,IDENT
20170408130040,SA1,900655,ZAINAB,JERECKO,IDENT
20170408130043,SA4,901194,ELINA,ABEL,IDENT
20170408130048,SA1,900782,JANETH,DADAA,IDENT
20170408130054,SA6,900689,IRENE,MOSHI,IDENT
20170408130057,SA6,901584,PENDO,MNJAGILA,IDENT
20170408130111,SA4,901100,REHEMA,SALEHE,IDENT
20170408130113,SA6,900041,NELSON,MTEMI,IDENT
20170408130145,SA4,901160,SAUDA,MCHECHE,IDENT
20170408130204,SA6,900110,RASHID,ISSA,IDENT
20170408130207,SA6,900114,ABEID,MOHAMED,IDENT
20170408130217,SA4,901069,ELIZABETH,MRAMU,IDENT
20170408130229,SA5,901293,JOHARI,MAHARIA,IDENT
20170408130248,SA4,900956,DIANA,LEMA,IDENT
20170408130349,SA5,901334,SHAIBU,KASANGA,IDENT
20170408130428,SA6,900021,JAFARI,BAINA,IDENT
20170408130535,SA6,900111,SALUM,SAIDI,IDENT
20170408130545,SA1,900045,SAIDI,MNDOLWA,IDENT
20170408130558,SA1,900098,TATU,MTUPA,IDENT
20170408130615,SA1,900157,MZEE,KONDOWE,IDENT
20170408130643,SA4,901138,JOYCE,CHEMRA,IDENT
20170408130718,SA5,901339,JAMES,MKONO,IDENT
20170408130719,SA4,901003,SALAMA,KADALA,IDENT
20170408130755,SA1,900499,HASSAN,HAULE,IDENT
20170408130801,SA4,900863,ANNA,MICHAEL,IDENT
20170408130817,SA6,900108,NORAH,CLEMENCE,IDENT
20170408130824,SA6,900397,ANNA,MOSHI,IDENT
20170408130836,SA6,900682,BENEDICT,ELIAS,IDENT
20170408130842,SA6,900099,AMIN,JUMA,IDENT
20170408130907,SA6,900627,BAHATI,KAPIGA,IDENT
20170408130941,SA6,900008,ANNE,MCHUMA,IDENT
20170408130951,SA6,900388,AGNES,SHAYO,IDENT
20170408131004,SA6,900494,YOHANA,LUSANA,IDENT
20170408131017,SA6,900055,VERONICA,MBAZIGWA,IDENT
20170408131019,SA6,900109,AMANI,NYAKARASHI,IDENT
20170408131021,SA6,901558,CONSOLATA,MDEMU,IDENT
20170408131026,SA6,900257,ENGLIBERTH,DAUDI,IDENT
20170408131036,SA6,900584,LUCY,MACHAI,IDENT
20170408131049,SA6,900132,FRIDA,KIGWA,IDENT
20170408131135,SA6,900445,JOHN,MASUNGWA,IDENT
20170408131141,SA6,900247,ALLY,SELEMANI,IDENT
20170408131221,SA1,900224,JABIRI,AMANZI,IDENT
20170408131324,SA1,900030,JUMANNE,LUMBU,IDENT
20170408131338,SA6,900649,ZUBEDA,MANDIA,IDENT
20170408131423,SA6,900408,COLLMAN,KISISA,IDENT
20170408131423,SA1,900714,STIVINI,STIVINI,IDENT
20170408131427,SA1,900290,RASHIDI,GEUZA,IDENT
20170408131458,SA1,900765,REBECA,GIDEON,IDENT
20170408131627,SA6,900470,MODEST,NJAU,IDENT
20170408131640,SA6,900128,ENELES,MBWAGA,IDENT
20170408131739,SA1,900843,KHALFANI,SHABAN,IDENT
20170408131823,SA6,901585,SADICK,MAPUNDA,IDENT
20170408131849,SA2,900938,ISMAIL,THOMAS,IDENT
20170408131849,SA1,900735,ZAINABU,MOHAMEDI,IDENT
20170408131854,SA1,900780,THEO,MAPUNDA,IDENT
20170408131913,SA1,900768,FILAN,FATAEL,IDENT
20170408132048,SA1,900771,DATIUS,MARTINE,IDENT
20170408132132,SA6,900246,ABDULKARIM,ALI,IDENT
20170408132138,SA6,900681,ABUBAKARI,MGAZA,IDENT
20170408132330,SA6,900036,MOHAMED,MAJUJULO,IDENT
20170408132412,SA6,900468,MICHAEL,IBRAHIM,IDENT
20170408132509,SA6,900280,TADEO,MWINGIZI,IDENT
20170408132748,SA1,900798,ATHUMAN,SEIF,IDENT
20170408132757,SA4,900940,JUMANNE,ZONGO,IDENT
20170408132803,SA6,900413,ELIBAHATI,JOSEPH,IDENT
20170408132813,SA1,900440,IDRISA,KIMARO,IDENT
20170408132832,SA6,900430,GWAKISA,MWAKASAGURE,IDENT
20170408132859,SA6,900581,SAADA,MUHINTE,IDENT
20170408132920,SA6,901265,FRANK ,RUZIGA,IDENT
20170408132929,SA1,900812,LEONARD,NYANGO,IDENT
20170408132933,SA1,900827,YASIN,MUSSA,IDENT
20170408132935,SA6,900100,AROBOGAST,MOGELLA,IDENT
20170408133008,SA6,900404,BRYANT,NYENYEMBE,IDENT
20170408133015,SA6,900444,JOHN,MEDA,IDENT
20170408133034,SA6,900048,SHELLA,MFAUME,IDENT
20170408133112,SA1,901700,JOSEPH,KUANDIKA,IDENT
20170408133125,SA6,900029,JUMANNE,MBONDE,IDENT
20170408133130,SA4,901027,EDDA,MWAKIBINGWA,IDENT
20170408133144,SA5,901390,SHABANI,HUSEN,IDENT
20170408133149,SA5,901095,BEATA,KOMBA,IDENT
20170408133155,SA5,901056,ANGELA,MWAKAPALILA,IDENT
20170408133155,SA6,900416,ERICK,DAUD,IDENT
20170408133207,SA5,901322,SARAH,ALLY,IDENT
20170408133213,SA5,901353,DOREEN,MDOE,IDENT
20170408133225,SA5,901280,WHITNESS,MSAGATI,IDENT
20170408133231,SA5,901071,YUNIS,NDAIGA,IDENT
20170408133236,SA5,900891,HINESS,KAAYA,IDENT
20170408133243,SA5,901368,NAOMI,YUSUPH,IDENT
20170408133244,SA4,901015,JOYCE,CHACHA,IDENT
20170408133247,SA5,901386,SHAMSI,MUHITI,IDENT
20170408133309,SA1,900814,MARTIN,MUHANDO,IDENT
20170408133324,SA1,900804,FROLAH,MPONDO,IDENT
20170408133337,SA4,900961,ELIZABETH,FRANCISCO,IDENT
20170408133337,SA5,901291,AISHA,ISSA,IDENT
20170408133426,SA1,900790,ISIHAKA,IDDI,IDENT
20170408133435,SA4,900996,LILIAN,RASHIDI,IDENT
20170408133445,SA4,900947,ANNA,GODISON,IDENT
20170408133447,SA5,901324,MARIAM,YAHAYA,IDENT
20170408133452,SA5,901298,SWAUMU,MZIRAI,IDENT
20170408133501,SA4,901193,VICTORIA,MWAMPEGETE,IDENT
20170408133507,SA2,901067,HELENA,SAMWELI,IDENT
20170408133508,SA5,901329,ELIWA ,SHAO,IDENT
20170408133510,SA6,900161,PILLI ,MOHAMED,IDENT
20170408133516,SA4,901255,ASHA,BILALI,IDENT
20170408133523,SA4,901187,MONICA,SHEMBONI,IDENT
20170408133526,SA6,900140,IGNATUS,MLANGWA,IDENT
20170408133531,SA4,901124,TABIA,OMARY,IDENT
20170408133534,SA5,901004,ZAHARA,YANGE,IDENT
20170408133535,SA6,900184,JASPER,NGURUBE,IDENT
20170408133540,SA4,901136,HONORATA,SHAYO,IDENT
20170408133549,SA4,900990,JANE,MHONGOLE,IDENT
20170408133553,SA5,901281,JOSEPH,MUSUGULI,IDENT
20170408133553,SA4,900921,MWAJUMA,IDDI,IDENT
20170408133557,SA6,900484,SHANI,MOHAMED,IDENT
20170408133600,SA4,901245,EVERINA,MKETO,IDENT
20170408133604,SA2,901164,SWAUMU,KAYANDA,IDENT
20170408133606,SA4,900913,ASHURA,NGUMBE,IDENT
20170408133607,SA6,900489,TUMAINI,MNZAVA,IDENT
20170408133614,SA4,901180,FURAHA,TEMBA,IDENT
20170408133618,SA4,901174,BETH,NGADADA,IDENT
20170408133619,SA2,901021,NEEMA ,MWANGO,IDENT
20170408133622,SA6,900127,DUNCAN,MHANDO,IDENT
20170408133623,SA4,901248,MAGRETH,MASAWE,IDENT
20170408133628,SA4,901247,KULUTHUM,CHILEMILE,IDENT
20170408133629,SA2,900908,SALMA,RWAMBANO,IDENT
20170408133633,SA4,901105,MTUMWA,ALLY,IDENT
20170408133642,SA6,901569,FREDRICK,MUSHI,IDENT
20170408133645,SA5,901314,JANE,NYAGAWA,IDENT
20170408133647,SA4,901241,FATUMA,JUMA,IDENT
20170408133654,SA5,901012,FATUMA,KABUMA,IDENT
20170408133703,SA4,900974,ZAWADI,SADIKI,IDENT
20170408133707,SA2,901175,SALMA,RAMADHAN,IDENT
20170408133712,SA4,900868,MAIMUNA,JARUFU,IDENT
20170408133717,SA6,900009,ASHA,HAMISI,IDENT
20170408133720,SA4,901152,STELLA,MWAKATOBE,IDENT
20170408133725,SA4,900983,RUKIA,KONDO,IDENT
20170408133731,SA4,900904,ANNA,MAGEMBE,IDENT
20170408133732,SA2,900976,LUCY,STANLEY,IDENT
20170408133736,SA4,901108,AISHA,WILLIUM,IDENT
20170408133738,SA1,900775,SABATO,JULIUS,IDENT
20170408133742,SA4,901190,NEEMA,MNYALAPE,IDENT
20170408133748,SA4,900997,MARY,ONDURU,IDENT
20170408133756,SA4,900985,BAHATI,SARAPIONI,IDENT
20170408133800,SA5,901278,HENRY ,CHELULA,IDENT
20170408133802,SA4,901129,FELISTA,NYAHENGE,IDENT
20170408133808,SA2,901098,GERALD,MBAUKA,IDENT
20170408133809,SA4,901186,FROLA,KILIMA,IDENT
20170408133813,SA2,901049,REDEMTA,DANIEL,IDENT
20170408133814,SA4,901114,FARIDA,AMBLOS,IDENT
20170408133821,SA5,901362,JULIETH,GODFREY,IDENT
20170408133825,SA6,900480,RASHID,MOHAMED,IDENT
20170408133826,SA4,901112,BUSHRA,SALUM,IDENT
20170408133834,SA4,901117,HIDAYA,MASOUD,IDENT
20170408133838,SA5,901377,HUSSEIN,MANYEMBA,IDENT
20170408133931,SA2,900943,MWAMINI,MPANGULE,IDENT
20170408133943,SA2,900883,EDINA,ABED,IDENT
20170408133844,SA4,901135,REHEMA,OMARY,IDENT
20170408133851,SA4,900844,AISHA,MSOMI,IDENT
20170408133853,SA1,900754,ROBERT,JORAM,IDENT
20170408133859,SA6,901332,NASRA,MSANYA,IDENT
20170408133904,SA5,900914,HAWA,MWIMBE,IDENT
20170408133904,SA4,901256,AVERINA,AMANDUS,IDENT
20170408133909,SA4,901198,MANEO,ATHUMANI,IDENT
20170408133910,SA5,901307,MATRIDA,CHUVAKA,IDENT
20170408133917,SA5,901309,SALMA,RAFIKI,IDENT
20170408133922,SA4,901181,ASNA,SPRIAN,IDENT
20170408133931,SA5,901333,NEEMA,KILUZIA,IDENT
20170408133938,SA5,901571,ENOCK,ELIA,IDENT
20170408133939,SA4,901132,HEAVENLIGHT,NKYA,IDENT
20170408133947,SA4,900988,UPENDO,PETER,IDENT
20170408133948,SA2,901032,MARISELINA,NGULI,IDENT
20170408133956,SA2,900927,SAADA,SALUM,IDENT
20170408133957,SA4,901034,STAMILI,MUSSA,IDENT
20170408134001,SA4,901230,KUDRA,BAKARI,IDENT
20170408134007,SA4,900879,RAHMA,KILO,IDENT
20170408134010,SA5,901417,REHEMA,SINDANO,IDENT
20170408134012,SA4,901022,SILIVIA,SHAYO,IDENT
20170408134013,SA2,900860,AGNESS,LUHUNGO,IDENT
20170408134013,SA6,900541,GOLDEN,MDUBA,IDENT
20170408134017,SA4,900865,CHRISTINA,MAGOWELA,IDENT
20170408134018,SA5,901328,MARRY,SHOO,IDENT
20170408134022,SA4,901026,FATUMA,KONYO,IDENT
20170408134027,SA4,901235,TUMAIN,MUNGURE,IDENT
20170408134030,SA2,901009,MOSHI,SAIDI,IDENT
20170408134033,SA4,901043,ANNA,JOHN,IDENT
20170408134036,SA2,900957,HADIJA,MKOTA,IDENT
20170408134038,SA4,901023,AMINA,CHAKWE,IDENT
20170408134043,SA2,901011,JANE,SIMON,IDENT
20170408134044,SA4,901168,REHEMA ,MWASOMOLA,IDENT
20170408134048,SA6,900271,HUSNA,SAID,IDENT
20170408134049,SA2,900978,ELIZABETH,ZAE,IDENT
20170408134050,SA4,901182,RENIFRIDA,NGUMBU,IDENT
20170408134055,SA6,900431,HAMADI,ZUBERI,IDENT
20170408134058,SA2,901065,ZAINABU,KARUMUNA,IDENT
20170408134100,SA4,900916,SABINA,KINGIMALI,IDENT
20170408134104,SA2,901060,MARTHA,GABRIEL,IDENT
20170408134108,SA4,900890,OLIVER,UDOBA,IDENT
20170408134109,SA2,900963,MWAZANI,SAIDI,IDENT
20170408134115,SA2,901038,AMINA,MDOE,IDENT
20170408134119,SA4,900968,TAUSI,SIMBA,IDENT
20170408134124,SA4,901007,MODESTA,JOGOO,IDENT
20170408134131,SA2,900905,AMINA,MUHIDINI,IDENT
20170408134139,SA2,901035,AGNES,NKONJELWA,IDENT
20170408134153,SA4,901219,MARIAM,MUSSA,IDENT
20170408134200,SA4,901244,SWAUMU,HIMBU,IDENT
20170408134206,SA4,901173,BAHATI,MAKAMBA,IDENT
20170408134210,SA1,900755,NICHALAUS,AUGUSTINO,IDENT
20170408134211,SA4,901267,NEEMA ,MWAMANYE,IDENT
20170408134216,SA1,900747,ADAM,MASALE,IDENT
20170408134216,SA4,901042,FARIDA,NDAUKE,IDENT
20170408134222,SA4,900972,SAFINA,ABEID,IDENT
20170408134222,SA1,900792,IDDI,IDDI,IDENT
20170408134222,SA5,901326,ALLY,MBONDE,IDENT
20170408134229,SA4,901243,PLAKSEDA,AKIZAMUNGU,IDENT
20170408134233,SA4,901123,REBECA,KALOFU,IDENT
20170408134241,SA4,901089,HARUNA,ATHUMANI,IDENT
20170408134245,SA4,901076,AGNESS,NGAPONDA,IDENT
20170408134250,SA4,900959,REHEMA,LYOWA,IDENT
20170408134255,SA4,900856,MWAJAMBU,HAMAD,IDENT
20170408134259,SA2,901085,ELIZABETH,NYAMBO,IDENT
20170408134301,SA4,900878,AISHA,KIZINGA,IDENT
20170408134307,SA6,900054,THOMAS,MGABO,IDENT
20170408134322,SA6,900049,SIHABA,NAKIPENGELE,IDENT
20170408134325,SA4,901253,JOYCE,KESI,IDENT
20170408134333,SA4,901179,AMANDA,KWEZI,IDENT
20170408134341,SA1,900720,FRANCIS,RAFAEL,IDENT
20170408134343,SA4,900962,JOSEPH,ELISAFI,IDENT
20170408134348,SA4,901157,DAVID,JUMA,IDENT
20170408134354,SA4,900906,MARYSTELA,MCHOME,IDENT
20170408134405,SA4,900881,ZAINABU,SAIDI,IDENT
20170408134422,SA5,901397,LINETH,KYARUS,IDENT
20170408134427,SA5,901369,RECHO,MSHUMBUSI,IDENT
20170408134433,SA1,900858,MUHSIN,ATHUMANI,IDENT
20170408134440,SA1,900732,ELIA,FRANCIS,IDENT
20170408134447,SA4,901113,ELIZABETH,SHIRIMA,IDENT
20170408134447,SA2,900934,MWAJABU,MARIDADI,IDENT
20170408134456,SA5,901381,DOROSTA,CLEMANCE,IDENT
20170408134457,SA4,900899,MAGDALENA,SIMAO,IDENT
20170408134502,SA4,900993,MARIAM,MSUMALI,IDENT
20170408134510,SA4,901189,KURUTHUM,KHAMISI,IDENT
20170408134514,SA6,900449,JUMA,SANGAYA,IDENT
20170408134516,SA4,900992,AGNES,MEJA,IDENT
20170408134520,SA1,900784,WILLIAM,MSOLOKA,IDENT
20170408134522,SA2,901167,KELVIN,NGOZI,IDENT
20170408134523,SA4,901059,JAZIRA,RAMADHANI,IDENT
20170408134527,SA2,901134,NURU,MULONGANILE,IDENT
20170408134543,SA1,900750,JACOB,KAWALE,IDENT
20170408134548,SA4,900925,REGINA,THOMAS,IDENT
20170408134554,SA4,901185,JOYCE,SAMWEL,IDENT
20170408134556,SA1,900717,GODFREY,LAMBAU,IDENT
20170408134600,SA4,901143,LINES,PILLI,IDENT
20170408134601,SA1,900207,ADELE,NJOCHOLA,IDENT
20170408134604,SA1,900384,ABDALLA,SAIDI,IDENT
20170408134605,SA4,901176,FATUMA,MASOUD,IDENT
20170408134609,SA4,901122,NEEMA,FANUEL,IDENT
20170408134609,SA2,900885,AMINA,MZARA,IDENT
20170408134610,SA1,900442,ITIKA,DICKSON,IDENT
20170408134616,SA4,901234,ANITHA,AHALIELI,IDENT
20170408134617,SA5,901013,YASINTA,SHELUBANZI,IDENT
20170408134621,SA1,900741,ERICK,LUWUNGO,IDENT
20170408134622,SA4,901107,MUHIDINI,HASSAN,IDENT
20170408134626,SA5,901311,LOYCE,MASKINI,IDENT
20170408134628,SA4,901130,NURU,DAUDI,IDENT
20170408134632,SA5,901380,BISURA,MCHELEO,IDENT
20170408134633,SA4,901212,JASMINI,MOHAMED,IDENT
20170408134634,SA1,900386,ABDALLAH ,RAMADHANI,IDENT
20170408134644,SA4,901137,SOFIA,KIUMBE,IDENT
20170408134649,SA5,901402,ALLY,SELEMAN,IDENT
20170408134649,SA4,901155,GRACE,MUHONO,IDENT
20170408134702,SA4,901150,CHRISTINA,MBODE,IDENT
20170408134708,SA4,901047,MWAJUMA,HAMIS,IDENT
20170408134720,SA2,900930,TABIA,DOGOLI,IDENT
20170408134731,SA4,900994,MWAISHA,MWAMOTO,IDENT
20170408134736,SA2,901068,CATHERINE,MATENGO,IDENT
20170408134738,SA4,901017,CATHERINE,NYEMA,IDENT
20170408134802,SA5,901363,ZUCRA,SWEDI,IDENT
20170408134807,SA5,901364,SALAFINA,KISAPI,IDENT
20170408134807,SA6,900435,HASSAN,NKHAMBI,IDENT
20170408134814,SA4,900919,ANNA,MPUGE,IDENT
20170408134818,SA5,901406,PASCAL,STANLEY,IDENT
20170408134821,SA4,901025,ASHURA,HAMISI,IDENT
20170408134830,SA5,901320,REHEMA,ALLY,IDENT
20170408134832,SA4,901111,ASIA,MSHAMU,IDENT
20170408134841,SA2,901201,DEOGRATIUS,KESSY,IDENT
20170408134849,SA2,901202,VITALIS,KESSI,IDENT
20170408134815,SA1,900214,BRUNO,FREDRICK,IDENT
20170408134825,SA1,900764,OMBENI,MICHAEL,IDENT
20170408134850,SA5,901430,JOYCE,SEMWENDA,IDENT
20170408134855,SA4,900970,MARIA,ELIESEL,IDENT
20170408134857,SA1,900231,MARKO,SHIMIZI,IDENT
20170408134907,SA4,901213,HABIBA,NJIKU,IDENT
20170408134913,SA6,900423,GARDINO,MHIMBA,IDENT
20170408134917,SA4,901115,FROLA,SIKWEMBE,IDENT
20170408134919,SA5,901154,SALAMA,ALLY,IDENT
20170408134922,SA4,900953,JANE,LUSENDELA,IDENT
20170408134925,SA5,901340,FELIX,MAKANYA,IDENT
20170408134930,SA5,901343,SEBASTIAN,KIPINGU,IDENT
20170408134937,SA5,901352,ABDALAH,SUDY,IDENT
20170408134939,SA1,900725,SAMSONI,KINGU,IDENT
20170408135014,SA6,900662,ABDALLAH,ABEID,IDENT
20170408135015,SA1,900719,STEPHAN,SIMON,IDENT
20170408135016,SA4,901041,JACKLINI,MBOYA,IDENT
20170408135020,SA1,900813,LEONARD,PETER,IDENT
20170408135025,SA5,901342,ANDREW,KILUGWA,IDENT
20170408135025,SA1,900767,GLADNESS,KAIRUKI,IDENT
20170408135028,SA4,900945,ELIZABETH,MREMA,IDENT
20170408135032,SA4,900933,WINFRIDA,LUSEBA,IDENT
20170408135038,SA4,900939,STELLA,MAGOGWA,IDENT
20170408135041,SA5,901290,AGNES,SALAWA,IDENT
20170408135046,SA5,901288,EPIPHANIA,LUKWI,IDENT
20170408135050,SA6,900155,MWANAFATIMA,MATIPA,IDENT
20170408135051,SA5,901421,ALFRED,MUGHWAI,IDENT
20170408135057,SA2,901258,ATHUMAN,KILINDU,IDENT
20170408135100,SA4,900967,FATUMA,MTAMBUA,IDENT
20170408135105,SA4,901052,SUZANA,NAPANGA,IDENT
20170408135109,SA5,901356,ZAMDA,NGWABAYA,IDENT
20170408135115,SA5,901354,AISHAH,OTHUMANI,IDENT
20170408135121,SA6,900390,ALBERT,KANENDA,IDENT
20170408135121,SA2,901064,SAID,RAMADHANI,IDENT
20170408135133,SA5,901382,KONDO,MOHAMED,IDENT
20170408135140,SA5,901297,STELLA,MAKUNDI,IDENT
20170408135216,SA1,900762,SAID,MOHAMED,IDENT
20170408135227,SA1,900819,PATRICK,MTONDOLA,IDENT
20170408135230,SA4,901029,MARIAM,MWETEMBO,IDENT
20170408135232,SA6,900139,IDD,YUSUFU,IDENT
20170408135239,SA6,900467,MBARUKU,OSWAD,IDENT
20170408135247,SA5,901335,YONA,MAPELELE,IDENT
20170408135254,SA5,901371,YASINTA,LEKERI,IDENT
20170408135255,SA6,900591,RASHID ,MUNKENDA,IDENT
20170408135259,SA5,900849,IRENE,MMARI,IDENT
20170408135300,SA6,900583,REGINALD,MICHAEL,IDENT
20170408135304,SA5,901379,JUMA,MAKALA,IDENT
20170408135307,SA6,900473,NAOMI,GONDA,IDENT
20170408135309,SA5,900901,NEEMA,NYAKOKI,IDENT
20170408135320,SA5,901344,JACKSON,ATANUS,IDENT
20170408135331,SA6,900170,REHEMA,CHINUNJE,IDENT
20170408135338,SA2,901096,SAMWELI,MANGARE,IDENT
20170408135351,SA6,900465,MARTIN,KIDUNGU,IDENT
20170408135356,SA4,900898,RUKIA,MATAUKA,IDENT
20170408135357,SA6,900130,FATUMA,CHOMBO,IDENT
20170408135401,SA4,900862,EDINA,MWAKYOMA,IDENT
20170408135402,SA6,900126,DORIKA,MALYANGO,IDENT
20170408135413,SA6,900428,GLADIS,MAZENGO,IDENT
20170408135415,SA1,900740,SPEDICTOR,NGOGO,IDENT
20170408135424,SA4,901097,EMANUEL,MSOKWA,IDENT
20170408135429,SA4,901127,ZAHARA,MBELWA,IDENT
20170408135436,SA4,900846,SARA,CHIDUNI,IDENT
20170408135438,SA6,900393,ALLY,MTWALE,IDENT
20170408135440,SA4,901270,NAOMI,OBONG,IDENT
20170408135450,SA6,900448,JOSEPH,MKELEBE,IDENT
20170408135508,SA5,900897,SWAUMU,SAIDI,IDENT
20170408135523,SA6,900464,MARTHA,MWIKOLA,IDENT
20170408135523,SA4,901170,BAHATI,SHABANI,IDENT
20170408135531,SA4,900981,FIDES,MONGI,IDENT
20170408135542,SA1,900797,ASHAM,MUSA,IDENT
20170408135547,SA1,900761,CHRISTOPHER,MFUNGO,IDENT
20170408135556,SA1,900456,KHALIFA,BASHILI,IDENT
20170408135616,SA1,900800,NAPEGWA,JACOB,IDENT
20170408135619,SA5,900876,MWASITI,MAULID,IDENT
20170408135620,SA1,900774,MBEWE,ELIUS,IDENT
20170408135646,SA5,901387,GODFREY,YALED,IDENT
20170408135711,SA2,901196,BONIPHACE,NGESI,IDENT
20170408135711,SA6,900389,AHMAD,KINDUMA,IDENT
20170408135712,SA5,901282,ADAM,MUSSA,IDENT
20170408135720,SA1,900730,UHURU,MARWA,IDENT
20170408135724,SA1,900826,VITALIS,HOTTI,IDENT
20170408135727,SA1,900806,GODFREY,KIHAWA,IDENT
20170408135733,SA1,900758,MOHAMEDY,ATHUMANI,IDENT
20170408135735,SA5,901416,YONA,MUSA,IDENT
20170408135739,SA5,901283,KEDMOND,KAMOGA,IDENT
20170408135748,SA4,901140,ASHURA,MGENI,IDENT
20170408135748,SA5,901341,JESSE,JEREMIA,IDENT
20170408135752,SA5,901347,JAMES,MAJIJI,IDENT
20170408135817,SA6,900112,ABDALLAH,MIKALAMBILO,IDENT
20170408135822,SA5,901303,TAUSI,KATULA,IDENT
20170408135907,SA4,901260,AISHA,MNEKA,IDENT
20170408135911,SA4,901051,HABIBA,PAZZI,IDENT
20170408135914,SA6,900481,RICHARD,KWEYAMBA,IDENT
20170408135959,SA6,900395,AMOS,MIMBI,IDENT
20170408140003,SA4,901053,DORIS,JOHN,IDENT
20170408140003,SA5,901321,ELIZABET,MHIMBA,IDENT
20170408140008,SA5,901078,NASMA,LINOGA,IDENT
20170408140011,SA4,900889,SALMA,MWAWILA,IDENT
20170408140013,SA5,901393,HADIJA,JUMA,IDENT
20170408140019,SA5,901217,VIVIAN,MWANGATA,IDENT
20170408140020,SA6,900658,MWASITI,LABOA,IDENT
20170408140024,SA5,901312,VUMILIA,NDEGE,IDENT
20170408140028,SA4,901156,SAID,HAMISI,IDENT
20170408140030,SA5,901295,ELLASIA,WILLIUM,IDENT
20170408140032,SA4,901045,ASHURA,KATULA,IDENT
20170408140035,SA5,901409,MAGRETH,NGOSI,IDENT
20170408140041,SA5,901192,ASMA,KONDO,IDENT
20170408140045,SA5,901313,FATUMA,KAUNDA,IDENT
20170408140046,SA6,E045,SURESH,PS,IDENT
20170408140050,SA6,E077,SUMIT,BHATNAGAR,IDENT
20170408140054,SA5,901285,THABIT,ALLY,IDENT
20170408140057,SA4,900926,AMINA,KONDO,IDENT
20170408140102,SA4,901228,CESILIA,MBABUYE,IDENT
20170408140104,SA6,900586,MOHAMED,SOLOKA,IDENT
20170408140107,SA4,900931,JOHARI,KIMARO,IDENT
20170408140107,SA5,900884,HADIJA,GOGO,IDENT
20170408140110,SA6,901436,HAMISI,ALI,IDENT
20170408140114,SA4,900973,SHARIFA,LIYAYA,IDENT
20170408140115,SA6,900391,ALLY,MASHAURI,IDENT
20170408140122,SA4,901062,RASHID,MDOE,IDENT
20170408140130,SA4,901261,ZAINA,KILWANDA,IDENT
20170408140133,SA1,900242,WILSON,ANYNGISE,IDENT
20170408140139,SA5,901292,SARA,YOEL,IDENT
20170408140145,SA6,900131,FRANK,MAKWABU,IDENT
20170408140146,SA1,900807,GODRICH,MCHOMVU,IDENT
20170408140147,SA5,901414,EMMANUEL,BANDIKO,IDENT
20170408140148,SA4,901077,CONSOLATH,MATERU,IDENT
20170408140149,SA6,900138,HUSSEIN,SHABANI,IDENT
20170408140200,SA5,901355,HALIMA,SANANE,IDENT
20170408140204,SA4,901145,ADELINA,MALEMA,IDENT
20170408140205,SA5,901374,NASRA,HAMADI,IDENT
20170408140209,SA6,900447,JOSEPH,LUSANA,IDENT
20170408140210,SA4,901139,HAPPY ,ZAKAYO,IDENT
20170408140210,SA5,901294,RATIFA,KAPINGA,IDENT
20170408140214,SA6,900432,HAMZA,ABDALLAH,IDENT
20170408140215,SA5,901367,BEATHA,MLOSO,IDENT
20170408140215,SA4,901079,AGNESS,HAJI,IDENT
20170408140221,SA5,901373,ADELA,MSAGA,IDENT
20170408140227,SA5,901375,PILLI,CHOLOGONDO,IDENT
20170408140233,SA5,901413,LEILA,KIMBENGELE,IDENT
20170408140238,SA5,901412,ELIA,NGWALI,IDENT
20170408140254,SA5,901306,VAILETH,NGULO,IDENT
20170408140255,SA1,900734,REHEMA,NKYA,IDENT
20170408140300,SA4,901091,FARIDA,LYIMO,IDENT
20170408140305,SA4,901184,GRACE,NGALABA,IDENT
20170408140317,SA4,900924,DEBORA,HOSSA,IDENT
20170408140320,SA5,901359,VILET,MHELUKA,IDENT
20170408140322,SA4,901221,TEDDY,MAGAMBO,IDENT
20170408140349,SA2,901151,SIJARI,MAGOMBE,IDENT
20170408140350,SA5,900850,ROSE,KITALI,IDENT
20170408140350,SA4,900982,MWANAKOMBO,KHALID,IDENT
20170408140355,SA4,900922,BAHATI,SALEHE,IDENT
20170408140400,SA4,900877,IRENE,GABRIEL,IDENT
20170408140407,SA5,901099,TAUS,MUSTAPHA,IDENT
20170408140409,SA4,901000,AGNES,MTYANGILE,IDENT
20170408140417,SA5,901308,MADINA,ATHUMANI,IDENT
20170408140422,SA4,900882,WINIFRIDA,MALISELINO,IDENT
20170408140427,SA4,901121,MWATANGA,ALLY,IDENT
20170408140433,SA4,901271,RACHEL,MCHOVU,IDENT
20170408140438,SA6,900579,GRAYSON,KUNZUGALA,IDENT
20170408140438,SA4,901238,MARIAM,SELEMANI,IDENT
20170408140443,SA4,901119,LINA,MLAWA,IDENT
20170408140447,SA4,901237,ZUBEDA,KIMARO,IDENT
20170408140447,SA6,901149,EPIFANI, MBOKO,IDENT
20170408140452,SA4,900984,SALAMA,BIGE,IDENT
20170408140458,SA1,900726,ABDALLAH,CHOBO,IDENT
20170408140459,SA4,901148,IBRAHIM,MZENTO,IDENT
20170408140511,SA2,901133,HUSNA,SENGAMBA,IDENT
20170408140515,SA4,901142,SOPHIA,YUSUPH,IDENT
20170408140515,SA5,900892,MWANIA,PEMBE,IDENT
20170408140527,SA4,901125,TAUSI,SHABANI,IDENT
20170408140531,SA6,900134,GRACE,KIM,IDENT
20170408140536,SA5,901284,MOHAMED,IDDI,IDENT
20170408140541,SA6,900469,MICHAEL,MDACHI,IDENT
20170408140549,SA2,900923,HELENA,KHAJI,IDENT
20170408140557,SA4,901191,ROSE,BENARD,IDENT
20170408140558,SA2,901082,EDINA,JOHN,IDENT
20170408140612,SA6,900474,PHILBERT,MATOGO,IDENT
20170408140625,SA5,901400,DANIEL,MAKAYA,IDENT
20170408140630,SA6,900556,REGINA,NDALUHEKEYE,IDENT
20170408140632,SA4,900960,AGNESS,NAWAHIGA,IDENT
20170408140635,SA5,901394,TERESIA,MHAMBO,IDENT
20170408140636,SA6,900162,PILLY,MANENO,IDENT
20170408140640,SA5,900855,SINAHIA,OMARI,IDENT
20170408140645,SA5,901310,MARIAM,BELEKO,IDENT
20170408140650,SA5,901279,NEEMA, GODFREY,IDENT
20170408140653,SA2,900948,VERONICA,MFILINGE,IDENT
20170408140653,SA1,900722,ELIZABETH,MATHIUS,IDENT
20170408140655,SA1,900215,EDWARD,RUFUNGA,IDENT
20170408140657,SA5,900903,RUKIA,MOHAMED,IDENT
20170408140658,SA4,901165,FATUMA,ABDALLAH,IDENT
20170408140700,SA5,901200,INOCENT , KIFUMU,IDENT
20170408140729,SA4,901257,FRIDA,MHELELA,IDENT
20170408140729,SA6,900458,KIBWANA,SAIDI,IDENT
20170408140738,SA4,900971,NAOMI,SAMWELI,IDENT
20170408140739,SA5,901378,HOYCE,TILLYA,IDENT
20170408140744,SA6,900647,JOHANSEN,MPANJU,IDENT
20170408140744,SA4,900873,SELEN,JUMA,IDENT
20170408140748,SA5,901383,JOAN,OMANDI,IDENT
20170408140748,SA2,901039,JULIANA,SUKU,IDENT
20170408140749,SA4,900900,HELENA,SENZUGWAKO,IDENT
20170408140757,SA4,901177,ASHA,MAVENGELO,IDENT
20170408140758,SA5,901338,WAZIRI,WAZIRI,IDENT
20170408140802,SA4,901169,VERONICA,LECHIPYA,IDENT
20170408140808,SA4,901141,HADIJA,SALUM,IDENT
20170408140812,SA5,900861,MWAJABU,BAKARI,IDENT
20170408140820,SA6,900006,ANDREW,JOSEPH,IDENT
20170408140847,SA5,901370,MARIAM,MJELELE,IDENT
20170408140903,SA2,900902,SAKINA,MAWEMBA,IDENT
20170408140932,SA2,900871,MWANAHAMISI,NDOLWA,IDENT
20170408140845,SA4,901128,ZAITUNI,SOGOI,IDENT
20170408140849,SA6,900107,MSELEM,MSELEM,IDENT
20170408140905,SA6,900420,FRANCIS,TESHA,IDENT
20170408140906,SA1,900825,TITO,MWAMBE,IDENT
20170408140910,SA6,900478,RAPHAEL,SENKONDO,IDENT
20170408140910,SA1,900716,JUMA,JUMANNE,IDENT
20170408140912,SA5,900936,SOPHIA,MBONDE,IDENT
20170408140919,SA5,901070,FLORA,MSAMLA,IDENT
20170408140925,SA5,901031,AMINA,BAKARI,IDENT
20170408140927,SA6,900124,DAUDI,ELIFALETH,IDENT
20170408140931,SA5,900951,MWAJUMA,AIDAN,IDENT
20170408140940,SA5,900866,FLORA,DAMAS,IDENT
20170408140941,SA4,900935,ZAINABU,SINGANO,IDENT
20170408140946,SA2,901087,REHEMA,CHETE,IDENT
20170408141011,SA2,901044,SUZANA,KIMARO,IDENT
20170408141015,SA5,901289,CONSOLATHA,RAPHAEL,IDENT
20170408141033,SA4,900950,ASHURA,ATHUMAN,IDENT
20170408141058,SA2,901083,HADIJA,MPAMBA,IDENT
20170408141104,SA1,900211,BARAKA,MAKI,IDENT
20170408141105,SA2,900987,PILLY,MWAWILA,IDENT
20170408141108,SA5,900853,DEVOTHA,ELIAS,IDENT
20170408141114,SA5,901360,MARRY,MASULUBE,IDENT
20170408141121,SA5,900870,GOMERY,DAUDI,IDENT
20170408141127,SA4,900995,MARY,KIAMA,IDENT
20170408141130,SA5,900880,MWANAHAMISI,MAREKANO,IDENT
20170408141148,SA4,900946,RAHMA,MWIMBA,IDENT
20170408141208,SA4,900989,AMINA,CHITWANGWA,IDENT
20170408141212,SA4,901110,ASHA,MPELA,IDENT
20170408141224,SA4,901225,NOELA,YALOT,IDENT
20170408141226,SA6,900120,BENEDICTO,MBOKO,IDENT
20170408141229,SA6,900164,RAMADHANI ,BAKARI,IDENT
20170408141233,SA4,901126,YUNIS,LULANDALA,IDENT
20170408141239,SA4,901214,MARIAM,OMAR,IDENT
20170408141241,SA6,900485,SHUFAA,ABEID,IDENT
20170408141247,SA4,900928,MARIA,MAGWE,IDENT
20170408141252,SA4,900928,MARIA,MAGWE,IDENT
20170408141302,SA4,901061,MWAJUMA,ABDALLAH,IDENT
20170408141308,SA4,901214,MARIAM,OMAR,IDENT
20170408141312,SA5,901301,TUKAE,MUSA,IDENT
20170408141314,SA4,900920,PILLI,SAIDI,IDENT
20170408141322,SA4,901102,ORIVER,DAUD,IDENT
20170408141350,SA5,900964,RAPHAEL,MBOKO,IDENT
20170408141357,SA4,901172,AGNES,STEVEN,IDENT
20170408141408,SA6,900472,MWALIMU,SELEMANI,IDENT
20170408141428,SA4,901249,HILDA,MWAZEMBE,IDENT
20170408141433,SA4,901254,NURAT,JAFARI,IDENT
20170408141440,SA4,901146,MARTHA,MAKOTI,IDENT
20170408141440,SA1,900744,SILVESTER,KAHINDI,IDENT
20170408141443,SA2,901274,AMINA,KAHABUKA,IDENT
20170408141455,SA4,901103,MWATANGA,DIENI,IDENT
20170408141504,SA1,900217,FRED,JAMES,IDENT
20170408141519,SA2,901273,HELLEN,KIZWALO,IDENT
20170408141556,SA4,901207,AISHA,ABEID,IDENT
20170408141616,SA6,900439,IDDI,MOHAMED,IDENT
20170408141648,SA2,901024,ASIA,KARATA,IDENT
20170408141649,SA4,901220,AGNESS,MWAMBENGO,IDENT
20170408141659,SA4,901055,ZAINABU,OMARY,IDENT
20170408141710,SA4,900918,MARIAM,RAMADHANI,IDENT
20170408141712,SA1,900477,RAMADHANI,LUBASHA,IDENT
20170408141736,SA5,901330,SAVELINA ,KASHASHA,IDENT
20170408141739,SA6,E084,NAVNEET, SINGH,IDENT
20170408141745,SA1,900801,DAVID ,MWANJA,IDENT
20170408141753,SA6,900422,FURAHA,MWAKIFWAMB,IDENT
20170408141825,SA6,901582,ANTHONY,PAULO,IDENT
20170408141907,SA4,901262,HADIJA,SALUM,IDENT
20170408141908,SA1,900736,KANUNU,THABIT,IDENT
20170408141909,SA6,900050,STANLEY,JEREMIAH,IDENT
20170408141915,SA1,900777,MNADI,MRAJAA,IDENT
20170408141915,SA6,900159,PAMELA,KUSALIKA,IDENT
20170408141919,SA1,900743,JUMA,ISEMA,IDENT
20170408141924,SA1,900728,JAMAL,MRISHO,IDENT
20170408141931,SA1,900240,SOSTHENES,MANYAMA,IDENT
20170408141949,SA4,901559,MARIAM,JUMA,IDENT
20170408142003,SA4,900915,DOROTHEA,KILO,IDENT
20170408142016,SA4,901227,MWAMVITA,MWAIPOPO,IDENT
20170408142040,SA1,900244,YOHA,MSANGI,IDENT
20170408142043,SA1,900759,ELIAS,YAKOB,IDENT
20170408142114,SA1,900731,HUSSAIN,HAMADI,IDENT
20170408142118,SA1,900748,EDWARD,DAWSON,IDENT
20170408142121,SA1,900721,GISELA,SHAYO,IDENT
20170408142127,SA1,900776,ZUBERI,MOHAMED,IDENT
20170408142139,SA1,900415,EMMANUEL,JONAS,IDENT
20170408142146,SA6,900451,KASSIM,MALICK,IDENT
20170408142204,SA6,900135,HALIMA,NGAMZI,IDENT
20170408142223,SA1,900457,KHAMISI,MASUMBUKO,IDENT
20170408142404,SA1,900212,BATHOLOMEO,MUSA,IDENT
20170408142448,SA6,900116,ASHA,ALLY,IDENT
20170408142509,SA6,E037,SRINIVAS,DANTU,IDENT
20170408142526,SA1,900738,MOHAMED,NGODA,IDENT
20170408142537,SA1,900773,FELIX,CHRISTOPHER,IDENT
20170408142612,SA1,900823,TADEO,MAPEMA,IDENT
20170408142630,SA6,900703,MUSSA,MTALI,IDENT
20170408142704,SA1,900789,KAMPBONA,PASCAL,IDENT
20170408142712,SA1,900222,HENRY,NGOWI,IDENT
20170408142810,SA6,900436,HONEST,MATEMU,IDENT
20170408142816,SA6,900398,ARSEN, RWEBANGILA	,IDENT
20170408142838,SA1,900808,HEONANI,BAJANA,IDENT
20170408142842,SA1,900799,RAJABU,RUBASHA,IDENT
20170408143043,SA4,900944,FROLA,KAMARA,IDENT
20170408143155,SA4,900910,ZAINABU,SADALLAH,IDENT
20170408143206,SA1,900497,EMANUEL,NGIMBUZI,IDENT
20170408143207,SA4,900887,ELITABETH,GOMELO,IDENT
20170408143444,SA1,900820,SALUM,KAISI,IDENT
20170408143446,SA1,900216,ELLY,MKONGWE,IDENT
20170408143514,SA6,E008,ATUL,PATHAK,IDENT
20170408143535,SA4,900872,ZALAU,NGWELE,IDENT
20170408143539,SA1,900210,ASHA,HUSSEIN,IDENT
20170408143711,SA6,900174,SOSTHENES,MUKAMA,IDENT
20170408143742,SA6,E068,RANJEET SINGH,SAINI,IDENT
20170408143744,SA6,E060,ANOOP,TIWARI,IDENT
20170408143918,SA6,900399,ATHUMANI,JUMA,IDENT
20170408144054,SA1,901557,WALTER,MAYA,IDENT
20170408144140,SA6,901578,DEOGRATIUS,KABELEGE,IDENT
20170408144338,SA6,900582,ZABRON,TOSSI,IDENT
20170408144341,SA6,E078,SANJAY,GOYAL,IDENT
20170408144422,SA6,900044,REGINARD,MSHANGA,IDENT
20170408144648,SA1,900715,ELIASI,KIZITO,IDENT
20170408144805,SA6,900460,LAMECK,ASSETO,IDENT
20170408144914,SA6,900023,JINGSON,SAIMON,IDENT
20170408145046,SA1,900236,PENDO,MAGIGE,IDENT
20170408150033,SA4,901239,SAKINA,KIZEE,IDENT
20170408150239,SA1,900219,GEORGE,SAMATA,IDENT
20170408151005,SA6,900488,THOBIAS,KIWELU,IDENT
20170408151011,SA6,900414,EMMANUEL ,SERAPHINE,IDENT
20170408151208,SA1,900513,SALEHE,BAKARI,IDENT
20170408151219,SA1,900708,OMARY,ABDALLAH,IDENT
20170408151232,SA4,900941,KULWA,MSUMA,IDENT
20170408152152,SA6,901435,FILES,MBANDO,IDENT
20170408152340,SA1,900712,JUMA,JUMBE,IDENT
20170408152349,SA1,900710,NICHOLAS,KAPANDE,IDENT
20170408152739,SA1,900707,ATHUMANI,SALEHE,IDENT
20170408153128,SA1,900455,KHALFAN,OMARI,IDENT
20170408153245,SA6,101880,RICHARD,MAKASI,IDENT
20170408153320,SA6,900115,AKIDA,DUGANGE,IDENT
20170408153415,SA1,900502,IMAM,AJABU,IDENT
20170408153701,SA1,900450,JUMA,RAMADHANI,IDENT
20170408153702,SA6,900493,YAKOBO,ALLY,IDENT
20170408153706,SA1,900578,MTARI,MAGINGA,IDENT
20170408154039,SA6,901431,AMBALI,SOUD,IDENT
20170408154133,SA1,900803,EMMANUEL,YOUZE,IDENT
20170408154311,SA6,900629,MICHAEL,ZAMBETAKIS,IDENT
20170408154930,SA6,900171,ROBERT,MFUNI,IDENT
20170408155143,SA2,901446,DANIEL,MBARUKA,IDENT
20170408155148,SA2,901444,BAKARI,KITILA,IDENT
20170408155442,SA6,901434,JOSEPHINA,HAU,IDENT
20170408155734,SA6,900142,IRENE,MREMA,IDENT
20170408155742,SA6,900173,SHARIFA,MRISHO,IDENT
20170408155942,SA1,900441,ISSA,KAISI,IDENT
20170408160047,SA6,900017,FIKA,JOMSON,IDENT
20170408160131,SA6,901438,MARY,JOSEPH,IDENT
20170408160139,SA6,901433,ESTER,THEOFIL,IDENT
20170408160159,SA6,900574,FURAHA,MSAMBWA,IDENT
20170408160301,SA2,901396,EDWIN,KIPUYO,IDENT
20170408160423,SA1,900507,KANTI,KADIRI,IDENT
20170408160438,SA1,900505,JESCA,MATECHI,IDENT
20170408160622,SA2,901448,PAULINA,DAVID,IDENT
20170408160743,SA1,900687,PROTUS,RUWANDA,IDENT
20170408161020,SA1,900504,JEREMIA,TONNO,IDENT
20170408161021,SA6,E083,GURURAJ,SHENVI,IDENT
20170408161253,SA1,900516,SOLOMON,MBANGA,IDENT
20170408161301,SA1,901575,LINDA,MLAY,IDENT
20170408161544,SA2,200311,DAVID,BWILE,IDENT
20170408161641,SA2,200349,FRANK,MOSHI,IDENT
20170408161708,SA1,900770,ANDERSON,KIKOTI,IDENT
20170408162045,SA4,901443,MWAJUMA,SHEMBWANA,IDENT
20170408162055,SA4,901442,JARINA,SHEKOLA,IDENT
20170408162224,SA6,900175,TEDDY,SIMON,IDENT
20170408162326,SA6,900262,FRIDA, MWAMBEGELE,IDENT
20170408162434,SA2,901450,FARIDA,JUMA,IDENT
20170408162535,SA6,900156,MWANAISHA,UWESU,IDENT
20170408162557,SA2,901351,BARNABA,EDWARD,IDENT
20170408162715,SA6,E013,GIRIRAJ,SHARMA,IDENT
20170408162951,SA1,900411,DEO,JULIUS,IDENT
20170408163015,SA2,200314,DEO,SAKAYA,IDENT
20170408163029,SA2,100597,NOVATI,TARIMO,IDENT
20170408163143,SA1,900645,PETER,MTOLELA,IDENT
20170408163336,SA2,200309,RAMADHANI,KIHILE,IDENT
20170408163500,SA6,900122,CATHERINE,KUMBATA,IDENT
20170408163506,SA6,900292,ROSE,CHIKAWE,IDENT
20170408163653,SA2,200312,BARAKA,KATEGILE,IDENT
20170408163657,SA2,200316,DENIS,JOHNSON,IDENT
20170408163701,SA2,200351,MICHAEL,MICHAEL,IDENT
20170408163709,SA2,900859,MASANGULA,MASANGURA,IDENT
20170408163717,SA2,200318,JOSHUA , PAULO,IDENT
20170408163908,SA6,900103,FREDNAND,JACKSON,IDENT
20170408164007,SA2,901422,EMMANUEL,KHALIDI,IDENT
20170408164458,SA6,900165,RAMADHANI,NYENJE,IDENT
20170408165320,SA6,900268,GWANTWA,MWASYEBULE,IDENT
20170408165854,SA2,901449,BONIFAS,ANGANILE,IDENT
20170408170035,SA2,901453,JOHNSON,MUNISI,IDENT
20170408170041,SA2,901447,MASHAKA,MATEKELE,IDENT
20170408170047,SA1,900220,HAMISI,NJOCHOLA,IDENT
20170408170052,SA1,900729,MOHAMED,KOMBO,IDENT
20170408170211,SA2,901451,JUSTINE,MKUDE,IDENT
20170408170919,SA6,900007,ANNA,DUA,IDENT
20170408170926,SA6,900039,MWAJABU,ALLY,IDENT
20170408172122,SA6,901432,AMINA,SOGOI,IDENT
20170408172148,SA6,901434,JOSEPHINA,HAU,IDENT
20170408172613,SA6,900143,JACKLINE,MAIGA,IDENT
20170408173210,SA1,900426,GESAGA,RAMADHANI,IDENT
20170408173627,SA1,900571,FRANK,MALIMA,IDENT
20170408173824,SA6,900016,FATUMA,HAMISI,IDENT
20170408173831,SA6,900057,ZAITUNI,ABDALLAH,IDENT
20170408174059,SA1,101114,ABUBAKARI,KHALIDI,IDENT
20170408174228,SA1,900508,MARIAM ,HAMISI,IDENT
20170408174552,SA1,900816,MICHAEL,HUSEIN,IDENT
20170408174910,SA1,900621,COSMAS,KARADIS,IDENT
20170408174924,SA1,101589,AMIRI,YAHAYA,IDENT
20170408175104,SA6,900151,LISSY,KIGONJOLA,IDENT
20170408175111,SA1,900757,JOSEPH,HEMA,IDENT
20170408175226,SA6,900144,JANE,MWAKABULUFU,IDENT
20170408175426,SA1,101134,HASSAN,KAPANYA,IDENT
20170408184417,SA2,901260,AISHA,MNEKA,IDENT
20170408185132,SA1,900211,BARAKA,MAKI,IDENT
20170408185412,SA2,901198,MANEO,ATHUMANI,IDENT
20170408185512,SA6,900662,ABDALLAH,ABEID,IDENT
20170408185527,SA6,900658,MWASITI,LABOA,IDENT
20170408190004,SA2,901041,JACKLINI,MBOYA,IDENT
20170408190012,SA2,900906,MARYSTELA,MCHOME,IDENT
20170408185939,SA4,900972,SAFINA,ABEID,IDENT
20170408185954,SA4,900968,TAUSI,SIMBA,IDENT
20170408190001,SA4,900994,MWAISHA,MWAMOTO,IDENT
20170408190004,SA5,901129,FELISTA,NYAHENGE,IDENT
20170408190005,SA4,901076,AGNESS,NGAPONDA,IDENT
20170408190009,SA5,900885,AMINA,MZARA,IDENT
20170408190012,SA4,901042,FARIDA,NDAUKE,IDENT
20170408190017,SA4,900996,LILIAN,RASHIDI,IDENT
20170408190017,SA2,901021,NEEMA ,MWANGO,IDENT
20170408190022,SA4,901043,ANNA,JOHN,IDENT
20170408190026,SA2,900925,REGINA,THOMAS,IDENT
20170408190031,SA4,900997,MARY,ONDURU,IDENT
20170408190031,SA2,900921,MWAJUMA,IDDI,IDENT
20170408190035,SA5,901032,MARISELINA,NGULI,IDENT
20170408190036,SA4,900953,JANE,LUSENDELA,IDENT
20170408190039,SA2,900976,LUCY,STANLEY,IDENT
20170408190040,SA6,900556,REGINA,NDALUHEKEYE,IDENT
20170408190041,SA4,901089,HARUNA,ATHUMANI,IDENT
20170408190044,SA2,900978,ELIZABETH,ZAE,IDENT
20170408190047,SA4,900992,AGNES,MEJA,IDENT
20170408190050,SA2,900963,MWAZANI,SAIDI,IDENT
20170408190052,SA4,901155,GRACE,MUHONO,IDENT
20170408190055,SA2,901105,MTUMWA,ALLY,IDENT
20170408190057,SA4,900985,BAHATI,SARAPIONI,IDENT
20170408190100,SA2,901096,SAMWELI,MANGARE,IDENT
20170408190104,SA4,901045,ASHURA,KATULA,IDENT
20170408190105,SA2,901137,SOFIA,KIUMBE,IDENT
20170408190109,SA4,901022,SILIVIA,SHAYO,IDENT
20170408190111,SA2,901115,FROLA,SIKWEMBE,IDENT
20170408190113,SA4,901047,MWAJUMA,HAMIS,IDENT
20170408190117,SA2,900962,JOSEPH,ELISAFI,IDENT
20170408190120,SA4,901230,KUDRA,BAKARI,IDENT
20170408190121,SA2,901091,FARIDA,LYIMO,IDENT
20170408190127,SA4,900913,ASHURA,NGUMBE,IDENT
20170408190128,SA2,901173,BAHATI,MAKAMBA,IDENT
20170408190132,SA4,900846,SARA,CHIDUNI,IDENT
20170408190134,SA2,901189,KURUTHUM,KHAMISI,IDENT
20170408190138,SA4,901124,TABIA,OMARY,IDENT
20170408190140,SA2,901176,FATUMA,MASOUD,IDENT
20170408190144,SA5,901212,JASMINI,MOHAMED,IDENT
20170408190144,SA4,900981,FIDES,MONGI,IDENT
20170408190146,SA2,901009,MOSHI,SAIDI,IDENT
20170408190149,SA4,901244,SWAUMU,HIMBU,IDENT
20170408190156,SA4,901231,ASHA,DUTCH,IDENT
20170408190157,SA2,901038,AMINA,MDOE,IDENT
20170408190202,SA4,900890,OLIVER,UDOBA,IDENT
20170408190207,SA4,901219,MARIAM,MUSSA,IDENT
20170408190215,SA4,900904,ANNA,MAGEMBE,IDENT
20170408190222,SA4,901168,REHEMA ,MWASOMOLA,IDENT
20170408190228,SA4,900878,AISHA,KIZINGA,IDENT
20170408190233,SA4,901007,MODESTA,JOGOO,IDENT
20170408190236,SA4,901170,BAHATI,SHABANI,IDENT
20170408190245,SA4,901023,AMINA,CHAKWE,IDENT
20170408190251,SA4,900945,ELIZABETH,MREMA,IDENT
20170408190255,SA4,900933,WINFRIDA,LUSEBA,IDENT
20170408190300,SA4,900908,SALMA,RWAMBANO,IDENT
20170408190306,SA4,900984,SALAMA,BIGE,IDENT
20170408190313,SA4,901130,NURU,DAUDI,IDENT
20170408190318,SA4,901034,STAMILI,MUSSA,IDENT
20170408190327,SA2,901134,NURU,MULONGANILE,IDENT
20170408190331,SA4,901026,FATUMA,KONYO,IDENT
20170408190339,SA6,900285,NKWABI,MDEHWA,IDENT
20170408190342,SA2,901167,KELVIN,NGOZI,IDENT
20170408190348,SA6,900400,BAHATI,LUBUVA,IDENT
20170408190350,SA4,901113,ELIZABETH,SHIRIMA,IDENT
20170408190356,SA4,901213,HABIBA,NJIKU,IDENT
20170408190406,SA5,901290,AGNES,SALAWA,IDENT
20170408190408,SA2,900970,MARIA,ELIESEL,IDENT
20170408190419,SA1,900215,EDWARD,RUFUNGA,IDENT
20170408190427,SA4,900993,MARIAM,MSUMALI,IDENT
20170408190707,SA6,900130,FATUMA,CHOMBO,IDENT
20170408190709,SA6,900130,FATUMA,CHOMBO,IDENT
20170408192019,SA6,901581,PROSPER,KATABALWA,IDENT
20170408192131,SA6,900025,JOYCE,MAGANGA,IDENT
20170408192619,SA1,900001,ABDALLAH,JUMANNE,IDENT
20170408194536,SA6,900048,SHELLA,MFAUME,IDENT
20170408200019,SA6,900035,MOHAMED,HAUSI,IDENT
20170408200044,SA6,900685,VICTOR,MBUNDAMILA,IDENT
20170408200343,SA2,901060,MARTHA,GABRIEL,IDENT
20170408200354,SA2,901085,ELIZABETH,NYAMBO,IDENT
20170408200423,SA2,901164,SWAUMU,KAYANDA,IDENT
20170408200455,SA2,901049,REDEMTA,DANIEL,IDENT
20170408200514,SA2,900990,JANE,MHONGOLE,IDENT
20170408200517,SA1,900281,NAYOPA,MTENDECHI,IDENT
20170408200521,SA2,901065,ZAINABU,KARUMUNA,IDENT
20170408200526,SA2,901180,FURAHA,TEMBA,IDENT
20170408200608,SA2,900957,HADIJA,MKOTA,IDENT
20170408200703,SA2,901175,SALMA,RAMADHAN,IDENT
20170408200709,SA2,901067,HELENA,SAMWELI,IDENT
20170408200832,SA2,901011,JANE,SIMON,IDENT
20170408201210,SA2,900930,TABIA,DOGOLI,IDENT
20170408201220,SA2,900934,MWAJABU,MARIDADI,IDENT
20170408201332,SA2,901258,ATHUMAN,KILINDU,IDENT
20170408201552,SA6,900047,SAMSON,SHILA,IDENT
20170408201557,SA6,900047,SAMSON,SHILA,IDENT
20170408201709,SA1,900212,BATHOLOMEO,MUSA,IDENT
20170408202016,SA6,900134,GRACE,KIM,IDENT
20170408202212,SA4,901107,MUHIDINI,HASSAN,IDENT
20170408202244,SA6,900626,AUGUSTINO,CHITANDA,IDENT
20170408202301,SA6,900261,FRANCIS,MAKOTI,IDENT
20170408202431,SA6,900251,AMRI,WAZIRI,IDENT
20170408202505,SA1,900249,AMIRI,MZEE,IDENT
20170408203200,SA6,900627,BAHATI,KAPIGA,IDENT
20170408203518,SA6,900127,DUNCAN,MHANDO,IDENT
20170408203606,SA6,900046,SALUM,NDEGE,IDENT
20170408203851,SA1,900542,POUL,KIBELA,IDENT
20170408204338,SA4,901122,NEEMA,FANUEL,IDENT
20170408204343,SA4,901255,ASHA,BILALI,IDENT
20170408204416,SA4,901117,HIDAYA,MASOUD,IDENT
20170408204435,SA4,901052,SUZANA,NAPANGA,IDENT
20170408204444,SA4,901247,KULUTHUM,CHILEMILE,IDENT
20170408204522,SA4,901136,HONORATA,SHAYO,IDENT
20170408204529,SA4,901174,BETH,NGADADA,IDENT
20170408204552,SA4,901186,FROLA,KILIMA,IDENT
20170408204601,SA4,901179,AMANDA,KWEZI,IDENT
20170408204838,SA4,901123,REBECA,KALOFU,IDENT
20170408204950,SA1,900209,ANGELA,MBESIGWE,IDENT
20170408205342,SA6,900596,DAVID,MWAMPAMBA,IDENT
20170408205752,SA6,900051,SUDI,KHALFANI,IDENT
20170408205802,SA1,900717,GODFREY,LAMBAU,IDENT
20170408205810,SA4,901123,REBECA,KALOFU,IDENT
20170408205826,SA1,900732,ELIA,FRANCIS,IDENT
20170408210114,SA4,900844,AISHA,MSOMI,IDENT
20170408210121,SA4,901270,NAOMI,OBONG,IDENT
20170408210147,SA1,900045,SAIDI,MNDOLWA,IDENT
20170408210322,SA1,900227,JOSEPH,NGANILWA,IDENT
20170408210344,SA4,900967,FATUMA,MTAMBUA,IDENT
20170408210414,SA4,900974,ZAWADI,SADIKI,IDENT
20170408210433,SA4,901108,AISHA,WILLIUM,IDENT
20170408210527,SA6,900251,AMRI,WAZIRI,IDENT
20170408210529,SA4,900988,UPENDO,PETER,IDENT
20170408210554,SA1,900822,MENRUFU,PILLY,IDENT
20170408210559,SA1,900726,ABDALLAH,CHOBO,IDENT
20170408210636,SA6,900544,YUSUPH,MTUTUMA,IDENT
20170408210912,SA4,901150,CHRISTINA,MBODE,IDENT
20170408210925,SA4,901181,ASNA,SPRIAN,IDENT
20170408210949,SA4,901143,LINES,PILLI,IDENT
20170408210954,SA4,901190,NEEMA,MNYALAPE,IDENT
20170408210959,SA4,901135,REHEMA,OMARY,IDENT
20170408211010,SA4,901114,FARIDA,AMBLOS,IDENT
20170408211023,SA4,901132,HEAVENLIGHT,NKYA,IDENT
20170408211057,SA4,901235,TUMAIN,MUNGURE,IDENT
20170408211107,SA4,901256,AVERINA,AMANDUS,IDENT
20170408211117,SA4,901112,BUSHRA,SALUM,IDENT
20170408211125,SA4,901182,RENIFRIDA,NGUMBU,IDENT
20170408211131,SA4,901193,VICTORIA,MWAMPEGETE,IDENT
20170408211136,SA4,901243,PLAKSEDA,AKIZAMUNGU,IDENT
20170408211139,SA4,901245,EVERINA,MKETO,IDENT
20170408211145,SA4,901127,ZAHARA,MBELWA,IDENT
20170408211158,SA4,901185,JOYCE,SAMWEL,IDENT
20170408211205,SA4,901253,JOYCE,KESI,IDENT
20170408211215,SA4,901241,FATUMA,JUMA,IDENT
20170408211219,SA4,901140,ASHURA,MGENI,IDENT
20170408211225,SA4,901187,MONICA,SHEMBONI,IDENT
20170408211236,SA4,901234,ANITHA,AHALIELI,IDENT
20170408211432,SA1,900792,IDDI,IDDI,IDENT
20170408211449,SA6,900449,JUMA,SANGAYA,IDENT
20170408211702,SA1,900784,WILLIAM,MSOLOKA,IDENT
20170408211738,SA4,901267,NEEMA ,MWAMANYE,IDENT
20170408212004,SA4,901148,IBRAHIM,MZENTO,IDENT
20170408212010,SA4,901271,RACHEL,MCHOVU,IDENT
20170408212332,SA1,900814,MARTIN,MUHANDO,IDENT
20170408212337,SA1,900752,SIMON,MAPUNDA,IDENT
20170408212351,SA4,900983,RUKIA,KONDO,IDENT
20170408212631,SA1,900800,NAPEGWA,JACOB,IDENT
20170408212712,SA1,900783,DAMIAN,ALONE,IDENT
20170408212716,SA1,900724,HASANI,MRISHO,IDENT
20170408212723,SA1,900769,JAMES,MACKLINE,IDENT
20170408212741,SA1,900774,MBEWE,ELIUS,IDENT
20170408212807,SA1,900762,SAID,MOHAMED,IDENT
20170408212848,SA4,901015,JOYCE,CHACHA,IDENT
20170408212818,SA1,900747,ADAM,MASALE,IDENT
20170408212821,SA1,900826,VITALIS,HOTTI,IDENT
20170408212837,SA6,900140,IGNATUS,MLANGWA,IDENT
20170408212906,SA1,900754,ROBERT,JORAM,IDENT
20170408212908,SA6,900406,CHAUREMBO,MWINYI,IDENT
20170408212919,SA1,900764,OMBENI,MICHAEL,IDENT
20170408212948,SA1,900742,PROSPER,POLITHO,IDENT
20170408212951,SA1,900232,MATIKO ,MICHAEL,IDENT
20170408212955,SA1,900490,TWAHA,MGUHI,IDENT
20170408213013,SA1,900741,ERICK,LUWUNGO,IDENT
20170408213047,SA5,901094,MARTINA,FISSO,IDENT
20170408213051,SA1,900858,MUHSIN,ATHUMANI,IDENT
20170408213053,SA5,901209,MIRIAM,MNDEWA,IDENT
20170408213129,SA1,900740,SPEDICTOR,NGOGO,IDENT
20170408213137,SA1,900207,ADELE,NJOCHOLA,IDENT
20170408213156,SA5,901408,SAIDI,MAKALA,IDENT
20170408213202,SA5,901425,HIDAYA,KASSIM,IDENT
20170408213207,SA1,900755,NICHALAUS,AUGUSTINO,IDENT
20170408213252,SA1,900214,BRUNO,FREDRICK,IDENT
20170408213252,SA5,901287,REGINA,JEMES,IDENT
20170408213302,SA5,901305,DIANA,KIBASA,IDENT
20170408213332,SA5,901388,OSWALD,SHILLA,IDENT
20170408213402,SA5,901302,ASHA,SHOMARI,IDENT
20170408213409,SA5,901399,DIANA,NDONGO,IDENT
20170408213416,SA5,900894,NURU,MAKANDE,IDENT
20170408213431,SA5,901572,WAISAHA,PATRICK,IDENT
20170408213454,SA5,901286,AGNES,LUCAS,IDENT
20170408213459,SA5,901299,SAUDA,MATOWELA,IDENT
20170408213507,SA5,901423,CONSOLATHA,JOSEPH,IDENT
20170408213528,SA5,901210,ROSE,CHUWA,IDENT
20170408213541,SA6,900396,ANDREW,MSANGI,IDENT
20170408213603,SA5,901019,ASHA,NGAMBA,IDENT
20170408213620,SA5,901229,ANNA,NGAPONDA,IDENT
20170408213627,SA5,900875,ASHA,MALINBWI,IDENT
20170408213634,SA5,901204,SOPHIA,LUGOME,IDENT
20170408213640,SA5,900886,ELIZABERTH,KIJA,IDENT
20170408213642,SA1,900751,TUSKAR,HALFANI,IDENT
20170408213646,SA1,900795,ALLY,LIKIWA,IDENT
20170408213705,SA5,900896,HADIJA , KIHEGO,IDENT
20170408213728,SA5,901418,ISAYA ,SAWASAWA,IDENT
20170408213810,SA6,901573,DAUDI,NYASHIMO,IDENT
20170408213900,SA5,901389,OMARY,JUMA,IDENT
20170408213958,SA5,901384,JOSHUA,KITUNDU,IDENT
20170408214015,SA5,901349,HABIBU,BAKARI,IDENT
20170408214021,SA1,900242,WILSON,ANYNGISE,IDENT
20170408214046,SA4,901205,JAMILA,MASONGI,IDENT
20170408214049,SA5,901397,LINETH,KYARUS,IDENT
20170408214057,SA5,901381,DOROSTA,CLEMANCE,IDENT
20170408214147,SA1,900779,MUSTAFA,HAMISI,IDENT
20170408214151,SA6,900391,ALLY,MASHAURI,IDENT
20170408214154,SA1,900821,SAWA,SWAHA,IDENT
20170408214222,SA5,901317,ASHA,HAMISI,IDENT
20170408214311,SA5,900907,PAULINA,DEVA,IDENT
20170408214322,SA5,901236,FATIMA,ALLY,IDENT
20170408214335,SA5,901405,ABDANI,SHILLA,IDENT
20170408214336,SA6,900480,RASHID,MOHAMED,IDENT
20170408214405,SA5,901568,YASINTA,MKIWA,IDENT
20170408214423,SA6,900433,HARUNI,MKAMA,IDENT
20170408214427,SA5,901048,HALIMA,IDDI,IDENT
20170408214433,SA5,900917,SALMA,DIWILE,IDENT
20170408214439,SA5,901385,ABDALLA,MGAYA,IDENT
20170408214445,SA5,901427,JESCA,NGUMBU,IDENT
20170408214506,SA5,900864,TECLA,SAMWEL,IDENT
20170408214506,SA1,900384,ABDALLA,SAIDI,IDENT
20170408214512,SA5,901319,CHRISTINA,TATI,IDENT
20170408214522,SA5,901280,WHITNESS,MSAGATI,IDENT
20170408214732,SA5,901004,ZAHARA,YANGE,IDENT
20170408214738,SA5,901320,REHEMA,ALLY,IDENT
20170408214751,SA5,901327,EMERY,MSUNGU,IDENT
20170408214755,SA5,900862,EDINA,MWAKYOMA,IDENT
20170408214827,SA5,901248,MAGRETH,MASAWE,IDENT
20170408214847,SA5,901086,ELIWAZA,MWIGOHA,IDENT
20170408214857,SA5,901345,ALHAJI,KIHIYO,IDENT
20170408214842,SA1,900437,HUSSEIN,MBONDE,IDENT
20170408214923,SA5,900867,AISHA,KIUMBA,IDENT
20170408214926,SA1,900403,BEDA,YUDA,IDENT
20170408214939,SA5,901402,ALLY,SELEMAN,IDENT
20170408214942,SA5,901379,JUMA,MAKALA,IDENT
20170408214958,SA5,901288,EPIPHANIA,LUKWI,IDENT
20170408215014,SA1,900778,MARIAM,MICHAEL,IDENT
20170408215035,SA6,900148,JUDITH,MALISA,IDENT
20170408215036,SA1,900817,MOSES,MASENGA,IDENT
20170408215041,SA5,901386,SHAMSI,MUHITI,IDENT
20170408215043,SA6,900575,CHRISTINA ,SENYANGWA,IDENT
20170408215046,SA5,901343,SEBASTIAN,KIPINGU,IDENT
20170408215051,SA5,901377,HUSSEIN,MANYEMBA,IDENT
20170408215056,SA5,901281,JOSEPH,MUSUGULI,IDENT
20170408215103,SA1,900392,ALLY,MBEGU,IDENT
20170408215119,SA5,901404,AWAZI,SALIM,IDENT
20170408215141,SA5,901395,HASHIM,HAIZA,IDENT
20170408215159,SA1,900811,JUMA,HUMBE,IDENT
20170408215202,SA5,901350,ALFRED,CHARLES,IDENT
20170408215226,SA5,901311,LOYCE,MASKINI,IDENT
20170408215233,SA5,901376,ZAINABU ,SALUM,IDENT
20170408215248,SA5,901430,JOYCE,SEMWENDA,IDENT
20170408215259,SA5,901380,BISURA,MCHELEO,IDENT
20170408215303,SA5,901323,AMINA,HAMISI,IDENT
20170408215329,SA1,900815,METHOD,DEDA,IDENT
20170408215344,SA5,901154,SALAMA,ALLY,IDENT
20170408215358,SA1,900749,EZEKIEL,SOLO,IDENT
20170408215406,SA1,900727,GEORGE,GREAD,IDENT
20170408215412,SA1,900746,GEDION,BUTENGE,IDENT
20170408215420,SA5,901064,SAID,RAMADHANI,IDENT
20170408215452,SA6,900489,TUMAINI,MNZAVA,IDENT
20170408215516,SA6,900579,GRAYSON,KUNZUGALA,IDENT
20170408215522,SA5,900897,SWAUMU,SAIDI,IDENT
20170408215538,SA5,901306,VAILETH,NGULO,IDENT
20170408215539,SA6,900567,BAKARI,BELEKETE,IDENT
20170408215546,SA5,901202,VITALIS,KESSI,IDENT
20170408215552,SA5,901097,EMANUEL,MSOKWA,IDENT
20170408215557,SA5,901201,DEOGRATIUS,KESSY,IDENT
20170408215604,SA5,901314,JANE,NYAGAWA,IDENT
20170408215609,SA5,901390,SHABANI,HUSEN,IDENT
20170408215615,SA5,901162,MWANAHARUSI,MOHAMED,IDENT
20170408215616,SA6,900487,STEPHEN,KAMBWEMBWE,IDENT
20170408215623,SA5,900950,ASHURA,ATHUMAN,IDENT
20170408215633,SA5,901300,ANNA,TEMBA,IDENT
20170408215701,SA5,900883,EDINA,ABED,IDENT
20170408215707,SA5,901012,FATUMA,KABUMA,IDENT
20170408215711,SA5,900901,NEEMA,NYAKOKI,IDENT
20170408215720,SA5,900939,STELLA,MAGOGWA,IDENT
20170408215723,SA5,901277,NEEMA,UISO,IDENT
20170408215728,SA5,901017,CATHERINE,NYEMA,IDENT
20170408215741,SA1,900786,FARAJI,KILUWA,IDENT
20170408215745,SA5,901013,YASINTA,SHELUBANZI,IDENT
20170408215747,SA1,900760,OMARY,MHAGAMA,IDENT
20170408215748,SA5,901342,ANDREW,KILUGWA,IDENT
20170408215754,SA1,900745,YUSUPH,NGAPAWA,IDENT
20170408215807,SA5,901322,SARAH,ALLY,IDENT
20170408215851,SA5,901211,ANNA,KIMARO,IDENT
20170408215856,SA5,901307,MATRIDA,CHUVAKA,IDENT
20170408215918,SA5,901291,AISHA,ISSA,IDENT
20170408215918,SA1,900809,JAMES,MWENDA,IDENT
20170408215923,SA5,901095,BEATA,KOMBA,IDENT
20170408215930,SA1,900243,YOHANA,ALLY,IDENT
20170408215958,SA5,901356,ZAMDA,NGWABAYA,IDENT
20170408215959,SA6,900473,NAOMI,GONDA,IDENT
20170408220003,SA1,900781,GERALD,JOHN,IDENT
20170408220003,SA5,901362,JULIETH,GODFREY,IDENT
20170408220006,SA6,900428,GLADIS,MAZENGO,IDENT
20170408220008,SA5,901363,ZUCRA,SWEDI,IDENT
20170408220010,SA6,900417,FABIAN,FABIAN,IDENT
20170408220013,SA5,900879,RAHMA,KILO,IDENT
20170408220018,SA6,900423,GARDINO,MHIMBA,IDENT
20170408220027,SA5,901051,HABIBA,PAZZI,IDENT
20170408220034,SA5,901369,RECHO,MSHUMBUSI,IDENT
20170408220042,SA5,901371,YASINTA,LEKERI,IDENT
20170408220059,SA6,900476,RAMADHANI,IDD,IDENT
20170408220105,SA5,900856,MWAJAMBU,HAMAD,IDENT
20170408220110,SA5,901417,REHEMA,SINDANO,IDENT
20170408220120,SA5,901298,SWAUMU,MZIRAI,IDENT
20170408220127,SA6,900139,IDD,YUSUFU,IDENT
20170408220128,SA5,901353,DOREEN,MDOE,IDENT
20170408220134,SA6,900112,ABDALLAH,MIKALAMBILO,IDENT
20170408220137,SA5,900914,HAWA,MWIMBE,IDENT
20170408220143,SA5,901368,NAOMI,YUSUPH,IDENT
20170408220143,SA1,900763,SALEHE,NJAGE,IDENT
20170408220146,SA1,900739,EMENUEL,KYEJO,IDENT
20170408220151,SA5,900943,MWAMINI,MPANGULE,IDENT
20170408220153,SA1,900386,ABDALLAH ,RAMADHANI,IDENT
20170408220157,SA5,900849,IRENE,MMARI,IDENT
20170408220207,SA5,901354,AISHAH,OTHUMANI,IDENT
20170408220215,SA5,901324,MARIAM,YAHAYA,IDENT
20170408220220,SA5,901364,SALAFINA,KISAPI,IDENT
20170408220226,SA5,901071,YUNIS,NDAIGA,IDENT
20170408220230,SA5,901344,JACKSON,ATANUS,IDENT
20170408220235,SA5,900905,AMINA,MUHIDINI,IDENT
20170408220243,SA5,901056,ANGELA,MWAKAPALILA,IDENT
20170408220250,SA5,901309,SALMA,RAFIKI,IDENT
20170408220302,SA1,900213,BEDASTUS,PIUS,IDENT
20170408220313,SA5,900881,ZAINABU,SAIDI,IDENT
20170408220314,SA1,900238,SAIMON,TARIMO,IDENT
20170408220321,SA5,901029,MARIAM,MWETEMBO,IDENT
20170408220328,SA5,900947,ANNA,GODISON,IDENT
20170408220333,SA5,901359,VILET,MHELUKA,IDENT
20170408220340,SA5,900961,ELIZABETH,FRANCISCO,IDENT
20170408220346,SA5,901059,JAZIRA,RAMADHANI,IDENT
20170408220352,SA5,901035,AGNES,NKONJELWA,IDENT
20170408220354,SA6,900469,MICHAEL,MDACHI,IDENT
20170408220359,SA5,900916,SABINA,KINGIMALI,IDENT
20170408220406,SA5,900899,MAGDALENA,SIMAO,IDENT
20170408220411,SA5,901025,ASHURA,HAMISI,IDENT
20170408220415,SA5,901392,STELLA,MTALLO,IDENT
20170408220425,SA5,900868,MAIMUNA,JARUFU,IDENT
20170408220431,SA5,900865,CHRISTINA,MAGOWELA,IDENT
20170408220433,SA1,900442,ITIKA,DICKSON,IDENT
20170408220437,SA5,900891,HINESS,KAAYA,IDENT
20170408220445,SA5,900898,RUKIA,MATAUKA,IDENT
20170408220454,SA5,900959,REHEMA,LYOWA,IDENT
20170408220502,SA5,900860,AGNESS,LUHUNGO,IDENT
20170408220507,SA5,901152,STELLA,MWAKATOBE,IDENT
20170408220515,SA5,900927,SAADA,SALUM,IDENT
20170408220520,SA5,901184,GRACE,NGALABA,IDENT
20170408220526,SA5,901111,ASIA,MSHAMU,IDENT
20170408220539,SA1,900756,HUSSEIN,KANDORO,IDENT
20170408220546,SA1,900233,MUSSSA,ABDALLAH,IDENT
20170408220550,SA1,900723,SAIDI,JUMANE,IDENT
20170408220559,SA5,901406,PASCAL,STANLEY,IDENT
20170408220611,SA5,901338,WAZIRI,WAZIRI,IDENT
20170408220626,SA5,900919,ANNA,MPUGE,IDENT
20170408220656,SA6,900161,PILLI ,MOHAMED,IDENT
20170408220747,SA1,900793,ABDUL,MAINGO,IDENT
20170408220809,SA6,900153,MUSSA,KIGUNGAS,IDENT
20170408220835,SA5,900931,JOHARI,KIMARO,IDENT
20170408221116,SA6,900170,REHEMA,CHINUNJE,IDENT
20170408221242,SA5,901046,GRADIS,MAGANA,IDENT
20170408221458,SA5,901266,AZIZA,KAKOMBE,IDENT
20170408221508,SA5,901571,ENOCK,ELIA,IDENT
20170408221834,SA1,900231,MARKO,SHIMIZI,IDENT
20170408223629,SA5,900949,MUHINA,GOMBE,IDENT
20170409044517,SA6,900544,YUSUPH,MTUTUMA,IDENT
20170409050026,SA6,900037,MOHAMED,MKALA,IDENT
20170409050314,SA6,900251,AMRI,WAZIRI,IDENT
20170409050536,SA1,900001,ABDALLAH,JUMANNE,IDENT
20170409052423,SA1,900555,MHEZIWA,MALEWA,IDENT
20170409053028,SA1,900232,MATIKO ,MICHAEL,IDENT
20170409054112,SA5,901568,YASINTA,MKIWA,IDENT
20170409054122,SA5,901385,ABDALLA,MGAYA,IDENT
20170409054147,SA1,900756,HUSSEIN,KANDORO,IDENT
20170409054152,SA1,900749,EZEKIEL,SOLO,IDENT
20170409054218,SA1,900811,JUMA,HUMBE,IDENT
20170409054514,SA1,900816,MICHAEL,HUSEIN,IDENT
20170409054610,SA1,900045,SAIDI,MNDOLWA,IDENT
20170409054645,SA1,900727,GEORGE,GREAD,IDENT
20170409054649,SA1,900751,TUSKAR,HALFANI,IDENT
20170409054701,SA1,900781,GERALD,JOHN,IDENT
20170409054706,SA1,900739,EMENUEL,KYEJO,IDENT
20170409054719,SA1,900757,JOSEPH,HEMA,IDENT
20170409054724,SA1,900786,FARAJI,KILUWA,IDENT
20170409054728,SA1,900760,OMARY,MHAGAMA,IDENT
20170409054731,SA1,900243,YOHANA,ALLY,IDENT
20170409054737,SA1,900243,YOHANA,ALLY,IDENT
20170409054739,SA1,900783,DAMIAN,ALONE,IDENT
20170409054748,SA1,900746,GEDION,BUTENGE,IDENT
20170409054807,SA1,900778,MARIAM,MICHAEL,IDENT
20170409054929,SA1,900209,ANGELA,MBESIGWE,IDENT
20170409055012,SA5,901386,SHAMSI,MUHITI,IDENT
20170409055201,SA6,900036,MOHAMED,MAJUJULO,IDENT
20170409055253,SA5,901405,ABDANI,SHILLA,IDENT
20170409055305,SA5,900887,ELITABETH,GOMELO,IDENT
20170409055313,SA5,901180,FURAHA,TEMBA,IDENT
20170409055319,SA5,901072,TATU,ATHUMAN,IDENT
20170409055331,SA1,900795,ALLY,LIKIWA,IDENT
20170409055335,SA1,900821,SAWA,SWAHA,IDENT
20170409055339,SA1,900392,ALLY,MBEGU,IDENT
20170409055344,SA1,900779,MUSTAFA,HAMISI,IDENT
20170409055349,SA1,900742,PROSPER,POLITHO,IDENT
20170409055354,SA6,900124,DAUDI,ELIFALETH,IDENT
20170409055359,SA5,901381,DOROSTA,CLEMANCE,IDENT
20170409055400,SA1,900723,SAIDI,JUMANE,IDENT
20170409055418,SA1,900752,SIMON,MAPUNDA,IDENT
20170409055438,SA6,900051,SUDI,KHALFANI,IDENT
20170409055448,SA6,900627,BAHATI,KAPIGA,IDENT
20170409055523,SA6,900164,RAMADHANI ,BAKARI,IDENT
20170409055532,SA6,900036,MOHAMED,MAJUJULO,IDENT
20170409055558,SA5,900907,PAULINA,DEVA,IDENT
20170409055609,SA5,901423,CONSOLATHA,JOSEPH,IDENT
20170409055626,SA5,901209,MIRIAM,MNDEWA,IDENT
20170409055633,SA5,901094,MARTINA,FISSO,IDENT
20170409055638,SA5,901277,NEEMA,UISO,IDENT
20170409055643,SA5,901399,DIANA,NDONGO,IDENT
20170409055643,SA1,900763,SALEHE,NJAGE,IDENT
20170409055650,SA5,901376,ZAINABU ,SALUM,IDENT
20170409055655,SA5,901079,AGNESS,HAJI,IDENT
20170409055702,SA5,901319,CHRISTINA,TATI,IDENT
20170409055707,SA5,901427,JESCA,NGUMBU,IDENT
20170409055713,SA5,900960,AGNESS,NAWAHIGA,IDENT
20170409055729,SA5,901287,REGINA,JEMES,IDENT
20170409055734,SA5,901404,AWAZI,SALIM,IDENT
20170409055741,SA5,901302,ASHA,SHOMARI,IDENT
20170409055808,SA5,901323,AMINA,HAMISI,IDENT
20170409055826,SA6,900251,AMRI,WAZIRI,IDENT
20170409055835,SA5,901417,REHEMA,SINDANO,IDENT
20170409055843,SA5,901020,VICTORIA,MWALUANDA,IDENT
20170409055849,SA5,901162,MWANAHARUSI,MOHAMED,IDENT
20170409055909,SA6,900406,CHAUREMBO,MWINYI,IDENT
20170409055911,SA1,900724,HASANI,MRISHO,IDENT
20170409055914,SA1,900227,JOSEPH,NGANILWA,IDENT
20170409055918,SA1,900769,JAMES,MACKLINE,IDENT
20170409055920,SA5,901019,ASHA,NGAMBA,IDENT
20170409055923,SA1,900238,SAIMON,TARIMO,IDENT
20170409055930,SA1,900745,YUSUPH,NGAPAWA,IDENT
20170409055933,SA1,900809,JAMES,MWENDA,IDENT
20170409055934,SA6,900396,ANDREW,MSANGI,IDENT
20170409055939,SA5,901378,HOYCE,TILLYA,IDENT
20170409055947,SA5,901082,EDINA,JOHN,IDENT
20170409055951,SA6,900433,HARUNI,MKAMA,IDENT
20170409055957,SA6,900153,MUSSA,KIGUNGAS,IDENT
20170409060002,SA5,901425,HIDAYA,KASSIM,IDENT
20170409060008,SA5,901317,ASHA,HAMISI,IDENT
20170409060013,SA5,901299,SAUDA,MATOWELA,IDENT
20170409060021,SA5,901286,AGNES,LUCAS,IDENT
20170409060022,SA6,900170,REHEMA,CHINUNJE,IDENT
20170409060028,SA1,900213,BEDASTUS,PIUS,IDENT
20170409060029,SA5,901300,ANNA,TEMBA,IDENT
20170409060036,SA5,901229,ANNA,NGAPONDA,IDENT
20170409060042,SA5,901305,DIANA,KIBASA,IDENT
20170409060055,SA5,901350,ALFRED,CHARLES,IDENT
20170409060103,SA5,901327,EMERY,MSUNGU,IDENT
20170409060109,SA5,901389,OMARY,JUMA,IDENT
20170409060116,SA5,901388,OSWALD,SHILLA,IDENT
20170409060123,SA5,901384,JOSHUA,KITUNDU,IDENT
20170409060132,SA5,901395,HASHIM,HAIZA,IDENT
20170409060137,SA5,901408,SAIDI,MAKALA,IDENT
20170409060145,SA5,901349,HABIBU,BAKARI,IDENT
20170409060151,SA5,901345,ALHAJI,KIHIYO,IDENT
20170409060157,SA5,900949,MUHINA,GOMBE,IDENT
20170409060159,SA6,900048,SHELLA,MFAUME,IDENT
20170409060205,SA5,901418,ISAYA ,SAWASAWA,IDENT
20170409060220,SA5,900867,AISHA,KIUMBA,IDENT
20170409060226,SA5,901211,ANNA,KIMARO,IDENT
20170409060235,SA1,900490,TWAHA,MGUHI,IDENT
20170409060240,SA1,900817,MOSES,MASENGA,IDENT
20170409060243,SA1,900815,METHOD,DEDA,IDENT
20170409060247,SA1,900793,ABDUL,MAINGO,IDENT
20170409060253,SA6,900487,STEPHEN,KAMBWEMBWE,IDENT
20170409060255,SA1,900403,BEDA,YUDA,IDENT
20170409060258,SA1,900822,MENRUFU,PILLY,IDENT
20170409060301,SA6,900575,CHRISTINA ,SENYANGWA,IDENT
20170409060304,SA1,900437,HUSSEIN,MBONDE,IDENT
20170409060340,SA5,901392,STELLA,MTALLO,IDENT
20170409060345,SA5,901086,ELIWAZA,MWIGOHA,IDENT
20170409060359,SA6,900148,JUDITH,MALISA,IDENT
20170409060404,SA5,901307,MATRIDA,CHUVAKA,IDENT
20170409060424,SA5,900873,SELEN,JUMA,IDENT
20170409060436,SA2,901236,FATIMA,ALLY,IDENT
20170409060456,SA2,901204,SOPHIA,LUGOME,IDENT
20170409060506,SA6,900417,FABIAN,FABIAN,IDENT
20170409060528,SA2,901210,ROSE,CHUWA,IDENT
20170409060537,SA2,901205,JAMILA,MASONGI,IDENT
20170409060601,SA2,900948,VERONICA,MFILINGE,IDENT
20170409060607,SA5,901048,HALIMA,IDDI,IDENT
20170409060616,SA5,900917,SALMA,DIWILE,IDENT
20170409060620,SA2,900977,MWANAHAMISI,MUNKUNDA,IDENT
20170409060622,SA5,900894,NURU,MAKANDE,IDENT
20170409060640,SA2,900987,PILLY,MWAWILA,IDENT
20170409060823,SA5,900864,TECLA,SAMWEL,IDENT
20170409060824,SA2,901054,FATUMA,MUHANDO,IDENT
20170409060828,SA2,901075,AGATHA,JAMALI,IDENT
20170409060859,SA5,901266,AZIZA,KAKOMBE,IDENT
20170409060845,SA1,900233,MUSSSA,ABDALLAH,IDENT
20170409061041,SA5,900886,ELIZABERTH,KIJA,IDENT
20170409061046,SA5,900896,HADIJA , KIHEGO,IDENT
20170409061046,SA6,900285,NKWABI,MDEHWA,IDENT
20170409061118,SA6,900596,DAVID,MWAMPAMBA,IDENT
20170409061438,SA6,900169,REHEMA,YUSUFU,IDENT
20170409061626,SA5,900875,ASHA,MALINBWI,IDENT
20170409061712,SA2,901046,GRADIS,MAGANA,IDENT
20170409061800,SA5,900919,ANNA,MPUGE,IDENT
20170409061830,SA6,900685,VICTOR,MBUNDAMILA,IDENT
20170409061958,SA6,900046,SALUM,NDEGE,IDENT
20170409062124,SA1,900249,AMIRI,MZEE,IDENT
20170409062227,SA6,900626,AUGUSTINO,CHITANDA,IDENT
20170409062423,SA6,900476,RAMADHANI,IDD,IDENT
20170409062623,SA6,900647,JOHANSEN,MPANJU,IDENT
20170409062750,SA5,901261,ZAINA,KILWANDA,IDENT
20170409063051,SA6,900261,FRANCIS,MAKOTI,IDENT
20170409063117,SA6,900127,DUNCAN,MHANDO,IDENT
20170409063142,SA6,900035,MOHAMED,HAUSI,IDENT
20170409063650,SA6,900116,ASHA,ALLY,IDENT
20170409063738,SA6,900047,SAMSON,SHILA,IDENT
20170409063743,SA6,900047,SAMSON,SHILA,IDENT
20170409063830,SA6,900583,REGINALD,MICHAEL,IDENT
20170409064103,SA2,900902,SAKINA,MAWEMBA,IDENT
20170409064811,SA5,901012,FATUMA,KABUMA,IDENT
20170409065254,SA6,901149,EPIFANI, MBOKO,IDENT
20170409065319,SA6,901573,DAUDI,NYASHIMO,IDENT
20170409065857,SA6,900138,HUSSEIN,SHABANI,IDENT
20170409070802,SA6,900436,HONEST,MATEMU,IDENT
20170409074653,SA6,900124,DAUDI,ELIFALETH,IDENT
20170409080100,SA2,901062,RASHID,MDOE,IDENT
20170409081340,SA6,900120,BENEDICTO,MBOKO,IDENT
20170409083032,SA6,901433,ESTER,THEOFIL,IDENT
20170409083429,SA6,900171,ROBERT,MFUNI,IDENT
20170409084225,SA6,900405,CHARLES,WILLIAM,IDENT
