20160708081106,SA1,900506,JOE ,MATANDU,IDENT
20160708081133,SA1,901577,SALEEM,KHATRI,IDENT
20160708081141,SA1,900497,EMANUEL,NGIMBUZI,IDENT
20160708081147,SA1,900239,SOPHIA,MUSHI,IDENT
20160708081254,SA6,900644,FARIDA,RUBANZA,IDENT
20160708081259,SA6,901437,HASSAN,KAJUA,IDENT
20160708081322,SA6,900682,BENEDICT,ELIAS,IDENT
20160708081342,SA6,900151,LISSY,KIGONJOLA,IDENT
20160708081349,SA1,900558,FRANCIS,MFIKWA,IDENT
20160708081414,SA6,900155,MWANAFATIMA,MATIPA,IDENT
20160708081447,SA1,900225,JOHN,FREDRICK,IDENT
20160708081608,SA6,900416,ERICK,DAUD,IDENT
20160708081615,SA6,900123,CHARLES,LUSWETULA,IDENT
20160708081731,SA1,900024,JOSEPH,TWALIB,IDENT
20160708081917,SA6,900388,AGNES,SHAYO,IDENT
20160708082022,SA6,E078,SANJAY,GOYAL,IDENT
20160708082026,SA6,E067,ANKIT,JAIN,IDENT
20160708082044,SA6,900113,ABDUL,KAHENEKO,IDENT
20160708082311,SA6,E068,RANJEET SINGH,SAINI,IDENT
20160708082315,SA6,E033,SATISH,KRISHNASWAMY,IDENT
20160708082329,SA6,900452,KENNEDY,KIMARO,IDENT
20160708082333,SA6,E077,SUMIT,BHATNAGAR,IDENT
20160708082510,SA6,900280,TADEO,MWINGIZI,IDENT
20160708082517,SA6,900009,ASHA,HAMISI,IDENT
20160708082538,SA6,E013,GIRIRAJ,SHARMA,IDENT
20160708083532,SA6,E045,SURESH,PS,IDENT
20160708083539,SA6,900681,ABUBAKARI,MGAZA,IDENT
20160708083618,SA6,900413,ELIBAHATI,JOSEPH,IDENT
20160708083840,SA6,901436,HAMISI,KAVINGA,IDENT
20160708083853,SA6,900629,MICHAEL,ZAMBETAKIS,IDENT
20160708085447,SA6,901439,MUSA,MZEE,IDENT
20160708090120,SA6,900044,REGINARD,MSHANGA,IDENT
20160708090446,SA6,900270,HASSAN,KIGWIO,IDENT
20160708100234,SA6,900011,BLANTINA,MLOWE,IDENT
20160708124554,SA6,900019,HAMISI,MADODO,IDENT
20160708124758,SA6,900002,ABDALLAH,MWEYO,IDENT
20160708130421,SA6,900054,THOMAS,MGABO,IDENT
20160708131011,SA1,900222,HENRY,NGOWI,IDENT
20160708131905,SA6,900036,MOHAMED,MAJUJULO,IDENT
20160708132738,SA6,900162,PILLY,MANENO,IDENT
20160708132728,SA1,900249,AMIRI,MZEE,IDENT
20160708133008,SA1,900238,SAIMON,TARIMO,IDENT
20160708133343,SA5,901386,SHAMSI,MUHITI,IDENT
20160708133358,SA1,900724,HASANI,MRISHO,IDENT
20160708133414,SA1,900594,GASPER,MATALO,IDENT
20160708133417,SA5,901281,JOSEPH,MUSUGULI,IDENT
20160708133429,SA5,901391,GEOFREY,MAPESA,IDENT
20160708133443,SA5,901397,LINETH,KYARUS,IDENT
20160708133449,SA5,901353,DOREEN,MDOE,IDENT
20160708133457,SA5,901351,BARNABA,EDWARD,IDENT
20160708133506,SA6,900166,RAMADHANI,KIPENGELE,IDENT
20160708133510,SA5,901311,LOYCE,MASKINI,IDENT
20160708133514,SA1,900442,ITIKA,DICKSON,IDENT
20160708133526,SA5,901360,MARRY,MASULUBE,IDENT
20160708133640,SA4,901091,FARIDA,LYIMO,IDENT
20160708133704,SA4,900937,UPENDO,MLEWA,IDENT
20160708133710,SA4,901102,ORIVER,DAUD,IDENT
20160708133729,SA4,900999,ROSE,MWAMAKOLA,IDENT
20160708133802,SA4,900918,MARIAM,RAMADHANI,IDENT
20160708133813,SA5,901387,GODFREY,YALED,IDENT
20160708133813,SA4,901128,ZAITUNI,SOGOI,IDENT
20160708133817,SA1,900717,GODFREY,LAMBAU,IDENT
20160708133820,SA5,901296,STELLA,LUGOME,IDENT
20160708133821,SA4,901163,SIJALI,MKELE,IDENT
20160708133825,SA2,900960,AGNESS,NAWAHIGA,IDENT
20160708133827,SA5,901428,YOHANA,LEONARD,IDENT
20160708133840,SA4,901074,VERONICA,KIMWAGA,IDENT
20160708133847,SA4,900995,MARY,KIAMA,IDENT
20160708133909,SA6,900169,REHEMA,YUSUFU,IDENT
20160708133911,SA1,900718,WILSON,ALOIS,IDENT
20160708133914,SA4,901005,HADIJJA,KIJUU,IDENT
20160708133920,SA1,900754,ROBERT,JORAM,IDENT
20160708133920,SA2,901056,ANGELA,MWAKAPALILA,IDENT
20160708133927,SA4,901252,JENIPHA,CHIZA,IDENT
20160708133932,SA6,900135,HALIMA,NGAMZI,IDENT
20160708133935,SA4,901275,SALOME,KINUNDA,IDENT
20160708133941,SA6,900051,SUDI,KHALFANI,IDENT
20160708133948,SA4,901008,GRESS,KOBA,IDENT
20160708133956,SA4,901120,MERCY,MONGI,IDENT
20160708134003,SA4,901116,GRACE,KAHANGE,IDENT
20160708134008,SA4,900888,AMINA,NGAINA,IDENT
20160708134010,SA2,901064,SAID,RAMADHANI,IDENT
20160708134028,SA4,901001,AMINA,MUYA,IDENT
20160708134036,SA1,900384,ABDALLA,SAIDI,IDENT
20160708134040,SA2,901071,YUNIS,NDAIGA,IDENT
20160708134041,SA1,900775,SABATO,JULIUS,IDENT
20160708134041,SA4,901028,REHEMA,KWENGWEGU,IDENT
20160708134044,SA1,900770,ANDERSON,KIKOTI,IDENT
20160708134045,SA4,901207,AISHA,ABEID,IDENT
20160708134046,SA1,900858,MUHSIN,ATHUMANI,IDENT
20160708134051,SA4,901119,LINA,MLAWA,IDENT
20160708134055,SA6,900159,PAMELA,KUSALIKA,IDENT
20160708134109,SA5,901398,MAGRETH,LUGERA,IDENT
20160708134115,SA4,901209,MIRIAM,MNDEWA,IDENT
20160708134120,SA5,901066,ZULEHA,MOHAMED,IDENT
20160708134121,SA4,901222,DEBORA,FILIPATALI,IDENT
20160708134128,SA2,900976,LUCY,STANLEY,IDENT
20160708134134,SA4,901053,DORIS,JOHN,IDENT
20160708134150,SA4,900966,ZUHURA,KIJIMBO,IDENT
20160708134153,SA2,901204,SOPHIA,LUGOME,IDENT
20160708133948,SA3,901254,NURAT,JAFARI,IDENT
20160708133953,SA3,901081,PILI,MDEDE,IDENT
20160708134144,SA1,900792,IDDI,IDDI,IDENT
20160708134156,SA1,900814,MARTIN,MUHANDO,IDENT
20160708134159,SA1,900421,FRANK ,MUSHI,IDENT
20160708134210,SA4,900952,SALAMA,MOHAMAD,IDENT
20160708134214,SA4,901131,ESTA,KWEKA,IDENT
20160708134217,SA4,901161,NURU,MOHAMED,IDENT
20160708134227,SA5,901342,ANDREW,KILUGWA,IDENT
20160708134234,SA4,901233,SAMI,MTITIMA,IDENT
20160708134234,SA5,901343,SEBASTIAN,KIPINGU,IDENT
20160708134237,SA2,901011,JANE,SIMON,IDENT
20160708134248,SA2,900978,ELIZABETH,ZAE,IDENT
20160708134256,SA2,901084,MARIA ,SANGA,IDENT
20160708134303,SA2,901041,JACKLINI,MBOYA,IDENT
20160708134305,SA1,900542,POUL,KIBELA,IDENT
20160708134308,SA2,901085,ELIZABETH,NYAMBO,IDENT
20160708134309,SA4,901240,CANDY,ABRAHAM,IDENT
20160708134313,SA2,901038,AMINA,MDOE,IDENT
20160708134320,SA4,900870,GOMERY,DAUDI,IDENT
20160708134323,SA4,900900,HELENA,SENZUGWAKO,IDENT
20160708134323,SA2,900907,PAULINA,DEVA,IDENT
20160708134327,SA2,901103,MWATANGA,DIENI,IDENT
20160708134329,SA4,901211,ANNA,KIMARO,IDENT
20160708134331,SA2,901070,FLORA,MSAMLA,IDENT
20160708134332,SA4,901206,AISHA,MKUMBA,IDENT
20160708134337,SA4,901003,SALAMA,KADALA,IDENT
20160708134338,SA2,901220,AGNESS,MWAMBENGO,IDENT
20160708134344,SA4,901272,NDEKESIO,SIKAWA,IDENT
20160708134350,SA2,900887,ELITABETH,GOMELO,IDENT
20160708134356,SA4,901125,TAUSI,SHABANI,IDENT
20160708134356,SA1,900795,ALLY,LIKIWA,IDENT
20160708134401,SA1,900809,JAMES,MWENDA,IDENT
20160708134404,SA4,901165,FATUMA,ABDALLAH,IDENT
20160708134406,SA1,900822,MENRUFU,PILLY,IDENT
20160708134409,SA4,901138,JOYCE,CHEMRA,IDENT
20160708134410,SA5,901373,ADELA,MSAGA,IDENT
20160708134411,SA2,900923,HELENA,KHAJI,IDENT
20160708134411,SA1,900755,NICHALAUS,AUGUSTINO,IDENT
20160708134415,SA5,901378,HOYCE,TILLYA,IDENT
20160708134416,SA4,901029,MARIAM,OMAR,IDENT
20160708134420,SA5,901375,PILLI,CHOLOGONDO,IDENT
20160708134420,SA4,901057,ANNA,KITOMARY,IDENT
20160708134422,SA1,900463,MARTENUS,MAPESA,IDENT
20160708134423,SA4,901171,ESTHER,MUNGUTI,IDENT
20160708134426,SA6,900611,EVARIST,MPINGAURUGU,IDENT
20160708134429,SA4,901106,MARYNIA,KAYOMBO,IDENT
20160708134443,SA4,901106,MARYNIA,KAYOMBO,IDENT
20160708134446,SA4,901018,AISHA,KIBINDO,IDENT
20160708134456,SA6,900433,HARUNI,MKAMA,IDENT
20160708134500,SA6,900148,JUDITH,MALISA,IDENT
20160708134502,SA4,901213,HABIBA,NJIKU,IDENT
20160708134506,SA4,901191,ROSE,BENARD,IDENT
20160708134519,SA4,901069,ELIZABETH,MRAMU,IDENT
20160708134523,SA5,901417,REHEMA,SINDANO,IDENT
20160708134527,SA5,901297,STELLA,MAKUNDI,IDENT
20160708134528,SA4,901225,NOELA,YALOT,IDENT
20160708134538,SA6,900541,GOLDEN,MDUBA,IDENT
20160708134540,SA5,901058,HAMIDA,MATIPA,IDENT
20160708134544,SA4,901205,JAMILA,MASONGI,IDENT
20160708134551,SA4,900958,SOPHIA,LIKONGO,IDENT
20160708134554,SA4,900929,HALIMA,SEIF,IDENT
20160708134558,SA4,901077,CONSOLATH,MATERU,IDENT
20160708134602,SA4,901216,ASHA,RAMADHANI,IDENT
20160708134612,SA5,901315,FIDEA,AGUSTINO,IDENT
20160708134618,SA5,900853,DEVOTHA,ELIAS,IDENT
20160708134623,SA4,901169,VERONICA,LECHIPYA,IDENT
20160708134629,SA2,900886,ELIZABERTH,KIJA,IDENT
20160708134635,SA2,900954,HABIBA,MDOSE,IDENT
20160708134637,SA5,901419,JENIPHA,MWILONGO,IDENT
20160708134655,SA2,900889,SALMA,MWAWILA,IDENT
20160708134704,SA6,900124,DAUDI,ELIFALETH,IDENT
20160708134717,SA2,901073,SALMA,MUHARAMU,IDENT
20160708134700,SA4,900926,AMINA,KONDO,IDENT
20160708134709,SA5,901337,SALUM,LINJA,IDENT
20160708134709,SA4,901036,AZIZA,MANGETU,IDENT
20160708134717,SA4,901019,ASHA,NGAMBA,IDENT
20160708134721,SA5,901401,GASPAL,MKOBA,IDENT
20160708134726,SA1,900747,ADAM,MASALE,IDENT
20160708134731,SA4,900873,SELEN,JUMA,IDENT
20160708134735,SA1,900729,MOHAMED,KOMBO,IDENT
20160708134741,SA1,900782,JANETH,DADAA,IDENT
20160708134742,SA4,900866,FLORA,DAMAS,IDENT
20160708134742,SA2,900965,HERMAN,MAKOKO,IDENT
20160708134746,SA4,900942,CHRISTINA,MWENDA,IDENT
20160708134747,SA1,900281,NAYOPA,MTENDECHI,IDENT
20160708134748,SA2,901099,TAUS,MUSTAPHA,IDENT
20160708134748,SA6,900056,YESAYA,NTUNDUU,IDENT
20160708134750,SA1,900732,ELIA,FRANCIS,IDENT
20160708134753,SA4,901157,DAVID,JUMA,IDENT
20160708134758,SA4,900844,AISHA,MSOMI,IDENT
20160708134801,SA2,901236,FATIMA,ALLY,IDENT
20160708134806,SA4,900880,MWANAHAMISI,MAREKANO,IDENT
20160708134809,SA4,900990,JANE,MHONGOLE,IDENT
20160708134818,SA4,901177,ASHA,MAVENGELO,IDENT
20160708134820,SA4,900991,CHRISTINA,JAILOS,IDENT
20160708134825,SA4,900973,SHARIFA,LIYAYA,IDENT
20160708134826,SA2,900949,MUHINA,GOMBE,IDENT
20160708134828,SA4,900922,BAHATI,SALEHE,IDENT
20160708134831,SA4,901141,HADIJA,SALUM,IDENT
20160708134833,SA2,900987,PILLY,MWAWILA,IDENT
20160708134834,SA6,900040,MWAJUMA,KATONA,IDENT
20160708134836,SA4,901100,REHEMA,SALEHE,IDENT
20160708134901,SA5,901361,MARRY,MLIUNJA,IDENT
20160708134907,SA5,901227,MWAMVITA,MWAIPOPO,IDENT
20160708134912,SA5,900855,SINAHIA,OMARI,IDENT
20160708134923,SA4,900984,SALAMA,BIGE,IDENT
20160708134938,SA5,901370,MARIAM,MJELELE,IDENT
20160708134940,SA2,901258,ATHUMAN,KILINDU,IDENT
20160708134942,SA5,901338,WAZIRI,WAZIRI,IDENT
20160708134944,SA4,901145,ADELINA,MALEMA,IDENT
20160708134944,SA1,900762,SAID,MOHAMED,IDENT
20160708134946,SA2,901158,ALOYCE,IZINA,IDENT
20160708134949,SA2,900969,JEMA,SALUM,IDENT
20160708134954,SA2,900982,MWANAKOMBO,KHALID,IDENT
20160708134954,SA4,901197,RASHID,NJERAN,IDENT
20160708134957,SA4,901250,JENIPHA,DAMIAN,IDENT
20160708135000,SA2,901176,FATUMA,MASOUD,IDENT
20160708135004,SA2,901000,AGNES,MTYANGILE,IDENT
20160708135016,SA4,900956,DIANA,LEMA,IDENT
20160708135020,SA4,901257,FRIDA,MHELELA,IDENT
20160708135022,SA1,900784,WILLIAM,MSOLOKA,IDENT
20160708135030,SA6,900647,JOHANSEN,MPANJU,IDENT
20160708135038,SA1,900774,MBEWE,ELIUS,IDENT
20160708135038,SA4,901268,ANITHA,KWIMBA,IDENT
20160708135043,SA2,901006,RUKIA,ALLY,IDENT
20160708135043,SA4,901033,TATU,ISSA,IDENT
20160708135046,SA2,900986,KAUSE,ABDALLAH,IDENT
20160708135046,SA4,901172,AGNES,STEVEN,IDENT
20160708135050,SA2,901166,SAUDA,MAULID,IDENT
20160708135052,SA4,901144,ESTHER,NAPENGWA,IDENT
20160708135056,SA4,901140,ASHURA,MGENI,IDENT
20160708135103,SA1,900211,BARAKA,MAKI,IDENT
20160708135104,SA4,900895,CATHERINE,CHIGOGOLO,IDENT
20160708135108,SA4,901249,HILDA,MWAZEMBE,IDENT
20160708135110,SA4,901153,MAGRETH,ZANUARI,IDENT
20160708135114,SA4,901221,TEDDY,MAGAMBO,IDENT
20160708135119,SA4,900893,JOYCE,MCHOMVU,IDENT
20160708135121,SA5,901126,YUNIS,LULANDALA,IDENT
20160708135121,SA4,900882,WINIFRIDA,MALISELINO,IDENT
20160708135135,SA2,901044,SUZANA,KIMARO,IDENT
20160708135229,SA2,900876,MWASITI,MAULID,IDENT
20160708135234,SA2,901060,MARTHA,GABRIEL,IDENT
20160708135240,SA6,900444,JOHN,MEDA,IDENT
20160708135006,SA3,900955,MWANAHAMISI,MAKUNGANYA,IDENT
20160708135041,SA3,900896,HADIJA , KIHEGO,IDENT
20160708135154,SA1,900801,DAVID ,MWANJA,IDENT
20160708135158,SA1,900815,METHOD,DEDA,IDENT
20160708135204,SA4,901061,MWAJUMA,ABDALLAH,IDENT
20160708135213,SA5,901346,FRANK,MANDI,IDENT
20160708135233,SA4,900903,RUKIA,MOHAMED,IDENT
20160708135236,SA4,900935,ZAINABU,SINGANO,IDENT
20160708135237,SA5,900850,ROSE,KITALI,IDENT
20160708135240,SA4,901122,NEEMA,FANUEL,IDENT
20160708135241,SA2,901065,ZAINABU,KARUMUNA,IDENT
20160708135243,SA4,901118,LILIAN,MREMA,IDENT
20160708135246,SA3,901248,MAGRETH,MASAWE,IDENT
20160708135249,SA4,900971,NAOMI,SAMWELI,IDENT
20160708135249,SA5,901232,ZAMDA,HASSAN,IDENT
20160708135249,SA2,901039,JULIANA,SUKU,IDENT
20160708135252,SA4,900864,TECLA,SAMWEL,IDENT
20160708135252,SA2,901049,REDEMTA,DANIEL,IDENT
20160708135258,SA5,901208,SARAH,MWINANI,IDENT
20160708135300,SA4,900875,ASHA,MALINBWI,IDENT
20160708135306,SA4,900911,NEEMA,URASSA,IDENT
20160708135307,SA5,901290,AGNES,SALAWA,IDENT
20160708135314,SA5,901055,ZAINABU,OMARY,IDENT
20160708135318,SA5,901307,MATRIDA,CHUVAKA,IDENT
20160708135318,SA4,901093,SHARON,IBRAHIM,IDENT
20160708135321,SA4,900861,MWAJABU,BAKARI,IDENT
20160708135324,SA4,901247,KULUTHUM,CHILEMILE,IDENT
20160708135329,SA5,901280,WHITNESS,MSAGATI,IDENT
20160708135330,SA4,900924,DEBORA,HOSSA,IDENT
20160708135336,SA5,901344,JACKSON,ATANUS,IDENT
20160708135336,SA4,900892,MWANIA,PEMBE,IDENT
20160708135337,SA2,900936,SOPHIA,MBONDE,IDENT
20160708135340,SA4,901139,HAPPY ,ZAKAYO,IDENT
20160708135344,SA4,900928,MARIA,MAGWE,IDENT
20160708135357,SA4,901002,MARIAM,SABURI,IDENT
20160708135407,SA4,901226,MARTHA,MAKASHA,IDENT
20160708135409,SA5,901331,DIANA,KABYEMELA,IDENT
20160708135412,SA5,901409,MAGRETH,NGOSI,IDENT
20160708135416,SA5,901319,CHRISTINA,TATI,IDENT
20160708135419,SA5,901288,EPIPHANIA,LUKWI,IDENT
20160708135432,SA6,900046,SALUM,NDEGE,IDENT
20160708135432,SA2,901559,MARIAM,JUMA,IDENT
20160708135448,SA1,900227,JOSEPH,NGANILWA,IDENT
20160708135449,SA4,901014,LUCY,THOMAS,IDENT
20160708135508,SA2,901024,ASIA,KARATA,IDENT
20160708135516,SA2,900946,RAHMA,MWIMBA,IDENT
20160708135519,SA6,900134,GRACE,KIM,IDENT
20160708135528,SA5,901407,AMINA,MSINGWA,IDENT
20160708135531,SA5,901321,ELIZABET,MHIMBA,IDENT
20160708135537,SA5,901303,TAUSI,KATULA,IDENT
20160708135541,SA1,900772,ERICK,KAZIMOTO,IDENT
20160708135546,SA6,E032,SANKARAN,JAYARAM,IDENT
20160708135550,SA2,900912,MWAJUMA,KITANI,IDENT
20160708135606,SA4,901224,ANNA,NYAKAPALA,IDENT
20160708135609,SA5,901179,AMANDA,KWEZI,IDENT
20160708135614,SA4,900975,EDINA,MZUNGU,IDENT
20160708135621,SA2,900874,LUCY,ELIAS,IDENT
20160708135642,SA2,901031,AMINA,BAKARI,IDENT
20160708135645,SA5,901347,JAMES,MAJIJI,IDENT
20160708135648,SA2,900877,IRENE,GABRIEL,IDENT
20160708135649,SA5,901313,FATUMA,KAUNDA,IDENT
20160708135654,SA5,901377,HUSSEIN,MANYEMBA,IDENT
20160708135659,SA6,900404,BRYANT,NYENYEMBE,IDENT
20160708135710,SA2,901016,HALIFA,MOHAMED,IDENT
20160708135726,SA6,900575,CHRISTINA ,SENYANGWA,IDENT
20160708135728,SA2,901154,SALAMA,ALLY,IDENT
20160708135352,SA3,901101,RAJABU,MOHAMMED,IDENT
20160708135402,SA3,900920,PILLI,SAIDI,IDENT
20160708135626,SA1,900426,GESAGA,RAMADHANI,IDENT
20160708135645,SA1,900386,ABDALLAH ,RAMADHANI,IDENT
20160708135700,SA4,901142,SOPHIA,YUSUPH,IDENT
20160708135707,SA4,900847,ZAINABU,SINGANO,IDENT
20160708135711,SA4,901228,CESILIA,MBABUYE,IDENT
20160708135739,SA4,901156,SAID,HAMISI,IDENT
20160708135742,SA2,100956,HADIJA,SALUM,IDENT
20160708135743,SA1,900459,KULWA,MLYASANZA,IDENT
20160708135751,SA5,901289,CONSOLATHA,RAPHAEL,IDENT
20160708135807,SA1,900740,SPEDICTOR,NGOGO,IDENT
20160708135830,SA5,901308,MADINA,ATHUMANI,IDENT
20160708135909,SA5,901358,MWANAHAMIS ,MSUYA,IDENT
20160708135913,SA5,901314,JANE,NYAGAWA,IDENT
20160708135915,SA4,901183,YASINTA,MKIWA,IDENT
20160708135915,SA5,901314,JANE,NYAGAWA,IDENT
20160708135933,SA1,900154,MWAJUMA,MSAKUZI,IDENT
20160708135938,SA4,900970,MARIA,ELIESEL,IDENT
20160708135944,SA4,901090,HADIJA,JUMA,IDENT
20160708135945,SA5,901390,SHABANI,HUSEN,IDENT
20160708135953,SA4,901045,ASHURA,KATULA,IDENT
20160708140001,SA5,901306,VAILETH,NGULO,IDENT
20160708140003,SA4,901137,SOFIA,KIUMBE,IDENT
20160708140005,SA4,900904,ANNA,MAGEMBE,IDENT
20160708140009,SA4,901129,FELISTA,NYAHENGE,IDENT
20160708140009,SA5,901282,ADAM,MUSSA,IDENT
20160708140015,SA4,900968,TAUSI,SIMBA,IDENT
20160708140019,SA4,901230,KUDRA,BAKARI,IDENT
20160708140021,SA6,900168,RAZAKI,MTINDA,IDENT
20160708140022,SA4,901174,BETH,NGADADA,IDENT
20160708140029,SA4,900997,MARY,ONDURU,IDENT
20160708140035,SA4,901218,JANE,RYOBA,IDENT
20160708140039,SA4,900913,ASHURA,NGUMBE,IDENT
20160708140041,SA4,901022,SILIVIA,SHAYO,IDENT
20160708140047,SA4,901046,GRADIS,MAGANA,IDENT
20160708140052,SA1,900736,KANUNU,THABIT,IDENT
20160708140052,SA4,901089,HARUNA,ATHUMANI,IDENT
20160708140056,SA4,901173,BAHATI,MAKAMBA,IDENT
20160708140102,SA4,901114,FARIDA,AMBLOS,IDENT
20160708140108,SA4,901121,MWATANGA,ALLY,IDENT
20160708140110,SA4,901043,ANNA,JOHN,IDENT
20160708140129,SA4,901123,REBECA,KALOFU,IDENT
20160708140136,SA5,901155,GRACE,MUHONO,IDENT
20160708140139,SA5,901219,MARIAM,MUSSA,IDENT
20160708140142,SA5,901293,JOHARI,MAHARIA,IDENT
20160708140146,SA2,901051,HABIBA,PAZZI,IDENT
20160708140131,SA3,901198,MANEO,ATHUMANI,IDENT
20160708140136,SA1,900826,VITALIS,HOTTI,IDENT
20160708140141,SA3,900939,STELLA,MAGOGWA,IDENT
20160708140148,SA3,901017,CATHERINE,NYEMA,IDENT
20160708140156,SA1,900737,EXPEDTO,MKONGWE,IDENT
20160708140204,SA1,900721,GISELA,SHAYO,IDENT
20160708140215,SA4,901027,EDDA,MWAKIBINGWA,IDENT
20160708140217,SA3,901201,DEOGRATIUS,KESSY,IDENT
20160708140217,SA5,901322,SARAH,ALLY,IDENT
20160708140224,SA5,901295,ELLASIA,WILLIUM,IDENT
20160708140225,SA3,901203,STANLEY,KIGUNGA,IDENT
20160708140226,SA4,900981,FIDES,MONGI,IDENT
20160708140229,SA4,901160,SAUDA,MCHECHE,IDENT
20160708140229,SA3,900898,RUKIA,MATAUKA,IDENT
20160708140229,SA1,900790,ISIHAKA,IDDI,IDENT
20160708140230,SA5,901277,NEEMA,UISO,IDENT
20160708140235,SA1,900807,GODRICH,MCHOMVU,IDENT
20160708140238,SA1,900440,IDRISA,KIMARO,IDENT
20160708140242,SA5,200018,ABDALAH,SUDY,IDENT
20160708140246,SA4,901143,LINES,PILLI,IDENT
20160708140246,SA3,901229,ANNA,NGAPONDA,IDENT
20160708140251,SA1,900730,UHURU,MARWA,IDENT
20160708140251,SA5,901410,ALFRED,MUGHWAI,IDENT
20160708140255,SA5,901414,EMMANUEL,BANDIKO,IDENT
20160708140255,SA3,900884,HADIJA,GOGO,IDENT
20160708140301,SA1,900744,SILVESTER,KAHINDI,IDENT
20160708140303,SA4,901127,ZAHARA,MBELWA,IDENT
20160708140306,SA4,901029,MARIAM,MWETEMBO,IDENT
20160708140310,SA1,900771,DATIUS,MARTINE,IDENT
20160708140311,SA4,901117,HIDAYA,MASOUD,IDENT
20160708140314,SA5,901429,REHEMA,MAZEKU,IDENT
20160708140315,SA4,901136,HONORATA,SHAYO,IDENT
20160708140319,SA1,900748,EDWARD,DAWSON,IDENT
20160708140323,SA4,901112,BUSHRA,SALUM,IDENT
20160708140328,SA4,900988,UPENDO,PETER,IDENT
20160708140331,SA1,900812,LEONARD,NYANGO,IDENT
20160708140332,SA4,901124,TABIA,OMARY,IDENT
20160708140336,SA4,900996,LILIAN,RASHIDI,IDENT
20160708140339,SA6,900115,AKIDA,DUGANGE,IDENT
20160708140340,SA5,901283,KEDMOND,KAMOGA,IDENT
20160708140340,SA1,900217,FRED,JAMES,IDENT
20160708140345,SA1,900816,MICHAEL,HUSEIN,IDENT
20160708140349,SA4,901168,REHEMA ,MWASOMOLA,IDENT
20160708140351,SA1,901557,WALTER,MAYA,IDENT
20160708140355,SA4,901244,SWAUMU,HIMBU,IDENT
20160708140357,SA1,900797,ASHAM,MUSA,IDENT
20160708140411,SA4,901030,VERONICA,WANGWE,IDENT
20160708140415,SA5,901403,RUBUNDA,NJELELE,IDENT
20160708140416,SA4,900901,NEEMA,NYAKOKI,IDENT
20160708140423,SA4,900917,SALMA,DIWILE,IDENT
20160708140424,SA5,901012,FATUMA,KABUMA,IDENT
20160708140426,SA2,900879,RAHMA,KILO,IDENT
20160708140428,SA4,901034,STAMILI,MUSSA,IDENT
20160708140434,SA5,901412,ELIA,NGWALI,IDENT
20160708140435,SA4,900890,OLIVER,UDOBA,IDENT
20160708140435,SA1,900403,BEDA,YUDA,IDENT
20160708140440,SA5,901354,AISHAH,OTHUMANI,IDENT
20160708140445,SA5,901362,JULIETH,GODFREY,IDENT
20160708140446,SA1,900765,REBECA,GIDEON,IDENT
20160708140447,SA4,900992,AGNES,MEJA,IDENT
20160708140449,SA4,900994,MWAISHA,MWAMOTO,IDENT
20160708140452,SA4,900878,AISHA,KIZINGA,IDENT
20160708140453,SA1,900767,GLADNESS,KAIRUKI,IDENT
20160708140455,SA4,901235,TUMAIN,MUNGURE,IDENT
20160708140459,SA4,901104,MWANAHAWA,HASSAN,IDENT
20160708140500,SA1,900800,NAPEGWA,JACOB,IDENT
20160708140508,SA4,901184,GRACE,NGALABA,IDENT
20160708140508,SA6,900399,ATHUMANI,JUMA,IDENT
20160708140509,SA1,900825,TITO,MWAMBE,IDENT
20160708140517,SA4,901269,AISHA,HALFAN,IDENT
20160708140526,SA4,901026,FATUMA,KONYO,IDENT
20160708140529,SA4,901238,MARIAM,SELEMANI,IDENT
20160708140530,SA1,900777,MNADI,MRAJAA,IDENT
20160708140533,SA4,900972,SAFINA,ABEID,IDENT
20160708140537,SA4,901185,JOYCE,SAMWEL,IDENT
20160708140541,SA4,901088,JANETH,MUONDO,IDENT
20160708140545,SA4,901260,AISHA,MNEKA,IDENT
20160708140548,SA4,901047,MWAJUMA,HAMIS,IDENT
20160708140552,SA5,901284,MOHAMED,IDDI,IDENT
20160708140603,SA6,900449,JUMA,SANGAYA,IDENT
20160708140603,SA4,900993,MARIAM,MSUMALI,IDENT
20160708140606,SA4,901052,SUZANA,NAPANGA,IDENT
20160708140609,SA4,901135,REHEMA,OMARY,IDENT
20160708140612,SA4,901190,NEEMA,MNYALAPE,IDENT
20160708140618,SA4,901212,JASMINI,MOHAMED,IDENT
20160708140626,SA4,901194,ELINA,ABEL,IDENT
20160708140626,SA5,901381,DOROSTA,CLEMANCE,IDENT
20160708140627,SA6,900662,ABDALLAH,ABEID,IDENT
20160708140629,SA5,901416,YONA,MUSA,IDENT
20160708140632,SA2,900950,ASHURA,ATHUMAN,IDENT
20160708140720,SA6,900138,HUSSEIN,SHABANI,IDENT
20160708140725,SA2,901079,AGNESS,HAJI,IDENT
20160708140304,SA3,900868,MAIMUNA,JARUFU,IDENT
20160708140310,SA3,901059,JAZIRA,RAMADHANI,IDENT
20160708140330,SA3,900916,SABINA,KINGIMALI,IDENT
20160708140333,SA3,900894,NURU,MAKANDE,IDENT
20160708140339,SA3,900863,ANNA,MICHAEL,IDENT
20160708140343,SA3,900860,AGNESS,LUHUNGO,IDENT
20160708140356,SA3,900914,HAWA,MWIMBE,IDENT
20160708140441,SA3,901152,STELLA,MWAKATOBE,IDENT
20160708140501,SA3,900865,CHRISTINA,MAGOWELA,IDENT
20160708140506,SA3,901004,ZAHARA,YANGE,IDENT
20160708140511,SA3,900883,EDINA,ABED,IDENT
20160708140513,SA3,901048,HALIMA,IDDI,IDENT
20160708140516,SA3,900919,ANNA,MPUGE,IDENT
20160708140519,SA3,900925,REGINA,THOMAS,IDENT
20160708140529,SA3,901025,ASHURA,HAMISI,IDENT
20160708140605,SA3,900951,MWAJUMA,AIDAN,IDENT
20160708140616,SA3,901098,GERALD,MBAUKA,IDENT
20160708140620,SA3,900915,DOROTHEA,KILO,IDENT
20160708140622,SA1,900455,KHALFAN,OMARI,IDENT
20160708140625,SA1,900806,GODFREY,KIHAWA,IDENT
20160708140633,SA1,900578,MTARI,MAGINGA,IDENT
20160708140644,SA3,901251,GATI,NYANTUMAN,IDENT
20160708140644,SA1,900466,MATHEW,PHILIP,IDENT
20160708140646,SA1,900813,LEONARD,PETER,IDENT
20160708140704,SA3,900921,MWAJUMA,IDDI,IDENT
20160708140710,SA4,901195,RAYMOND,BUKOJI,IDENT
20160708140710,SA5,901363,ZUCRA,SWEDI,IDENT
20160708140716,SA4,901181,ASNA,SPRIAN,IDENT
20160708140718,SA4,901193,VICTORIA,MWAMPEGETE,IDENT
20160708140722,SA3,900906,MARYSTELA,MCHOME,IDENT
20160708140734,SA4,901256,AVERINA,AMANDUS,IDENT
20160708140734,SA1,900212,BATHOLOMEO,MUSA,IDENT
20160708140739,SA4,901107,MUHIDINI,HASSAN,IDENT
20160708140743,SA3,900908,SALMA,RWAMBANO,IDENT
20160708140751,SA5,901340,FELIX,MAKANYA,IDENT
20160708140752,SA3,901096,SAMWELI,MANGARE,IDENT
20160708140753,SA1,900719,STEPHAN,SIMON,IDENT
20160708140758,SA4,900881,ZAINABU,SAIDI,IDENT
20160708140801,SA4,901063,RACHEL,MZOROZORO,IDENT
20160708140802,SA1,900720,FRANCIS,RAFAEL,IDENT
20160708140805,SA5,901371,YASINTA,LEKERI,IDENT
20160708140807,SA1,900456,KHALIFA,BASHILI,IDENT
20160708140808,SA5,901366,LYDIA,MAKENE,IDENT
20160708140821,SA4,901113,ELIZABETH,SHIRIMA,IDENT
20160708140827,SA4,900985,BAHATI,SARAPIONI,IDENT
20160708140831,SA4,901007,MODESTA,JOGOO,IDENT
20160708140834,SA4,901182,RENIFRIDA,NGUMBU,IDENT
20160708140836,SA1,900750,JACOB,KAWALE,IDENT
20160708140838,SA4,900967,FATUMA,MTAMBUA,IDENT
20160708140840,SA4,901013,YASINTA,SHELUBANZI,IDENT
20160708140847,SA5,901255,ASHA,BILALI,IDENT
20160708140850,SA6,900164,RAMADHANI ,BAKARI,IDENT
20160708140917,SA6,900658,MWASITI,LABOA,IDENT
20160708140924,SA4,901050,MARIAM,SAIDI,IDENT
20160708140927,SA5,901365,JOYCE,SWILLAH,IDENT
20160708140931,SA5,901345,ALHAJI,KIHIYO,IDENT
20160708140931,SA6,900469,MICHAEL,MDACHI,IDENT
20160708140943,SA4,901132,HEAVENLIGHT,NKYA,IDENT
20160708140944,SA2,901175,SALMA,RAMADHAN,IDENT
20160708140948,SA2,101510,SALOME,DUA,IDENT
20160708140952,SA2,901162,MWANAHARUSI,MOHAMED,IDENT
20160708140957,SA2,901075,AGATHA,JAMALI,IDENT
20160708140958,SA4,901042,FARIDA,NDAUKE,IDENT
20160708141002,SA2,901109,AMINA,MNYIFUNA,IDENT
20160708141006,SA4,901170,BAHATI,SHABANI,IDENT
20160708141009,SA2,900998,ASHA,MOHAMED,IDENT
20160708141013,SA2,901217,VIVIAN,MWANGATA,IDENT
20160708141016,SA2,900961,ELIZABETH,FRANCISCO,IDENT
20160708141017,SA4,901274,AMINA,KAHABUKA,IDENT
20160708141022,SA4,900891,HINESS,KAAYA,IDENT
20160708141023,SA2,900932,MONICA,LIGOMBAIKA,IDENT
20160708141027,SA5,901374,NASRA,HAMADI,IDENT
20160708141030,SA4,900974,ZAWADI,SADIKI,IDENT
20160708141034,SA4,901023,AMINA,CHAKWE,IDENT
20160708141035,SA2,901009,MOSHI,SAIDI,IDENT
20160708141040,SA4,900846,SARA,CHIDUNI,IDENT
20160708141041,SA2,901055,FATUMA,MUHANDO,IDENT
20160708141045,SA2,901271,RACHEL,MCHOVU,IDENT
20160708141045,SA1,900716,JUMA,JUMANNE,IDENT
20160708141050,SA2,900851,SOPHIA,ZONGORI,IDENT
20160708141054,SA1,900731,HUSSAIN,HAMADI,IDENT
20160708141055,SA2,901094,MARTINA,FISSO,IDENT
20160708141057,SA2,901067,HELENA,SAMWELI,IDENT
20160708141103,SA2,901072,TATU,ATHUMAN,IDENT
20160708141105,SA4,901111,ASIA,MSHAMU,IDENT
20160708141111,SA2,901083,EDINA,JOHN,IDENT
20160708141134,SA6,900409,DANIEL,MROPE,IDENT
20160708141137,SA5,901108,AISHA,WILLIUM,IDENT
20160708141147,SA2,901092,ASIA,JUMA,IDENT
20160708141151,SA2,900957,HADIJA,MKOTA,IDENT
20160708141201,SA2,901192,ASMA,KONDO,IDENT
20160708141210,SA2,101513,HADIJA,MPAMBA,IDENT
20160708141215,SA6,900586,MOHAMED,SOLOKA,IDENT
20160708140814,SA3,900885,AMINA,MZARA,IDENT
20160708140933,SA3,901062,RASHID,MDOE,IDENT
20160708141040,SA3,901196,BONIPHACE,NGESI,IDENT
20160708141052,SA3,900871,MWANAHAMISI,NDOLWA,IDENT
20160708141129,SA1,900244,YOHA,MSANGI,IDENT
20160708141136,SA1,900776,ZUBERI,MOHAMED,IDENT
20160708141204,SA4,901215,MWANAIDI,KOLOKO,IDENT
20160708141209,SA4,900953,JANE,LUSENDELA,IDENT
20160708141210,SA5,901234,ANITHA,AHALIELI,IDENT
20160708141220,SA1,900820,SALUM,KAISI,IDENT
20160708141225,SA4,901076,AGNESS,NGAPONDA,IDENT
20160708141226,SA1,900819,PATRICK,MTONDOLA,IDENT
20160708141234,SA1,900808,HEONANI,BAJANA,IDENT
20160708141235,SA5,901383,JOAN,OMANDI,IDENT
20160708141237,SA4,901241,FATUMA,JUMA,IDENT
20160708141240,SA5,901392,STELLA,MTALLO,IDENT
20160708141240,SA1,900477,RAMADHANI,LUBASHA,IDENT
20160708141242,SA4,901243,PLAKSEDA,AKIZAMUNGU,IDENT
20160708141245,SA1,900738,MOHAMED,NGODA,IDENT
20160708141301,SA1,900768,FILAN,FATAEL,IDENT
20160708141306,SA1,900743,JUMA,ISEMA,IDENT
20160708141315,SA1,900441,ISSA,KAISI,IDENT
20160708141327,SA1,900213,BEDASTUS,PIUS,IDENT
20160708141337,SA1,900799,RAJABU,RUBASHA,IDENT
20160708141343,SA4,900899,MAGDALENA,SIMAO,IDENT
20160708141349,SA6,900568,GODWIN,KIRIA,IDENT
20160708141357,SA6,901149,EPIFANI, MBOKO,IDENT
20160708141411,SA2,901164,SWAUMU,KAYANDA,IDENT
20160708141422,SA4,901253,JOYCE,KESI,IDENT
20160708141440,SA1,900823,TADEO,MAPEMA,IDENT
20160708141445,SA2,900964,RAPHAEL,MBOKO,IDENT
20160708141446,SA1,900759,ELIAS,YAKOB,IDENT
20160708141454,SA1,900758,MOHAMEDY,ATHUMANI,IDENT
20160708141455,SA4,901245,EVERINA,MKETO,IDENT
20160708141459,SA1,900761,CHRISTOPHER,MFUNGO,IDENT
20160708141539,SA1,900803,EMMANUEL,YOUZE,IDENT
20160708141606,SA4,901187,MONICA,SHEMBONI,IDENT
20160708141619,SA4,901223,HAPPY,MKWEPU,IDENT
20160708141642,SA6,900099,AMIN,JUMA,IDENT
20160708141648,SA6,900584,LUCY,MACHAI,IDENT
20160708141654,SA4,901242,ISSA,MFAUME,IDENT
20160708141607,SA3,901246,VERONICA,MTENGWA,IDENT
20160708141640,SA3,901148,IBRAHIM,MZENTO,IDENT
20160708141658,SA4,901095,BEATA,KOMBA,IDENT
20160708141702,SA4,901130,NURU,DAUDI,IDENT
20160708141721,SA3,900977,MWANAHAMISI,MUNKUNDA,IDENT
20160708141814,SA1,900415,EMMANUEL,JONAS,IDENT
20160708141851,SA1,900272,ISRAEL,GYUNA,IDENT
20160708141913,SA5,901336,ISMAIL,MHINA,IDENT
20160708142032,SA1,900214,BRUNO,FREDRICK,IDENT
20160708142116,SA6,900580,BARAKA,MAGAFU,IDENT
20160708142227,SA6,900140,IGNATUS,MLANGWA,IDENT
20160708142331,SA2,901115,FROLA,SIKWEMBE,IDENT
20160708142415,SA6,900473,NAOMI,GONDA,IDENT
20160708142423,SA6,900428,GLADIS,MAZENGO,IDENT
20160708142530,SA2,900934,MWAJABU,MARIDADI,IDENT
20160708142535,SA1,900728,JAMAL,MRISHO,IDENT
20160708142556,SA4,901264,HADIJA,RAMADHANI,IDENT
20160708142632,SA3,900943,MWAMINI,MPANGULE,IDENT
20160708142640,SA3,901186,FROLA,KILIMA,IDENT
20160708142641,SA6,900161,PILLI ,MOHAMED,IDENT
20160708142647,SA3,901189,KURUTHUM,KHAMISI,IDENT
20160708142708,SA3,900945,ELIZABETH,MREMA,IDENT
20160708143003,SA6,900050,STANLEY,JEREMIAH,IDENT
20160708143020,SA3,901105,MTUMWA,ALLY,IDENT
20160708143023,SA4,901037,FADINA,IBRAHIM,IDENT
20160708143026,SA3,900927,SAADA,SALUM,IDENT
20160708143029,SA6,900572,DOTO,KAJOGOO,IDENT
20160708143142,SA4,901015,JOYCE,CHACHA,IDENT
20160708143153,SA1,101945,JAMES,VALENTINE,IDENT
20160708143313,SA3,900963,MWAZANI,SAIDI,IDENT
20160708143524,SA6,900556,REGINA,NDALUHEKEYE,IDENT
20160708143616,SA3,900931,JOHARI,KIMARO,IDENT
20160708143648,SA6,900139,IDD,YUSUFU,IDENT
20160708143656,SA6,900112,ABDALLAH,MIKALAMBILO,IDENT
20160708143730,SA6,900582,ZABRON,TOSSI,IDENT
20160708143852,SA1,900220,HAMISI,NJOCHOLA,IDENT
20160708143922,SA2,900902,SAKINA,MAWEMBA,IDENT
20160708143955,SA6,900170,REHEMA,CHINUNJE,IDENT
20160708144053,SA6,900025,JOYCE,MAGANGA,IDENT
20160708144159,SA3,900856,MWAJAMBU,HAMAD,IDENT
20160708144154,SA1,900457,KHAMISI,MASUMBUKO,IDENT
20160708144204,SA1,900216,ELLY,MKONGWE,IDENT
20160708144525,SA2,901263,JAMIRA,SAIDI,IDENT
20160708144531,SA1,900773,FELIX,CHRISTOPHER,IDENT
20160708144748,SA4,900983,RUKIA,KONDO,IDENT
20160708145259,SA3,901150,CHRISTINA,MBODE,IDENT
20160708145527,SA1,900210,ASHA,HUSSEIN,IDENT
20160708145646,SA4,901133,HUSNA,SENGAMBA,IDENT
20160708145729,SA3,900959,REHEMA,LYOWA,IDENT
20160708145716,SA4,901237,ZUBEDA,KIMARO,IDENT
20160708145850,SA2,901078,NASMA,LINOGA,IDENT
20160708145928,SA4,900933,WINFRIDA,LUSEBA,IDENT
20160708150305,SA3,900905,AMINA,MUHIDINI,IDENT
20160708150311,SA3,901035,AGNES,NKONJELWA,IDENT
20160708150928,SA6,900128,ENELES,MBWAGA,IDENT
20160708152436,SA6,900173,SHARIFA,MRISHO,IDENT
20160708152714,SA2,901021,NEEMA ,MWANGO,IDENT
20160708154702,SA6,900130,FATUMA,CHOMBO,IDENT
20160708155025,SA6,900110,RASHID,ISSA,IDENT
20160708155857,SA4,901261,ZAINA,KILWANDA,IDENT
20160708160012,SA1,900804,FROLAH,MPONDO,IDENT
20160708160249,SA6,900099,AMIN,JUMA,IDENT
20160708160653,SA6,900271,HUSNA,SAID,IDENT
20160708160724,SA6,900127,DUNCAN,MHANDO,IDENT
20160708160729,SA5,901327,EMERY,MSUNGU,IDENT
20160708160757,SA1,900712,JUMA,JUMBE,IDENT
20160708161322,SA6,900171,ROBERT,MFUNI,IDENT
20160708161409,SA6,900120,BENEDICTO,MBOKO,IDENT
20160708161513,SA6,E032,SANKARAN,JAYARAM,IDENT
20160708161525,SA6,900389,AHMAD,KINDUMA,IDENT
20160708161720,SA1,900789,KAMPBONA,PASCAL,IDENT
20160708162201,SA6,900107,MSELEM,MSELEM,IDENT
20160708163111,SA1,900727,GEORGE,GREAD,IDENT
20160708163936,SA6,900432,HAMZA,ABDALLAH,IDENT
20160708164725,SA1,900843,KHALFANI,SHABAN,IDENT
20160708165143,SA1,900788,DEBORA,MWASOMOLA,IDENT
20160708165829,SA6,900397,ANNA,MOSHI,IDENT
20160708165847,SA1,900224,JABIRI,AMANZI,IDENT
20160708165956,SA5,901326,ALLY,MBONDE,IDENT
20160708170031,SA6,900184,JASPER,NGURUBE,IDENT
20160708170209,SA6,901560,FREDRICK,MUSHI,IDENT
20160708170243,SA2,100638,AMINA,CHETE,IDENT
20160708170246,SA2,101587,SHAMIM,FUNDI,IDENT
20160708170249,SA2,100633,HADIJA,MMANGA,IDENT
20160708170252,SA2,100624,HALIMA,KAMOTE,IDENT
20160708170257,SA5,901339,JAMES,MKONO,IDENT
20160708170315,SA6,900043,RANI,MOHAR,IDENT
20160708170334,SA6,900560,DEOGRASIAS,STEPHIN,IDENT
20160708170345,SA6,900454,KHALFAN,AMOUR,IDENT
20160708170400,SA6,900262,FRIDA, MWAMBEGELE,IDENT
20160708170429,SA1,900157,MZEE,KONDOWE,IDENT
20160708170442,SA1,900098,TATU,MTUPA,IDENT
20160708170446,SA1,900502,IMAM,AJABU,IDENT
20160708170457,SA6,900431,HAMADI,ZUBERI,IDENT
20160708170506,SA6,900591,RASHID ,MUNKENDA,IDENT
20160708170511,SA1,900780,THEO,MAPUNDA,IDENT
20160708170525,SA1,900236,PENDO,MAGIGE,IDENT
20160708170606,SA6,900439,IDDI,MOHAMED,IDENT
20160708170609,SA6,900581,SAADA,MUHINTE,IDENT
20160708170632,SA6,900029,JUMANNE,MBONDE,IDENT
20160708170709,SA6,900458,KIBWANA,SAIDI,IDENT
20160708170717,SA6,900400,BAHATI,LUBUVA,IDENT
20160708170730,SA6,101880,RICHARD,MAKASI,IDENT
20160708170733,SA6,900414,EMMANUEL ,SERAPHINE,IDENT
20160708170738,SA6,900131,FRANK,MAKWABU,IDENT
20160708170712,SA4,901273,HELLEN,KIZWALO,IDENT
20160708170744,SA5,901334,SHAIBU,KASANGA,IDENT
20160708170746,SA2,900979,FATUMA,MSAKUZI,IDENT
20160708170748,SA6,900468,MICHAEL,IBRAHIM,IDENT
20160708170751,SA2,900938,ISMAIL,THOMAS,IDENT
20160708170752,SA5,901332,NASRA,MSANYA,IDENT
20160708170800,SA5,901382,KONDO,MOHAMED,IDENT
20160708170815,SA6,901440,UMMY,KWANGALA,IDENT
20160708170827,SA4,901239,SAKINA,KIZEE,IDENT
20160708170832,SA6,900681,ABUBAKARI,MGAZA,IDENT
20160708170837,SA6,900016,FATUMA,HAMISI,IDENT
20160708170849,SA6,901435,FILES,MBANDO,IDENT
20160708170855,SA5,901335,YONA,MAPELELE,IDENT
20160708170905,SA6,101110,ESTER,THEOOFIL,IDENT
20160708170911,SA6,900387,ADAM,KINGU,IDENT
20160708170916,SA6,900701,MATHEW,NDANSHAU,IDENT
20160708170920,SA6,900416,ERICK,DAUD,IDENT
20160708170922,SA5,901329,ELIWA ,SHAO,IDENT
20160708170934,SA6,900103,FREDNAND,JACKSON,IDENT
20160708170940,SA1,900503,JANE,RWEHUMBIZA,IDENT
20160708170941,SA6,900470,MODEST,NJAU,IDENT
20160708170951,SA6,900393,ALLY,MTWALE,IDENT
20160708170954,SA6,900402,BARAKA,MVUNGI,IDENT
20160708170957,SA6,900435,HASSAN,NKHAMBI,IDENT
20160708171004,SA6,901265,FRANK ,RUZIGA,IDENT
20160708171017,SA6,900247,ALLY,SELEMANI,IDENT
20160708171046,SA6,900291,RASHIDI,MUSSSA,IDENT
20160708171053,SA6,900703,MUSSA,MTALI,IDENT
20160708171059,SA6,900465,MARTIN,KIDUNGU,IDENT
20160708171124,SA5,200171,RESPICIUS, NDYAMUKAMWA,IDENT
20160708171155,SA6,900566,ERICK,NDUNGURU,IDENT
20160708171222,SA6,900155,MWANAFATIMA,MATIPA,IDENT
20160708171236,SA6,900430,GWAKISA,MWAKASAGURE,IDENT
20160708171159,SA1,900571,FRANK,MALIMA,IDENT
20160708171257,SA5,901333,NEEMA,KILUZIA,IDENT
20160708171300,SA2,901449,BONIFAS,ANGANILE,IDENT
20160708171341,SA6,900156,MWANAISHA,UWESU,IDENT
20160708171454,SA6,900484,SHANI,MOHAMED,IDENT
20160708171527,SA6,900126,DORIKA,MALYANGO,IDENT
20160708171535,SA2,900859,MASANGULA,MASANGURA,IDENT
20160708171541,SA1,900237,SHOMARI,SELEMANI,IDENT
20160708171603,SA6,900574,FURAHA,MSAMBWA,IDENT
20160708171627,SA6,900472,MWALIMU,SELEMANI,IDENT
20160708171702,SA6,900114,ABEID,MOHAMED,IDENT
20160708171702,SA2,901441,CHRISTOPHER ,MUSHI,IDENT
20160708171708,SA2,100597,NOVATI,TARIMO,IDENT
20160708171710,SA2,901452,STEVEN,CHUWA,IDENT
20160708171729,SA6,900143,JACKLINE,MAIGA,IDENT
20160708171732,SA6,900143,JACKLINE,MAIGA,IDENT
20160708171637,SA1,900241,STANLEY,KASIAN,IDENT
20160708171812,SA2,200320,OMARI,OMAR,IDENT
20160708171824,SA6,900004,AGATHA,KAYOMBO,IDENT
20160708171833,SA6,900280,TADEO,MWINGIZI,IDENT
20160708172014,SA6,900467,MBARUKU,OSWAD,IDENT
20160708172033,SA2,200311,DAVID,BWILE,IDENT
20160708172134,SA6,900682,BENEDICT,ELIAS,IDENT
20160708172217,SA6,900620,AYOUB,MTAFUNGWA,IDENT
20160708172224,SA6,900137,HERIETH,MWELI,IDENT
20160708172254,SA6,900390,ALBERT,KANENDA,IDENT
20160708172349,SA1,101530,SIMON,YOHANA,IDENT
20160708172353,SA1,101143,ISMAIL,KONDO,IDENT
20160708172517,SA6,900488,THOBIAS,KIWELU,IDENT
20160708172601,SA1,900715,ELIASI,KIZITO,IDENT
20160708172720,SA1,101134,HASSAN,KAPANYA,IDENT
20160708172753,SA6,900452,KENNEDY,KIMARO,IDENT
20160708172834,SA2,901447,MASHAKA,MATEKELE,IDENT
20160708172837,SA2,200313,GADISON,ROSENIUS,IDENT
20160708172842,SA6,900268,GWANTWA,MWASYEBULE,IDENT
20160708172854,SA6,900292,ROSE,CHIKAWE,IDENT
20160708172918,SA3,901068,CATHERINE,MATENGO,IDENT
20160708173120,SA2,200349,FRANK,MOSHI,IDENT
20160708173127,SA2,901450,FARIDA,JUMA,IDENT
20160708173130,SA2,200321,HEMED,KAZEMBE,IDENT
20160708173147,SA4,900910,ZAINABU,SADALLAH,IDENT
20160708173152,SA6,901558,CONSOLATA,MDEMU,IDENT
20160708173158,SA6,900108,NORAH,CLEMENCE,IDENT
20160708173202,SA6,900644,FARIDA,RUBANZA,IDENT
20160708173210,SA2,200312,BARAKA,KATEGILE,IDENT
20160708173240,SA5,901278,HENRY ,CHELULA,IDENT
20160708173255,SA2,200348,JONASI,LUCAS,IDENT
20160708173407,SA6,E037,SRINIVAS,DANTU,IDENT
20160708173428,SA6,900481,RICHARD,KWEYAMBA,IDENT
20160708173624,SA6,E069,SHANTANU,KULKARNI,IDENT
20160708173725,SA2,200316,DENIS,JOHNSON,IDENT
20160708173743,SA2,200309,RAMADHANI,KIHILE,IDENT
20160708174014,SA2,100566,MKWAYA,TONGOLA,IDENT
20160708174027,SA1,101141,FRANK,RAPAHAEL,IDENT
20160708174033,SA2,900940,JUMANNE,ZONGO,IDENT
20160708174217,SA6,E045,SURESH,PS,IDENT
20160708174221,SA6,E041,JAGAN MOHAN,YERUVA,IDENT
20160708174124,SA1,900709,MRISHO,ATHUMANI,IDENT
20160708174243,SA6,E068,RANJEET SINGH,SAINI,IDENT
20160708174246,SA6,E060,ANOOP,TIWARI,IDENT
20160708174251,SA6,E077,SUMIT,BHATNAGAR,IDENT
20160708174305,SA1,101124,KHALIDI,KASSIMU,IDENT
20160708174322,SA6,900113,ABDUL,KAHENEKO,IDENT
20160708174327,SA1,101140,FAUSTINI,MGIMBA,IDENT
20160708174334,SA6,900420,FRANCIS,TESHA,IDENT
20160708174336,SA1,900547,COLMAN,KIWALE,IDENT
20160708174339,SA6,900132,FRIDA,KIGWA,IDENT
20160708174418,SA1,901575,LINDA,MLAY,IDENT
20160708174423,SA6,900144,JANE,MWAKABULUFU,IDENT
20160708174819,SA1,900219,GEORGE,SAMATA,IDENT
20160708174820,SA6,E032,SANKARAN,JAYARAM,IDENT
20160708174925,SA6,900460,LAMECK,ASSETO,IDENT
20160708175017,SA6,E076,KAILASH,MONEN,IDENT
20160708175212,SA4,900941,KULWA,MSUMA,IDENT
20160708175218,SA4,900944,FROLA,KAMARA,IDENT
20160708175305,SA6,900385,ABDALLAH,MOHAMED,IDENT
20160708175338,SA6,900446,JOSEPH,KIBASA,IDENT
20160708175401,SA6,E078,SANJAY,GOYAL,IDENT
20160708175424,SA6,900436,HONEST,MATEMU,IDENT
20160708175508,SA6,900407,CHRISTIAN ,NGONYANI,IDENT
20160708175522,SA1,900239,SOPHIA,MUSHI,IDENT
20160708175607,SA6,900174,SOSTHENES,MUKAMA,IDENT
20160708175715,SA6,900629,MICHAEL,ZAMBETAKIS,IDENT
20160708175614,SA1,101115,ATHUUMANI,HEMEDI,IDENT
20160708175629,SA1,900504,JEREMIA,TONNO,IDENT
20160708175647,SA1,900687,PROTUS,RUWANDA,IDENT
20160708175822,SA1,900707,ATHUMANI,SALEHE,IDENT
20160708175830,SA2,100664,JUMA,MUSSA,IDENT
20160708175907,SA6,900398,ARSEN, RWEBANGILA	,IDENT
20160708175933,SA2,200318,JOSHUA , PAULO,IDENT
20160708175951,SA2,901451,JUSTINE,MKUDE,IDENT
20160708175957,SA1,900706,MECKLEEN,NANGEDA,IDENT
20160708180010,SA1,900505,JESCA,MATECHI,IDENT
20160708180222,SA2,200314,DEO,SAKAYA,IDENT
20160708180135,SA1,900645,PETER,MTOLELA,IDENT
20160708180146,SA1,900506,JOE ,MATANDU,IDENT
20160708180519,SA2,100603,EDWIN,OWINO,IDENT
20160708180525,SA2,200347,SHABILU,MOHAMMED,IDENT
20160708180558,SA6,E067,ANKIT,JAIN,IDENT
20160708180659,SA6,900389,AHMAD,KINDUMA,IDENT
20160708180810,SA1,900513,SALEHE,BAKARI,IDENT
20160708180909,SA1,900569,JAMES,MWANDU,IDENT
20160708180951,SA3,901534,MASANJA,JUMA,IDENT
20160708181644,SA1,101531,RASHIDI,BAKARI,IDENT
20160708182057,SA1,900425,GEORGE,JOSEPH,IDENT
20160708182107,SA1,900411,DEO,JULIUS,IDENT
20160708182421,SA1,900429,GOODLUCK,LYAHONA,IDENT
20160708182852,SA6,E073,DEVANSHU,SETH,IDENT
20160708183524,SA6,901434,JOSEPHINA,HAU,IDENT
20160708183529,SA6,901432,AMINA,SOGOI,IDENT
20160708183754,SA6,900007,ANNA,DUA,IDENT
20160708184024,SA6,900462,MANDZEL,KWIMBA,IDENT
20160708184221,SA6,900109,AMANI,NYAKARASHI,IDENT
20160708184846,SA6,900661,ADILILA,KONGA,IDENT
20160708184906,SA6,E021,RAJA,SWAMINATHAN,IDENT
20160708185026,SA6,E079,BALASUBRAMANIAM,M,IDENT
20160708185128,SA6,900413,ELIBAHATI,JOSEPH,IDENT
20160708185618,SA2,100635,JULIUS,MUNISHI,IDENT
20160708185629,SA2,100596,ISMAIL,RAMADHANI,IDENT
20160708185735,SA1,901577,SALEEM,KHATRI,IDENT
20160708185825,SA6,E013,GIRIRAJ,SHARMA,IDENT
20160708185835,SA6,900142,IRENE,MREMA,IDENT
20160708190353,SA6,901438,MARY,JOSEPH,IDENT
20160708190408,SA6,900011,BLANTINA,MLOWE,IDENT
20160708191054,SA6,900123,CHARLES,LUSWETULA,IDENT
20160708191855,SA6,900056,YESAYA,NTUNDUU,IDENT
20160708192223,SA6,900151,LISSY,KIGONJOLA,IDENT
20160708194112,SA6,900021,JAFARI,BAINA,IDENT
20160708194209,SA6,900564,RAMADHANI,SAIDI,IDENT
20160708194237,SA6,900627,BAHATI,KAPIGA,IDENT
20160708194948,SA6,900047,SAMSON,SHILA,IDENT
20160708201202,SA6,900040,MWAJUMA,KATONA,IDENT
20160708202042,SA6,900685,VICTOR,MBUNDAMILA,IDENT
20160708202137,SA6,900015,EMMANUEL ,CLEMENT,IDENT
20160708202529,SA1,900045,SAIDI,MNDOLWA,IDENT
20160708202553,SA1,900440,IDRISA,KIMARO,IDENT
20160708203131,SA1,900555,MHEZIWA,MALEWA,IDENT
20160708203234,SA1,900798,ATHUMAN,SEIF,IDENT
20160708203927,SA6,900049,SIHABA,NAKIPENGELE,IDENT
20160708203942,SA6,900051,SUDI,KHALFANI,IDENT
20160708204311,SA6,900054,THOMAS,MGABO,IDENT
20160708204328,SA6,900261,FRANCIS,MAKOTI,IDENT
20160708204348,SA6,900019,HAMISI,MADODO,IDENT
20160708204605,SA6,900002,ABDALLAH,MWEYO,IDENT
20160708205900,SA1,900249,AMIRI,MZEE,IDENT
20160708210852,SA1,900752,SIMON,MAPUNDA,IDENT
20160708210859,SA1,900209,ANGELA,MBESIGWE,IDENT
20160708211017,SA6,900037,MOHAMED,MKALA,IDENT
20160708211347,SA1,900782,JANETH,DADAA,IDENT
20160708211400,SA1,900765,REBECA,GIDEON,IDENT
20160708211542,SA1,900426,GESAGA,RAMADHANI,IDENT
20160708211604,SA1,900811,JUMA,HUMBE,IDENT
20160708211643,SA1,900392,ALLY,MBEGU,IDENT
20160708211720,SA1,900734,REHEMA,NKYA,IDENT
20160708211917,SA1,900726,ABDALLAH,CHOBO,IDENT
20160708212252,SA1,900211,BARAKA,MAKI,IDENT
20160708212606,SA1,900821,SAWA,SWAHA,IDENT
20160708213011,SA1,900827,YASIN,MUSSA,IDENT
20160708213033,SA1,900754,ROBERT,JORAM,IDENT
20160708213222,SA1,900227,JOSEPH,NGANILWA,IDENT
20160708213447,SA5,901418,ISAYA ,SAWASAWA,IDENT
20160708213451,SA1,900751,TUSKAR,HALFANI,IDENT
20160708213457,SA1,900770,ANDERSON,KIKOTI,IDENT
20160708213509,SA5,901388,OSWALD,SHILLA,IDENT
20160708213517,SA1,900774,MBEWE,ELIUS,IDENT
20160708213544,SA5,901427,JESCA,NGUMBU,IDENT
20160708213549,SA5,901279,NEEMA, GODFREY,IDENT
20160708213628,SA5,901385,ABDALLA,MGAYA,IDENT
20160708213735,SA5,901300,ANNA,TEMBA,IDENT
20160708213738,SA5,901368,NAOMI,YUSUPH,IDENT
20160708213916,SA6,900449,JUMA,SANGAYA,IDENT
20160708213918,SA1,900242,WILSON,ANYNGISE,IDENT
20160708213956,SA5,901423,CONSOLATHA,JOSEPH,IDENT
20160708214002,SA6,900579,GRAYSON,KUNZUGALA,IDENT
20160708214006,SA5,901286,AGNES,LUCAS,IDENT
20160708214103,SA5,901364,SALAFINA,KISAPI,IDENT
20160708214130,SA5,901349,HABIBU,BAKARI,IDENT
20160708214229,SA1,900762,SAID,MOHAMED,IDENT
20160708214247,SA5,901324,MARIAM,YAHAYA,IDENT
20160708214251,SA5,901350,ALFRED,CHARLES,IDENT
20160708214302,SA6,900422,FURAHA,MWAKIFWAMB,IDENT
20160708214306,SA5,901393,HADIJA,JUMA,IDENT
20160708214310,SA5,901399,DIANA,NDONGO,IDENT
20160708214313,SA1,900767,GLADNESS,KAIRUKI,IDENT
20160708214323,SA5,901369,RECHO,MSHUMBUSI,IDENT
20160708214402,SA5,901298,SWAUMU,MZIRAI,IDENT
20160708214431,SA5,901305,DIANA,KIBASA,IDENT
20160708214438,SA1,900858,MUHSIN,ATHUMANI,IDENT
20160708214452,SA4,900862,EDINA,MWAKYOMA,IDENT
20160708214504,SA5,901355,HALIMA,SANANE,IDENT
20160708214505,SA4,901086,ELIWAZA,MWIGOHA,IDENT
20160708214517,SA5,901299,SAUDA,MATOWELA,IDENT
20160708214520,SA4,901210,ROSE,CHUWA,IDENT
20160708214526,SA5,901367,BEATHA,MLOSO,IDENT
20160708214550,SA1,900792,IDDI,IDDI,IDENT
20160708214611,SA5,901384,JOSHUA,KITUNDU,IDENT
20160708214655,SA5,901302,ASHA,SHOMARI,IDENT
20160708214724,SA2,900989,AMINA,CHITWANGWA,IDENT
20160708214732,SA3,900936,SOPHIA,MBONDE,IDENT
20160708214735,SA2,901019,ASHA,NGAMBA,IDENT
20160708214639,SA1,900747,ADAM,MASALE,IDENT
20160708214704,SA1,900817,MOSES,MASENGA,IDENT
20160708214706,SA1,900760,OMARY,MHAGAMA,IDENT
20160708214709,SA4,900947,ANNA,GODISON,IDENT
20160708214719,SA1,900778,MARIAM,MICHAEL,IDENT
20160708214723,SA1,900231,MARKO,SHIMIZI,IDENT
20160708214726,SA5,901343,SEBASTIAN,KIPINGU,IDENT
20160708214727,SA1,900779,MUSTAFA,HAMISI,IDENT
20160708214732,SA1,900784,WILLIAM,MSOLOKA,IDENT
20160708214739,SA1,900228,KAGERA,MSAMBUSI,IDENT
20160708214747,SA5,901406,PASCAL,STANLEY,IDENT
20160708214749,SA1,900232,MATIKO ,MICHAEL,IDENT
20160708214750,SA2,900991,CHRISTINA,JAILOS,IDENT
20160708214755,SA2,901056,ANGELA,MWAKAPALILA,IDENT
20160708214756,SA1,900746,GEDION,BUTENGE,IDENT
20160708214756,SA4,901267,NEEMA ,MWAMANYE,IDENT
20160708214801,SA1,900233,MUSSSA,ABDALLAH,IDENT
20160708214804,SA5,901391,GEOFREY,MAPESA,IDENT
20160708214807,SA1,900742,PROSPER,POLITHO,IDENT
20160708214810,SA1,900749,EZEKIEL,SOLO,IDENT
20160708214813,SA1,900781,GERALD,JOHN,IDENT
20160708214814,SA5,901281,JOSEPH,MUSUGULI,IDENT
20160708214816,SA1,900739,EMENUEL,KYEJO,IDENT
20160708214821,SA1,900735,ZAINABU,MOHAMEDI,IDENT
20160708214827,SA1,900723,SAIDI,JUMANE,IDENT
20160708214837,SA1,900745,YUSUPH,NGAPAWA,IDENT
20160708215001,SA5,901338,WAZIRI,WAZIRI,IDENT
20160708215016,SA5,901422,EMMANUEL,KHALIDI,IDENT
20160708215017,SA1,900384,ABDALLA,SAIDI,IDENT
20160708215143,SA5,901425,HIDAYA,KASSIM,IDENT
20160708215145,SA5,901430,JOYCE,SEMWENDA,IDENT
20160708215147,SA4,900922,BAHATI,SALEHE,IDENT
20160708215148,SA5,901378,HOYCE,TILLYA,IDENT
20160708215202,SA2,901044,SUZANA,KIMARO,IDENT
20160708215205,SA2,900900,HELENA,SENZUGWAKO,IDENT
20160708215208,SA3,900887,ELITABETH,GOMELO,IDENT
20160708215212,SA3,900907,PAULINA,DEVA,IDENT
20160708215138,SA1,900725,SAMSONI,KINGU,IDENT
20160708215142,SA1,900786,FARAJI,KILUWA,IDENT
20160708215207,SA4,900867,AISHA,KIUMBA,IDENT
20160708215219,SA4,900926,AMINA,KONDO,IDENT
20160708215221,SA1,900718,WILSON,ALOIS,IDENT
20160708215238,SA4,901001,AMINA,MUYA,IDENT
20160708215240,SA1,900410,DAVID,JOSEPH,IDENT
20160708215245,SA5,901386,SHAMSI,MUHITI,IDENT
20160708215253,SA5,901375,PILLI,CHOLOGONDO,IDENT
20160708215256,SA5,901395,HASHIM,HAIZA,IDENT
20160708215257,SA6,900489,TUMAINI,MNZAVA,IDENT
20160708215259,SA5,901033,TATU,ISSA,IDENT
20160708215259,SA3,901097,EMANUEL,MSOKWA,IDENT
20160708215301,SA4,901028,REHEMA,KWENGWEGU,IDENT
20160708215305,SA4,900912,MWAJUMA,KITANI,IDENT
20160708215305,SA5,901003,SALAMA,KADALA,IDENT
20160708215311,SA3,900955,MWANAHAMISI,MAKUNGANYA,IDENT
20160708215311,SA5,901120,MERCY,MONGI,IDENT
20160708215315,SA5,901161,NURU,MOHAMED,IDENT
20160708215316,SA1,900755,NICHALAUS,AUGUSTINO,IDENT
20160708215318,SA5,901346,FRANK,MANDI,IDENT
20160708215321,SA5,901102,ORIVER,DAUD,IDENT
20160708215324,SA5,901328,MARRY,SHOO,IDENT
20160708215328,SA4,900896,HADIJA , KIHEGO,IDENT
20160708215335,SA5,900999,ROSE,MWAMAKOLA,IDENT
20160708215337,SA5,901304,SOPHIA,ALLY,IDENT
20160708215341,SA5,901296,STELLA,LUGOME,IDENT
20160708215349,SA5,901397,LINETH,KYARUS,IDENT
20160708215350,SA6,900433,HARUNI,MKAMA,IDENT
20160708215353,SA5,901316,ZUHURA,HAMIS,IDENT
20160708215358,SA5,901093,SHARON,IBRAHIM,IDENT
20160708215402,SA1,900442,ITIKA,DICKSON,IDENT
20160708215402,SA5,901353,DOREEN,MDOE,IDENT
20160708215407,SA5,901169,VERONICA,LECHIPYA,IDENT
20160708215412,SA5,901419,JENIPHA,MWILONGO,IDENT
20160708215414,SA5,901337,SALUM,LINJA,IDENT
20160708215418,SA5,901360,MARRY,MASULUBE,IDENT
20160708215421,SA5,901226,MARTHA,MAKASHA,IDENT
20160708215427,SA5,901428,YOHANA,LEONARD,IDENT
20160708215431,SA5,901290,AGNES,SALAWA,IDENT
20160708215445,SA5,901361,MARRY,MLIUNJA,IDENT
20160708215449,SA4,900982,MWANAKOMBO,KHALID,IDENT
20160708215453,SA5,901312,VUMILIA,NDEGE,IDENT
20160708215459,SA5,901373,ADELA,MSAGA,IDENT
20160708215505,SA2,900844,AISHA,MSOMI,IDENT
20160708215510,SA5,901417,REHEMA,SINDANO,IDENT
20160708215510,SA2,100956,HADIJA,SALUM,IDENT
20160708215512,SA1,900740,SPEDICTOR,NGOGO,IDENT
20160708215515,SA2,901024,ASIA,KARATA,IDENT
20160708215517,SA5,900855,SINAHIA,OMARI,IDENT
20160708215518,SA2,900987,PILLY,MWAWILA,IDENT
20160708215521,SA4,900930,TABIA,DOGOLI,IDENT
20160708215521,SA1,900732,ELIA,FRANCIS,IDENT
20160708215525,SA2,900923,HELENA,KHAJI,IDENT
20160708215526,SA4,901144,ESTHER,NAPENGWA,IDENT
20160708215535,SA2,901000,AGNES,MTYANGILE,IDENT
20160708215538,SA2,901069,ELIZABETH,MRAMU,IDENT
20160708215546,SA5,901280,WHITNESS,MSAGATI,IDENT
20160708215547,SA4,901139,HAPPY ,ZAKAYO,IDENT
20160708215548,SA2,900880,MWANAHAMISI,MAREKANO,IDENT
20160708215549,SA3,901158,ALOYCE,IZINA,IDENT
20160708215552,SA5,901315,FIDEA,AGUSTINO,IDENT
20160708215557,SA4,901053,DORIS,JOHN,IDENT
20160708215601,SA4,901146,MARTHA,MAKOTI,IDENT
20160708215603,SA2,900886,ELIZABERTH,KIJA,IDENT
20160708215613,SA5,901387,GODFREY,YALED,IDENT
20160708215614,SA4,901228,CESILIA,MBABUYE,IDENT
20160708215617,SA4,900965,HERMAN,MAKOKO,IDENT
20160708215618,SA2,901154,SALAMA,ALLY,IDENT
20160708215619,SA6,900124,DAUDI,ELIFALETH,IDENT
20160708215620,SA5,901307,MATRIDA,CHUVAKA,IDENT
20160708215625,SA6,900168,RAZAKI,MTINDA,IDENT
20160708215632,SA5,901389,OMARY,JUMA,IDENT
20160708215632,SA4,900942,CHRISTINA,MWENDA,IDENT
20160708215634,SA4,901091,FARIDA,LYIMO,IDENT
20160708215636,SA5,901330,SAVELINA ,KASHASHA,IDENT
20160708215641,SA5,901344,JACKSON,ATANUS,IDENT
20160708215646,SA4,900889,SALMA,MWAWILA,IDENT
20160708215650,SA2,900964,RAPHAEL,MBOKO,IDENT
20160708215651,SA3,901205,JAMILA,MASONGI,IDENT
20160708215653,SA4,900847,ZAINABU,SINGANO,IDENT
20160708215653,SA5,901342,ANDREW,KILUGWA,IDENT
20160708215658,SA5,901058,HAMIDA,MATIPA,IDENT
20160708215702,SA6,900444,JOHN,MEDA,IDENT
20160708215720,SA3,900864,TECLA,SAMWEL,IDENT
20160708215723,SA6,900404,BRYANT,NYENYEMBE,IDENT
20160708215727,SA6,900164,RAMADHANI ,BAKARI,IDENT
20160708215736,SA3,901061,MWAJUMA,ABDALLAH,IDENT
20160708215705,SA4,901077,CONSOLATH,MATERU,IDENT
20160708215713,SA5,901225,NOELA,YALOT,IDENT
20160708215716,SA5,901376,ZAINABU ,SALUM,IDENT
20160708215721,SA5,901208,SARAH,MWINANI,IDENT
20160708215725,SA4,900861,MWAJABU,BAKARI,IDENT
20160708215726,SA5,901297,STELLA,MAKUNDI,IDENT
20160708215729,SA4,901275,SALOME,KINUNDA,IDENT
20160708215730,SA5,901306,VAILETH,NGULO,IDENT
20160708215734,SA5,900888,AMINA,NGAINA,IDENT
20160708215738,SA5,901356,ZAMDA,NGWABAYA,IDENT
20160708215738,SA4,900937,UPENDO,MLEWA,IDENT
20160708215742,SA5,901370,MARIAM,MJELELE,IDENT
20160708215747,SA4,901118,LILIAN,MREMA,IDENT
20160708215749,SA4,900911,NEEMA,URASSA,IDENT
20160708215756,SA4,900935,ZAINABU,SINGANO,IDENT
20160708215801,SA5,901358,MWANAHAMIS ,MSUYA,IDENT
20160708215815,SA4,900952,SALAMA,MOHAMAD,IDENT
20160708215818,SA4,901074,VERONICA,KIMWAGA,IDENT
20160708215820,SA5,901291,AISHA,ISSA,IDENT
20160708215821,SA4,900971,NAOMI,SAMWELI,IDENT
20160708215826,SA4,901002,MARIAM,SABURI,IDENT
20160708215826,SA5,901398,MAGRETH,LUGERA,IDENT
20160708215830,SA5,901323,AMINA,HAMISI,IDENT
20160708215833,SA5,901348,DAVID,NGELESHI,IDENT
20160708215835,SA6,900476,RAMADHANI,IDD,IDENT
20160708215836,SA5,901066,ZULEHA,MOHAMED,IDENT
20160708215840,SA1,900783,DAMIAN,ALONE,IDENT
20160708215843,SA5,901128,ZAITUNI,SOGOI,IDENT
20160708215845,SA4,901005,HADIJJA,KIJUU,IDENT
20160708215848,SA5,901411,AMINA,MUSA,IDENT
20160708215855,SA1,900463,MARTENUS,MAPESA,IDENT
20160708215903,SA2,900949,MUHINA,GOMBE,IDENT
20160708215904,SA4,900929,HALIMA,SEIF,IDENT
20160708215907,SA5,901008,GRESS,KOBA,IDENT
20160708215910,SA6,900647,JOHANSEN,MPANJU,IDENT
20160708215910,SA1,900818,PASCAL,MIKONDO,IDENT
20160708215913,SA4,901071,YUNIS,NDAIGA,IDENT
20160708215923,SA2,901202,VITALIS,KESSI,IDENT
20160708215926,SA1,900724,HASANI,MRISHO,IDENT
20160708215926,SA4,901177,ASHA,MAVENGELO,IDENT
20160708215930,SA2,900866,FLORA,DAMAS,IDENT
20160708215934,SA5,900882,WINIFRIDA,MALISELINO,IDENT
20160708215937,SA4,900875,ASHA,MALINBWI,IDENT
20160708215940,SA4,900984,SALAMA,BIGE,IDENT
20160708215941,SA5,901153,MAGRETH,ZANUARI,IDENT
20160708215943,SA4,900973,SHARIFA,LIYAYA,IDENT
20160708215946,SA4,901222,DEBORA,FILIPATALI,IDENT
20160708215946,SA5,900928,MARIA,MAGWE,IDENT
20160708220001,SA5,900918,MARIAM,RAMADHANI,IDENT
20160708220002,SA2,901038,AMINA,MDOE,IDENT
20160708220008,SA5,901249,HILDA,MWAZEMBE,IDENT
20160708220012,SA5,901207,AISHA,ABEID,IDENT
20160708220012,SA2,901060,MARTHA,GABRIEL,IDENT
20160708220014,SA3,900876,MWASITI,MAULID,IDENT
20160708220020,SA4,901145,ADELINA,MALEMA,IDENT
20160708220024,SA5,901029,MARIAM,OMAR,IDENT
20160708220027,SA5,901250,JENIPHA,DAMIAN,IDENT
20160708220028,SA2,901049,REDEMTA,DANIEL,IDENT
20160708220032,SA5,901126,YUNIS,LULANDALA,IDENT
20160708220032,SA4,901197,RASHID,NJERAN,IDENT
20160708220033,SA2,901065,ZAINABU,KARUMUNA,IDENT
20160708220034,SA4,901213,HABIBA,NJIKU,IDENT
20160708220036,SA2,900892,MWANIA,PEMBE,IDENT
20160708220036,SA3,900877,IRENE,GABRIEL,IDENT
20160708220037,SA5,901224,ANNA,NYAKAPALA,IDENT
20160708220044,SA6,900175,TEDDY,SIMON,IDENT
20160708220044,SA3,901272,NDEKESIO,SIKAWA,IDENT
20160708220047,SA5,901232,ZAMDA,HASSAN,IDENT
20160708220048,SA4,901206,AISHA,MKUMBA,IDENT
20160708220050,SA3,900978,ELIZABETH,ZAE,IDENT
20160708220053,SA2,901258,ATHUMAN,KILINDU,IDENT
20160708220053,SA5,901142,SOPHIA,YUSUPH,IDENT
20160708220054,SA4,901036,AZIZA,MANGETU,IDENT
20160708220057,SA4,901141,HADIJA,SALUM,IDENT
20160708220057,SA6,900166,RAMADHANI,KIPENGELE,IDENT
20160708220058,SA5,901211,ANNA,KIMARO,IDENT
20160708220102,SA4,901165,FATUMA,ABDALLAH,IDENT
20160708220102,SA5,901131,ESTA,KWEKA,IDENT
20160708220106,SA5,901057,ANNA,KITOMARY,IDENT
20160708220108,SA2,901085,ELIZABETH,NYAMBO,IDENT
20160708220109,SA5,901116,GRACE,KAHANGE,IDENT
20160708220113,SA2,900873,SELEN,JUMA,IDENT
20160708220114,SA5,900956,DIANA,LEMA,IDENT
20160708220116,SA4,900893,JOYCE,MCHOMVU,IDENT
20160708220117,SA5,901191,ROSE,BENARD,IDENT
20160708220121,SA5,901121,MWATANGA,ALLY,IDENT
20160708220124,SA4,900966,ZUHURA,KIJIMBO,IDENT
20160708220125,SA5,901119,LINA,MLAWA,IDENT
20160708220127,SA4,901163,SIJALI,MKELE,IDENT
20160708220131,SA5,901101,RAJABU,MOHAMMED,IDENT
20160708220133,SA4,900958,SOPHIA,LIKONGO,IDENT
20160708220141,SA4,901138,JOYCE,CHEMRA,IDENT
20160708220145,SA4,901171,ESTHER,MUNGUTI,IDENT
20160708220145,SA5,900946,RAHMA,MWIMBA,IDENT
20160708220149,SA4,901106,MARYNIA,KAYOMBO,IDENT
20160708220150,SA5,901014,LUCY,THOMAS,IDENT
20160708220152,SA4,901018,AISHA,KIBINDO,IDENT
20160708220153,SA2,900990,JANE,MHONGOLE,IDENT
20160708220155,SA4,901100,REHEMA,SALEHE,IDENT
20160708220159,SA4,901156,SAID,HAMISI,IDENT
20160708220203,SA4,901157,DAVID,JUMA,IDENT
20160708220207,SA5,901292,SARA,YOEL,IDENT
20160708220215,SA5,901233,SAMI,MTITIMA,IDENT
20160708220221,SA5,901351,BARNABA,EDWARD,IDENT
20160708220238,SA5,900975,EDINA,MZUNGU,IDENT
20160708220245,SA4,901268,ANITHA,KWIMBA,IDENT
20160708220245,SA6,900396,ANDREW,MSANGI,IDENT
20160708220248,SA1,900769,JAMES,MACKLINE,IDENT
20160708220252,SA2,901204,SOPHIA,LUGOME,IDENT
20160708220305,SA5,901252,JENIPHA,CHIZA,IDENT
20160708220314,SA1,900802,EMANUEL,SILAYO,IDENT
20160708220327,SA5,900849,IRENE,MMARI,IDENT
20160708220331,SA3,901099,TAUS,MUSTAPHA,IDENT
20160708220332,SA5,900870,GOMERY,DAUDI,IDENT
20160708220336,SA5,901559,MARIAM,JUMA,IDENT
20160708220350,SA2,901200,INOCENT , KIFUMU,IDENT
20160708220354,SA5,901103,MWATANGA,DIENI,IDENT
20160708220356,SA3,901254,NURAT,JAFARI,IDENT
20160708220402,SA5,901073,SALMA,MUHARAMU,IDENT
20160708220406,SA5,901405,ABDANI,SHILLA,IDENT
20160708220407,SA2,901269,AISHA,HALFAN,IDENT
20160708220412,SA5,900895,CATHERINE,CHIGOGOLO,IDENT
20160708220415,SA5,901248,MAGRETH,MASAWE,IDENT
20160708220423,SA1,900222,HENRY,NGOWI,IDENT
20160708220445,SA3,900986,KAUSE,ABDALLAH,IDENT
20160708220449,SA5,901227,MWAMVITA,MWAIPOPO,IDENT
20160708220454,SA5,901221,TEDDY,MAGAMBO,IDENT
20160708220503,SA5,901220,AGNESS,MWAMBENGO,IDENT
20160708220510,SA5,900995,MARY,KIAMA,IDENT
20160708220512,SA6,900417,FABIAN,FABIAN,IDENT
20160708220515,SA3,900954,HABIBA,MDOSE,IDENT
20160708220517,SA5,901314,JANE,NYAGAWA,IDENT
20160708220521,SA5,900872,ZALAU,NGWELE,IDENT
20160708220523,SA3,901081,PILI,MDEDE,IDENT
20160708220533,SA1,900824,TITO,MGOVANO,IDENT
20160708220553,SA5,901257,FRIDA,MHELELA,IDENT
20160708220556,SA5,901404,AWAZI,SALIM,IDENT
20160708220605,SA5,901240,CANDY,ABRAHAM,IDENT
20160708220616,SA6,900469,MICHAEL,MDACHI,IDENT
20160708220617,SA5,901317,ASHA,HAMISI,IDENT
20160708220621,SA5,900903,RUKIA,MOHAMED,IDENT
20160708220627,SA5,901408,SAIDI,MAKALA,IDENT
20160708220636,SA5,901396,EDWIN,KIPUYO,IDENT
20160708220639,SA3,901070,FLORA,MSAMLA,IDENT
20160708220718,SA6,900162,PILLY,MANENO,IDENT
20160708220635,SA1,900793,ABDUL,MAINGO,IDENT
20160708220700,SA1,900729,MOHAMED,KOMBO,IDENT
20160708220747,SA6,900148,JUDITH,MALISA,IDENT
20160708220806,SA2,901223,HAPPY,MKWEPU,IDENT
20160708220810,SA2,901039,JULIANA,SUKU,IDENT
20160708220816,SA1,900757,JOSEPH,HEMA,IDENT
20160708220821,SA1,900207,ADELE,NJOCHOLA,IDENT
20160708220921,SA6,900575,CHRISTINA ,SENYANGWA,IDENT
20160708220948,SA2,901236,FATIMA,ALLY,IDENT
20160708220958,SA6,900391,ALLY,MASHAURI,IDENT
20160708221016,SA6,900135,HALIMA,NGAMZI,IDENT
20160708221140,SA5,901311,LOYCE,MASKINI,IDENT
20160708221408,SA6,900406,CHAUREMBO,MWINYI,IDENT
20160708221434,SA3,900874,LUCY,ELIAS,IDENT
20160708221435,SA6,900409,DANIEL,MROPE,IDENT
20160708221620,SA2,901260,AISHA,MNEKA,IDENT
20160708221733,SA2,900897,SWAUMU,SAIDI,IDENT
20160708221753,SA3,901064,SAID,RAMADHANI,IDENT
20160708221827,SA6,900159,PAMELA,KUSALIKA,IDENT
20160708221907,SA3,901176,FATUMA,MASOUD,IDENT
20160708221913,SA3,901084,MARIA ,SANGA,IDENT
20160708221943,SA3,901041,JACKLINI,MBOYA,IDENT
20160708221951,SA3,900976,LUCY,STANLEY,IDENT
20160708221955,SA3,901011,JANE,SIMON,IDENT
20160708222001,SA3,901209,MIRIAM,MNDEWA,IDENT
20160708222646,SA3,901125,TAUSI,SHABANI,IDENT
20160708222653,SA3,901166,SAUDA,MAULID,IDENT
20160708222658,SA3,900920,PILLI,SAIDI,IDENT
20160708222728,SA3,901031,AMINA,BAKARI,IDENT
20160708222801,SA5,901301,TUKAE,MUSA,IDENT
20160708223003,SA3,901006,RUKIA,ALLY,IDENT
20160708223044,SA3,901016,HALIFA,MOHAMED,IDENT
20160708223401,SA6,900134,GRACE,KIM,IDENT
20160708223411,SA6,900169,REHEMA,YUSUFU,IDENT
20160709050218,SA6,900261,FRANCIS,MAKOTI,IDENT
20160709050234,SA6,900054,THOMAS,MGABO,IDENT
20160709050451,SA6,900002,ABDALLAH,MWEYO,IDENT
20160709052344,SA1,900249,AMIRI,MZEE,IDENT
20160709053222,SA5,901133,HUSNA,SENGAMBA,IDENT
20160709053250,SA6,900019,HAMISI,MADODO,IDENT
20160709053305,SA6,900626,AUGUSTINO,CHITANDA,IDENT
20160709053354,SA5,901030,VERONICA,WANGWE,IDENT
20160709053402,SA5,901412,ELIA,NGWALI,IDENT
20160709053516,SA5,901234,ANITHA,AHALIELI,IDENT
20160709053521,SA5,901035,AGNES,NKONJELWA,IDENT
20160709053528,SA5,901164,SWAUMU,KAYANDA,IDENT
20160709053532,SA5,901175,SALMA,RAMADHAN,IDENT
20160709053537,SA5,901012,FATUMA,KABUMA,IDENT
20160709053546,SA5,901229,ANNA,NGAPONDA,IDENT
20160709053707,SA5,901410,ALFRED,MUGHWAI,IDENT
20160709053616,SA3,900983,RUKIA,KONDO,IDENT
20160709053714,SA3,901200,INOCENT , KIFUMU,IDENT
20160709053744,SA5,200018,ABDALAH,SUDY,IDENT
20160709053820,SA5,901090,HADIJA,JUMA,IDENT
20160709053829,SA5,901230,KUDRA,BAKARI,IDENT
20160709053838,SA5,901108,AISHA,WILLIUM,IDENT
20160709053856,SA5,901009,MOSHI,SAIDI,IDENT
20160709053900,SA5,901256,AVERINA,AMANDUS,IDENT
20160709053904,SA5,901289,CONSOLATHA,RAPHAEL,IDENT
20160709053915,SA4,900913,ASHURA,NGUMBE,IDENT
20160709053924,SA5,900885,AMINA,MZARA,IDENT
20160709053929,SA4,900968,TAUSI,SIMBA,IDENT
20160709053931,SA5,900899,MAGDALENA,SIMAO,IDENT
20160709053933,SA4,901174,BETH,NGADADA,IDENT
20160709053935,SA4,901130,NURU,DAUDI,IDENT
20160709053941,SA5,901383,JOAN,OMANDI,IDENT
20160709053943,SA4,901023,AMINA,CHAKWE,IDENT
20160709053956,SA4,901181,ASNA,SPRIAN,IDENT
20160709053959,SA4,901190,NEEMA,MNYALAPE,IDENT
20160709054002,SA4,901113,ELIZABETH,SHIRIMA,IDENT
20160709054005,SA4,901015,JOYCE,CHACHA,IDENT
20160709054022,SA5,901105,MTUMWA,ALLY,IDENT
20160709054030,SA5,901403,RUBUNDA,NJELELE,IDENT
20160709054034,SA5,901132,HEAVENLIGHT,NKYA,IDENT
20160709054039,SA4,901238,MARIAM,SELEMANI,IDENT
20160709054042,SA4,900846,SARA,CHIDUNI,IDENT
20160709054047,SA4,901046,GRADIS,MAGANA,IDENT
20160709054054,SA5,901117,HIDAYA,MASOUD,IDENT
20160709054059,SA4,900902,SAKINA,MAWEMBA,IDENT
20160709054101,SA4,901251,GATI,NYANTUMAN,IDENT
20160709054104,SA4,901007,MODESTA,JOGOO,IDENT
20160709054117,SA4,900884,HADIJA,GOGO,IDENT
20160709054129,SA5,900927,SAADA,SALUM,IDENT
20160709054132,SA4,900945,ELIZABETH,MREMA,IDENT
20160709054136,SA4,901037,FADINA,IBRAHIM,IDENT
20160709054147,SA4,901246,VERONICA,MTENGWA,IDENT
20160709054159,SA4,901215,MWANAIDI,KOLOKO,IDENT
20160709054204,SA4,900993,MARIAM,MSUMALI,IDENT
20160709054206,SA5,900868,MAIMUNA,JARUFU,IDENT
20160709054210,SA4,901027,EDDA,MWAKIBINGWA,IDENT
20160709054215,SA4,900959,REHEMA,LYOWA,IDENT
20160709054217,SA5,901363,ZUCRA,SWEDI,IDENT
20160709054231,SA4,900985,BAHATI,SARAPIONI,IDENT
20160709054238,SA5,901283,KEDMOND,KAMOGA,IDENT
20160709053910,SA3,901198,MANEO,ATHUMANI,IDENT
20160709053929,SA6,900025,JOYCE,MAGANGA,IDENT
20160709053947,SA3,900867,AISHA,KIUMBA,IDENT
20160709054028,SA6,900130,FATUMA,CHOMBO,IDENT
20160709054300,SA4,900967,FATUMA,MTAMBUA,IDENT
20160709054303,SA4,901095,BEATA,KOMBA,IDENT
20160709054306,SA1,900045,SAIDI,MNDOLWA,IDENT
20160709054310,SA4,901162,MWANAHARUSI,MOHAMED,IDENT
20160709054312,SA4,901094,MARTINA,FISSO,IDENT
20160709054317,SA4,901122,NEEMA,FANUEL,IDENT
20160709054322,SA4,900894,NURU,MAKANDE,IDENT
20160709054337,SA4,901032,MARISELINA,NGULI,IDENT
20160709054340,SA4,901047,MWAJUMA,HAMIS,IDENT
20160709054344,SA4,901026,FATUMA,KONYO,IDENT
20160709054347,SA4,901034,STAMILI,MUSSA,IDENT
20160709054400,SA4,901109,AMINA,MNYIFUNA,IDENT
20160709054408,SA4,901115,FROLA,SIKWEMBE,IDENT
20160709054413,SA4,901245,EVERINA,MKETO,IDENT
20160709054416,SA4,901067,HELENA,SAMWELI,IDENT
20160709054419,SA4,900851,SOPHIA,ZONGORI,IDENT
20160709054422,SA4,901192,ASMA,KONDO,IDENT
20160709054442,SA4,900943,MWAMINI,MPANGULE,IDENT
20160709054447,SA4,900905,AMINA,MUHIDINI,IDENT
20160709054503,SA4,901055,FATUMA,MUHANDO,IDENT
20160709054508,SA4,901075,AGATHA,JAMALI,IDENT
20160709054517,SA5,901414,EMMANUEL,BANDIKO,IDENT
20160709054523,SA4,901235,TUMAIN,MUNGURE,IDENT
20160709054527,SA4,900963,MWAZANI,SAIDI,IDENT
20160709054530,SA4,901219,MARIAM,MUSSA,IDENT
20160709054535,SA4,901127,ZAHARA,MBELWA,IDENT
20160709054543,SA4,901184,GRACE,NGALABA,IDENT
20160709054546,SA4,901183,YASINTA,MKIWA,IDENT
20160709054551,SA5,901347,JAMES,MAJIJI,IDENT
20160709054552,SA4,900904,ANNA,MAGEMBE,IDENT
20160709054557,SA4,900981,FIDES,MONGI,IDENT
20160709054602,SA4,901104,MWANAHAWA,HASSAN,IDENT
20160709054606,SA4,900881,ZAINABU,SAIDI,IDENT
20160709054609,SA4,901160,SAUDA,MCHECHE,IDENT
20160709054612,SA4,900878,AISHA,KIZINGA,IDENT
20160709054613,SA5,901295,ELLASIA,WILLIUM,IDENT
20160709054616,SA4,900925,REGINA,THOMAS,IDENT
20160709054618,SA5,901362,JULIETH,GODFREY,IDENT
20160709054620,SA4,900879,RAHMA,KILO,IDENT
20160709054626,SA4,901195,RAYMOND,BUKOJI,IDENT
20160709054634,SA4,900989,AMINA,CHITWANGWA,IDENT
20160709054637,SA4,900856,MWAJAMBU,HAMAD,IDENT
20160709054640,SA4,901182,RENIFRIDA,NGUMBU,IDENT
20160709054642,SA5,901179,AMANDA,KWEZI,IDENT
20160709054644,SA4,901168,REHEMA ,MWASOMOLA,IDENT
20160709054650,SA1,900742,PROSPER,POLITHO,IDENT
20160709054657,SA4,900921,MWAJUMA,IDDI,IDENT
20160709054702,SA4,901150,CHRISTINA,MBODE,IDENT
20160709054703,SA5,901255,ASHA,BILALI,IDENT
20160709054708,SA4,900932,MONICA,LIGOMBAIKA,IDENT
20160709054712,SA4,901107,MUHIDINI,HASSAN,IDENT
20160709054715,SA5,901366,LYDIA,MAKENE,IDENT
20160709054717,SA4,900906,MARYSTELA,MCHOME,IDENT
20160709054722,SA2,901148,IBRAHIM,MZENTO,IDENT
20160709054727,SA4,901212,JASMINI,MOHAMED,IDENT
20160709054739,SA4,900974,ZAWADI,SADIKI,IDENT
20160709054334,SA3,901021,NEEMA ,MWANGO,IDENT
20160709054344,SA3,901096,SAMWELI,MANGARE,IDENT
20160709054352,SA3,900908,SALMA,RWAMBANO,IDENT
20160709054406,SA3,901097,EMANUEL,MSOKWA,IDENT
20160709054433,SA3,900883,EDINA,ABED,IDENT
20160709054439,SA3,901098,GERALD,MBAUKA,IDENT
20160709054605,SA3,900977,MWANAHAMISI,MUNKUNDA,IDENT
20160709054628,SA6,900051,SUDI,KHALFANI,IDENT
20160709054659,SA1,900749,EZEKIEL,SOLO,IDENT
20160709054702,SA1,900786,FARAJI,KILUWA,IDENT
20160709054708,SA1,900752,SIMON,MAPUNDA,IDENT
20160709054726,SA6,901149,EPIFANI, MBOKO,IDENT
20160709054755,SA4,901155,GRACE,MUHONO,IDENT
20160709054804,SA4,901114,FARIDA,AMBLOS,IDENT
20160709054810,SA4,901243,PLAKSEDA,AKIZAMUNGU,IDENT
20160709054812,SA5,900915,DOROTHEA,KILO,IDENT
20160709054813,SA1,900411,DEO,JULIUS,IDENT
20160709054817,SA4,900970,MARIA,ELIESEL,IDENT
20160709054818,SA1,900808,HEONANI,BAJANA,IDENT
20160709054820,SA4,900867,AISHA,KIUMBA,IDENT
20160709054824,SA1,900779,MUSTAFA,HAMISI,IDENT
20160709054825,SA4,901193,VICTORIA,MWAMPEGETE,IDENT
20160709054831,SA1,901557,WALTER,MAYA,IDENT
20160709054833,SA4,901194,ELINA,ABEL,IDENT
20160709054836,SA1,900466,MATHEW,PHILIP,IDENT
20160709054839,SA4,901186,FROLA,KILIMA,IDENT
20160709054842,SA1,900739,EMENUEL,KYEJO,IDENT
20160709054851,SA4,900897,SWAUMU,SAIDI,IDENT
20160709054902,SA5,901371,YASINTA,LEKERI,IDENT
20160709054904,SA4,901042,FARIDA,NDAUKE,IDENT
20160709054909,SA4,900972,SAFINA,ABEID,IDENT
20160709054916,SA4,900916,SABINA,KINGIMALI,IDENT
20160709054921,SA4,900997,MARY,ONDURU,IDENT
20160709054924,SA4,901136,HONORATA,SHAYO,IDENT
20160709054933,SA2,901217,VIVIAN,MWANGATA,IDENT
20160709054935,SA4,901185,JOYCE,SAMWEL,IDENT
20160709054936,SA2,901196,BONIPHACE,NGESI,IDENT
20160709054940,SA4,901187,MONICA,SHEMBONI,IDENT
20160709054950,SA4,900891,HINESS,KAAYA,IDENT
20160709054951,SA5,901322,SARAH,ALLY,IDENT
20160709054952,SA4,901124,TABIA,OMARY,IDENT
20160709054956,SA4,901048,HALIMA,IDDI,IDENT
20160709054958,SA4,901170,BAHATI,SHABANI,IDENT
20160709055002,SA4,900865,CHRISTINA,MAGOWELA,IDENT
20160709055004,SA4,901129,FELISTA,NYAHENGE,IDENT
20160709055011,SA4,900994,MWAISHA,MWAMOTO,IDENT
20160709055012,SA5,901390,SHABANI,HUSEN,IDENT
20160709055014,SA4,900860,AGNESS,LUHUNGO,IDENT
20160709055026,SA4,901173,BAHATI,MAKAMBA,IDENT
20160709055028,SA4,901086,ELIWAZA,MWIGOHA,IDENT
20160709055031,SA4,901029,MARIAM,MWETEMBO,IDENT
20160709055035,SA4,900862,EDINA,MWAKYOMA,IDENT
20160709055040,SA5,901331,DIANA,KABYEMELA,IDENT
20160709055044,SA5,901407,AMINA,MSINGWA,IDENT
20160709055052,SA5,901282,ADAM,MUSSA,IDENT
20160709055053,SA4,900992,AGNES,MEJA,IDENT
20160709055056,SA4,900996,LILIAN,RASHIDI,IDENT
20160709055058,SA4,901135,REHEMA,OMARY,IDENT
20160709055102,SA4,901063,RACHEL,MZOROZORO,IDENT
20160709055106,SA4,901089,HARUNA,ATHUMANI,IDENT
20160709055114,SA4,901092,ASIA,JUMA,IDENT
20160709055119,SA4,901244,SWAUMU,HIMBU,IDENT
20160709055123,SA4,900933,WINFRIDA,LUSEBA,IDENT
20160709055136,SA5,901374,NASRA,HAMADI,IDENT
20160709055138,SA4,901247,KULUTHUM,CHILEMILE,IDENT
20160709055142,SA4,901088,JANETH,MUONDO,IDENT
20160709055144,SA2,901203,STANLEY,KIGUNGA,IDENT
20160709055145,SA5,901052,SUZANA,NAPANGA,IDENT
20160709055152,SA5,901285,THABIT,ALLY,IDENT
20160709055155,SA4,901017,CATHERINE,NYEMA,IDENT
20160709055200,SA5,901319,CHRISTINA,TATI,IDENT
20160709055208,SA4,901059,JAZIRA,RAMADHANI,IDENT
20160709054838,SA6,900127,DUNCAN,MHANDO,IDENT
20160709054912,SA6,900049,SIHABA,NAKIPENGELE,IDENT
20160709054952,SA6,900114,ABEID,MOHAMED,IDENT
20160709055023,SA3,901202,VITALIS,KESSI,IDENT
20160709055253,SA4,901050,MARIAM,SAIDI,IDENT
20160709055319,SA4,901140,ASHURA,MGENI,IDENT
20160709055325,SA5,901365,JOYCE,SWILLAH,IDENT
20160709055329,SA5,901409,MAGRETH,NGOSI,IDENT
20160709055337,SA4,900863,ANNA,MICHAEL,IDENT
20160709055342,SA4,900951,MWAJUMA,AIDAN,IDENT
20160709055344,SA4,901237,ZUBEDA,KIMARO,IDENT
20160709055344,SA2,900957,HADIJA,MKOTA,IDENT
20160709055348,SA4,901123,REBECA,KALOFU,IDENT
20160709055401,SA1,900228,KAGERA,MSAMBUSI,IDENT
20160709055402,SA4,901253,JOYCE,KESI,IDENT
20160709055406,SA4,901271,RACHEL,MCHOVU,IDENT
20160709055408,SA1,900209,ANGELA,MBESIGWE,IDENT
20160709055414,SA1,900735,ZAINABU,MOHAMEDI,IDENT
20160709055414,SA4,900890,OLIVER,UDOBA,IDENT
20160709055419,SA5,901388,OSWALD,SHILLA,IDENT
20160709055422,SA1,900725,SAMSONI,KINGU,IDENT
20160709055425,SA4,900961,ELIZABETH,FRANCISCO,IDENT
20160709055427,SA1,900721,GISELA,SHAYO,IDENT
20160709055438,SA2,901201,DEOGRATIUS,KESSY,IDENT
20160709055456,SA5,901288,EPIPHANIA,LUKWI,IDENT
20160709055500,SA5,901416,YONA,MUSA,IDENT
20160709055502,SA4,900934,MWAJABU,MARIDADI,IDENT
20160709055505,SA1,900766,JUDITH,GEOFREY,IDENT
20160709055509,SA1,900244,YOHA,MSANGI,IDENT
20160709055510,SA5,901395,HASHIM,HAIZA,IDENT
20160709055517,SA1,900789,KAMPBONA,PASCAL,IDENT
20160709055521,SA4,901112,BUSHRA,SALUM,IDENT
20160709055523,SA5,901408,SAIDI,MAKALA,IDENT
20160709055525,SA4,901013,YASINTA,SHELUBANZI,IDENT
20160709055526,SA1,900746,GEDION,BUTENGE,IDENT
20160709055530,SA5,901384,JOSHUA,KITUNDU,IDENT
20160709055534,SA4,900950,ASHURA,ATHUMAN,IDENT
20160709055536,SA5,901429,REHEMA,MAZEKU,IDENT
20160709055536,SA4,901022,SILIVIA,SHAYO,IDENT
20160709055540,SA4,901076,AGNESS,NGAPONDA,IDENT
20160709055544,SA4,901189,KURUTHUM,KHAMISI,IDENT
20160709055547,SA4,901043,ANNA,JOHN,IDENT
20160709055557,SA5,901355,HALIMA,SANANE,IDENT
20160709055557,SA4,900917,SALMA,DIWILE,IDENT
20160709055601,SA4,901218,JANE,RYOBA,IDENT
20160709055604,SA5,901298,SWAUMU,MZIRAI,IDENT
20160709055606,SA4,901137,SOFIA,KIUMBE,IDENT
20160709055609,SA1,900778,MARIAM,MICHAEL,IDENT
20160709055610,SA2,901152,STELLA,MWAKATOBE,IDENT
20160709055610,SA5,901364,SALAFINA,KISAPI,IDENT
20160709055611,SA4,900939,STELLA,MAGOGWA,IDENT
20160709055613,SA5,900849,IRENE,MMARI,IDENT
20160709055614,SA4,901051,HABIBA,PAZZI,IDENT
20160709055617,SA1,900781,GERALD,JOHN,IDENT
20160709055620,SA5,901367,BEATHA,MLOSO,IDENT
20160709055625,SA5,901399,DIANA,NDONGO,IDENT
20160709055625,SA1,900813,LEONARD,PETER,IDENT
20160709055629,SA1,900578,MTARI,MAGINGA,IDENT
20160709055634,SA1,900731,HUSSAIN,HAMADI,IDENT
20160709055635,SA5,901393,HADIJA,JUMA,IDENT
20160709055638,SA5,901368,NAOMI,YUSUPH,IDENT
20160709055644,SA5,901316,ZUHURA,HAMIS,IDENT
20160709055659,SA5,901317,ASHA,HAMISI,IDENT
20160709055706,SA5,901324,MARIAM,YAHAYA,IDENT
20160709055709,SA5,901369,RECHO,MSHUMBUSI,IDENT
20160709055712,SA5,901405,ABDANI,SHILLA,IDENT
20160709055716,SA5,901385,ABDALLA,MGAYA,IDENT
20160709055719,SA5,901406,PASCAL,STANLEY,IDENT
20160709055721,SA4,900998,ASHA,MOHAMED,IDENT
20160709055724,SA5,901323,AMINA,HAMISI,IDENT
20160709055727,SA5,901304,SOPHIA,ALLY,IDENT
20160709055733,SA5,901376,ZAINABU ,SALUM,IDENT
20160709055735,SA4,901045,ASHURA,KATULA,IDENT
20160709055345,SA6,900564,RAMADHANI,SAIDI,IDENT
20160709055534,SA6,900112,ABDALLAH,MIKALAMBILO,IDENT
20160709055554,SA6,900473,NAOMI,GONDA,IDENT
20160709055625,SA6,900451,KASSIM,MALICK,IDENT
20160709055656,SA1,900823,TADEO,MAPEMA,IDENT
20160709055701,SA1,900773,FELIX,CHRISTOPHER,IDENT
20160709055743,SA4,901263,JAMIRA,SAIDI,IDENT
20160709055747,SA5,901277,NEEMA,UISO,IDENT
20160709055752,SA5,901394,TERESIA,MHAMBO,IDENT
20160709055754,SA5,901394,TERESIA,MHAMBO,IDENT
20160709055756,SA5,901394,TERESIA,MHAMBO,IDENT
20160709055759,SA5,901340,FELIX,MAKANYA,IDENT
20160709055805,SA5,901354,AISHAH,OTHUMANI,IDENT
20160709055813,SA5,901345,ALHAJI,KIHIYO,IDENT
20160709055816,SA4,900901,NEEMA,NYAKOKI,IDENT
20160709055828,SA2,101510,SALOME,DUA,IDENT
20160709055839,SA5,901396,EDWIN,KIPUYO,IDENT
20160709055839,SA4,900988,UPENDO,PETER,IDENT
20160709055843,SA5,901308,MADINA,ATHUMANI,IDENT
20160709055851,SA5,901411,AMINA,MUSA,IDENT
20160709055855,SA1,900787,YOHANA,NGEREZA,IDENT
20160709055855,SA5,901336,ISMAIL,MHINA,IDENT
20160709055859,SA1,900727,GEORGE,GREAD,IDENT
20160709055902,SA5,901430,JOYCE,SEMWENDA,IDENT
20160709055905,SA2,901087,REHEMA,CHETE,IDENT
20160709055907,SA4,901004,ZAHARA,YANGE,IDENT
20160709055909,SA1,900748,EDWARD,DAWSON,IDENT
20160709055909,SA5,901301,TUKAE,MUSA,IDENT
20160709055914,SA5,901292,SARA,YOEL,IDENT
20160709055933,SA4,901261,ZAINA,KILWANDA,IDENT
20160709055937,SA2,900919,ANNA,MPUGE,IDENT
20160709055940,SA4,901274,AMINA,KAHABUKA,IDENT
20160709055942,SA1,900232,MATIKO ,MICHAEL,IDENT
20160709055947,SA4,901264,HADIJA,RAMADHANI,IDENT
20160709055949,SA5,901404,AWAZI,SALIM,IDENT
20160709055952,SA1,900738,MOHAMED,NGODA,IDENT
20160709055957,SA4,900898,RUKIA,MATAUKA,IDENT
20160709060003,SA5,901300,ANNA,TEMBA,IDENT
20160709060008,SA5,901423,CONSOLATHA,JOSEPH,IDENT
20160709060014,SA5,901286,AGNES,LUCAS,IDENT
20160709060021,SA4,901210,ROSE,CHUWA,IDENT
20160709060022,SA5,901400,DANIEL,MAKAYA,IDENT
20160709060025,SA5,901299,SAUDA,MATOWELA,IDENT
20160709060028,SA4,900947,ANNA,GODISON,IDENT
20160709060040,SA5,901389,OMARY,JUMA,IDENT
20160709060046,SA1,900542,POUL,KIBELA,IDENT
20160709060047,SA5,901418,ISAYA ,SAWASAWA,IDENT
20160709060049,SA5,901350,ALFRED,CHARLES,IDENT
20160709060054,SA4,901025,ASHURA,HAMISI,IDENT
20160709060054,SA5,901356,ZAMDA,NGWABAYA,IDENT
20160709060101,SA5,901349,HABIBU,BAKARI,IDENT
20160709060103,SA1,900214,BRUNO,FREDRICK,IDENT
20160709060111,SA1,900759,ELIAS,YAKOB,IDENT
20160709060114,SA1,900825,TITO,MWAMBE,IDENT
20160709060118,SA1,900744,SILVESTER,KAHINDI,IDENT
20160709060124,SA1,900217,FRED,JAMES,IDENT
20160709060127,SA1,900743,JUMA,ISEMA,IDENT
20160709060130,SA5,901330,SAVELINA ,KASHASHA,IDENT
20160709060131,SA1,900777,MNADI,MRAJAA,IDENT
20160709060133,SA1,900760,OMARY,MHAGAMA,IDENT
20160709060134,SA5,901305,DIANA,KIBASA,IDENT
20160709060136,SA1,900783,DAMIAN,ALONE,IDENT
20160709060137,SA5,901425,HIDAYA,KASSIM,IDENT
20160709060140,SA5,901312,VUMILIA,NDEGE,IDENT
20160709060144,SA2,901079,AGNESS,HAJI,IDENT
20160709060214,SA5,901348,DAVID,NGELESHI,IDENT
20160709060223,SA4,901078,NASMA,LINOGA,IDENT
20160709060228,SA5,901321,ELIZABET,MHIMBA,IDENT
20160709060235,SA5,901284,MOHAMED,IDDI,IDENT
20160709055836,SA3,901062,RASHID,MDOE,IDENT
20160709055855,SA6,900138,HUSSEIN,SHABANI,IDENT
20160709055902,SA6,900115,AKIDA,DUGANGE,IDENT
20160709055907,SA6,900015,EMMANUEL ,CLEMENT,IDENT
20160709055914,SA6,900658,MWASITI,LABOA,IDENT
20160709060148,SA6,900685,VICTOR,MBUNDAMILA,IDENT
20160709060154,SA1,101945,JAMES,VALENTINE,IDENT
20160709060202,SA6,900047,SAMSON,SHILA,IDENT
20160709060205,SA1,900750,JACOB,KAWALE,IDENT
20160709060216,SA1,900720,FRANCIS,RAFAEL,IDENT
20160709060224,SA6,900556,REGINA,NDALUHEKEYE,IDENT
20160709060245,SA1,900790,ISIHAKA,IDDI,IDENT
20160709060252,SA5,901303,TAUSI,KATULA,IDENT
20160709060253,SA6,900586,MOHAMED,SOLOKA,IDENT
20160709060306,SA5,901293,JOHARI,MAHARIA,IDENT
20160709060314,SA6,900579,GRAYSON,KUNZUGALA,IDENT
20160709060320,SA5,901302,ASHA,SHOMARI,IDENT
20160709060323,SA1,900807,GODRICH,MCHOMVU,IDENT
20160709060343,SA4,901267,NEEMA ,MWAMANYE,IDENT
20160709060343,SA5,901427,JESCA,NGUMBU,IDENT
20160709060353,SA2,101513,HADIJA,MPAMBA,IDENT
20160709060356,SA2,900871,MWANAHAMISI,NDOLWA,IDENT
20160709060410,SA1,900477,RAMADHANI,LUBASHA,IDENT
20160709060414,SA5,901279,NEEMA, GODFREY,IDENT
20160709060415,SA1,900403,BEDA,YUDA,IDENT
20160709060418,SA5,900872,ZALAU,NGWELE,IDENT
20160709060421,SA1,900797,ASHAM,MUSA,IDENT
20160709060430,SA4,901111,ASIA,MSHAMU,IDENT
20160709060441,SA1,900220,HAMISI,NJOCHOLA,IDENT
20160709060456,SA5,901313,FATUMA,KAUNDA,IDENT
20160709060457,SA1,900768,FILAN,FATAEL,IDENT
20160709060507,SA4,900914,HAWA,MWIMBE,IDENT
20160709060547,SA4,901143,LINES,PILLI,IDENT
20160709060605,SA1,900728,JAMAL,MRISHO,IDENT
20160709060614,SA1,900821,SAWA,SWAHA,IDENT
20160709060620,SA1,900771,DATIUS,MARTINE,IDENT
20160709060622,SA2,901083,EDINA,JOHN,IDENT
20160709060350,SA6,900170,REHEMA,CHINUNJE,IDENT
20160709060430,SA6,900422,FURAHA,MWAKIFWAMB,IDENT
20160709060448,SA6,900164,RAMADHANI ,BAKARI,IDENT
20160709060455,SA6,900399,ATHUMANI,JUMA,IDENT
20160709060510,SA6,900417,FABIAN,FABIAN,IDENT
20160709060718,SA6,900428,GLADIS,MAZENGO,IDENT
20160709060723,SA6,900580,BARAKA,MAGAFU,IDENT
20160709060724,SA1,900819,PATRICK,MTONDOLA,IDENT
20160709060728,SA1,900799,RAJABU,RUBASHA,IDENT
20160709060734,SA1,900816,MICHAEL,HUSEIN,IDENT
20160709060745,SA1,900820,SALUM,KAISI,IDENT
20160709060750,SA1,900811,JUMA,HUMBE,IDENT
20160709060755,SA1,900761,CHRISTOPHER,MFUNGO,IDENT
20160709060800,SA1,900824,TITO,MGOVANO,IDENT
20160709060806,SA1,900216,ELLY,MKONGWE,IDENT
20160709060837,SA1,900736,KANUNU,THABIT,IDENT
20160709060845,SA1,900814,MARTIN,MUHANDO,IDENT
20160709060938,SA4,900953,JANE,LUSENDELA,IDENT
20160709060949,SA1,900827,YASIN,MUSSA,IDENT
20160709060955,SA1,900817,MOSES,MASENGA,IDENT
20160709061133,SA1,900455,KHALFAN,OMARI,IDENT
20160709061139,SA1,900716,JUMA,JUMANNE,IDENT
20160709060840,SA6,900406,CHAUREMBO,MWINYI,IDENT
20160709060854,SA6,E032,SANKARAN,JAYARAM,IDENT
20160709060856,SA6,E032,SANKARAN,JAYARAM,IDENT
20160709061458,SA1,900737,EXPEDTO,MKONGWE,IDENT
20160709061504,SA1,900776,ZUBERI,MOHAMED,IDENT
20160709061508,SA1,900793,ABDUL,MAINGO,IDENT
20160709061514,SA1,900798,ATHUMAN,SEIF,IDENT
20160709061531,SA1,900818,PASCAL,MIKONDO,IDENT
20160709061537,SA1,900594,GASPER,MATALO,IDENT
20160709061612,SA1,900415,EMMANUEL,JONAS,IDENT
20160709061640,SA1,900213,BEDASTUS,PIUS,IDENT
20160709061346,SA6,900396,ANDREW,MSANGI,IDENT
20160709061552,SA6,900627,BAHATI,KAPIGA,IDENT
20160709061602,SA6,900627,BAHATI,KAPIGA,IDENT
20160709061756,SA1,900569,JAMES,MWANDU,IDENT
20160709061804,SA1,900571,FRANK,MALIMA,IDENT
20160709061820,SA6,900476,RAMADHANI,IDD,IDENT
20160709061833,SA1,900456,KHALIFA,BASHILI,IDENT
20160709062052,SA1,900441,ISSA,KAISI,IDENT
20160709062146,SA1,900757,JOSEPH,HEMA,IDENT
20160709062152,SA1,900745,YUSUPH,NGAPAWA,IDENT
20160709062158,SA6,900391,ALLY,MASHAURI,IDENT
20160709062229,SA6,900161,PILLI ,MOHAMED,IDENT
20160709062349,SA1,900751,TUSKAR,HALFANI,IDENT
20160709062806,SA5,901377,HUSSEIN,MANYEMBA,IDENT
20160709062952,SA1,900392,ALLY,MBEGU,IDENT
20160709063137,SA6,900420,FRANCIS,TESHA,IDENT
20160709063741,SA6,900175,TEDDY,SIMON,IDENT
20160709063855,SA1,900154,MWAJUMA,MSAKUZI,IDENT
20160709063859,SA1,900788,DEBORA,MWASOMOLA,IDENT
20160709064049,SA1,900806,GODFREY,KIHAWA,IDENT
20160709064121,SA1,900555,MHEZIWA,MALEWA,IDENT
20160709063906,SA6,900168,RAZAKI,MTINDA,IDENT
20160709064212,SA1,900769,JAMES,MACKLINE,IDENT
20160709064221,SA1,900726,ABDALLAH,CHOBO,IDENT
20160709064604,SA5,901392,STELLA,MTALLO,IDENT
20160709064843,SA1,900410,DAVID,JOSEPH,IDENT
20160709064848,SA1,900804,FROLAH,MPONDO,IDENT
20160709065512,SA1,900210,ASHA,HUSSEIN,IDENT
20160709065649,SA6,900429,GOODLUCK,LYAHONA,IDENT
20160709065734,SA1,900238,SAIMON,TARIMO,IDENT
20160709065843,SA1,900450,JUMA,RAMADHANI,IDENT
20160709065945,SA4,901242,ISSA,MFAUME,IDENT
20160709070203,SA5,901294,RATIFA,KAPINGA,IDENT
20160709070058,SA6,101110,ESTER,THEOOFIL,IDENT
20160709070545,SA5,901327,EMERY,MSUNGU,IDENT
20160709070515,SA6,900116,ASHA,ALLY,IDENT
20160709070558,SA6,900133,GEORGE,GIDION,IDENT
20160709071148,SA1,900231,MARKO,SHIMIZI,IDENT
20160709071707,SA6,901431,AMBALI,SOUD,IDENT
20160709071748,SA6,900056,YESAYA,NTUNDUU,IDENT
20160709072520,SA6,900389,AHMAD,KINDUMA,IDENT
20160709072741,SA6,900029,JUMANNE,MBONDE,IDENT
20160709072958,SA6,900703,MUSSA,MTALI,IDENT
20160709073427,SA1,900233,MUSSSA,ABDALLAH,IDENT
20160709073435,SA1,900207,ADELE,NJOCHOLA,IDENT
20160709073428,SA6,900143,JACKLINE,MAIGA,IDENT
20160709073621,SA6,900171,ROBERT,MFUNI,IDENT
20160709073629,SA6,900432,HAMZA,ABDALLAH,IDENT
20160709073902,SA1,101588,ATHUMAN,SALIM,IDENT
20160709074025,SA4,900941,KULWA,MSUMA,IDENT
20160709074315,SA6,900560,DEOGRASIAS,STEPHIN,IDENT
20160709074457,SA1,101141,FRANK,RAPAHAEL,IDENT
20160709074515,SA5,901278,HENRY ,CHELULA,IDENT
20160709074729,SA5,901339,JAMES,MKONO,IDENT
20160709074410,SA6,900123,CHARLES,LUSWETULA,IDENT
20160709074416,SA6,901265,FRANK ,RUZIGA,IDENT
20160709074423,SA6,900144,JANE,MWAKABULUFU,IDENT
20160709074430,SA6,900131,FRANK,MAKWABU,IDENT
20160709074437,SA6,101880,RICHARD,MAKASI,IDENT
20160709074508,SA6,900120,BENEDICTO,MBOKO,IDENT
20160709074559,SA6,901435,FILES,MBANDO,IDENT
20160709074616,SA6,900039,MWAJABU,ALLY,IDENT
20160709074743,SA3,901534,MASANJA,JUMA,IDENT
20160709074759,SA1,101531,RASHIDI,BAKARI,IDENT
20160709074825,SA4,901239,SAKINA,KIZEE,IDENT
20160709074825,SA6,900385,ABDALLAH,MOHAMED,IDENT
20160709074844,SA2,100566,MKWAYA,TONGOLA,IDENT
20160709074912,SA4,901273,HELLEN,KIZWALO,IDENT
20160709074938,SA1,900719,STEPHAN,SIMON,IDENT
20160709075043,SA1,900547,COLMAN,KIWALE,IDENT
20160709075050,SA1,101140,FAUSTINI,MGIMBA,IDENT
20160709075054,SA1,900714,STIVINI,STIVINI,IDENT
20160709075214,SA2,100664,JUMA,MUSSA,IDENT
20160709075246,SA2,100597,NOVATI,TARIMO,IDENT
20160709075252,SA2,100635,JULIUS,MUNISHI,IDENT
20160709075255,SA2,901444,BAKARI,KITILA,IDENT
20160709075305,SA2,200348,JONASI,LUCAS,IDENT
20160709074830,SA6,E022,SANDEEP,KHARVE,IDENT
20160709074936,SA6,900111,SALUM,SAIDI,IDENT
20160709074941,SA6,900465,MARTIN,KIDUNGU,IDENT
20160709075004,SA6,900132,FRIDA,KIGWA,IDENT
20160709075101,SA6,901440,UMMY,KWANGALA,IDENT
20160709075111,SA6,900173,SHARIFA,MRISHO,IDENT
20160709075138,SA6,900156,MWANAISHA,UWESU,IDENT
20160709075143,SA6,900262,FRIDA, MWAMBEGELE,IDENT
20160709075253,SA1,101114,ABUBAKARI,KHALIDI,IDENT
20160709075256,SA6,900126,DORIKA,MALYANGO,IDENT
20160709075258,SA1,101118,MANENO,RAMADHANI,IDENT
20160709075304,SA1,101128,ISSA,RAMADHANI,IDENT
20160709075308,SA1,101123,KHAMISI ,PEMBE,IDENT
20160709075315,SA1,900712,JUMA,JUMBE,IDENT
20160709075319,SA1,101134,HASSAN,KAPANYA,IDENT
20160709075320,SA4,901266,AZIZA,KAKOMBE,IDENT
20160709075324,SA1,900024,JOSEPH,TWALIB,IDENT
20160709075326,SA2,200311,DAVID,BWILE,IDENT
20160709075328,SA2,100603,EDWIN,OWINO,IDENT
20160709075331,SA1,200053,MIKIDADI,NGODU,IDENT
20160709075331,SA2,200312,BARAKA,KATEGILE,IDENT
20160709075339,SA1,900499,HASSAN,HAULE,IDENT
20160709075402,SA2,200347,SHABILU,MOHAMMED,IDENT
20160709075405,SA1,900708,OMARY,ABDALLAH,IDENT
20160709075425,SA5,901332,NASRA,MSANYA,IDENT
20160709075431,SA2,100596,ISMAIL,RAMADHANI,IDENT
20160709075436,SA2,100633,HADIJA,MMANGA,IDENT
20160709075444,SA1,101530,SIMON,YOHANA,IDENT
20160709075455,SA2,901446,DANIEL,MBARUKA,IDENT
20160709075501,SA2,200313,GADISON,ROSENIUS,IDENT
20160709075508,SA2,901453,JOHNSON,MUNISI,IDENT
20160709075511,SA2,200349,FRANK,MOSHI,IDENT
20160709075519,SA1,900709,MRISHO,ATHUMANI,IDENT
20160709075528,SA1,101124,KHALIDI,KASSIMU,IDENT
20160709075539,SA2,200309,RAMADHANI,KIHILE,IDENT
20160709075542,SA2,200316,DENIS,JOHNSON,IDENT
20160709075544,SA2,901447,MASHAKA,MATEKELE,IDENT
20160709075555,SA2,100624,HALIMA,KAMOTE,IDENT
20160709075559,SA2,101587,SHAMIM,FUNDI,IDENT
20160709075614,SA2,200314,DEO,SAKAYA,IDENT
20160709075620,SA1,900713,ANICET,ABEL,IDENT
20160709075703,SA2,901441,CHRISTOPHER ,MUSHI,IDENT
20160709075706,SA2,900859,MASANGULA,MASANGURA,IDENT
20160709075733,SA2,100638,AMINA,CHETE,IDENT
20160709075737,SA2,901451,JUSTINE,MKUDE,IDENT
20160709075740,SA2,200320,OMARI,OMAR,IDENT
20160709075801,SA2,900940,JUMANNE,ZONGO,IDENT
20160709075807,SA2,901449,BONIFAS,ANGANILE,IDENT
20160709075810,SA2,200321,HEMED,KAZEMBE,IDENT
20160709075452,SA6,900100,AROBOGAST,MOGELLA,IDENT
20160709075503,SA6,900107,MSELEM,MSELEM,IDENT
20160709075522,SA6,900454,KHALFAN,AMOUR,IDENT
20160709075617,SA6,900388,AGNES,SHAYO,IDENT
20160709075620,SA3,900938,ISMAIL,THOMAS,IDENT
20160709075640,SA6,900268,GWANTWA,MWASYEBULE,IDENT
20160709075656,SA1,900687,PROTUS,RUWANDA,IDENT
20160709075712,SA6,900142,IRENE,MREMA,IDENT
20160709075717,SA6,900470,MODEST,NJAU,IDENT
20160709075816,SA6,900467,MBARUKU,OSWAD,IDENT
20160709075823,SA6,900472,MWALIMU,SELEMANI,IDENT
20160709075838,SA1,900503,JANE,RWEHUMBIZA,IDENT
20160709075849,SA2,200318,JOSHUA , PAULO,IDENT
20160709075850,SA1,900516,SOLOMON,MBANGA,IDENT
20160709075859,SA2,901450,FARIDA,JUMA,IDENT
20160709075925,SA1,101529,SELEMAN,RAMADHANI,IDENT
20160709080025,SA5,901334,SHAIBU,KASANGA,IDENT
20160709080027,SA4,900944,FROLA,KAMARA,IDENT
20160709080031,SA5,901333,NEEMA,KILUZIA,IDENT
20160709080033,SA4,900979,FATUMA,MSAKUZI,IDENT
20160709080035,SA5,901335,YONA,MAPELELE,IDENT
20160709080041,SA4,900910,ZAINABU,SADALLAH,IDENT
20160709080235,SA2,901452,STEVEN,CHUWA,IDENT
20160709075829,SA6,900387,ADAM,KINGU,IDENT
20160709075857,SA6,900566,ERICK,NDUNGURU,IDENT
20160709075941,SA6,900494,YOHANA,LUSANA,IDENT
20160709080002,SA6,900400,BAHATI,LUBUVA,IDENT
20160709080007,SA6,900436,HONEST,MATEMU,IDENT
20160709080014,SA6,900402,BARAKA,MVUNGI,IDENT
20160709080113,SA6,900393,ALLY,MTWALE,IDENT
20160709080126,SA6,900016,FATUMA,HAMISI,IDENT
20160709080129,SA3,901068,CATHERINE,MATENGO,IDENT
20160709080137,SA6,900431,HAMADI,ZUBERI,IDENT
20160709080142,SA6,900165,RAMADHANI,NYENJE,IDENT
20160709080156,SA6,901438,MARY,JOSEPH,IDENT
20160709080211,SA6,900488,THOBIAS,KIWELU,IDENT
20160709080214,SA1,900225,JOHN,FREDRICK,IDENT
20160709080217,SA6,900591,RASHID ,MUNKENDA,IDENT
20160709080222,SA6,900407,CHRISTIAN ,NGONYANI,IDENT
20160709080227,SA1,900706,MECKLEEN,NANGEDA,IDENT
20160709080231,SA1,901575,LINDA,MLAY,IDENT
20160709080236,SA1,900507,KANTI,KADIRI,IDENT
20160709080253,SA1,900645,PETER,MTOLELA,IDENT
20160709080300,SA6,900103,FREDNAND,JACKSON,IDENT
20160709080302,SA1,101589,AMIRI,YAHAYA,IDENT
20160709080306,SA6,901560,FREDRICK,MUSHI,IDENT
20160709080324,SA6,900439,IDDI,MOHAMED,IDENT
20160709080333,SA1,900157,MZEE,KONDOWE,IDENT
20160709080511,SA1,900425,GEORGE,JOSEPH,IDENT
20160709080517,SA1,900098,TATU,MTUPA,IDENT
20160709080609,SA1,900236,PENDO,MAGIGE,IDENT
20160709080614,SA1,900707,ATHUMANI,SALEHE,IDENT
20160709080337,SA6,900414,EMMANUEL ,SERAPHINE,IDENT
20160709080418,SA6,900247,ALLY,SELEMANI,IDENT
20160709080428,SA6,900581,SAADA,MUHINTE,IDENT
20160709080521,SA6,900574,FURAHA,MSAMBWA,IDENT
20160709080704,SA6,900128,ENELES,MBWAGA,IDENT
20160709080707,SA6,900397,ANNA,MOSHI,IDENT
20160709080713,SA6,900390,ALBERT,KANENDA,IDENT
20160709080732,SA6,900435,HASSAN,NKHAMBI,IDENT
20160709080738,SA6,900398,ARSEN, RWEBANGILA	,IDENT
20160709080745,SA6,900460,LAMECK,ASSETO,IDENT
20160709080748,SA5,901382,KONDO,MOHAMED,IDENT
20160709080749,SA6,900430,GWAKISA,MWAKASAGURE,IDENT
20160709080758,SA6,900113,ABDUL,KAHENEKO,IDENT
20160709080809,SA1,900239,SOPHIA,MUSHI,IDENT
20160709080859,SA1,900219,GEORGE,SAMATA,IDENT
20160709080908,SA1,900224,JABIRI,AMANZI,IDENT
20160709080941,SA1,900504,JEREMIA,TONNO,IDENT
20160709081009,SA5,901329,ELIWA ,SHAO,IDENT
20160709081048,SA1,900515,SHOMARI,KIMBWEMBWE,IDENT
